Actual_Income,AIS_Predicted_Income,Residual,Absolute_Error,Percentage_Error
700000.0,1295747.6,-595747.6,595747.6,85.106804
1627600.0,1863847.6,-236247.62,236247.62,14.515092
1000000.0,1181394.4,-181394.38,181394.38,18.139437
855500.0,1476700.9,-621200.9,621200.9,72.61261
800000.0,1415216.4,-615216.4,615216.4,76.90205
1000000.0,1411258.1,-411258.12,411258.12,41.125813
1170000.0,1537027.6,-367027.62,367027.62,31.369883
800000.0,1299736.8,-499736.75,499736.75,62.46709
800000.0,1381457.5,-581457.5,581457.5,72.68219
1000000.0,1320802.8,-320802.75,320802.75,32.080276
1330000.0,1142676.8,187323.25,187323.25,14.0844555
1350000.0,1282633.4,67366.625,67366.625,4.9901204
1388200.0,1375204.5,12995.5,12995.5,0.9361403
800000.0,1518564.2,-718564.25,718564.25,89.82053
693300.0,1413348.0,-720048.0,720048.0,103.85806
9668000.0,1426156.5,8241843.5,8241843.5,85.24869
1345000.0,1294090.9,50909.125,50909.125,3.7850652
750000.0,1303769.0,-553769.0,553769.0,73.83587
807500.0,1295438.1,-487938.12,487938.12,60.425777
1500000.0,1151190.2,348809.75,348809.75,23.253983
650000.0,1082988.1,-432988.12,432988.12,66.613556
1000000.0,1334635.9,-334635.88,334635.88,33.46359
2660000.0,1205622.2,1454377.8,1454377.8,54.675854
1080000.0,1414444.2,-334444.25,334444.25,30.96706
1120000.0,1230706.1,-110706.125,110706.125,9.884475
1400000.0,1246899.4,153100.62,153100.62,10.935759
700000.0,1305912.1,-605912.1,605912.1,86.558876
760000.0,1316520.6,-556520.6,556520.6,73.226395
1000000.0,1678256.0,-678256.0,678256.0,67.8256
1200000.0,1354131.5,-154131.5,154131.5,12.844292
524500.0,1349417.4,-824917.4,824917.4,157.2769
800000.0,1306758.1,-506758.12,506758.12,63.344765
2200000.0,1437000.1,762999.9,762999.9,34.681812
1500000.0,1330526.5,169473.5,169473.5,11.298233
800000.0,1319569.4,-519569.38,519569.38,64.946175
700000.0,1930588.9,-1230588.9,1230588.9,175.79842
6400000.0,1403582.9,4996417.0,4996417.0,78.069016
850000.0,1446943.8,-596943.75,596943.75,70.228676
1170000.0,1380729.4,-210729.38,210729.38,18.011057
1322000.0,1340838.4,-18838.375,18838.375,1.4249905
1288000.0,1314585.9,-26585.875,26585.875,2.0641208
650000.0,1270397.5,-620397.5,620397.5,95.44577
1060000.0,1220729.2,-160729.25,160729.25,15.163137
500000.0,1326106.2,-826106.25,826106.25,165.22125
700000.0,1297108.0,-597108.0,597108.0,85.30114
1300000.0,1299781.9,218.125,218.125,0.016778845
780000.0,1635370.2,-855370.25,855370.25,109.66286
1500000.0,1123664.4,376335.62,376335.62,25.08904
1350000.0,1622365.0,-272365.0,272365.0,20.175186
1327000.0,1310657.6,16342.375,16342.375,1.2315279
2596000.0,1117719.9,1478280.1,1478280.1,56.94454
900000.0,1762590.1,-862590.1,862590.1,95.843346
6300000.0,1819924.5,4480075.5,4480075.5,71.11231
700000.0,1168482.6,-468482.62,468482.62,66.926094
1400000.0,1199658.4,200341.62,200341.62,14.310116
1160000.0,1403809.8,-243809.75,243809.75,21.018082
630000.0,1424171.4,-794171.4,794171.4,126.058945
2100000.0,1437811.0,662189.0,662189.0,31.532808
940000.0,1141015.9,-201015.88,201015.88,21.384666
750000.0,1285587.9,-535587.9,535587.9,71.41172
600000.0,1606940.4,-1006940.4,1006940.4,167.8234
598000.0,1341794.0,-743794.0,743794.0,124.380264
590000.0,1305483.8,-715483.75,715483.75,121.268425
1300000.0,1378977.8,-78977.75,78977.75,6.0752115
580500.0,1678408.4,-1097908.4,1097908.4,189.1315
1050000.0,1310739.2,-260739.25,260739.25,24.83231
600000.0,1193181.0,-593181.0,593181.0,98.8635
1155000.0,1420152.8,-265152.75,265152.75,22.956947
600000.0,1823328.1,-1223328.1,1223328.1,203.88802
650000.0,1121185.4,-471185.38,471185.38,72.49006
3362000.0,1372456.1,1989543.9,1989543.9,59.17739
1000000.0,1325128.9,-325128.88,325128.88,32.51289
588000.0,1514012.0,-926012.0,926012.0,157.48503
2002100.0,1378977.8,623122.25,623122.25,31.123432
1300000.0,1117829.6,182170.38,182170.38,14.013105
1045000.0,1124448.4,-79448.375,79448.375,7.6027155
705000.0,1279669.8,-574669.75,574669.75,81.51344
700000.0,1173200.1,-473200.12,473200.12,67.60002
650000.0,1270896.1,-620896.1,620896.1,95.522484
1150000.0,1472786.5,-322786.5,322786.5,28.06839
910000.0,1233412.4,-323412.38,323412.38,35.53982
688000.0,1382329.9,-694329.9,694329.9,100.920044
940000.0,1195879.1,-255879.12,255879.12,27.221186
800000.0,1286041.2,-486041.25,486041.25,60.755157
1350000.0,1526648.1,-176648.12,176648.12,13.085047
2054550.0,1722506.0,332044.0,332044.0,16.161398
910000.0,1276136.8,-366136.75,366136.75,40.234806
1200000.0,1316577.8,-116577.75,116577.75,9.714813
650000.0,1218735.5,-568735.5,568735.5,87.49777
650000.0,1210151.1,-560151.1,560151.1,86.1771
2200000.0,1354825.5,845174.5,845174.5,38.417023
1200000.0,1426128.9,-226128.88,226128.88,18.844072
1100000.0,1126580.4,-26580.375,26580.375,2.4163978
800000.0,1198170.5,-398170.5,398170.5,49.771313
800000.0,1311081.8,-511081.75,511081.75,63.88522
800000.0,1283209.2,-483209.25,483209.25,60.401154
1100000.0,1111674.8,-11674.75,11674.75,1.0613409
1160000.0,1142287.4,17712.625,17712.625,1.5269504
1300000.0,1410638.6,-110638.625,110638.625,8.510663
800000.0,1499287.9,-699287.9,699287.9,87.41099
600000.0,1234783.1,-634783.1,634783.1,105.79718
793000.0,1289504.9,-496504.88,496504.88,62.610954
1200000.0,1415216.4,-215216.38,215216.38,17.934698
1600000.0,1387155.0,212845.0,212845.0,13.302812
650000.0,1230259.0,-580259.0,580259.0,89.270615
610000.0,1328636.9,-718636.9,718636.9,117.80932
1080000.0,1274973.0,-194973.0,194973.0,18.053057
956000.0,1512692.8,-556692.75,556692.75,58.23146
1001480.0,1358586.0,-357106.0,357106.0,35.657825
1130000.0,1319705.5,-189705.5,189705.5,16.788097
700000.0,1381625.5,-681625.5,681625.5,97.37507
1420800.0,1313228.9,107571.125,107571.125,7.571166
750000.0,1276382.9,-526382.9,526382.9,70.18439
600000.0,2049898.9,-1449898.9,1449898.9,241.64981
2856000.0,1372275.6,1483724.4,1483724.4,51.951134
1000000.0,1250831.0,-250831.0,250831.0,25.083101
850000.0,1181394.4,-331394.38,331394.38,38.987576
588000.0,1516808.0,-928808.0,928808.0,157.96054
800000.0,1309982.6,-509982.62,509982.62,63.74783
950000.0,1251301.0,-301301.0,301301.0,31.715893
1500000.0,1301444.0,198556.0,198556.0,13.237066
1800000.0,1331035.0,468965.0,468965.0,26.05361
2185000.0,1753784.2,431215.75,431215.75,19.735275
1050000.0,1707851.8,-657851.75,657851.75,62.652546
1500000.0,1314782.1,185217.88,185217.88,12.347858
700000.0,1419405.4,-719405.4,719405.4,102.7722
780000.0,1305689.1,-525689.1,525689.1,67.39604
850000.0,1290479.6,-440479.62,440479.62,51.82113
1200000.0,1341691.2,-141691.25,141691.25,11.807604
1100000.0,1140654.5,-40654.5,40654.5,3.6958635
1600000.0,1396430.1,203569.88,203569.88,12.723117
1500000.0,1105491.9,394508.12,394508.12,26.30054
1500000.0,1814466.8,-314466.75,314466.75,20.964449
1160000.0,1417092.0,-257092.0,257092.0,22.163103
1583100.0,1230700.6,352399.38,352399.38,22.260084
700000.0,1266612.2,-566612.25,566612.25,80.94461
1240000.0,1108598.6,131401.38,131401.38,10.596885
1200000.0,1325215.6,-125215.625,125215.625,10.434636
1620000.0,1167852.2,452147.75,452147.75,27.910355
1500000.0,1281995.9,218004.12,218004.12,14.5336075
1374000.0,1111075.5,262924.5,262924.5,19.135698
1100000.0,1301328.0,-201328.0,201328.0,18.302546
760000.0,1158300.8,-398300.75,398300.75,52.407993
738000.0,1528125.4,-790125.4,790125.4,107.06306
1680000.0,1131554.5,548445.5,548445.5,32.645565
1300000.0,1122020.6,177979.38,177979.38,13.690721
1060000.0,1181394.4,-121394.375,121394.375,11.452299
730000.0,1302731.1,-572731.1,572731.1,78.45632
450000.0,1366244.2,-916244.25,916244.25,203.60982
661001.0,1442550.1,-781549.1,781549.1,118.23721
600000.0,1630743.2,-1030743.25,1030743.25,171.79054
1350000.0,1384920.8,-34920.75,34920.75,2.5867221
1044000.0,1726919.0,-682919.0,682919.0,65.4137
1900000.0,1175881.9,724118.1,724118.1,38.11148
1260000.0,1432666.5,-172666.5,172666.5,13.703691
900000.0,1331609.8,-431609.75,431609.75,47.95664
800000.0,1124653.2,-324653.25,324653.25,40.581657
650000.0,1326262.5,-676262.5,676262.5,104.04038
696000.0,1142287.4,-446287.38,446287.38,64.12175
670000.0,1268778.2,-598778.25,598778.25,89.36989
1000000.0,1493593.5,-493593.5,493593.5,49.359352
800000.0,1367801.2,-567801.25,567801.25,70.97515
900000.0,1630623.0,-730623.0,730623.0,81.180336
2000000.0,1539127.8,460872.25,460872.25,23.043613
1200000.0,2096268.1,-896268.1,896268.1,74.68901
670000.0,1292407.0,-622407.0,622407.0,92.89657
1000000.0,1294085.9,-294085.88,294085.88,29.408587
900000.0,1473977.5,-573977.5,573977.5,63.775276
580000.0,1258211.9,-678211.9,678211.9,116.93308
800000.0,1781126.4,-981126.4,981126.4,122.6408
917000.0,1151258.2,-234258.25,234258.25,25.546158
850000.0,1356347.2,-506347.25,506347.25,59.570267
620000.0,1465422.1,-845422.1,845422.1,136.3584
700000.0,1246130.5,-546130.5,546130.5,78.01864
900000.0,1126882.0,-226882.0,226882.0,25.20911
705000.0,1281388.1,-576388.1,576388.1,81.75718
1125000.0,1551167.9,-426167.88,426167.88,37.881588
2382000.0,1262944.6,1119055.4,1119055.4,46.979652
800000.0,1357494.8,-557494.75,557494.75,69.686844
900000.0,1562208.2,-662208.25,662208.25,73.57869
1050000.0,1905560.4,-855560.4,855560.4,81.48194
740000.0,1287264.1,-547264.1,547264.1,73.95461
975000.0,1158220.9,-183220.88,183220.88,18.791883
500000.0,1669259.0,-1169259.0,1169259.0,233.85179
1040000.0,1393425.5,-353425.5,353425.5,33.983223
600000.0,1340276.4,-740276.4,740276.4,123.379395
800000.0,1323811.2,-523811.25,523811.25,65.4764
1020000.0,1198104.5,-178104.5,178104.5,17.461226
950000.0,1370282.6,-420282.62,420282.62,44.240276
1092000.0,1506047.5,-414047.5,414047.5,37.916435
979000.0,1143865.5,-164865.5,164865.5,16.840195
1318600.0,1323532.2,-4932.25,4932.25,0.37405202
1050000.0,1334200.5,-284200.5,284200.5,27.066713
1045000.0,1426142.0,-381142.0,381142.0,36.47292
1073600.0,1295379.9,-221779.88,221779.88,20.657589
700000.0,1494497.9,-794497.9,794497.9,113.4997
600000.0,1300003.6,-700003.6,700003.6,116.66727
630000.0,1154813.6,-524813.6,524813.6,83.30375
1260500.0,1321865.9,-61365.875,61365.875,4.8683753
985000.0,1274477.2,-289477.25,289477.25,29.388554
1535000.0,1288636.6,246363.38,246363.38,16.04973
500000.0,1246628.1,-746628.1,746628.1,149.32562
400000.0,1365602.8,-965602.75,965602.75,241.4007
700000.0,1129413.2,-429413.25,429413.25,61.34475
800000.0,1281444.2,-481444.25,481444.25,60.180534
1100000.0,1168964.6,-68964.625,68964.625,6.2695117
588000.0,1442335.5,-854335.5,854335.5,145.29515
600000.0,1281947.6,-681947.6,681947.6,113.657936
1100000.0,1309496.9,-209496.88,209496.88,19.045172
656000.0,1198604.8,-542604.75,542604.75,82.71414
650000.0,1045072.7,-395072.7,395072.7,60.78041
700000.0,1624310.4,-924310.4,924310.4,132.04434
700000.0,1345577.4,-645577.4,645577.4,92.225334
550000.0,1803800.4,-1253800.4,1253800.4,227.96371
800000.0,1261767.1,-461767.12,461767.12,57.720886
1151000.0,1107767.0,43233.0,43233.0,3.7561252
1100000.0,1265102.5,-165102.5,165102.5,15.009318
2200000.0,1390969.0,809031.0,809031.0,36.77414
1020000.0,1757120.1,-737120.1,737120.1,72.26668
700000.0,1255840.5,-555840.5,555840.5,79.405785
4350000.0,1297893.6,3052106.5,3052106.5,70.16337
800000.0,1401783.5,-601783.5,601783.5,75.22294
840000.0,1134175.9,-294175.88,294175.88,35.02094
1400000.0,1287237.9,112762.125,112762.125,8.054438
1620400.0,1307587.2,312812.75,312812.75,19.304663
700000.0,1620211.4,-920211.4,920211.4,131.45877
1500000.0,1313385.1,186614.88,186614.88,12.440991
800000.0,1411848.2,-611848.25,611848.25,76.48103
1200000.0,1302032.5,-102032.5,102032.5,8.502708
900000.0,1338323.6,-438323.62,438323.62,48.702625
675000.0,1160881.5,-485881.5,485881.5,71.982445
1050000.0,1290888.8,-240888.75,240888.75,22.941786
1600000.0,1152602.2,447397.75,447397.75,27.96236
1000000.0,1152619.1,-152619.12,152619.12,15.261912
2130500.0,1282524.0,847976.0,847976.0,39.80174
800000.0,1865060.9,-1065060.9,1065060.9,133.13261
908000.0,1500716.4,-592716.4,592716.4,65.27714
750000.0,1409926.4,-659926.4,659926.4,87.99018
1500000.0,1306836.5,193163.5,193163.5,12.877567
1350000.0,1304089.6,45910.375,45910.375,3.4007683
700000.0,1437094.5,-737094.5,737094.5,105.29921
730000.0,1369589.4,-639589.4,639589.4,87.61498
560000.0,1239270.2,-679270.25,679270.25,121.298256
1750000.0,1214988.2,535011.75,535011.75,30.572102
795000.0,1151762.9,-356762.88,356762.88,44.87583
2000000.0,1269545.6,730454.4,730454.4,36.52272
830700.0,1560625.8,-729925.75,729925.75,87.86876
1026000.0,1156890.0,-130890.0,130890.0,12.75731
1250000.0,1124533.0,125467.0,125467.0,10.03736
700000.0,1245685.4,-545685.4,545685.4,77.955055
750000.0,1181394.4,-431394.38,431394.38,57.519253
625000.0,1229956.2,-604956.25,604956.25,96.793
1200000.0,1297335.6,-97335.625,97335.625,8.111301
1200000.0,1351831.2,-151831.25,151831.25,12.652604
620000.0,1239637.9,-619637.9,619637.9,99.9416
1000000.0,1302861.1,-302861.12,302861.12,30.286112
580000.0,1304184.9,-724184.9,724184.9,124.85947
1800000.0,1309759.5,490240.5,490240.5,27.235582
800000.0,1092545.1,-292545.12,292545.12,36.568142
1500000.0,1609160.0,-109160.0,109160.0,7.277333
620000.0,1781874.5,-1161874.5,1161874.5,187.39911
1400000.0,1126323.4,273676.62,273676.62,19.54833
725000.0,1154770.8,-429770.75,429770.75,59.278725
1300000.0,1278471.1,21528.875,21528.875,1.6560674
750000.0,1150456.5,-400456.5,400456.5,53.3942
604000.0,1350002.5,-746002.5,746002.5,123.510345
1000000.0,1462277.8,-462277.75,462277.75,46.227776
900000.0,1434376.8,-534376.75,534376.75,59.3752
1500000.0,1577357.4,-77357.375,77357.375,5.1571584
800000.0,1302969.6,-502969.62,502969.62,62.871204
1240000.0,1342360.9,-102360.875,102360.875,8.2549095
3725000.0,1306096.4,2418903.5,2418903.5,64.937004
650000.0,1506453.4,-856453.4,856453.4,131.76207
650000.0,1354992.9,-704992.9,704992.9,108.46044
837016.0,1468614.1,-631598.1,631598.1,75.45831
1340000.0,1317837.2,22162.75,22162.75,1.6539365
900000.0,1257788.0,-357788.0,357788.0,39.75422
2000000.0,1338801.6,661198.4,661198.4,33.059917
1020000.0,1310599.9,-290599.88,290599.88,28.490183
650000.0,1375347.6,-725347.6,725347.6,111.59195
900000.0,1309401.9,-409401.88,409401.88,45.489098
1200000.0,1319856.4,-119856.375,119856.375,9.988031
500000.0,1174837.9,-674837.9,674837.9,134.96758
1000000.0,1142764.6,-142764.62,142764.62,14.276463
2020800.0,1296277.1,724522.9,724522.9,35.85327
800000.0,1278062.4,-478062.38,478062.38,59.757797
1250000.0,2181422.8,-931422.75,931422.75,74.513824
1112000.0,1653384.9,-541384.9,541384.9,48.68569
1000000.0,1293041.8,-293041.75,293041.75,29.304174
1150000.0,1272750.4,-122750.375,122750.375,10.673945
2915360.0,1351495.6,1563864.4,1563864.4,53.64224
1408000.0,1599544.6,-191544.62,191544.62,13.604021
1500000.0,1610357.2,-110357.25,110357.25,7.35715
680000.0,1127709.6,-447709.62,447709.62,65.839645
885000.0,1406531.5,-521531.5,521531.5,58.93011
1820000.0,1326033.4,493966.62,493966.62,27.141022
810000.0,1489964.5,-679964.5,679964.5,83.946236
864522.0,1167950.2,-303428.25,303428.25,35.097805
640000.0,1280155.4,-640155.4,640155.4,100.024284
650000.0,1562806.8,-912806.75,912806.75,140.43181
1800000.0,1265682.0,534318.0,534318.0,29.684332
1500000.0,2117160.2,-617160.25,617160.25,41.144016
1320000.0,1570780.1,-250780.12,250780.12,18.998495
585090.0,1160251.0,-575161.0,575161.0,98.30299
840000.0,1313352.5,-473352.5,473352.5,56.35149
801600.0,1299756.6,-498156.62,498156.62,62.145287
1000000.0,1313596.0,-313596.0,313596.0,31.3596
700000.0,1479868.9,-779868.9,779868.9,111.40984
1000000.0,1593393.8,-593393.75,593393.75,59.339375
1600000.0,1680066.2,-80066.25,80066.25,5.004141
700000.0,1634649.8,-934649.75,934649.75,133.5214
1440000.0,1331846.5,108153.5,108153.5,7.5106597
700000.0,1340855.5,-640855.5,640855.5,91.55079
665000.0,1338074.0,-673074.0,673074.0,101.214134
650000.0,1146808.8,-496808.75,496808.75,76.43211
804000.0,1257437.9,-453437.88,453437.88,56.397747
713700.0,1272064.9,-558364.9,558364.9,78.23523
2000000.0,1631755.6,368244.38,368244.38,18.412218
750000.0,1293246.6,-543246.6,543246.6,72.432884
548000.0,1093388.0,-545388.0,545388.0,99.52336
750000.0,1411545.6,-661545.6,661545.6,88.206085
800000.0,1355671.9,-555671.9,555671.9,69.458984
750000.0,1269535.5,-519535.5,519535.5,69.2714
900000.0,1519789.0,-619789.0,619789.0,68.86544
600000.0,1346459.0,-746459.0,746459.0,124.40983
577000.0,1321687.6,-744687.6,744687.6,129.06198
1880000.0,1106109.8,773890.25,773890.25,41.164375
1500000.0,1249015.5,250984.5,250984.5,16.7323
650000.0,1128551.6,-478551.62,478551.62,73.62333
910000.0,1620170.4,-710170.4,710170.4,78.0407
1600000.0,1284350.1,315649.88,315649.88,19.728117
810000.0,1319105.5,-509105.5,509105.5,62.85253
1450000.0,1355833.4,94166.625,94166.625,6.4942503
1230000.0,1309271.9,-79271.875,79271.875,6.4448676
780000.0,1267338.2,-487338.25,487338.25,62.479263
550000.0,1283702.8,-733702.75,733702.75,133.4005
1100000.0,1160994.2,-60994.25,60994.25,5.544932
720000.0,1432317.0,-712317.0,712317.0,98.932915
1050000.0,1354616.9,-304616.88,304616.88,29.011131
1900000.0,1309607.2,590392.75,590392.75,31.073301
730000.0,1181394.4,-451394.38,451394.38,61.834846
1080000.0,1261743.5,-181743.5,181743.5,16.828102
1147500.0,1497630.4,-350130.38,350130.38,30.512451
1290000.0,1181394.4,108605.625,108605.625,8.419041
1435000.0,1107688.4,327311.62,327311.62,22.809174
720000.0,1395656.0,-675656.0,675656.0,93.84111
800000.0,2108154.8,-1308154.8,1308154.8,163.51935
900000.0,1174048.6,-274048.62,274048.62,30.449846
1800000.0,1121576.0,678424.0,678424.0,37.690224
745000.0,1327931.8,-582931.75,582931.75,78.24587
1160000.0,1362707.2,-202707.25,202707.25,17.474764
700000.0,1583604.6,-883604.6,883604.6,126.229225
1052000.0,1215057.1,-163057.12,163057.12,15.499727
1600000.0,1160337.2,439662.75,439662.75,27.478922
730000.0,1142663.0,-412663.0,412663.0,56.529175
1362000.0,1246159.5,115840.5,115840.5,8.505176
1275000.0,1346318.9,-71318.875,71318.875,5.5936375
3360000.0,1318374.4,2041625.6,2041625.6,60.76267
1250000.0,1120259.9,129740.125,129740.125,10.37921
1200000.0,1339712.9,-139712.88,139712.88,11.64274
1200000.0,1185532.4,14467.625,14467.625,1.2056354
1000000.0,1307922.2,-307922.25,307922.25,30.792225
2640000.0,1206836.6,1433163.4,1433163.4,54.28649
3168000.0,1326033.4,1841966.6,1841966.6,58.142887
1909000.0,1424222.1,484777.88,484777.88,25.394335
1200000.0,1166603.6,33396.375,33396.375,2.7830312
1400000.0,1320608.2,79391.75,79391.75,5.6708393
1320000.0,1264101.0,55899.0,55899.0,4.2347727
1000000.0,1592032.5,-592032.5,592032.5,59.20325
854101.0,1123682.6,-269581.62,269581.62,31.563202
976000.0,1187819.5,-211819.5,211819.5,21.702818
1585000.0,1170012.9,414987.12,414987.12,26.182154
2250000.0,1410139.2,839860.75,839860.75,37.327145
924000.0,1348233.2,-424233.25,424233.25,45.91269
1110000.0,1498194.4,-388194.38,388194.38,34.972466
810000.0,1352155.0,-542155.0,542155.0,66.93272
1211000.0,1333897.2,-122897.25,122897.25,10.148411
1500000.0,1307217.8,192782.25,192782.25,12.85215
800000.0,1488728.2,-688728.25,688728.25,86.09103
995000.0,1756217.0,-761217.0,761217.0,76.50422
817000.0,1152101.2,-335101.25,335101.25,41.016068
1392000.0,1314916.8,77083.25,77083.25,5.5375896
1030000.0,1229565.6,-199565.62,199565.62,19.375303
1600000.0,1566801.4,33198.625,33198.625,2.074914
910000.0,1260588.5,-350588.5,350588.5,38.52621
800000.0,1528191.8,-728191.75,728191.75,91.02397
1400000.0,1338260.0,61740.0,61740.0,4.4100003
850000.0,1114336.8,-264336.75,264336.75,31.09844
800000.0,1359554.4,-559554.4,559554.4,69.9443
740000.0,1924120.1,-1184120.1,1184120.1,160.01624
700000.0,1641187.6,-941187.6,941187.6,134.45537
657500.0,1281263.4,-623763.4,623763.4,94.86895
850000.0,1300327.6,-450327.62,450327.62,52.97972
500000.0,1434694.1,-934694.1,934694.1,186.93883
500000.0,1321830.4,-821830.4,821830.4,164.36607
705600.0,1509486.9,-803886.9,803886.9,113.92954
900000.0,1381940.0,-481940.0,481940.0,53.54889
500000.0,1656079.8,-1156079.8,1156079.8,231.21596
1000000.0,1524320.1,-524320.1,524320.1,52.432014
662500.0,1212518.4,-550018.4,550018.4,83.02164
1200000.0,1134869.4,65130.625,65130.625,5.427552
650000.0,1355234.9,-705234.9,705234.9,108.497665
961380.0,1315521.1,-354141.12,354141.12,36.836746
720000.0,1520678.5,-800678.5,800678.5,111.20535
580000.0,1720928.0,-1140928.0,1140928.0,196.71172
720000.0,1286649.1,-566649.1,566649.1,78.70127
1620000.0,1699003.1,-79003.125,79003.125,4.876736
750000.0,1210354.5,-460354.5,460354.5,61.3806
1050000.0,1304482.4,-254482.38,254482.38,24.236416
720000.0,1651878.5,-931878.5,931878.5,129.42757
1200000.0,1347645.0,-147645.0,147645.0,12.30375
1490000.0,1320824.5,169175.5,169175.5,11.35406
900000.0,1151474.1,-251474.12,251474.12,27.94157
720000.0,1323925.5,-603925.5,603925.5,83.87854
1800000.0,1372274.6,427725.38,427725.38,23.762522
810000.0,1366242.4,-556242.4,556242.4,68.6719
1150000.0,1366040.4,-216040.38,216040.38,18.78612
938000.0,1427171.2,-489171.25,489171.25,52.15045
2063600.0,1305382.4,758217.6,758217.6,36.74247
650000.0,1300864.9,-650864.9,650864.9,100.133064
650000.0,1507715.4,-857715.4,857715.4,131.9562
900000.0,1227020.6,-327020.62,327020.62,36.335625
743000.0,1253208.4,-510208.38,510208.38,68.66869
508000.0,1271882.8,-763882.75,763882.75,150.37062
900000.0,1565935.4,-665935.4,665935.4,73.99282
650000.0,1295706.5,-645706.5,645706.5,99.33946
1650000.0,1153183.9,496816.12,496816.12,30.110067
1500000.0,1773519.1,-273519.12,273519.12,18.23461
1000000.0,1563941.8,-563941.75,563941.75,56.394176
850000.0,1618340.9,-768340.9,768340.9,90.39304
1350000.0,1110410.4,239589.62,239589.62,17.74738
1400000.0,1328155.1,71844.875,71844.875,5.131777
720000.0,1261082.9,-541082.9,541082.9,75.1504
1300000.0,1314681.0,-14681.0,14681.0,1.1293077
700000.0,1365495.5,-665495.5,665495.5,95.070786
1000000.0,1822781.4,-822781.4,822781.4,82.27814
1350000.0,1532155.1,-182155.12,182155.12,13.492971
900000.0,1180518.1,-280518.12,280518.12,31.168682
500000.0,1045301.94,-545301.94,545301.94,109.06038
600000.0,1425550.2,-825550.25,825550.25,137.5917
735000.0,1335674.0,-600674.0,600674.0,81.72435
680000.0,1453023.1,-773023.1,773023.1,113.67987
1300000.0,1422743.9,-122743.875,122743.875,9.441836
1000000.0,1217357.1,-217357.12,217357.12,21.735712
1050000.0,1427079.9,-377079.88,377079.88,35.91237
830000.0,1317196.1,-487196.12,487196.12,58.698326
600000.0,1301370.1,-701370.1,701370.1,116.89502
1000000.0,1563484.4,-563484.4,563484.4,56.34844
756000.0,1152429.9,-396429.88,396429.88,52.437813
1300000.0,1331454.9,-31454.875,31454.875,2.4196057
550000.0,1529214.5,-979214.5,979214.5,178.039
1340000.0,1213365.8,126634.25,126634.25,9.450317
2400000.0,1452883.0,947117.0,947117.0,39.463207
800000.0,1226990.0,-426990.0,426990.0,53.37375
1200000.0,1395173.9,-195173.88,195173.88,16.26449
650000.0,1168095.8,-518095.75,518095.75,79.70704
550000.0,1360971.6,-810971.6,810971.6,147.44939
1200000.0,1294439.4,-94439.375,94439.375,7.869948
1257000.0,1471340.1,-214340.12,214340.12,17.05172
800000.0,1355965.4,-555965.4,555965.4,69.495674
1262580.0,1317090.1,-54510.125,54510.125,4.31736
5047360.0,1344837.9,3702522.0,3702522.0,73.35561
1200000.0,1319121.0,-119121.0,119121.0,9.92675
800000.0,1153871.6,-353871.62,353871.62,44.233955
1800000.0,1602664.0,197336.0,197336.0,10.963111
850000.0,1151254.5,-301254.5,301254.5,35.441704
1920000.0,1114045.6,805954.4,805954.4,41.97679
1200000.0,1357744.6,-157744.62,157744.62,13.145386
900000.0,1517949.1,-617949.1,617949.1,68.66102
1250000.0,1220018.6,29981.375,29981.375,2.39851
1174000.0,1390127.5,-216127.5,216127.5,18.409498
1900000.0,1319551.2,580448.75,580448.75,30.549934
1000000.0,1183039.4,-183039.38,183039.38,18.303938
900000.0,1572456.9,-672456.9,672456.9,74.71743
950000.0,1357069.6,-407069.62,407069.62,42.849434
875000.0,1278699.8,-403699.75,403699.75,46.137115
800000.0,1346893.5,-546893.5,546893.5,68.36169
3543600.0,1475335.1,2068264.9,2068264.9,58.366203
800000.0,1355248.4,-555248.4,555248.4,69.406044
800000.0,1396370.8,-596370.75,596370.75,74.54634
480000.0,1550896.5,-1070896.5,1070896.5,223.10342
900000.0,1625736.4,-725736.4,725736.4,80.637375
2000000.0,1435026.9,564973.1,564973.1,28.248655
650000.0,1046106.0,-396106.0,396106.0,60.939384
750000.0,1232424.0,-482424.0,482424.0,64.3232
873000.0,1337841.4,-464841.38,464841.38,53.246433
920000.0,1125569.4,-205569.38,205569.38,22.344498
4260000.0,1179765.2,3080234.8,3080234.8,72.30598
1000000.0,1765545.4,-765545.4,765545.4,76.554535
1600000.0,1812727.9,-212727.88,212727.88,13.295492
2580000.0,1297047.2,1282952.8,1282952.8,49.72685
700000.0,1451464.2,-751464.25,751464.25,107.35203
1100000.0,1667215.0,-567215.0,567215.0,51.565
1280000.0,1286341.0,-6341.0,6341.0,0.49539065
790000.0,1154244.9,-364244.88,364244.88,46.106945
600000.0,1233029.6,-633029.6,633029.6,105.504944
2413700.0,1296064.9,1117635.1,1117635.1,46.30381
1675000.0,1139234.8,535765.25,535765.25,31.985987
2500000.0,1363449.1,1136550.9,1136550.9,45.462036
1160000.0,1474746.4,-314746.38,314746.38,27.133307
912000.0,1320123.2,-408123.25,408123.25,44.75036
1200000.0,1208007.8,-8007.75,8007.75,0.6673125
894000.0,1294373.0,-400373.0,400373.0,44.78445
1100000.0,1447691.0,-347691.0,347691.0,31.608273
1000000.0,1135209.9,-135209.88,135209.88,13.5209875
800000.0,1424263.1,-624263.1,624263.1,78.03289
1260000.0,1181394.4,78605.625,78605.625,6.2385416
710000.0,1280883.5,-570883.5,570883.5,80.40613
1780000.0,1702068.4,77931.625,77931.625,4.3781815
2039500.0,1379024.6,660475.4,660475.4,32.384182
760000.0,1326224.9,-566224.9,566224.9,74.50327
1500000.0,1302551.4,197448.62,197448.62,13.163241
875000.0,1150918.2,-275918.25,275918.25,31.533516
3500000.0,1260122.8,2239877.2,2239877.2,63.996494
500000.0,1799588.8,-1299588.8,1299588.8,259.91776
800000.0,1420441.8,-620441.75,620441.75,77.55522
800000.0,1155180.2,-355180.25,355180.25,44.39753
603000.0,1203059.2,-600059.25,600059.25,99.512314
1340000.0,1137864.0,202136.0,202136.0,15.084776
1000000.0,1358250.5,-358250.5,358250.5,35.82505
550000.0,1247401.2,-697401.25,697401.25,126.800224
500000.0,1144086.9,-644086.9,644086.9,128.81738
500000.0,1378299.8,-878299.75,878299.75,175.65996
1650000.0,1568824.1,81175.875,81175.875,4.9197497
626400.0,1456686.0,-830286.0,830286.0,132.54884
1044000.0,1199729.8,-155729.75,155729.75,14.916642
3200000.0,1989110.9,1210889.1,1210889.1,37.840286
1060000.0,1202949.0,-142949.0,142949.0,13.485755
1325000.0,1278891.6,46108.375,46108.375,3.4798775
800000.0,1248073.6,-448073.62,448073.62,56.009205
750000.0,1300545.0,-550545.0,550545.0,73.406
1000000.0,1746631.2,-746631.25,746631.25,74.663124
600000.0,1268936.9,-668936.9,668936.9,111.48947
1300000.0,1323218.5,-23218.5,23218.5,1.7860385
700000.0,1288956.2,-588956.25,588956.25,84.136604
1500000.0,1141170.1,358829.88,358829.88,23.921991
1000000.0,1393736.4,-393736.38,393736.38,39.373634
1400000.0,1314644.6,85355.375,85355.375,6.0968122
700000.0,1243613.9,-543613.9,543613.9,77.65913
1200000.0,1337271.9,-137271.88,137271.88,11.439322
870000.0,1711971.9,-841971.9,841971.9,96.77837
650000.0,1280745.4,-630745.4,630745.4,97.03775
900000.0,1355928.2,-455928.25,455928.25,50.658695
1000000.0,1625561.0,-625561.0,625561.0,62.5561
1500000.0,1442838.6,57161.375,57161.375,3.8107586
864000.0,1351412.6,-487412.62,487412.62,56.413494
860000.0,1596580.8,-736580.75,736580.75,85.648926
1400000.0,1288338.6,111661.375,111661.375,7.9758124
990000.0,1181394.4,-191394.38,191394.38,19.332766
620000.0,1378621.4,-758621.4,758621.4,122.358284
1360000.0,1703724.9,-343724.88,343724.88,25.27389
800000.0,1427148.9,-627148.9,627148.9,78.39361
13840000.0,1850552.9,11989447.0,11989447.0,86.62895
7000000.0,1823831.5,5176168.5,5176168.5,73.94527
624000.0,1572456.9,-948456.9,948456.9,151.99629
1500000.0,1238408.8,261591.25,261591.25,17.439417
750000.0,1181394.4,-431394.38,431394.38,57.519253
1800000.0,1972297.4,-172297.38,172297.38,9.572076
500000.0,1390147.9,-890147.9,890147.9,178.02957
1380000.0,1317117.0,62883.0,62883.0,4.556739
620000.0,1267046.8,-647046.75,647046.75,104.36238
500000.0,1531551.4,-1031551.4,1031551.4,206.31027
1050000.0,1392626.9,-342626.88,342626.88,32.63113
500000.0,1187839.8,-687839.75,687839.75,137.56795
2247800.0,1215920.6,1031879.4,1031879.4,45.906193
610000.0,1382214.6,-772214.6,772214.6,126.59257
1344000.0,1511983.4,-167983.38,167983.38,12.498763
802600.0,1305263.5,-502663.5,502663.5,62.62939
6450000.0,1866026.8,4583973.0,4583973.0,71.06935
1180000.0,1428389.8,-248389.75,248389.75,21.04998
1408000.0,1255238.5,152761.5,152761.5,10.849539
1200000.0,1327404.8,-127404.75,127404.75,10.617063
1200000.0,1134869.4,65130.625,65130.625,5.427552
350000.0,1383523.1,-1033523.1,1033523.1,295.29233
750000.0,1442577.6,-692577.6,692577.6,92.34368
850000.0,1277083.4,-427083.38,427083.38,50.245102
1863000.0,1294135.9,568864.1,568864.1,30.534843
1600000.0,1493122.1,106877.875,106877.875,6.6798673
800000.0,1360983.1,-560983.1,560983.1,70.122894
1000000.0,1303413.8,-303413.75,303413.75,30.341375
1780000.0,1187739.5,592260.5,592260.5,33.273064
1200000.0,1618710.6,-418710.62,418710.62,34.89255
702000.0,1315419.9,-613419.9,613419.9,87.38175
825000.0,1878049.6,-1053049.6,1053049.6,127.64238
1982500.0,1121403.2,861096.75,861096.75,43.434895
1100000.0,1213180.4,-113180.375,113180.375,10.289125
3850000.0,1380703.0,2469297.0,2469297.0,64.13758
1000000.0,1294754.9,-294754.88,294754.88,29.475487
1060000.0,1487112.0,-427112.0,427112.0,40.293587
600000.0,1295702.8,-695702.75,695702.75,115.950455
2700000.0,1310708.6,1389291.4,1389291.4,51.455235
570000.0,1359016.4,-789016.4,789016.4,138.42392
688000.0,1509247.9,-821247.9,821247.9,119.367424
986000.0,1175499.6,-189499.62,189499.62,19.219028
1160000.0,1166362.0,-6362.0,6362.0,0.54844826
1800000.0,1684009.9,115990.125,115990.125,6.4438963
700000.0,1143137.8,-443137.75,443137.75,63.30539
620000.0,1545648.9,-925648.9,925648.9,149.2982
850000.0,1323108.2,-473108.25,473108.25,55.659794
700000.0,1612662.0,-912662.0,912662.0,130.38028
700000.0,1315222.4,-615222.4,615222.4,87.88891
772000.0,1338659.2,-566659.25,566659.25,73.40146
5760000.0,1862392.2,3897607.8,3897607.8,67.6668
1000000.0,1378260.8,-378260.75,378260.75,37.826077
1200000.0,1326239.2,-126239.25,126239.25,10.5199375
919000.0,1326790.1,-407790.12,407790.12,44.373245
730000.0,1438197.2,-708197.25,708197.25,97.01332
800000.0,1507093.9,-707093.9,707093.9,88.386734
760000.0,1317596.8,-557596.75,557596.75,73.368
1936000.0,1154384.1,781615.9,781615.9,40.37272
1400000.0,1292581.4,107418.625,107418.625,7.672759
8000000.0,1807204.0,6192796.0,6192796.0,77.40995
700000.0,1012622.94,-312622.94,312622.94,44.66042
2300000.0,1121184.9,1178815.1,1178815.1,51.25283
1265000.0,1317694.1,-52694.125,52694.125,4.1655436
1265000.0,1358893.1,-93893.125,93893.125,7.4223814
1015000.0,1262034.8,-247034.75,247034.75,24.338398
800000.0,1284379.0,-484379.0,484379.0,60.547375
1150000.0,1192157.8,-42157.75,42157.75,3.6658912
1500000.0,1292795.2,207204.75,207204.75,13.81365
614000.0,1238275.6,-624275.6,624275.6,101.67355
920000.0,1282082.4,-362082.38,362082.38,39.35678
1320000.0,1291990.9,28009.125,28009.125,2.1219034
1160000.0,1477520.8,-317520.75,317520.75,27.372478
800000.0,1220964.2,-420964.25,420964.25,52.62053
650000.0,1199507.5,-549507.5,549507.5,84.53962
1350000.0,1139868.0,210132.0,210132.0,15.565332
775000.0,1271985.5,-496985.5,496985.5,64.12716
1000000.0,1121897.2,-121897.25,121897.25,12.189725
800000.0,1346124.6,-546124.6,546124.6,68.26557
1217800.0,1283031.2,-65231.25,65231.25,5.356483
1600000.0,2008006.9,-408006.88,408006.88,25.50043
676000.0,1205040.8,-529040.75,529040.75,78.26046
820000.0,1579249.8,-759249.75,759249.75,92.59144
650000.0,1125375.9,-475375.88,475375.88,73.13475
850000.0,1304778.1,-454778.12,454778.12,53.50331
1920000.0,1357910.8,562089.25,562089.25,29.275482
680000.0,1167319.4,-487319.38,487319.38,71.66461
2100000.0,1589893.5,510106.5,510106.5,24.290785
1000000.0,1449509.8,-449509.75,449509.75,44.950974
700000.0,1726813.9,-1026813.9,1026813.9,146.6877
900000.0,1275335.5,-375335.5,375335.5,41.703945
1290000.0,1310299.4,-20299.375,20299.375,1.573595
700000.0,1139330.1,-439330.12,439330.12,62.761444
500000.0,1181394.4,-681394.4,681394.4,136.27888
900000.0,1181394.4,-281394.38,281394.38,31.266043
810000.0,1219998.8,-409998.75,409998.75,50.61713
705000.0,1282407.0,-577407.0,577407.0,81.9017
1480000.0,1188090.5,291909.5,291909.5,19.723616
1600000.0,1338401.0,261599.0,261599.0,16.349937
900000.0,1555536.5,-655536.5,655536.5,72.83739
771100.0,1156403.6,-385303.62,385303.62,49.96805
825000.0,1309320.2,-484320.25,484320.25,58.705486
650000.0,1339748.4,-689748.4,689748.4,106.115135
500000.0,1157543.4,-657543.4,657543.4,131.50867
790000.0,1400083.0,-610083.0,610083.0,77.2257
700000.0,1599700.8,-899700.75,899700.75,128.52867
600000.0,1245870.5,-645870.5,645870.5,107.64508
1200000.0,1386681.0,-186681.0,186681.0,15.556749
745000.0,1874672.6,-1129672.6,1129672.6,151.63391
800000.0,1102540.4,-302540.38,302540.38,37.817547
500000.0,1880447.8,-1380447.8,1380447.8,276.08954
550000.0,1339243.9,-789243.9,789243.9,143.49889
1100000.0,1116398.0,-16398.0,16398.0,1.4907273
1152000.0,1437522.6,-285522.62,285522.62,24.78495
1400000.0,1122735.6,277264.38,277264.38,19.804598
1100000.0,1388923.2,-288923.25,288923.25,26.265749
600000.0,1287074.6,-687074.6,687074.6,114.51243
730000.0,1308116.6,-578116.6,578116.6,79.19405
700000.0,1115830.9,-415830.88,415830.88,59.404408
800000.0,1313968.9,-513968.88,513968.88,64.24611
980000.0,1169565.8,-189565.75,189565.75,19.343443
612500.0,1667362.4,-1054862.4,1054862.4,172.22243
900000.0,1683190.2,-783190.25,783190.25,87.02113
965000.0,1288966.8,-323966.75,323966.75,33.571686
750000.0,1292211.1,-542211.1,542211.1,72.29482
889000.0,1271822.0,-382822.0,382822.0,43.06209
550000.0,1316856.1,-766856.1,766856.1,139.42839
1000000.0,1428805.1,-428805.12,428805.12,42.880512
850000.0,1346095.8,-496095.75,496095.75,58.36421
588000.0,1307178.5,-719178.5,719178.5,122.309265
1200000.0,1181394.4,18605.625,18605.625,1.5504687
800000.0,1650089.2,-850089.25,850089.25,106.261154
970000.0,1159330.6,-189330.62,189330.62,19.518621
1100000.0,1181394.4,-81394.375,81394.375,7.399489
1000000.0,1447897.8,-447897.75,447897.75,44.789776
4700000.0,1471844.5,3228155.5,3228155.5,68.68416
560000.0,1336622.2,-776622.25,776622.25,138.68254
1760000.0,1693380.8,66619.25,66619.25,3.7851849
750000.0,1269107.1,-519107.12,519107.12,69.21429
1050000.0,1634771.9,-584771.9,584771.9,55.69256
815000.0,1233165.1,-418165.12,418165.12,51.3086
1680000.0,1261190.9,418809.12,418809.12,24.929115
650000.0,1172592.6,-522592.62,522592.62,80.398865
1000000.0,1821671.1,-821671.1,821671.1,82.167114
580000.0,1173775.4,-593775.4,593775.4,102.37507
1300000.0,1116716.2,183283.75,183283.75,14.09875
650000.0,1336447.6,-686447.6,686447.6,105.60733
2200000.0,1300533.6,899466.4,899466.4,40.884834
1020000.0,1455335.4,-435335.38,435335.38,42.67994
750000.0,1281036.6,-531036.6,531036.6,70.804886
590000.0,1297358.8,-707358.75,707358.75,119.89131
1300000.0,1181394.4,118605.625,118605.625,9.123509
1500000.0,1295441.6,204558.38,204558.38,13.637225
700000.0,1258401.5,-558401.5,558401.5,79.771645
1139200.0,1420130.6,-280930.62,280930.62,24.660343
1600000.0,1258837.1,341162.88,341162.88,21.32268
700000.0,1866057.6,-1166057.6,1166057.6,166.57967
1020000.0,1118960.8,-98960.75,98960.75,9.702034
1020000.0,1370970.8,-350970.75,350970.75,34.408897
3200000.0,1405345.2,1794654.8,1794654.8,56.08296
1520000.0,1518479.9,1520.125,1520.125,0.10000823
673500.0,1330869.2,-657369.25,657369.25,97.604935
6500000.0,1527508.9,4972491.0,4972491.0,76.49986
700000.0,1287711.6,-587711.6,587711.6,83.9588
600000.0,1433588.6,-833588.6,833588.6,138.93144
1465250.0,1116316.6,348933.38,348933.38,23.813913
1350000.0,1282589.5,67410.5,67410.5,4.9933705
630000.0,1937738.2,-1307738.2,1307738.2,207.57748
1700000.0,1291579.0,408421.0,408421.0,24.024765
550000.0,1511695.4,-961695.4,961695.4,174.8537
1020000.0,1414071.5,-394071.5,394071.5,38.63446
1290000.0,1242161.8,47838.25,47838.25,3.7083917
900000.0,1376216.6,-476216.62,476216.62,52.912956
600000.0,1397017.2,-797017.25,797017.25,132.83621
700000.0,1175226.9,-475226.88,475226.88,67.88956
540000.0,1586465.5,-1046465.5,1046465.5,193.78992
1232500.0,1301299.9,-68799.875,68799.875,5.58214
600000.0,1353103.6,-753103.6,753103.6,125.51727
1200000.0,1332025.0,-132025.0,132025.0,11.002083
1862000.0,1188683.1,673316.9,673316.9,36.16095
650000.0,1212017.4,-562017.4,562017.4,86.46422
650000.0,985002.4,-335002.38,335002.38,51.538826
1729325.0,1839355.2,-110030.25,110030.25,6.3626127
1500000.0,1261345.9,238654.12,238654.12,15.910275
1200000.0,1307561.8,-107561.75,107561.75,8.963479
800000.0,1092938.9,-292938.88,292938.88,36.61736
588000.0,1523477.9,-935477.9,935477.9,159.09488
1216000.0,2209989.0,-993989.0,993989.0,81.742516
1940000.0,1345956.0,594044.0,594044.0,30.620825
500000.0,1113755.5,-613755.5,613755.5,122.75111
500000.0,1563105.6,-1063105.6,1063105.6,212.62112
500000.0,1271628.6,-771628.6,771628.6,154.32573
1472800.0,1323929.4,148870.62,148870.62,10.108
750000.0,1464644.5,-714644.5,714644.5,95.285934
650000.0,1250131.6,-600131.6,600131.6,92.32794
1065000.0,1127239.4,-62239.375,62239.375,5.844073
1300000.0,1482222.8,-182222.75,182222.75,14.017135
850000.0,1269698.8,-419698.75,419698.75,49.376324
750000.0,1703535.4,-953535.4,953535.4,127.138054
1408000.0,1573650.6,-165650.62,165650.62,11.764959
759000.0,1201098.1,-442098.12,442098.12,58.247448
1400000.0,1314047.2,85952.75,85952.75,6.139482
550000.0,1187525.9,-637525.9,637525.9,115.913795
850000.0,1308615.6,-458615.62,458615.62,53.95478
500000.0,1598990.5,-1098990.5,1098990.5,219.79811
800000.0,1315043.4,-515043.38,515043.38,64.38042
700000.0,1623855.0,-923855.0,923855.0,131.9793
1065400.0,1116948.1,-51548.125,51548.125,4.8383822
1600000.0,1240068.6,359931.38,359931.38,22.49571
800000.0,1418816.8,-618816.75,618816.75,77.3521
950000.0,1343090.9,-393090.88,393090.88,41.377987
650000.0,1436778.0,-786778.0,786778.0,121.04276
1360000.0,1181394.4,178605.62,178605.62,13.132766
1450000.0,1128493.0,321507.0,321507.0,22.172897
700000.0,1290458.0,-590458.0,590458.0,84.35114
1539000.0,1662440.4,-123440.375,123440.375,8.020817
940000.0,1141132.0,-201132.0,201132.0,21.397022
1500000.0,1111782.0,388218.0,388218.0,25.8812
2385000.0,1215920.6,1169079.4,1169079.4,49.018005
600000.0,1230887.2,-630887.25,630887.25,105.14787
700000.0,1192892.2,-492892.25,492892.25,70.41318
700000.0,1138458.4,-438458.38,438458.38,62.636913
500000.0,1277379.1,-777379.1,777379.1,155.47581
1600000.0,1308187.2,291812.75,291812.75,18.238297
1014000.0,1700684.5,-686684.5,686684.5,67.72037
1050000.0,1280047.0,-230047.0,230047.0,21.909239
2000000.0,1380481.4,619518.6,619518.6,30.975931
800000.0,1383196.8,-583196.75,583196.75,72.89959
1170000.0,1446803.6,-276803.62,276803.62,23.658428
2390000.0,1341434.6,1048565.4,1048565.4,43.873028
850000.0,1340352.8,-490352.75,490352.75,57.688557
1180000.0,1323725.0,-143725.0,143725.0,12.180085
750000.0,1585513.6,-835513.6,835513.6,111.40182
1600000.0,1444675.0,155325.0,155325.0,9.707812
700000.0,1549819.6,-849819.6,849819.6,121.4028
900000.0,1727967.2,-827967.25,827967.25,91.99636
1000000.0,1301205.4,-301205.38,301205.38,30.120537
1056000.0,1573650.6,-517650.62,517650.62,49.019943
640000.0,1395783.6,-755783.6,755783.6,118.09119
1540000.0,1103140.2,436859.75,436859.75,28.367516
2400000.0,1329803.9,1070196.1,1070196.1,44.591503
580000.0,1447296.1,-867296.1,867296.1,149.53381
800000.0,1435344.2,-635344.25,635344.25,79.41803
1000000.0,1551812.2,-551812.25,551812.25,55.181225
1100000.0,1147525.1,-47525.125,47525.125,4.3204656
650000.0,1360213.8,-710213.75,710213.75,109.26366
910000.0,1260982.1,-350982.12,350982.12,38.569466
1280000.0,1443477.5,-163477.5,163477.5,12.77168
776000.0,1122668.5,-346668.5,346668.5,44.673775
700000.0,1163633.1,-463633.12,463633.12,66.2333
900000.0,1763765.6,-863765.6,863765.6,95.97395
4834000.0,1547588.4,3286411.5,3286411.5,67.985344
1993000.0,1379024.6,613975.4,613975.4,30.806593
500000.0,1320869.6,-820869.6,820869.6,164.17392
1000000.0,1199274.9,-199274.88,199274.88,19.927486
1700000.0,1596680.6,103319.375,103319.375,6.0776105
600000.0,1280155.4,-680155.4,680155.4,113.35922
855600.0,1280138.2,-424538.25,424538.25,49.61878
783000.0,1374831.5,-591831.5,591831.5,75.58512
1350000.0,1388076.1,-38076.125,38076.125,2.820454
757000.0,1375921.9,-618921.9,618921.9,81.75982
1400000.0,1327496.8,72503.25,72503.25,5.1788034
1561600.0,1352394.2,209205.75,209205.75,13.396885
1101500.0,1578054.5,-476554.5,476554.5,43.264137
1400000.0,1197896.1,202103.88,202103.88,14.435991
1200000.0,1472828.1,-272828.12,272828.12,22.735678
945000.0,1306773.2,-361773.25,361773.25,38.282883
900000.0,1332747.1,-432747.12,432747.12,48.08301
700000.0,1181394.4,-481394.38,481394.38,68.77062
1000000.0,1361291.1,-361291.12,361291.12,36.129112
900000.0,1308565.2,-408565.25,408565.25,45.39614
620000.0,1480035.9,-860035.9,860035.9,138.71545
1288000.0,1318268.5,-30268.5,30268.5,2.3500388
650000.0,1709235.6,-1059235.6,1059235.6,162.95932
7000000.0,1602043.2,5397957.0,5397957.0,77.11367
2221200.0,1325004.4,896195.6,896195.6,40.347363
610000.0,1277946.2,-667946.25,667946.25,109.49938
700000.0,1115840.0,-415840.0,415840.0,59.405716
577000.0,1316725.0,-739725.0,739725.0,128.2019
816400.0,1567468.5,-751068.5,751068.5,91.99761
900000.0,1562047.2,-662047.25,662047.25,73.56081
788000.0,1298497.5,-510497.5,510497.5,64.78395
877250.0,1974133.2,-1096883.2,1096883.2,125.03656
650000.0,1303111.2,-653111.25,653111.25,100.47865
650000.0,1471551.6,-821551.6,821551.6,126.392555
800000.0,1926299.9,-1126299.9,1126299.9,140.78748
1500000.0,1324389.6,175610.38,175610.38,11.707358
1160000.0,1418096.4,-258096.38,258096.38,22.24969
800000.0,1132575.6,-332575.62,332575.62,41.571953
900000.0,1857198.6,-957198.6,957198.6,106.35541
950000.0,1321409.6,-371409.62,371409.62,39.09575
2000000.0,1295847.2,704152.75,704152.75,35.207638
550000.0,1518867.8,-968867.75,968867.75,176.15778
1100000.0,1723018.6,-623018.6,623018.6,56.638058
1125000.0,1424062.5,-299062.5,299062.5,26.583334
506372.0,1261555.1,-755183.1,755183.1,149.13603
448000.0,1266079.0,-818079.0,818079.0,182.60692
900000.0,1300638.5,-400638.5,400638.5,44.51539
1150000.0,1155492.6,-5492.625,5492.625,0.47761956
540000.0,1524985.2,-984985.25,984985.25,182.40468
400000.0,1168733.6,-768733.6,768733.6,192.18341
700000.0,1048996.0,-348996.0,348996.0,49.85657
950000.0,1261280.2,-311280.25,311280.25,32.766342
1600000.0,1396447.4,203552.62,203552.62,12.722039
1250000.0,1317974.1,-67974.125,67974.125,5.43793
1824000.0,1214424.2,609575.75,609575.75,33.419724
2480000.0,1250739.2,1229260.8,1229260.8,49.566967
810000.0,1369548.0,-559548.0,559548.0,69.08
1800000.0,1111788.4,688211.6,688211.6,38.233982
1100000.0,1185270.0,-85270.0,85270.0,7.751818
839000.0,1350119.9,-511119.88,511119.88,60.920124
800000.0,1281757.4,-481757.38,481757.38,60.21967
1100000.0,1169767.2,-69767.25,69767.25,6.3424773
725000.0,1233186.4,-508186.38,508186.38,70.09467
2600000.0,1289400.4,1310599.6,1310599.6,50.407677
750000.0,1299286.2,-549286.25,549286.25,73.23817
900000.0,1140855.2,-240855.25,240855.25,26.761696
1000000.0,1467117.9,-467117.88,467117.88,46.71179
1800000.0,1562881.4,237118.62,237118.62,13.173257
700000.0,1323217.8,-623217.75,623217.75,89.031105
1500000.0,1208069.5,291930.5,291930.5,19.462032
800000.0,1887135.9,-1087135.9,1087135.9,135.89198
680000.0,1167327.8,-487327.75,487327.75,71.66585
3560000.0,1306242.6,2253757.5,2253757.5,63.307796
1296000.0,1398708.6,-102708.625,102708.625,7.9250484
692500.0,2042127.2,-1349627.2,1349627.2,194.89203
1200000.0,1441741.9,-241741.88,241741.88,20.145157
1400000.0,1657525.4,-257525.38,257525.38,18.39467
700000.0,1012622.94,-312622.94,312622.94,44.66042
738819.0,1157265.6,-418446.62,418446.62,56.637234
1730000.0,1573923.9,156076.12,156076.12,9.021741
775000.0,1221895.0,-446895.0,446895.0,57.66387
600000.0,1224776.6,-624776.6,624776.6,104.12943
1220000.0,1584123.4,-364123.38,364123.38,29.84618
810000.0,1181394.4,-371394.38,371394.38,45.851154
1558500.0,1243197.5,315302.5,315302.5,20.231152
1200000.0,1317736.5,-117736.5,117736.5,9.811376
1600000.0,1579513.2,20486.75,20486.75,1.2804219
1400000.0,1165582.9,234417.12,234417.12,16.74408
1200000.0,1326748.4,-126748.375,126748.375,10.562365
500000.0,1348635.8,-848635.75,848635.75,169.72714
600000.0,1150020.5,-550020.5,550020.5,91.67008
1350000.0,1387381.9,-37381.875,37381.875,2.769028
796000.0,1109438.2,-313438.25,313438.25,39.376663
1250000.0,1782357.6,-532357.6,532357.6,42.588608
1000000.0,1437856.0,-437856.0,437856.0,43.7856
1100000.0,1129229.8,-29229.75,29229.75,2.65725
788000.0,1416839.5,-628839.5,628839.5,79.80196
2880000.0,1215820.1,1664179.9,1664179.9,57.78402
600000.0,1224875.9,-624875.9,624875.9,104.14598
900000.0,1637093.6,-737093.6,737093.6,81.89929
1034000.0,1313508.1,-279508.12,279508.12,27.031734
700000.0,1279292.0,-579292.0,579292.0,82.756004
1036000.0,1320215.0,-284215.0,284215.0,27.433882
2088730.0,1423621.8,665108.25,665108.25,31.842712
600000.0,1316384.5,-716384.5,716384.5,119.397415
808000.0,1350471.2,-542471.25,542471.25,67.137535
700000.0,1335757.9,-635757.9,635757.9,90.822556
700000.0,1681009.6,-981009.6,981009.6,140.14423
450000.0,1657298.4,-1207298.4,1207298.4,268.2885
750000.0,1304393.4,-554393.4,554393.4,73.91912
3200000.0,1190771.6,2009228.4,2009228.4,62.788383
650000.0,1291442.6,-641442.6,641442.6,98.68348
700000.0,1388768.5,-688768.5,688768.5,98.3955
400000.0,1282443.0,-882443.0,882443.0,220.61076
1000000.0,1120013.5,-120013.5,120013.5,12.001349
1200000.0,1226042.2,-26042.25,26042.25,2.1701875
600000.0,1404132.0,-804132.0,804132.0,134.022
1900000.0,1387290.8,512709.25,512709.25,26.984697
890000.0,1125582.4,-235582.38,235582.38,26.46993
700000.0,1551469.6,-851469.6,851469.6,121.63851
1300000.0,1899295.9,-599295.9,599295.9,46.09968
1900000.0,1576782.9,323217.12,323217.12,17.011429
1400000.0,1262047.8,137952.25,137952.25,9.853732
1400000.0,1321331.2,78668.75,78668.75,5.6191964
818000.0,1356108.5,-538108.5,538108.5,65.78343
1190000.0,1108245.5,81754.5,81754.5,6.870126
900000.0,1310535.2,-410535.25,410535.25,45.615025
700000.0,1169478.4,-469478.38,469478.38,67.06834
830000.0,1248923.9,-418923.88,418923.88,50.472755
1030000.0,1243641.6,-213641.62,213641.62,20.741905
1020000.0,1162923.2,-142923.25,142923.25,14.012083
500000.0,1340599.5,-840599.5,840599.5,168.11989
700000.0,1298134.1,-598134.1,598134.1,85.44773
1000000.0,1363336.0,-363336.0,363336.0,36.3336
6300000.0,1818090.8,4481909.0,4481909.0,71.14141
630000.0,1290939.4,-660939.4,660939.4,104.91102
900000.0,1282876.9,-382876.88,382876.88,42.541878
1220700.0,1905052.6,-684352.6,684352.6,56.06231
500000.0,1679605.4,-1179605.4,1179605.4,235.92107
1000000.0,1357246.1,-357246.12,357246.12,35.724613
1020000.0,1337329.6,-317329.62,317329.62,31.110748
600000.0,1263804.6,-663804.6,663804.6,110.6341
965000.0,1320106.0,-355106.0,355106.0,36.79855
882000.0,1346763.9,-464763.88,464763.88,52.694313
1116000.0,1321353.5,-205353.5,205353.5,18.40085
1150000.0,1252385.8,-102385.75,102385.75,8.903109
750000.0,1480614.0,-730614.0,730614.0,97.4152
1408600.0,1233439.0,175161.0,175161.0,12.435113
1440000.0,1540872.0,-100872.0,100872.0,7.005
650000.0,1356248.2,-706248.25,706248.25,108.65358
450000.0,1148197.0,-698197.0,698197.0,155.15488
1700000.0,1788150.6,-88150.625,88150.625,5.185331
950000.0,1584736.8,-634736.75,634736.75,66.81439
859200.0,1230793.9,-371593.88,371593.88,43.24882
975000.0,1224946.9,-249946.88,249946.88,25.635576
1530000.0,1305860.8,224139.25,224139.25,14.649624
656400.0,1146618.6,-490218.62,490218.62,74.68291
1170000.0,1229633.8,-59633.75,59633.75,5.0969014
600000.0,1772947.4,-1172947.4,1172947.4,195.49123
1600000.0,1533375.9,66624.125,66624.125,4.1640077
5000000.0,1682062.1,3317938.0,3317938.0,66.358765
900000.0,1118789.8,-218789.75,218789.75,24.309973
498500.0,1639414.2,-1140914.2,1140914.2,228.86946
785000.0,1191605.9,-406605.88,406605.88,51.796925
710000.0,2010885.1,-1300885.1,1300885.1,183.22327
2500000.0,1441788.6,1058211.4,1058211.4,42.328457
364000.0,1329799.2,-965799.25,965799.25,265.32947
904000.0,1345182.1,-441182.12,441182.12,48.803333
740000.0,1311932.2,-571932.25,571932.25,77.28815
1000000.0,1542406.5,-542406.5,542406.5,54.24065
1535200.0,1355268.6,179931.38,179931.38,11.7203865
480000.0,1515850.5,-1035850.5,1035850.5,215.80219
600000.0,1317101.4,-717101.4,717101.4,119.5169
1000000.0,1825200.1,-825200.1,825200.1,82.52001
950000.0,1517487.9,-567487.9,567487.9,59.735565
1470000.0,1547347.0,-77347.0,77347.0,5.2617006
1800000.0,1132390.8,667609.25,667609.25,37.0894
960000.0,1164749.9,-204749.88,204749.88,21.328112
1200000.0,1152691.2,47308.75,47308.75,3.9423957
1530000.0,1156794.2,373205.75,373205.75,24.392532
1440000.0,1286055.8,153944.25,153944.25,10.690573
700000.0,1389268.1,-689268.1,689268.1,98.46687
1650000.0,1341203.0,308797.0,308797.0,18.71497
684000.0,1346812.8,-662812.75,662812.75,96.90245
2475000.0,1172357.6,1302642.4,1302642.4,52.632015
800000.0,1287674.8,-487674.75,487674.75,60.959347
1150000.0,1299855.4,-149855.38,149855.38,13.030902
2400000.0,1431748.2,968251.75,968251.75,40.343822
650000.0,1507669.1,-857669.1,857669.1,131.9491
800000.0,1416016.2,-616016.25,616016.25,77.00203
650000.0,1232221.1,-582221.1,582221.1,89.57249
625000.0,1031650.25,-406650.25,406650.25,65.06404
1700000.0,1134070.4,565929.6,565929.6,33.289978
756000.0,1567177.1,-811177.1,811177.1,107.29857
970000.0,1723061.0,-753061.0,753061.0,77.635155
1600000.0,1327697.5,272302.5,272302.5,17.018908
600000.0,2044017.8,-1444017.8,1444017.8,240.66963
800000.0,1245672.1,-445672.12,445672.12,55.709015
1200000.0,1480091.9,-280091.88,280091.88,23.34099
1500000.0,1357753.6,142246.38,142246.38,9.483091
920000.0,1675092.6,-755092.6,755092.6,82.07529
2620001.0,1181394.4,1438606.6,1438606.6,54.908627
870000.0,1712429.8,-842429.75,842429.75,96.83101
904800.0,1273004.4,-368204.38,368204.38,40.694557
645500.0,1170044.6,-524544.6,524544.6,81.26176
600000.0,1391481.6,-791481.6,791481.6,131.9136
738000.0,1416314.6,-678314.6,678314.6,91.91255
1198000.0,1603460.5,-405460.5,405460.5,33.844784
854000.0,1321911.1,-467911.12,467911.12,54.79053
800000.0,1430372.1,-630372.1,630372.1,78.79652
970800.0,1267186.9,-296386.88,296386.88,30.53017
950000.0,1442686.5,-492686.5,492686.5,51.86174
120000.0,1321213.6,-1201213.6,1201213.6,1001.01135
800000.0,1856933.2,-1056933.2,1056933.2,132.11665
460000.0,1854512.4,-1394512.4,1394512.4,303.15488
938000.0,1296950.0,-358950.0,358950.0,38.267593
700000.0,1116554.2,-416554.25,416554.25,59.50775
606000.0,1232703.8,-626703.75,626703.75,103.41646
960000.0,1524277.2,-564277.25,564277.25,58.77888
580000.0,1293893.4,-713893.4,713893.4,123.08507
670000.0,1272408.6,-602408.6,602408.6,89.911736
850000.0,1532122.2,-682122.25,682122.25,80.24968
1280000.0,1293146.1,-13146.125,13146.125,1.0270411
486500.0,1334825.0,-848325.0,848325.0,174.37308
560000.0,1556082.0,-996082.0,996082.0,177.87178
900000.0,1509884.5,-609884.5,609884.5,67.764946
850000.0,1327947.4,-477947.38,477947.38,56.229103
810000.0,1450530.5,-640530.5,640530.5,79.07784
1620000.0,1602578.2,17421.75,17421.75,1.0754167
1000000.0,1286074.2,-286074.25,286074.25,28.607426
717500.0,1581781.8,-864281.75,864281.75,120.45739
990000.0,1161739.8,-171739.75,171739.75,17.347448
500000.0,1181394.4,-681394.4,681394.4,136.27888
803682.0,1198509.9,-394827.88,394827.88,49.127377
900000.0,1626012.8,-726012.75,726012.75,80.66808
900000.0,1625003.4,-725003.4,725003.4,80.55593
1125000.0,1410111.4,-285111.38,285111.38,25.343233
650000.0,1347614.0,-697614.0,697614.0,107.32523
1000000.0,1130739.1,-130739.125,130739.125,13.073913
1850000.0,1221974.2,628025.75,628025.75,33.94734
1097600.0,1327235.5,-229635.5,229635.5,20.921602
800000.0,1144156.1,-344156.12,344156.12,43.019516
900000.0,1378117.8,-478117.75,478117.75,53.124195
2280000.0,1407225.8,872774.25,872774.25,38.27957
1000000.0,1308752.5,-308752.5,308752.5,30.87525
1000000.0,1258646.6,-258646.62,258646.62,25.864664
900000.0,1340121.5,-440121.5,440121.5,48.90239
1150000.0,1418743.0,-268743.0,268743.0,23.368956
950000.0,1299611.5,-349611.5,349611.5,36.80121
458950.0,1425491.8,-966541.75,966541.75,210.5985
700000.0,1343092.8,-643092.75,643092.75,91.87039
1200000.0,1390558.4,-190558.38,190558.38,15.879865
1110000.0,1353192.8,-243192.75,243192.75,21.909256
550000.0,1359328.8,-809328.75,809328.75,147.15068
850000.0,1407304.2,-557304.25,557304.25,65.5652
1378000.0,1163460.9,214539.12,214539.12,15.568876
500000.0,1627942.9,-1127942.9,1127942.9,225.58858
1920000.0,1732226.5,187773.5,187773.5,9.77987
1925000.0,1167816.5,757183.5,757183.5,39.33421
1500000.0,1294528.2,205471.75,205471.75,13.698116
583500.0,1269438.9,-685938.9,685938.9,117.55593
1250000.0,1336869.9,-86869.875,86869.875,6.94959
1800000.0,1767494.9,32505.125,32505.125,1.8058403
1200000.0,1314285.9,-114285.875,114285.875,9.523823
736251.0,1163514.0,-427263.0,427263.0,58.032246
688000.0,1306336.5,-618336.5,618336.5,89.8745
1015000.0,1152541.4,-137541.38,137541.38,13.550875
1087571.0,1155105.4,-67534.375,67534.375,6.209652
835000.0,1498803.2,-663803.25,663803.25,79.4974
1352000.0,1225444.4,126555.625,126555.625,9.360623
1400000.0,1127044.6,272955.38,272955.38,19.496813
1050000.0,1525739.5,-475739.5,475739.5,45.308525
1344000.0,1449903.5,-105903.5,105903.5,7.8797245
850000.0,1227146.6,-377146.62,377146.62,44.370193
720000.0,1396768.0,-676768.0,676768.0,93.99555
1000000.0,1337447.1,-337447.12,337447.12,33.744713
1400000.0,1321506.6,78493.375,78493.375,5.6066694
1000000.0,1373816.5,-373816.5,373816.5,37.38165
1348000.0,1326075.0,21925.0,21925.0,1.6264837
1350000.0,1452842.6,-102842.625,102842.625,7.617972
800000.0,1571686.0,-771686.0,771686.0,96.46075
850000.0,1306355.0,-456355.0,456355.0,53.688824
485400.0,1269078.0,-783678.0,783678.0,161.44994
945000.0,1127008.1,-182008.12,182008.12,19.260118
650000.0,1346807.9,-696807.9,696807.9,107.20121
530000.0,1598354.8,-1068354.8,1068354.8,201.57637
700000.0,1293693.8,-593693.75,593693.75,84.81339
1000000.0,1555482.8,-555482.75,555482.75,55.548275
918250.0,1638590.4,-720340.4,720340.4,78.44708
1221000.0,1404318.0,-183318.0,183318.0,15.013759
800000.0,2107912.5,-1307912.5,1307912.5,163.48907
1320000.0,1324073.9,-4073.875,4073.875,0.3086269
900000.0,1139719.1,-239719.12,239719.12,26.63546
750500.0,1153923.4,-403423.38,403423.38,53.75395
1430000.0,1743346.8,-313346.75,313346.75,21.912361
1200000.0,1319213.5,-119213.5,119213.5,9.934458
772000.0,1318710.1,-546710.1,546710.1,70.817375
2008000.0,2086594.2,-78594.25,78594.25,3.9140563
142500.0,1826026.9,-1683526.9,1683526.9,1181.4224
1160000.0,1293246.9,-133246.88,133246.88,11.486799
1340800.0,1275331.9,65468.125,65468.125,4.882766
950000.0,1210863.1,-260863.12,260863.12,27.459276
1650000.0,1192244.9,457755.12,457755.12,27.742735
1400000.0,1257788.0,142212.0,142212.0,10.158
600000.0,1979288.1,-1379288.1,1379288.1,229.88136
1520000.0,1324947.4,195052.62,195052.62,12.832409
965000.0,1320106.0,-355106.0,355106.0,36.79855
1920000.0,1644698.2,275301.75,275301.75,14.338634
700000.0,1181394.4,-481394.38,481394.38,68.77062
750000.0,1520536.8,-770536.75,770536.75,102.738235
1130000.0,1610057.6,-480057.62,480057.62,42.482975
640000.0,1322365.6,-682365.6,682365.6,106.61963
1040000.0,1327498.0,-287498.0,287498.0,27.64404
650000.0,1169581.6,-519581.62,519581.62,79.93563
750000.0,1044242.9,-294242.88,294242.88,39.232384
1200000.0,1181486.0,18514.0,18514.0,1.5428333
900000.0,1567636.6,-667636.6,667636.6,74.18185
568000.0,1409465.5,-841465.5,841465.5,148.14532
1890000.0,1442216.1,447783.88,447783.88,23.692268
900000.0,1410803.4,-510803.38,510803.38,56.75593
830000.0,1155735.4,-325735.38,325735.38,39.245228
850000.0,1295508.6,-445508.62,445508.62,52.412777
700000.0,1118022.0,-418022.0,418022.0,59.71743
1500000.0,1342488.4,157511.62,157511.62,10.500775
1675000.0,1185391.6,489608.38,489608.38,29.23035
1000000.0,1429297.1,-429297.12,429297.12,42.92971
600000.0,1126401.8,-526401.75,526401.75,87.73363
1710000.0,1137273.9,572726.1,572726.1,33.492756
800000.0,1321185.5,-521185.5,521185.5,65.148186
600000.0,1429474.9,-829474.9,829474.9,138.2458
675000.0,1194676.8,-519676.75,519676.75,76.98915
2400000.0,1344681.0,1055319.0,1055319.0,43.971626
4834000.0,1434417.4,3399582.5,3399582.5,70.32649
420000.0,1188479.2,-768479.25,768479.25,182.97125
1300000.0,1201646.9,98353.125,98353.125,7.565625
1650000.0,1573923.9,76076.125,76076.125,4.610674
900000.0,1346488.5,-446488.5,446488.5,49.609833
1300000.0,1318906.0,-18906.0,18906.0,1.4543077
9000000.0,1858574.2,7141426.0,7141426.0,79.349174
500000.0,1400273.0,-900273.0,900273.0,180.05461
705000.0,1319785.4,-614785.4,614785.4,87.2036
500000.0,1623498.4,-1123498.4,1123498.4,224.69966
800000.0,1281248.0,-481248.0,481248.0,60.156
1200000.0,1211786.0,-11786.0,11786.0,0.98216665
500000.0,1127034.1,-627034.1,627034.1,125.40682
1300000.0,1347896.8,-47896.75,47896.75,3.6843653
1453000.0,1319266.4,133733.62,133733.62,9.203966
900000.0,1346892.2,-446892.25,446892.25,49.654694
859280.0,1124009.5,-264729.5,264729.5,30.808294
790000.0,1594796.1,-804796.1,804796.1,101.87293
745000.0,1351122.9,-606122.9,606122.9,81.35877
3222000.0,1483215.8,1738784.2,1738784.2,53.965992
1000000.0,1471028.2,-471028.25,471028.25,47.102825
825000.0,2076291.4,-1251291.4,1251291.4,151.67168
936000.0,1232329.6,-296329.62,296329.62,31.659147
804000.0,1373616.2,-569616.25,569616.25,70.84779
850000.0,1186970.9,-336970.88,336970.88,39.643635
890000.0,1123054.6,-233054.62,233054.62,26.185911
940000.0,1224917.8,-284917.75,284917.75,30.310398
640000.0,1279643.9,-639643.9,639643.9,99.94435
700000.0,1288448.2,-588448.25,588448.25,84.06403
875000.0,1303502.5,-428502.5,428502.5,48.971714
935000.0,1167907.4,-232907.38,232907.38,24.90988
1000000.0,1391009.8,-391009.75,391009.75,39.100975
650000.0,1715437.0,-1065437.0,1065437.0,163.91338
605000.0,1380378.6,-775378.6,775378.6,128.16176
1100000.0,1604806.8,-504806.75,504806.75,45.891525
2200000.0,1265294.8,934705.25,934705.25,42.486603
890000.0,1314222.8,-424222.75,424222.75,47.665478
650000.0,1316846.0,-666846.0,666846.0,102.59169
890000.0,1232959.6,-342959.62,342959.62,38.53479
580500.0,1336467.4,-755967.4,755967.4,130.22693
800000.0,1299971.4,-499971.38,499971.38,62.49642
500000.0,1131736.9,-631736.9,631736.9,126.347374
1643000.0,1396285.0,246715.0,246715.0,15.0161295
1300000.0,1345331.0,-45331.0,45331.0,3.487
829200.0,1295379.9,-466179.88,466179.88,56.220436
600000.0,1781265.2,-1181265.2,1181265.2,196.87753
1218800.0,1492022.0,-273222.0,273222.0,22.417295
2280000.0,1822210.1,457789.88,457789.88,20.078503
760000.0,1358070.8,-598070.75,598070.75,78.69352
1621320.0,1389875.1,231444.88,231444.88,14.275089
1050000.0,1588047.6,-538047.6,538047.6,51.24263
680000.0,1810207.5,-1130207.5,1130207.5,166.20699
750000.0,1353446.4,-603446.4,603446.4,80.45952
1800000.0,1555409.5,244590.5,244590.5,13.588362
821000.0,1285507.0,-464507.0,464507.0,56.578194
1438000.0,1375930.5,62069.5,62069.5,4.3163767
700000.0,1159033.2,-459033.25,459033.25,65.57618
660000.0,1714245.8,-1054245.8,1054245.8,159.7342
780000.0,1142736.4,-362736.38,362736.38,46.504665
680000.0,1222751.4,-542751.4,542751.4,79.816376
1620000.0,1181394.4,438605.62,438605.62,27.07442
1320000.0,1159096.5,160903.5,160903.5,12.189659
875000.0,1233517.5,-358517.5,358517.5,40.973427
842743.0,1116682.6,-273939.62,273939.62,32.505714
1282000.0,1313628.2,-31628.25,31628.25,2.4671023
950000.0,1122190.0,-172190.0,172190.0,18.125263
500000.0,1342098.2,-842098.25,842098.25,168.41965
16300000.0,1906079.9,14393920.0,14393920.0,88.30626
650000.0,1378980.8,-728980.75,728980.75,112.15089
540000.0,1396968.1,-856968.1,856968.1,158.6978
1250000.0,1124767.5,125232.5,125232.5,10.0185995
520000.0,1379450.6,-859450.6,859450.6,165.27898
550000.0,1273732.2,-723732.25,723732.25,131.58768
500000.0,1548046.4,-1048046.4,1048046.4,209.60927
1125000.0,1400281.9,-275281.88,275281.88,24.4695
720000.0,1340915.9,-620915.9,620915.9,86.23832
850000.0,1127666.4,-277666.38,277666.38,32.666634
1400000.0,1122191.4,277808.62,277808.62,19.843473
600000.0,1488578.4,-888578.4,888578.4,148.09639
700000.0,1626477.0,-926477.0,926477.0,132.35385
600000.0,1465101.8,-865101.75,865101.75,144.18362
1100000.0,1301561.6,-201561.62,201561.62,18.323784
1150000.0,1273355.9,-123355.875,123355.875,10.726598
600000.0,1323890.9,-723890.9,723890.9,120.64848
1000000.0,1437920.8,-437920.75,437920.75,43.792076
850000.0,1318351.0,-468351.0,468351.0,55.10012
790000.0,1120426.2,-330426.25,330426.25,41.826107
750000.0,1269244.1,-519244.12,519244.12,69.232544
1200000.0,1289408.9,-89408.875,89408.875,7.4507394
800000.0,1834689.5,-1034689.5,1034689.5,129.3362
900000.0,1322939.6,-422939.62,422939.62,46.99329
900000.0,1451193.6,-551193.6,551193.6,61.243736
1500000.0,1832846.5,-332846.5,332846.5,22.189766
1000000.0,1303982.9,-303982.88,303982.88,30.398289
630000.0,1308496.0,-678496.0,678496.0,107.69777
720000.0,1309637.0,-589637.0,589637.0,81.89403
600000.0,1201734.1,-601734.1,601734.1,100.289024
850000.0,1279544.6,-429544.62,429544.62,50.53466
1776000.0,1306598.2,469401.75,469401.75,26.430279
750000.0,1325604.6,-575604.6,575604.6,76.747284
970000.0,1170950.2,-200950.25,200950.25,20.71652
1200000.0,1208210.9,-8210.875,8210.875,0.68423957
1050000.0,1325239.1,-275239.12,275239.12,26.21325
1200000.0,1427445.6,-227445.62,227445.62,18.953802
1916000.0,1183001.5,732998.5,732998.5,38.256706
882000.0,1346459.0,-464459.0,464459.0,52.65975
1397500.0,1657291.4,-259791.38,259791.38,18.589724
1120000.0,1567106.4,-447106.38,447106.38,39.92021
620000.0,1290939.4,-670939.4,670939.4,108.21603
2250000.0,1392513.0,857487.0,857487.0,38.110535
750000.0,1221156.0,-471156.0,471156.0,62.820797
700000.0,1614630.2,-914630.25,914630.25,130.66147
1147500.0,1497088.1,-349588.12,349588.12,30.465199
1450000.0,1213822.2,236177.75,236177.75,16.28812
950000.0,1144815.0,-194815.0,194815.0,20.506842
1460000.0,1425472.4,34527.625,34527.625,2.3649058
1600000.0,1310237.2,289762.75,289762.75,18.110172
811500.0,1722661.8,-911161.75,911161.75,112.28118
930000.0,1290748.6,-360748.62,360748.62,38.790176
588000.0,1561477.2,-973477.25,973477.25,165.55736
900000.0,1568590.5,-668590.5,668590.5,74.287834
1060000.0,1289233.9,-229233.88,229233.88,21.625837
960000.0,1110261.4,-150261.38,150261.38,15.6522255
2760000.0,1260251.6,1499748.4,1499748.4,54.33871
950000.0,1430948.8,-480948.75,480948.75,50.626183
690000.0,1146556.8,-456556.75,456556.75,66.16765
1300000.0,1296950.0,3050.0,3050.0,0.23461539
1430000.0,1603881.2,-173881.25,173881.25,12.159528
1080000.0,1246125.4,-166125.38,166125.38,15.381978
910000.0,1228783.8,-318783.75,318783.75,35.03118
530000.0,1272868.4,-742868.4,742868.4,140.16383
5000000.0,1520159.5,3479840.5,3479840.5,69.59681
680000.0,1126479.5,-446479.5,446479.5,65.658745
930000.0,1877640.8,-947640.75,947640.75,101.89686
1350000.0,1503247.9,-153247.88,153247.88,11.351694
800000.0,1280155.4,-480155.38,480155.38,60.01942
2275000.0,1251014.8,1023985.25,1023985.25,45.01034
950000.0,1265688.6,-315688.62,315688.62,33.23038
2137500.0,1329504.5,807995.5,807995.5,37.80096
900000.0,1412478.5,-512478.5,512478.5,56.94206
784000.0,1219027.8,-435027.75,435027.75,55.488235
1710000.0,1525756.9,184243.12,184243.12,10.774451
2161000.0,1334265.6,826734.4,826734.4,38.257027
5280000.0,1312539.1,3967461.0,3967461.0,75.141304
600000.0,1347544.6,-747544.6,747544.6,124.59077
950000.0,1128603.8,-178603.75,178603.75,18.800394
1500000.0,1356559.9,143440.12,143440.12,9.5626745
650000.0,1283280.8,-633280.75,633280.75,97.42781
640000.0,1327324.6,-687324.6,687324.6,107.39447
700000.0,1249935.9,-549935.9,549935.9,78.56226
1700000.0,1309938.1,390061.88,390061.88,22.944815
980000.0,1409823.4,-429823.38,429823.38,43.859528
980000.0,1340335.2,-360335.25,360335.25,36.768906
710000.0,1331808.1,-621808.1,621808.1,87.578606
1350000.0,1326272.4,23727.625,23727.625,1.7576019
1500000.0,1223132.1,276867.88,276867.88,18.457859
1345000.0,1154904.2,190095.75,190095.75,14.1335125
750000.0,1301464.1,-551464.1,551464.1,73.52855
898000.0,1254008.6,-356008.62,356008.62,39.644615
900000.0,1675427.4,-775427.4,775427.4,86.1586
588000.0,1306505.1,-718505.1,718505.1,122.194756
950000.0,1582673.1,-632673.1,632673.1,66.59717
542000.0,1338935.1,-796935.1,796935.1,147.03601
690000.0,1262846.6,-572846.6,572846.6,83.02125
1885000.0,1722469.4,162530.62,162530.62,8.622314
600000.0,1428625.8,-828625.75,828625.75,138.1043
780000.0,1801855.5,-1021855.5,1021855.5,131.00711
2400000.0,1342372.8,1057627.2,1057627.2,44.067802
1450000.0,1319223.5,130776.5,130776.5,9.019069
650000.0,1279820.5,-629820.5,629820.5,96.89546
1008000.0,1152828.6,-144828.62,144828.62,14.367919
1300000.0,1294424.2,5575.75,5575.75,0.42890385
600000.0,1181394.4,-581394.4,581394.4,96.89906
959000.0,1301898.8,-342898.75,342898.75,35.755867
860000.0,1261021.1,-401021.12,401021.12,46.630363
1350000.0,1879503.1,-529503.1,529503.1,39.222454
700000.0,1496516.4,-796516.4,796516.4,113.788055
950000.0,1335399.0,-385399.0,385399.0,40.568317
570000.0,1910068.8,-1340068.8,1340068.8,235.0998
900000.0,1732331.5,-832331.5,832331.5,92.48128
1000000.0,1265332.0,-265332.0,265332.0,26.533201
950000.0,1305393.5,-355393.5,355393.5,37.409843
622500.0,1473822.8,-851322.75,851322.75,136.75867
15105000.0,2122784.0,12982216.0,12982216.0,85.94648
1265000.0,1569705.5,-304705.5,304705.5,24.08739
950000.0,1454702.2,-504702.25,504702.25,53.12655
400000.0,1131059.1,-731059.1,731059.1,182.76479
5000000.0,1796958.4,3203041.5,3203041.5,64.06083
1270000.0,1126279.0,143721.0,143721.0,11.316614
700000.0,1191879.6,-491879.62,491879.62,70.26852
3295000.0,1297906.1,1997093.9,1997093.9,60.60983
850000.0,1153115.6,-303115.62,303115.62,35.660664
1428000.0,1128266.1,299733.88,299733.88,20.989767
900800.0,1695418.5,-794618.5,794618.5,88.21253
714850.0,1190122.8,-475272.75,475272.75,66.485664
900000.0,1155552.8,-255552.75,255552.75,28.39475
750000.0,1312754.9,-562754.9,562754.9,75.03398
760000.0,1225214.1,-465214.12,465214.12,61.212383
850000.0,1301605.6,-451605.62,451605.62,53.130074
550000.0,1309149.1,-759149.1,759149.1,138.02711
10844000.0,1764800.4,9079200.0,9079200.0,83.72556
800000.0,1282660.5,-482660.5,482660.5,60.33256
800000.0,1442950.6,-642950.6,642950.6,80.36883
800000.0,1388270.9,-588270.9,588270.9,73.53386
900000.0,1140527.9,-240527.88,240527.88,26.725319
900000.0,1314666.6,-414666.62,414666.62,46.07407
1350000.0,1306093.9,43906.125,43906.125,3.2523055
1530000.0,1367667.6,162332.38,162332.38,10.609959
1900000.0,1237331.5,662668.5,662668.5,34.87729
2040000.0,1261082.9,778917.1,778917.1,38.182213
1600000.0,1291241.8,308758.25,308758.25,19.297392
700000.0,1154507.9,-454507.88,454507.88,64.929695
900000.0,1345371.4,-445371.38,445371.38,49.485706
765600.0,1169284.6,-403684.62,403684.62,52.72788
1050000.0,1448232.5,-398232.5,398232.5,37.926903
900000.0,1286119.4,-386119.38,386119.38,42.902153
500000.0,1107263.1,-607263.1,607263.1,121.45263
800000.0,1152844.8,-352844.75,352844.75,44.10559
2400000.0,1204156.8,1195843.2,1195843.2,49.8268
1008000.0,1324492.1,-316492.12,316492.12,31.398027
2000000.0,1631755.6,368244.38,368244.38,18.412218
558800.0,1517191.5,-958391.5,958391.5,171.50887
850000.0,1259343.1,-409343.12,409343.12,48.158012
780000.0,1329113.2,-549113.25,549113.25,70.39913
1000000.0,1358996.0,-358996.0,358996.0,35.8996
960000.0,1122791.1,-162791.12,162791.12,16.957409
1300000.0,1181394.4,118605.625,118605.625,9.123509
2388000.0,1133852.1,1254147.9,1254147.9,52.518757
1000000.0,1126128.5,-126128.5,126128.5,12.612849
1500000.0,1294939.5,205060.5,205060.5,13.670699
1600000.0,1161266.1,438733.88,438733.88,27.420866
600000.0,1781265.2,-1181265.2,1181265.2,196.87753
800000.0,1613177.6,-813177.6,813177.6,101.6472
624000.0,1261720.5,-637720.5,637720.5,102.19881
1530000.0,1309643.6,220356.38,220356.38,14.402378
1200000.0,1287741.2,-87741.25,87741.25,7.311771
720000.0,1285246.5,-565246.5,565246.5,78.506454
750000.0,1282401.1,-532401.1,532401.1,70.98682
1050000.0,1563292.1,-513292.12,513292.12,48.884964
1100000.0,1412164.2,-312164.25,312164.25,28.378567
840000.0,1204032.1,-364032.12,364032.12,43.33716
950000.0,1288298.8,-338298.75,338298.75,35.610397
693000.0,1155906.5,-462906.5,462906.5,66.79748
1400000.0,1455176.6,-55176.625,55176.625,3.9411876
650000.0,1328178.4,-678178.4,678178.4,104.33513
600000.0,1783558.8,-1183558.8,1183558.8,197.2598
650000.0,1261692.5,-611692.5,611692.5,94.10654
500000.0,1181394.4,-681394.4,681394.4,136.27888
1300000.0,1431881.6,-131881.62,131881.62,10.14474
1000000.0,1620733.4,-620733.4,620733.4,62.073338
800000.0,1924011.5,-1124011.5,1124011.5,140.50143
620000.0,1332034.0,-712034.0,712034.0,114.84419
1800000.0,1693964.8,106035.25,106035.25,5.890847
1350000.0,1333733.1,16266.875,16266.875,1.2049537
725000.0,1858907.6,-1133907.6,1133907.6,156.40105
800000.0,1314133.5,-514133.5,514133.5,64.266685
1250000.0,1242078.8,7921.25,7921.25,0.6337
1280000.0,1313507.6,-33507.625,33507.625,2.6177833
1008000.0,1292990.2,-284990.25,284990.25,28.272842
7500000.0,1668359.4,5831640.5,5831640.5,77.7552
800000.0,1280155.4,-480155.38,480155.38,60.01942
800000.0,1341648.1,-541648.1,541648.1,67.70601
1056000.0,1393392.0,-337392.0,337392.0,31.95
1000000.0,1450774.0,-450774.0,450774.0,45.0774
1020000.0,1117583.6,-97583.625,97583.625,9.567022
400000.0,1293981.4,-893981.4,893981.4,223.49535
800000.0,1236097.8,-436097.75,436097.75,54.512222
900000.0,1161355.5,-261355.5,261355.5,29.0395
792000.0,1434961.0,-642961.0,642961.0,81.181946
920000.0,1128780.8,-208780.75,208780.75,22.69356
900000.0,1322534.6,-422534.62,422534.62,46.94829
850000.0,1387855.0,-537855.0,537855.0,63.27706
1650000.0,1260029.9,389970.12,389970.12,23.634552
650000.0,1444634.1,-794634.1,794634.1,122.2514
851200.0,1246992.2,-395792.25,395792.25,46.49815
700000.0,1437530.5,-737530.5,737530.5,105.361496
1401680.0,1196306.8,205373.25,205373.25,14.651935
780000.0,1278389.2,-498389.25,498389.25,63.89606
3000000.0,1297437.2,1702562.8,1702562.8,56.75209
1080000.0,1326401.6,-246401.62,246401.62,22.814964
550000.0,1828604.2,-1278604.2,1278604.2,232.4735
5000000.0,1463341.9,3536658.0,3536658.0,70.73316
65000000.0,2911134.8,62088864.0,62088864.0,95.52133
1020000.0,1117480.6,-97480.625,97480.625,9.556924
700000.0,1627623.1,-927623.1,927623.1,132.5176
700000.0,1264774.2,-564774.25,564774.25,80.68203
1060000.0,1122938.5,-62938.5,62938.5,5.9375944
1380000.0,1309208.0,70792.0,70792.0,5.129855
2000000.0,1363557.5,636442.5,636442.5,31.822124
1020000.0,1184075.6,-164075.62,164075.62,16.085846
4950000.0,1228806.6,3721193.5,3721193.5,75.17563
2000000.0,1432520.8,567479.25,567479.25,28.373962
1000000.0,1307336.4,-307336.38,307336.38,30.733637
2660000.0,1181394.4,1478605.6,1478605.6,55.586678
1812000.0,1157855.6,654144.4,654144.4,36.10068
650000.0,1308264.0,-658264.0,658264.0,101.27138
1400000.0,1971823.2,-571823.25,571823.25,40.844517
1720000.0,1363061.6,356938.38,356938.38,20.752232
500000.0,1322769.1,-822769.1,822769.1,164.55382
800000.0,1192531.1,-392531.12,392531.12,49.06639
806000.0,1426609.6,-620609.6,620609.6,76.99871
610000.0,1401521.6,-791521.6,791521.6,129.75764
700000.0,1719216.4,-1019216.4,1019216.4,145.60234
1030000.0,1217126.2,-187126.25,187126.25,18.167597
1587200.0,1222226.8,364973.25,364973.25,22.994787
1100000.0,1341274.2,-241274.25,241274.25,21.934023
1520000.0,1233762.6,286237.38,286237.38,18.831406
1500000.0,4195892.5,-2695892.5,2695892.5,179.72617
700000.0,1194519.9,-494519.88,494519.88,70.6457
500000.0,1732308.1,-1232308.1,1232308.1,246.46162
950000.0,1287309.4,-337309.38,337309.38,35.506252
700000.0,1287741.2,-587741.25,587741.25,83.963036
800000.0,1309581.5,-509581.5,509581.5,63.69769
694900.0,1229716.2,-534816.25,534816.25,76.96306
612000.0,1421535.8,-809535.75,809535.75,132.27708
600000.0,984200.7,-384200.7,384200.7,64.03345
1279500.0,1626733.9,-347233.88,347233.88,27.138248
700000.0,1244572.1,-544572.1,544572.1,77.79602
1050000.0,1513275.9,-463275.88,463275.88,44.121513
624500.0,1425664.9,-801164.9,801164.9,128.289
650000.0,1726027.9,-1076027.9,1076027.9,165.54274
700000.0,1884238.1,-1184238.1,1184238.1,169.17688
889200.0,1553792.1,-664592.1,664592.1,74.740456
1200000.0,1528330.6,-328330.62,328330.62,27.360886
705000.0,1276344.6,-571344.6,571344.6,81.04179
900000.0,1319607.2,-419607.25,419607.25,46.623028
720000.0,1435811.6,-715811.6,715811.6,99.41828
1620000.0,1258465.4,361534.62,361534.62,22.316952
550000.0,1294554.6,-744554.6,744554.6,135.37357
1500000.0,1273065.1,226934.88,226934.88,15.128991
1280000.0,1812172.1,-532172.1,532172.1,41.575947
950000.0,1372442.1,-422442.12,422442.12,44.46759
1000000.0,1401276.2,-401276.25,401276.25,40.127625
1291500.0,1514507.5,-223007.5,223007.5,17.267326
800000.0,1653480.9,-853480.9,853480.9,106.68511
1110000.0,1288908.5,-178908.5,178908.5,16.117882
900000.0,1338147.8,-438147.75,438147.75,48.683083
880000.0,1232121.4,-352121.38,352121.38,40.013794
700000.0,1239352.1,-539352.1,539352.1,77.05031
1000000.0,1308445.1,-308445.12,308445.12,30.844513
1160000.0,1510373.2,-350373.25,350373.25,30.204592
600000.0,1257377.1,-657377.1,657377.1,109.56285
818969.0,1302301.1,-483332.12,483332.12,59.017147
600000.0,1376084.9,-776084.9,776084.9,129.34747
860000.0,1412032.6,-552032.6,552032.6,64.18984
1400000.0,1263685.6,136314.38,136314.38,9.736741
1000000.0,1290164.1,-290164.12,290164.12,29.01641
800000.0,1389990.8,-589990.75,589990.75,73.74885
750000.0,1286206.2,-536206.25,536206.25,71.49417
750000.0,1683815.2,-933815.25,933815.25,124.508705
1400000.0,1150125.6,249874.38,249874.38,17.84817
956000.0,1565181.9,-609181.9,609181.9,63.721954
600000.0,1153227.4,-553227.4,553227.4,92.20457
900000.0,1597890.4,-697890.4,697890.4,77.54338
1400000.0,1419725.2,-19725.25,19725.25,1.4089464
1067000.0,1303945.9,-236945.88,236945.88,22.206736
935000.0,1324833.5,-389833.5,389833.5,41.69342
2000000.0,1330386.5,669613.5,669613.5,33.480675
1000000.0,1630230.8,-630230.75,630230.75,63.02307
730000.0,1330394.0,-600394.0,600394.0,82.24576
1400000.0,1279019.0,120981.0,120981.0,8.6415
600000.0,1260295.1,-660295.1,660295.1,110.04919
580500.0,1475875.5,-895375.5,895375.5,154.24213
650000.0,1355234.9,-705234.9,705234.9,108.497665
804000.0,1924120.1,-1120120.1,1120120.1,139.31842
2280000.0,1310859.9,969140.1,969140.1,42.506145
800000.0,1204630.9,-404630.88,404630.88,50.578857
1480000.0,1422994.0,57006.0,57006.0,3.8517568
1080000.0,1308990.6,-228990.62,228990.62,21.202835
600000.0,1150520.6,-550520.6,550520.6,91.75343
841000.0,1292848.4,-451848.38,451848.38,53.727512
1030000.0,1626860.1,-596860.1,596860.1,57.947582
712000.0,1292632.0,-580632.0,580632.0,81.54944
1250000.0,1303166.4,-53166.375,53166.375,4.25331
2160000.0,1211108.6,948891.4,948891.4,43.930157
850000.0,1304758.4,-454758.38,454758.38,53.500984
3250000.0,1333593.2,1916406.8,1916406.8,58.966362
750000.0,1324810.0,-574810.0,574810.0,76.641335
850000.0,1181394.4,-331394.38,331394.38,38.987576
1600000.0,1104346.9,495653.12,495653.12,30.97832
600000.0,1344017.8,-744017.75,744017.75,124.00296
1000000.0,1198591.2,-198591.25,198591.25,19.859125
800000.0,1378977.8,-578977.75,578977.75,72.372215
1100000.0,1294614.8,-194614.75,194614.75,17.69225
1008000.0,1270170.8,-262170.75,262170.75,26.009003
750000.0,1758728.4,-1008728.4,1008728.4,134.49712
927500.0,1281388.1,-353888.12,353888.12,38.155056
800000.0,1321039.9,-521039.88,521039.88,65.12998
1100000.0,1202041.1,-102041.125,102041.125,9.276466
1440000.0,1473366.4,-33366.375,33366.375,2.3171093
900000.0,1330417.1,-430417.12,430417.12,47.824127
570000.0,1240664.4,-670664.4,670664.4,117.660416
2400000.0,1508113.1,891886.9,891886.9,37.161953
720400.0,1828859.9,-1108459.9,1108459.9,153.86728
1160000.0,1388979.2,-228979.25,228979.25,19.73959
700000.0,1794936.1,-1094936.1,1094936.1,156.41945
1770000.0,1289322.2,480677.75,480677.75,27.156935
765000.0,1520658.4,-755658.4,755658.4,98.77888
1400000.0,1123020.1,276979.88,276979.88,19.784277
1200000.0,1305292.1,-105292.125,105292.125,8.7743435
1600000.0,1453203.1,146796.88,146796.88,9.174805
1370500.0,1308931.4,61568.625,61568.625,4.4924207
2000000.0,1316486.0,683514.0,683514.0,34.1757
790000.0,1302962.2,-512962.25,512962.25,64.93193
800000.0,1223168.5,-423168.5,423168.5,52.896065
1080000.0,1409767.8,-329767.75,329767.75,30.53405
2250000.0,1134584.1,1115415.9,1115415.9,49.57404
600000.0,1128830.2,-528830.25,528830.25,88.138374
588000.0,1311343.4,-723343.4,723343.4,123.017586
1082000.0,1167581.8,-85581.75,85581.75,7.9095883
1000000.0,1309189.9,-309189.88,309189.88,30.91899
1100000.0,1305839.5,-205839.5,205839.5,18.71268
750000.0,1284758.8,-534758.75,534758.75,71.30117
560000.0,1441963.5,-881963.5,881963.5,157.49348
1200000.0,1958558.2,-758558.25,758558.25,63.21319
600000.0,1157804.2,-557804.25,557804.25,92.96738
2100000.0,1430724.0,669276.0,669276.0,31.870285
1150000.0,1145545.1,4454.875,4454.875,0.38738042
1200000.0,1214669.0,-14669.0,14669.0,1.2224166
717360.0,1411384.0,-694024.0,694024.0,96.74696
750000.0,1359618.9,-609618.9,609618.9,81.28252
1620000.0,1167862.0,452138.0,452138.0,27.909752
1680000.0,1342371.5,337628.5,337628.5,20.096933
670000.0,1346364.6,-676364.6,676364.6,100.94994
1500000.0,1750590.0,-250590.0,250590.0,16.706
2172000.0,1261298.9,910701.1,910701.1,41.92915
800000.0,1492708.5,-692708.5,692708.5,86.58856
1000000.0,1173313.4,-173313.38,173313.38,17.331337
1700000.0,1433162.9,266837.12,266837.12,15.696302
2000000.0,1189213.1,810786.9,810786.9,40.539345
1300000.0,1483832.6,-183832.62,183832.62,14.140971
920000.0,1168315.1,-248315.12,248315.12,26.990774
650000.0,1467121.2,-817121.25,817121.25,125.71097
500000.0,1565466.5,-1065466.5,1065466.5,213.0933
770000.0,1499058.4,-729058.4,729058.4,94.68291
1100000.0,1188921.0,-88921.0,88921.0,8.083727
2278000.0,1238946.8,1039053.25,1039053.25,45.612522
1100000.0,1320520.8,-220520.75,220520.75,20.04734
1260000.0,1381051.8,-121051.75,121051.75,9.607282
1200000.0,1124955.8,75044.25,75044.25,6.2536874
600000.0,1121930.9,-521930.88,521930.88,86.98848
1000000.0,1813948.4,-813948.4,813948.4,81.39484
700000.0,1330869.2,-630869.25,630869.25,90.124176
1000000.0,1427893.0,-427893.0,427893.0,42.789303
840000.0,1450919.2,-610919.25,610919.25,72.728485
900000.0,1605539.0,-705539.0,705539.0,78.39322
1800000.0,1446303.9,353696.12,353696.12,19.649784
1600000.0,1493122.1,106877.875,106877.875,6.6798673
2450000.0,1139881.4,1310118.6,1310118.6,53.474228
1000000.0,1821540.4,-821540.4,821540.4,82.15404
900000.0,1334367.8,-434367.75,434367.75,48.26308
640000.0,1231069.9,-591069.9,591069.9,92.35467
900000.0,1727823.0,-827823.0,827823.0,91.98033
800000.0,1236383.6,-436383.62,436383.62,54.547955
688000.0,1306505.1,-618505.1,618505.1,89.899
800000.0,1304337.5,-504337.5,504337.5,63.042187
1128000.0,1181394.4,-53394.375,53394.375,4.733544
1224000.0,1281569.8,-57569.75,57569.75,4.703411
3000000.0,1261845.0,1738155.0,1738155.0,57.9385
850000.0,1458731.2,-608731.25,608731.25,71.61544
1500000.0,1438836.6,61163.375,61163.375,4.077558
1700000.0,1309492.4,390507.62,390507.62,22.971037
1374625.0,1286843.6,87781.375,87781.375,6.385842
1000000.0,1261712.2,-261712.25,261712.25,26.171225
1558000.0,1407223.2,150776.75,150776.75,9.677584
1147500.0,1331653.6,-184153.62,184153.62,16.048246
680000.0,1300815.4,-620815.4,620815.4,91.29638
1400000.0,1120986.9,279013.12,279013.12,19.929508
690000.0,1160831.4,-470831.38,470831.38,68.23643
1320000.0,1351590.0,-31590.0,31590.0,2.3931818
960000.0,1786357.8,-826357.75,826357.75,86.07893
1200000.0,1341419.6,-141419.62,141419.62,11.784968
1768800.0,1392922.5,375877.5,375877.5,21.250423
1260000.0,1328424.6,-68424.625,68424.625,5.430526
1560000.0,1321157.8,238842.25,238842.25,15.310401
1000000.0,1199267.4,-199267.38,199267.38,19.926737
400000.0,1181394.4,-781394.4,781394.4,195.3486
650000.0,1043059.06,-393059.06,393059.06,60.470623
800000.0,1261707.4,-461707.38,461707.38,57.71342
900000.0,1664646.5,-764646.5,764646.5,84.960724
1200000.0,1181394.4,18605.625,18605.625,1.5504687
450000.0,1152953.1,-702953.1,702953.1,156.2118
650000.0,1144927.1,-494927.12,494927.12,76.14263
1200000.0,1118421.6,81578.375,81578.375,6.798198
1170000.0,1126128.5,43871.5,43871.5,3.749701
1318600.0,1317930.2,669.75,669.75,0.050792504
3465000.0,1361167.8,2103832.2,2103832.2,60.71666
1280000.0,1181394.4,98605.625,98605.625,7.703564
700000.0,1228857.6,-528857.6,528857.6,75.55109
900000.0,1249517.6,-349517.62,349517.62,38.835293
2856000.0,1175255.9,1680744.1,1680744.1,58.849586
2560000.0,1311408.4,1248591.6,1248591.6,48.77311
900000.0,1289542.6,-389542.62,389542.62,43.282516
905775.0,1414829.1,-509054.12,509054.12,56.200947
1000000.0,1118686.4,-118686.375,118686.375,11.868638
500000.0,1275063.6,-775063.6,775063.6,155.01273
500000.0,1271628.6,-771628.6,771628.6,154.32573
1656000.0,1285772.8,370227.25,370227.25,22.356718
695000.0,1321761.8,-626761.75,626761.75,90.18155
750000.0,1694024.9,-944024.9,944024.9,125.86998
1420000.0,1187383.9,232616.12,232616.12,16.381416
893500.0,1452047.5,-558547.5,558547.5,62.51231
788000.0,1339067.5,-551067.5,551067.5,69.93243
790000.0,1293670.8,-503670.75,503670.75,63.75579
675000.0,1276695.5,-601695.5,601695.5,89.140076
700000.0,1722810.0,-1022810.0,1022810.0,146.1157
936000.0,1380699.0,-444699.0,444699.0,47.510574
700000.0,1963624.4,-1263624.4,1263624.4,180.51776
558720.0,1408169.8,-849449.75,849449.75,152.03496
600000.0,1537889.2,-937889.25,937889.25,156.31488
1400000.0,1295836.2,104163.75,104163.75,7.4402676
950000.0,1353441.2,-403441.25,403441.25,42.4675
5870000.0,1843592.6,4026407.5,4026407.5,68.59297
800000.0,1622648.4,-822648.4,822648.4,102.83104
2300000.0,1471296.0,828704.0,828704.0,36.03061
2120000.0,1150522.5,969477.5,969477.5,45.73007
800000.0,1702696.1,-902696.1,902696.1,112.83701
1400000.0,1654835.1,-254835.12,254835.12,18.202509
1000000.0,1203088.1,-203088.12,203088.12,20.308811
588000.0,1513059.1,-925059.1,925059.1,157.32298
950000.0,1169892.0,-219892.0,219892.0,23.146526
500000.0,1589094.1,-1089094.1,1089094.1,217.81883
850000.0,1306554.5,-456554.5,456554.5,53.712296
588000.0,1663014.5,-1075014.5,1075014.5,182.8256
601500.0,1156791.1,-555291.1,555291.1,92.317726
850000.0,1342119.9,-492119.88,492119.88,57.896454
500000.0,1181394.4,-681394.4,681394.4,136.27888
1000000.0,1130663.5,-130663.5,130663.5,13.06635
705793.0,1110031.5,-404238.5,404238.5,57.274372
927500.0,1155961.6,-228461.62,228461.62,24.63198
600000.0,1268146.1,-668146.1,668146.1,111.35769
745000.0,1588895.2,-843895.25,843895.25,113.27453
1907200.0,1558910.1,348289.88,348289.88,18.261845
1200000.0,1308877.8,-108877.75,108877.75,9.073146
1100000.0,1298398.5,-198398.5,198398.5,18.036226
570000.0,1350217.6,-780217.6,780217.6,136.8803
760000.0,1157177.5,-397177.5,397177.5,52.260197
1000000.0,1533375.9,-533375.9,533375.9,53.337585
900000.0,1425763.2,-525763.25,525763.25,58.418137
7290000.0,1801969.4,5488030.5,5488030.5,75.281624
1000000.0,1264992.0,-264992.0,264992.0,26.499199
620000.0,1309149.1,-689149.1,689149.1,111.15309
720000.0,1356690.0,-636690.0,636690.0,88.42917
1200000.0,1347961.5,-147961.5,147961.5,12.330125
500000.0,1132280.0,-632280.0,632280.0,126.456
1200000.0,1287741.2,-87741.25,87741.25,7.311771
2500000.0,1420000.9,1079999.1,1079999.1,43.199966
1440000.0,1385909.9,54090.125,54090.125,3.7562587
920000.0,1309678.1,-389678.12,389678.12,42.35632
1000000.0,1325390.1,-325390.12,325390.12,32.539013
1500000.0,1316146.9,183853.12,183853.12,12.256875
800000.0,1159728.8,-359728.75,359728.75,44.96609
2923250.0,1573973.2,1349276.8,1349276.8,46.156734
1500000.0,1209703.8,290296.25,290296.25,19.353083
850000.0,1131304.0,-281304.0,281304.0,33.09459
650000.0,1268527.8,-618527.75,618527.75,95.15812
290000.0,1478890.4,-1188890.4,1188890.4,409.9622
2186800.0,1568824.1,617975.9,617975.9,28.259369
1755000.0,1291917.2,463082.75,463082.75,26.386482
500000.0,1352096.4,-852096.4,852096.4,170.41928
1100000.0,1289401.4,-189401.38,189401.38,17.218307
775000.0,1234040.9,-459040.88,459040.88,59.23108
2400000.0,1233741.8,1166258.2,1166258.2,48.594093
1250000.0,1319651.0,-69651.0,69651.0,5.5720797
1400000.0,1306537.6,93462.375,93462.375,6.6758842
580000.0,1455941.6,-875941.6,875941.6,151.02441
1200000.0,1359617.2,-159617.25,159617.25,13.301438
1800000.0,1122194.1,677805.9,677805.9,37.65588
3400000.0,1339473.4,2060526.6,2060526.6,60.603725
2060000.0,1234656.9,825343.1,825343.1,40.0652
2780000.0,1288452.5,1491547.5,1491547.5,53.652786
1600000.0,1608688.0,-8688.0,8688.0,0.543
1044250.0,1734786.2,-690536.25,690536.25,66.12749
700000.0,1185319.5,-485319.5,485319.5,69.33136
1023000.0,1125658.4,-102658.375,102658.375,10.035032
970000.0,1633334.6,-663334.6,663334.6,68.38501
650000.0,1609770.0,-959770.0,959770.0,147.65692
1500000.0,1587634.0,-87634.0,87634.0,5.8422666
900000.0,1320900.1,-420900.12,420900.12,46.76668
780000.0,1141283.8,-361283.75,361283.75,46.318428
550000.0,1148164.1,-598164.1,598164.1,108.75711
1000000.0,1828655.1,-828655.1,828655.1,82.86551
1229000.0,1167907.4,61092.625,61092.625,4.9709215
850000.0,1772754.1,-922754.1,922754.1,108.55931
1680000.0,1373264.1,306735.88,306735.88,18.258087
1812000.0,1614463.4,197536.62,197536.62,10.90158
840000.0,1295732.2,-455732.25,455732.25,54.25384
1200000.0,1288831.6,-88831.625,88831.625,7.4026356
850000.0,1181394.4,-331394.38,331394.38,38.987576
1250000.0,1247593.0,2407.0,2407.0,0.19256
1000000.0,1122011.2,-122011.25,122011.25,12.201125
690000.0,1142604.1,-452604.12,452604.12,65.594795
850000.0,1187897.0,-337897.0,337897.0,39.752586
1900000.0,1705073.1,194926.88,194926.88,10.25931
750000.0,1132529.8,-382529.75,382529.75,51.003967
800000.0,1246619.8,-446619.75,446619.75,55.82747
435000.0,1062952.2,-627952.25,627952.25,144.35684
900000.0,1114638.0,-214638.0,214638.0,23.848667
2560000.0,1575194.9,984805.1,984805.1,38.468952
1200000.0,1310917.4,-110917.375,110917.375,9.243114
500000.0,1142323.4,-642323.4,642323.4,128.46468
840000.0,1172426.2,-332426.25,332426.25,39.574554
750000.0,1419896.4,-669896.4,669896.4,89.31952
780000.0,1237904.8,-457904.75,457904.75,58.705734
1171760.0,1097181.5,74578.5,74578.5,6.3646564
700000.0,1181394.4,-481394.38,481394.38,68.77062
1012000.0,1630948.0,-618948.0,618948.0,61.16087
737250.0,1271988.9,-534738.9,534738.9,72.53155
1200000.0,1169698.2,30301.75,30301.75,2.5251458
1015000.0,1232235.8,-217235.75,217235.75,21.402536
1000000.0,1398533.5,-398533.5,398533.5,39.853348
1800000.0,1759004.0,40996.0,40996.0,2.2775555
600000.0,1531827.9,-931827.9,931827.9,155.30464
660000.0,1512487.0,-852487.0,852487.0,129.1647
1700000.0,1346233.1,353766.88,353766.88,20.809816
5000000.0,1497631.2,3502368.8,3502368.8,70.04737
1000000.0,1177824.5,-177824.5,177824.5,17.78245
960000.0,1161236.4,-201236.38,201236.38,20.962122
1260000.0,1318651.6,-58651.625,58651.625,4.654891
1340000.0,1122999.4,217000.62,217000.62,16.194077
800000.0,1482249.6,-682249.6,682249.6,85.281204
2560000.0,1310284.2,1249715.8,1249715.8,48.81702
876000.0,1285507.0,-409507.0,409507.0,46.747375
1190000.0,1424444.0,-234444.0,234444.0,19.701178
936000.0,1292256.1,-356256.12,356256.12,38.061554
1150000.0,1255650.1,-105650.125,105650.125,9.186968
1350000.0,1274553.8,75446.25,75446.25,5.588611
971000.0,1644466.6,-673466.6,673466.6,69.35805
1300000.0,1286850.5,13149.5,13149.5,1.0115
700000.0,1345532.2,-645532.25,645532.25,92.218895
3000000.0,1296042.8,1703957.2,1703957.2,56.798576
1125000.0,1419287.9,-294287.88,294287.88,26.158922
759600.0,1237281.8,-477681.75,477681.75,62.88596
600000.0,1233473.0,-633473.0,633473.0,105.57883
800000.0,1209551.9,-409551.88,409551.88,51.19398
942000.0,1325498.5,-383498.5,383498.5,40.711094
756000.0,1660384.1,-904384.1,904384.1,119.62753
1650000.0,1479523.2,170476.75,170476.75,10.331924
580500.0,1477229.6,-896729.6,896729.6,154.47539
1350000.0,1267361.6,82638.375,82638.375,6.1213613
1170000.0,1426261.0,-256261.0,256261.0,21.902649
550000.0,1419252.0,-869252.0,869252.0,158.04582
700000.0,1366572.8,-666572.75,666572.75,95.22468
2000000.0,1327590.1,672409.9,672409.9,33.620495
1420000.0,1270406.6,149593.38,149593.38,10.534744
1000000.0,1325656.4,-325656.38,325656.38,32.56564
2808000.0,1352791.1,1455208.9,1455208.9,51.823677
990000.0,1264434.1,-274434.12,274434.12,27.72062
2750000.0,1556883.0,1193117.0,1193117.0,43.38607
900000.0,1355195.1,-455195.12,455195.12,50.577236
1150000.0,1271650.6,-121650.625,121650.625,10.578315
1248000.0,1222189.9,25810.125,25810.125,2.068119
2540000.0,1231099.4,1308900.6,1308900.6,51.531525
1850000.0,1268437.4,581562.6,581562.6,31.435818
1000000.0,1325816.8,-325816.75,325816.75,32.581676
600000.0,1181394.4,-581394.4,581394.4,96.89906
800000.0,1224644.1,-424644.12,424644.12,53.080517
700000.0,1752625.2,-1052625.2,1052625.2,150.37503
1800000.0,1309938.1,490061.88,490061.88,27.225658
1530000.0,1359328.8,170671.25,170671.25,11.1549835
730000.0,1196737.8,-466737.75,466737.75,63.93668
1200000.0,1447098.0,-247098.0,247098.0,20.591501
665000.0,1346185.9,-681185.9,681185.9,102.43397
63000000.0,2997466.5,60002532.0,60002532.0,95.24211
700000.0,1287556.4,-587556.4,587556.4,83.93662
1461200.0,1320418.9,140781.12,140781.12,9.634624
600000.0,1429474.9,-829474.9,829474.9,138.2458
700000.0,1155663.8,-455663.75,455663.75,65.094826
500000.0,1382705.9,-882705.9,882705.9,176.54117
700000.0,1181394.4,-481394.38,481394.38,68.77062
2180000.0,1483858.1,696141.9,696141.9,31.933113
1800000.0,1326597.6,473402.38,473402.38,26.300133
800000.0,1269984.2,-469984.25,469984.25,58.74803
1010000.0,1124568.4,-114568.375,114568.375,11.343403
1170000.0,1367943.6,-197943.62,197943.62,16.918259
700000.0,1243741.4,-543741.4,543741.4,77.67734
900000.0,1196478.0,-296478.0,296478.0,32.942
800000.0,1522295.8,-722295.75,722295.75,90.28697
1050000.0,1328059.9,-278059.88,278059.88,26.481894
560000.0,1243414.9,-683414.9,683414.9,122.038376
740000.0,1277852.0,-537852.0,537852.0,72.6827
1000000.0,1181394.4,-181394.38,181394.38,18.139437
785000.0,1156321.8,-371321.75,371321.75,47.30213
1250000.0,1126604.6,123395.375,123395.375,9.871631
850000.0,1238731.9,-388731.88,388731.88,45.733162
742500.0,1187655.0,-445155.0,445155.0,59.953533
900000.0,1560861.2,-660861.25,660861.25,73.42903
1000000.0,1210947.0,-210947.0,210947.0,21.0947
600000.0,1541756.1,-941756.1,941756.1,156.95935
810000.0,1450943.6,-640943.6,640943.6,79.128845
1000000.0,1388768.5,-388768.5,388768.5,38.87685
1200000.0,1395547.0,-195547.0,195547.0,16.295584
550000.0,1292407.0,-742407.0,742407.0,134.9831
832000.0,1227773.5,-395773.5,395773.5,47.568928
1010000.0,1158736.5,-148736.5,148736.5,14.726385
850000.0,1639433.6,-789433.6,789433.6,92.87454
692400.0,1396522.2,-704122.25,704122.25,101.692986
577000.0,1262188.9,-685188.9,685188.9,118.75024
1000000.0,1303207.8,-303207.75,303207.75,30.320776
1300000.0,1317058.5,-17058.5,17058.5,1.3121923
2360000.0,1435546.6,924453.4,924453.4,39.171753
540000.0,1457204.5,-917204.5,917204.5,169.85269
688000.0,1338659.2,-650659.25,650659.25,94.57257
1000000.0,1352447.6,-352447.62,352447.62,35.244762
1530000.0,1614705.1,-84705.125,84705.125,5.536283
500000.0,1362935.9,-862935.9,862935.9,172.58717
500000.0,1578784.2,-1078784.2,1078784.2,215.75685
1245000.0,1429382.8,-184382.75,184382.75,14.809858
820000.0,1458172.9,-638172.9,638172.9,77.82596
765000.0,1155274.6,-390274.62,390274.62,51.01629
650000.0,1330602.4,-680602.4,680602.4,104.70806
1800000.0,1676629.4,123370.625,123370.625,6.853924
910000.0,1390144.9,-480144.88,480144.88,52.763176
1840000.0,1280662.4,559337.6,559337.6,30.398783
598000.0,1419252.0,-821252.0,821252.0,137.3331
1234500.0,1299607.4,-65107.375,65107.375,5.2739873
600000.0,1235081.6,-635081.6,635081.6,105.84694
1015000.0,1156243.2,-141243.25,141243.25,13.915591
1020000.0,1255443.8,-235443.75,235443.75,23.082722
1404000.0,1782299.5,-378299.5,378299.5,26.944408
1097000.0,1865058.5,-768058.5,768058.5,70.01445
1260000.0,1319935.0,-59935.0,59935.0,4.7567463
900000.0,1365301.0,-465301.0,465301.0,51.700108
1800000.0,1406099.8,393900.25,393900.25,21.883348
840000.0,1230868.0,-390868.0,390868.0,46.531902
980000.0,1311803.4,-331803.38,331803.38,33.85749
2500000.0,1306929.9,1193070.1,1193070.1,47.722805
1000000.0,1527532.2,-527532.25,527532.25,52.753227
900000.0,1265411.8,-365411.75,365411.75,40.601303
843000.0,1123188.6,-280188.62,280188.62,33.237083
600000.0,1249613.0,-649613.0,649613.0,108.26883
900000.0,1143873.4,-243873.38,243873.38,27.09704
719200.0,1477495.8,-758295.75,758295.75,105.436005
5000000.0,1546458.4,3453541.5,3453541.5,69.07083
700000.0,1564225.0,-864225.0,864225.0,123.46071
1500000.0,1240192.8,259807.25,259807.25,17.320484
2500000.0,1285925.0,1214075.0,1214075.0,48.563
860000.0,1560191.8,-700191.75,700191.75,81.41764
750000.0,1367916.4,-617916.4,617916.4,82.38885
800000.0,1593520.2,-793520.25,793520.25,99.19003
1862000.0,1598699.5,263300.5,263300.5,14.140736
1460000.0,1395253.2,64746.75,64746.75,4.434709
669200.0,1321167.2,-651967.25,651967.25,97.42487
500000.0,1438937.1,-938937.1,938937.1,187.78743
1400000.0,1295315.2,104684.75,104684.75,7.4774823
1267140.0,1772579.4,-505439.38,505439.38,39.888203
1200000.0,1314742.4,-114742.375,114742.375,9.561864
1400000.0,1107024.0,292976.0,292976.0,20.926857
1238800.0,1495998.1,-257198.12,257198.12,20.761875
900000.0,1329100.8,-429100.75,429100.75,47.67786
1100000.0,1313002.6,-213002.62,213002.62,19.363876
700000.0,1453240.6,-753240.6,753240.6,107.605804
560000.0,1101844.1,-541844.1,541844.1,96.75787
700000.0,1329710.0,-629710.0,629710.0,89.95857
980000.0,1296946.8,-316946.75,316946.75,32.341503
900000.0,1239658.0,-339658.0,339658.0,37.739777
1800000.0,1309938.1,490061.88,490061.88,27.225658
1012500.0,1426156.5,-413656.5,413656.5,40.854965
500000.0,1158013.9,-658013.9,658013.9,131.60278
800000.0,1134907.6,-334907.62,334907.62,41.863453
1700000.0,1450103.9,249896.12,249896.12,14.699772
1000000.0,1308075.4,-308075.38,308075.38,30.807537
1020000.0,1389505.9,-369505.88,369505.88,36.226067
1130000.0,1329039.1,-199039.12,199039.12,17.614082
1298835.0,1610691.6,-311856.62,311856.62,24.010489
1485000.0,1473450.8,11549.25,11549.25,0.77772725
1098400.0,1266550.4,-168150.38,168150.38,15.308664
800000.0,1485371.0,-685371.0,685371.0,85.67138
1426500.0,1276870.2,149629.75,149629.75,10.489292
604500.0,1319702.5,-715202.5,715202.5,118.31307
1170000.0,1238892.0,-68892.0,68892.0,5.888205
724000.0,1407698.0,-683698.0,683698.0,94.433426
1545000.0,1194397.5,350602.5,350602.5,22.692719
1000000.0,1181394.4,-181394.38,181394.38,18.139437
900000.0,1400273.0,-500273.0,500273.0,55.58589
1500000.0,1257924.0,242076.0,242076.0,16.138401
580000.0,1678837.1,-1098837.1,1098837.1,189.45468
2630000.0,1693905.0,936095.0,936095.0,35.592964
1500000.0,1295293.9,204706.12,204706.12,13.647075
650000.0,1292407.0,-642407.0,642407.0,98.83185
1900000.0,1479513.8,420486.25,420486.25,22.130856
1400000.0,1340417.8,59582.25,59582.25,4.2558746
1400000.0,1548338.6,-148338.62,148338.62,10.595616
970000.0,1631178.6,-661178.6,661178.6,68.16274
780000.0,1395253.2,-615253.25,615253.25,78.878624
1600000.0,1233393.9,366606.12,366606.12,22.912882
700000.0,1149815.0,-449815.0,449815.0,64.259285
430000.0,1653112.2,-1223112.2,1223112.2,284.4447
875000.0,1278384.8,-403384.75,403384.75,46.101112
1850000.0,1313472.5,536527.5,536527.5,29.001486
1900000.0,1310733.4,589266.6,589266.6,31.014034
1394000.0,1160079.1,233920.88,233920.88,16.78055
520000.0,1539243.5,-1019243.5,1019243.5,196.00836
600000.0,1591778.0,-991778.0,991778.0,165.29633
1350000.0,1340237.4,9762.625,9762.625,0.7231574
1100000.0,1117480.6,-17480.625,17480.625,1.5891478
882000.0,1400143.2,-518143.25,518143.25,58.7464
770000.0,1234396.0,-464396.0,464396.0,60.31117
1300000.0,1423838.2,-123838.25,123838.25,9.526019
1000000.0,1356260.1,-356260.12,356260.12,35.62601
1000000.0,1255820.4,-255820.38,255820.38,25.582037
1400000.0,1304168.9,95831.125,95831.125,6.84508
1800000.0,1295719.4,504280.62,504280.62,28.01559
540000.0,1489741.1,-949741.1,949741.1,175.87799
882000.0,1691174.4,-809174.4,809174.4,91.743126
750000.0,1183813.1,-433813.12,433813.12,57.841747
1200000.0,1397262.9,-197262.88,197262.88,16.438574
700000.0,1181394.4,-481394.38,481394.38,68.77062
1320000.0,1442485.1,-122485.125,122485.125,9.279176
960000.0,1279272.2,-319272.25,319272.25,33.257526
850000.0,1283989.6,-433989.62,433989.62,51.057602
1125000.0,1310004.2,-185004.25,185004.25,16.444822
900000.0,1255527.0,-355527.0,355527.0,39.503
1130000.0,1107703.4,22296.625,22296.625,1.9731528
2200000.0,1725409.8,474590.25,474590.25,21.572285
700000.0,1366714.2,-666714.25,666714.25,95.24489
1000000.0,1970556.2,-970556.25,970556.25,97.055626
588000.0,1532698.8,-944698.75,944698.75,160.66306
700000.0,1293693.8,-593693.75,593693.75,84.81339
780000.0,1373051.0,-593051.0,593051.0,76.03218
640000.0,1214399.5,-574399.5,574399.5,89.74992
2200000.0,1357628.0,842372.0,842372.0,38.289635
800000.0,1311749.6,-511749.62,511749.62,63.9687
1160000.0,1406098.0,-246098.0,246098.0,21.215345
750000.0,1360629.4,-610629.4,610629.4,81.41725
600000.0,1391285.8,-791285.75,791285.75,131.88097
1600000.0,1301981.2,298018.75,298018.75,18.626171
1800000.0,1284112.9,515887.12,515887.12,28.660397
588000.0,1298853.4,-710853.4,710853.4,120.89343
2500000.0,1305372.5,1194627.5,1194627.5,47.7851
1600000.0,1328538.5,271461.5,271461.5,16.966345
700000.0,1270044.9,-570044.9,570044.9,81.43498
950000.0,1442244.9,-492244.88,492244.88,51.815247
750000.0,1181394.4,-431394.38,431394.38,57.519253
828000.0,1277578.9,-449578.88,449578.88,54.296963
500000.0,1387867.1,-887867.1,887867.1,177.57343
2160000.0,1215920.6,944079.4,944079.4,43.70738
900000.0,1181394.4,-281394.38,281394.38,31.266043
842400.0,1166845.8,-324445.75,324445.75,38.514454
1652800.0,1334063.2,318736.75,318736.75,19.284653
454500.0,1233354.5,-778854.5,778854.5,171.36513
970000.0,1534292.4,-564292.4,564292.4,58.174473
1300000.0,1314156.0,-14156.0,14156.0,1.0889231
800000.0,1202954.5,-402954.5,402954.5,50.36931
1500000.0,1113981.5,386018.5,386018.5,25.734568
1600000.0,1304630.1,295369.88,295369.88,18.460617
650000.0,1263216.8,-613216.75,613216.75,94.34104
330000.0,1484715.5,-1154715.5,1154715.5,349.9138
1200000.0,1321596.8,-121596.75,121596.75,10.133062
720000.0,1352333.6,-632333.6,632333.6,87.82411
800000.0,1323217.8,-523217.75,523217.75,65.40222
1330500.0,1181394.4,149105.62,149105.62,11.206737
580500.0,1886407.0,-1305907.0,1305907.0,224.96245
949660.0,1515156.9,-565496.9,565496.9,59.5473
600000.0,1228936.4,-628936.4,628936.4,104.82273
710000.0,1729450.4,-1019450.4,1019450.4,143.58456
900000.0,1759211.4,-859211.4,859211.4,95.46793
700000.0,1437530.5,-737530.5,737530.5,105.361496
700000.0,1181394.4,-481394.38,481394.38,68.77062
1020000.0,1324928.1,-304928.12,304928.12,29.894915
700000.0,1591273.9,-891273.9,891273.9,127.324844
900000.0,1331991.5,-431991.5,431991.5,47.999054
800000.0,1535393.9,-735393.9,735393.9,91.92423
850000.0,1428099.0,-578099.0,578099.0,68.01165
770000.0,1258362.1,-488362.12,488362.12,63.423653
1015000.0,1181394.4,-166394.38,166394.38,16.393536
625000.0,1202909.6,-577909.6,577909.6,92.46554
950000.0,1110661.5,-160661.5,160661.5,16.911736
650000.0,1367394.8,-717394.75,717394.75,110.368416
1500000.0,1330154.9,169845.12,169845.12,11.323009
980000.0,1160881.5,-180881.5,180881.5,18.457296
850000.0,1329940.6,-479940.62,479940.62,56.463604
1150000.0,1388311.2,-238311.25,238311.25,20.722717
1950000.0,1307598.2,642401.75,642401.75,32.94368
500000.0,1657752.5,-1157752.5,1157752.5,231.5505
1675000.0,1185827.4,489172.62,489172.62,29.204336
1100000.0,1263162.8,-163162.75,163162.75,14.832978
550000.0,1181394.4,-631394.4,631394.4,114.79897
1485000.0,1343782.5,141217.5,141217.5,9.509596
830000.0,1334357.0,-504357.0,504357.0,60.765903
600000.0,1752432.8,-1152432.8,1152432.8,192.07213
758900.0,1238710.8,-479810.75,479810.75,63.2245
800000.0,1307726.4,-507726.38,507726.38,63.465797
650000.0,1632177.2,-982177.25,982177.25,151.10419
660000.0,1767882.6,-1107882.6,1107882.6,167.86101
650000.0,1588326.9,-938326.9,938326.9,144.35799
670000.0,1129553.6,-459553.62,459553.62,68.590096
1000000.0,1110739.9,-110739.875,110739.875,11.073987
1200000.0,1403181.5,-203181.5,203181.5,16.931791
750000.0,1338035.5,-588035.5,588035.5,78.40473
588000.0,1712658.6,-1124658.6,1124658.6,191.26846
881750.0,1118017.0,-236267.0,236267.0,26.795235
870000.0,1329402.1,-459402.12,459402.12,52.80484
750000.0,1233606.4,-483606.38,483606.38,64.48085
1600000.0,1337274.4,262725.62,262725.62,16.420351
700000.0,1112392.9,-412392.88,412392.88,58.913265
1000000.0,1326563.9,-326563.88,326563.88,32.656387
1050000.0,1428463.9,-378463.88,378463.88,36.044178
2300000.0,1416194.6,883805.4,883805.4,38.426323
500000.0,1073806.6,-573806.6,573806.6,114.76133
850000.0,1321053.2,-471053.25,471053.25,55.418026
974250.0,1281607.5,-307357.5,307357.5,31.548113
500000.0,1381303.9,-881303.9,881303.9,176.26077
960000.0,1317062.9,-357062.88,357062.88,37.19405
1500000.0,1327261.4,172738.62,172738.62,11.515908
540000.0,1249027.9,-709027.9,709027.9,131.30147
800000.0,1691624.0,-891624.0,891624.0,111.452995
600000.0,1281892.1,-681892.1,681892.1,113.64869
1000000.0,1181394.4,-181394.38,181394.38,18.139437
500000.0,1265645.1,-765645.1,765645.1,153.12903
700000.0,1267598.4,-567598.4,567598.4,81.08548
1350000.0,1308741.4,41258.625,41258.625,3.0561945
670000.0,1992074.8,-1322074.8,1322074.8,197.32458
2440000.0,1167793.8,1272206.2,1272206.2,52.1396
800000.0,1313599.5,-513599.5,513599.5,64.199936
600000.0,1268960.8,-668960.75,668960.75,111.493454
950000.0,1111109.9,-161109.88,161109.88,16.958935
1920000.0,1568062.5,351937.5,351937.5,18.330078
720000.0,1227230.8,-507230.75,507230.75,70.448715
800000.0,1447427.5,-647427.5,647427.5,80.92844
1300000.0,1434784.6,-134784.62,134784.62,10.368049
1250000.0,1162875.9,87124.125,87124.125,6.96993
600000.0,1538608.8,-938608.75,938608.75,156.43478
741000.0,1256724.1,-515724.12,515724.12,69.5984
1560000.0,1153498.2,406501.75,406501.75,26.057804
1075000.0,1199261.4,-124261.375,124261.375,11.559197
1625000.0,1286129.4,338870.62,338870.62,20.853577
2811800.0,1531337.9,1280462.1,1280462.1,45.538876
800000.0,1456345.1,-656345.1,656345.1,82.043144
700000.0,1419988.5,-719988.5,719988.5,102.85551
1500000.0,1642119.1,-142119.12,142119.12,9.474608
2097600.0,1847519.5,250080.5,250080.5,11.922221
600000.0,1745123.2,-1145123.2,1145123.2,190.85387
800000.0,1271928.1,-471928.12,471928.12,58.991016
2200000.0,1187155.4,1012844.6,1012844.6,46.03839
1402800.0,1338378.9,64421.125,64421.125,4.5923243
782000.0,1253852.2,-471852.25,471852.25,60.339165
500000.0,1531375.4,-1031375.4,1031375.4,206.27509
600000.0,1350163.4,-750163.4,750163.4,125.02723
1400000.0,3753625.2,-2353625.2,2353625.2,168.11609
650000.0,1305130.1,-655130.1,655130.1,100.789246
700000.0,1595439.8,-895439.75,895439.75,127.91996
1415600.0,1299011.1,116588.875,116588.875,8.236005
817000.0,1639525.5,-822525.5,822525.5,100.67631
1000000.0,1719157.6,-719157.6,719157.6,71.915764
1500000.0,1438980.4,61019.625,61019.625,4.067975
1000000.0,1489355.4,-489355.38,489355.38,48.93554
1500000.0,1407462.8,92537.25,92537.25,6.16915
1260000.0,1650089.2,-390089.25,390089.25,30.959463
1600000.0,1109906.5,490093.5,490093.5,30.630844
650000.0,1132535.4,-482535.38,482535.38,74.23621
742000.0,1165874.2,-423874.25,423874.25,57.125908
1286000.0,1219327.5,66672.5,66672.5,5.184487
1200000.0,1373910.6,-173910.62,173910.62,14.492552
1100000.0,1266321.2,-166321.25,166321.25,15.120113
1530000.0,1214040.1,315959.88,315959.88,20.650972
900000.0,1323319.0,-423319.0,423319.0,47.035442
1400000.0,1273962.4,126037.625,126037.625,9.002687
1500000.0,1152412.8,347587.25,347587.25,23.172483
650000.0,1328350.0,-678350.0,678350.0,104.361534
850000.0,1577661.8,-727661.75,727661.75,85.60727
3521500.0,1603460.5,1918039.5,1918039.5,54.466545
740000.0,1151973.4,-411973.38,411973.38,55.67208
800000.0,1448431.0,-648431.0,648431.0,81.05388
630000.0,1152429.9,-522429.88,522429.88,82.92538
1550000.0,1310269.1,239730.88,239730.88,15.466508
900000.0,1312779.2,-412779.25,412779.25,45.86436
1200000.0,1427596.5,-227596.5,227596.5,18.966375
800000.0,1815018.6,-1015018.6,1015018.6,126.877335
1500000.0,1344615.9,155384.12,155384.12,10.358942
900000.0,1309525.4,-409525.38,409525.38,45.50282
1854000.0,1280018.0,573982.0,573982.0,30.959114
810400.0,1172083.2,-361683.25,361683.25,44.630215
1280000.0,1393754.1,-113754.125,113754.125,8.887041
490000.0,1494620.1,-1004620.1,1004620.1,205.0245
936000.0,1441567.1,-505567.12,505567.12,54.01358
3200000.0,1215695.2,1984304.8,1984304.8,62.009525
2125000.0,1149267.6,975732.4,975732.4,45.916817
845000.0,1419750.5,-574750.5,574750.5,68.01781
4158000.0,1320019.1,2837981.0,2837981.0,68.25351
1000000.0,1268129.1,-268129.12,268129.12,26.812912
1976000.0,1113506.9,862493.1,862493.1,43.648438
600000.0,1237812.5,-637812.5,637812.5,106.302086
1479000.0,1162276.0,316724.0,316724.0,21.41474
850000.0,1240693.4,-390693.38,390693.38,45.963924
800000.0,1221030.2,-421030.25,421030.25,52.62878
700000.0,993875.9,-293875.88,293875.88,41.98227
650000.0,1272147.2,-622147.25,622147.25,95.714966
720000.0,6674399.0,-5954399.0,5954399.0,826.9999
1400000.0,1310213.8,89786.25,89786.25,6.4133034
953000.0,1653099.6,-700099.6,700099.6,73.462715
798000.0,1290244.6,-492244.62,492244.62,61.684788
1216000.0,1722981.4,-506981.38,506981.38,41.692547
640000.0,1499442.8,-859442.75,859442.75,134.28793
1920000.0,1283989.6,636010.4,636010.4,33.12554
950000.0,1282876.9,-332876.88,332876.88,35.039673
1420000.0,1312539.1,107460.875,107460.875,7.567667
1479000.0,1110288.5,368711.5,368711.5,24.929785
600000.0,1564334.0,-964334.0,964334.0,160.72234
3250000.0,1349440.1,1900559.9,1900559.9,58.478767
811000.0,1234874.4,-423874.38,423874.38,52.265644
387000.0,1218489.2,-831489.25,831489.25,214.8551
800000.0,1260656.6,-460656.62,460656.62,57.58208
1375000.0,1320867.9,54132.125,54132.125,3.936882
1083600.0,1855683.4,-772083.4,772083.4,71.25169
705000.0,1279217.4,-574217.4,574217.4,81.44927
1015000.0,1232235.8,-217235.75,217235.75,21.402536
1300000.0,1379024.6,-79024.625,79024.625,6.0788174
1532000.0,1378990.8,153009.25,153009.25,9.987549
1400000.0,1188280.4,211719.62,211719.62,15.122831
700000.0,1171799.1,-471799.12,471799.12,67.39988
1300000.0,1316205.1,-16205.125,16205.125,1.246548
5800000.0,1681213.6,4118786.5,4118786.5,71.01356
1520000.0,1313844.1,206155.88,206155.88,13.562886
1050000.0,1282004.9,-232004.88,232004.88,22.095703
1610000.0,1413368.9,196631.12,196631.12,12.213113
2342000.0,1695145.1,646854.9,646854.9,27.619764
1200000.0,1270540.0,-70540.0,70540.0,5.8783336
500000.0,1269677.9,-769677.9,769677.9,153.93558
700000.0,1237763.5,-537763.5,537763.5,76.82336
630000.0,1442957.0,-812957.0,812957.0,129.04079
1692500.0,1705286.9,-12786.875,12786.875,0.7555022
650000.0,1359328.8,-709328.75,709328.75,109.127495
1160000.0,1434555.1,-274555.12,274555.12,23.668545
588000.0,1277368.0,-689368.0,689368.0,117.23945
5000000.0,1548819.8,3451180.2,3451180.2,69.023605
1400000.0,1305317.6,94682.375,94682.375,6.7630267
900000.0,1191806.1,-291806.12,291806.12,32.422905
1700000.0,1535056.6,164943.38,164943.38,9.702551
900000.0,1345371.4,-445371.38,445371.38,49.485706
1823400.0,1394106.6,429293.38,429293.38,23.543566
800000.0,1258134.6,-458134.62,458134.62,57.266827
1170000.0,1392092.1,-222092.12,222092.12,18.982233
2790000.0,1415407.2,1374592.8,1374592.8,49.26856
800000.0,1366572.8,-566572.75,566572.75,70.821594
700000.0,1252016.5,-552016.5,552016.5,78.859505
650000.0,1704653.8,-1054653.8,1054653.8,162.25443
702000.0,1152828.6,-450828.62,450828.62,64.220604
1600000.0,1775237.0,-175237.0,175237.0,10.952312
1600000.0,1110367.5,489632.5,489632.5,30.602032
550000.0,1515435.0,-965435.0,965435.0,175.53365
1200000.0,1322896.8,-122896.75,122896.75,10.241396
749000.0,1151405.9,-402405.88,402405.88,53.72575
2560000.0,1870690.9,689309.1,689309.1,26.92614
1170000.0,1535805.8,-365805.75,365805.75,31.26545
1310000.0,1318657.9,-8657.875,8657.875,0.6609065
800000.0,1223168.5,-423168.5,423168.5,52.896065
500000.0,1113163.9,-613163.9,613163.9,122.632774
600000.0,1504640.4,-904640.4,904640.4,150.77339
1100000.0,1382031.8,-282031.75,282031.75,25.639252
1000000.0,1202633.9,-202633.88,202633.88,20.263388
850000.0,1128802.1,-278802.12,278802.12,32.80025
1500000.0,1806644.2,-306644.25,306644.25,20.442951
1000000.0,1486459.9,-486459.88,486459.88,48.64599
800000.0,1257589.8,-457589.75,457589.75,57.198723
1350000.0,1427585.6,-77585.625,77585.625,5.747083
595000.0,1336376.4,-741376.4,741376.4,124.60107
1170000.0,1391742.6,-221742.62,221742.62,18.95236
2000000.0,1464440.4,535559.6,535559.6,26.777983
901250.0,1283439.4,-382189.38,382189.38,42.40659
630000.0,1187655.0,-557655.0,557655.0,88.51666
1300000.0,1118186.4,181813.62,181813.62,13.985663
960000.0,1471078.0,-511078.0,511078.0,53.23729
850000.0,1234100.5,-384100.5,384100.5,45.188293
950000.0,1287249.4,-337249.38,337249.38,35.499935
950000.0,1288706.5,-338706.5,338706.5,35.653316
1000000.0,1420034.0,-420034.0,420034.0,42.0034
1060000.0,1256561.2,-196561.25,196561.25,18.543514
1133000.0,1347762.4,-214762.38,214762.38,18.955196
1400000.0,1454516.5,-54516.5,54516.5,3.8940358
700000.0,1409465.5,-709465.5,709465.5,101.35222
500000.0,1578535.0,-1078535.0,1078535.0,215.70699
800000.0,1287741.2,-487741.25,487741.25,60.967655
1500000.0,1574779.4,-74779.375,74779.375,4.9852915
890000.0,1279468.9,-389468.88,389468.88,43.760548
1400000.0,1295870.9,104129.125,104129.125,7.4377947
980000.0,1169454.9,-189454.88,189454.88,19.33213
550000.0,1319480.4,-769480.4,769480.4,139.90552
861480.0,1296855.2,-435375.25,435375.25,50.538055
1800000.0,1288583.1,511416.88,511416.88,28.41205
1000000.0,1274990.4,-274990.38,274990.38,27.499039
1700000.0,1553028.4,146971.62,146971.62,8.64539
1600000.0,1318643.1,281356.88,281356.88,17.584805
500000.0,1249610.1,-749610.1,749610.1,149.92203
800000.0,1329906.6,-529906.6,529906.6,66.23833
588000.0,1501714.6,-913714.6,913714.6,155.39365
2765000.0,1299058.4,1465941.6,1465941.6,53.017784
900000.0,1424720.6,-524720.6,524720.6,58.302288
1049500.0,1276555.9,-227055.88,227055.88,21.63467
1197000.0,1428352.4,-231352.38,231352.38,19.327684
600000.0,1234322.9,-634322.9,634322.9,105.72048
600000.0,1348531.8,-748531.75,748531.75,124.75529
1500000.0,1140626.6,359373.38,359373.38,23.958225
750000.0,1224270.6,-474270.62,474270.62,63.23608
800000.0,1474641.5,-674641.5,674641.5,84.33019
1450000.0,1227907.1,222092.88,222092.88,15.316751
1400000.0,1295334.2,104665.75,104665.75,7.476125
1800000.0,1319175.9,480824.12,480824.12,26.71245
808100.0,1181394.4,-373294.38,373294.38,46.194084
650000.0,1300597.2,-650597.25,650597.25,100.09189
910000.0,1619210.5,-709210.5,709210.5,77.93522
700000.0,1399474.2,-699474.25,699474.25,99.92489
2500000.0,1440687.6,1059312.4,1059312.4,42.372494
1000000.0,1428938.5,-428938.5,428938.5,42.893852
500000.0,1340592.2,-840592.25,840592.25,168.11845
775000.0,1277592.2,-502592.25,502592.25,64.85061
6350000.0,1979391.4,4370608.5,4370608.5,68.82848
750000.0,1294036.0,-544036.0,544036.0,72.53813
1200000.0,1320719.0,-120719.0,120719.0,10.059917
800000.0,1103690.6,-303690.62,303690.62,37.961327
1000000.0,1530964.4,-530964.4,530964.4,53.096436
840000.0,1304838.6,-464838.62,464838.62,55.33793
700000.0,1417236.2,-717236.25,717236.25,102.46232
1080000.0,1286203.1,-206203.12,206203.12,19.092882
500000.0,1282509.6,-782509.6,782509.6,156.50192
700000.0,1293647.9,-593647.9,593647.9,84.80684
500000.0,1154078.5,-654078.5,654078.5,130.8157
580000.0,1237161.9,-657161.9,657161.9,113.30377
910000.0,1314693.6,-404693.62,404693.62,44.47183
1260000.0,1322426.4,-62426.375,62426.375,4.954474
448000.0,1349754.6,-901754.6,901754.6,201.2845
2000000.0,1544703.2,455296.75,455296.75,22.764837
560000.0,1342483.8,-782483.75,782483.75,139.72923
1050000.0,1322661.4,-272661.38,272661.38,25.96775
1100000.0,1689777.4,-589777.4,589777.4,53.616123
650000.0,1188005.8,-538005.75,538005.75,82.77012
1000000.0,1428938.5,-428938.5,428938.5,42.893852
1300000.0,1482483.1,-182483.12,182483.12,14.037164
400000.0,1181394.4,-781394.4,781394.4,195.3486
750000.0,1279229.1,-529229.1,529229.1,70.56388
2304000.0,1296013.5,1007986.5,1007986.5,43.749413
554500.0,1251607.1,-697107.1,697107.1,125.718155
790000.0,1112387.9,-322387.88,322387.88,40.80859
1520000.0,1402794.5,117205.5,117205.5,7.7108884
1200000.0,1326033.4,-126033.375,126033.375,10.502781
945000.0,1548250.0,-603250.0,603250.0,63.83598
1250000.0,1319997.2,-69997.25,69997.25,5.59978
480000.0,1655557.5,-1175557.5,1175557.5,244.9078
2387600.0,1427612.2,959987.75,959987.75,40.20723
900000.0,1282876.9,-382876.88,382876.88,42.541878
700000.0,1281556.2,-581556.25,581556.25,83.07946
1000000.0,1406885.8,-406885.75,406885.75,40.688576
1500000.0,1280155.4,219844.62,219844.62,14.656308
640000.0,1407807.5,-767807.5,767807.5,119.96992
1200000.0,1862039.5,-662039.5,662039.5,55.169956
490000.0,1414809.6,-924809.6,924809.6,188.73665
1300000.0,1691298.6,-391298.62,391298.62,30.099895
750000.0,1209676.9,-459676.88,459676.88,61.290253
750000.0,1233629.9,-483629.88,483629.88,64.483986
850000.0,1318487.6,-468487.62,468487.62,55.116188
880000.0,1433272.2,-553272.25,553272.25,62.87185
800000.0,1548911.6,-748911.6,748911.6,93.61395
1417000.0,1333308.2,83691.75,83691.75,5.9062634
1600000.0,1482569.0,117431.0,117431.0,7.3394375
1200000.0,1476256.0,-276256.0,276256.0,23.021334
1280000.0,1405781.8,-125781.75,125781.75,9.826699
600000.0,1148112.9,-548112.9,548112.9,91.35215
654400.0,1556118.6,-901718.6,901718.6,137.79318
1260000.0,1236483.6,23516.375,23516.375,1.866379
1200000.0,1809154.8,-609154.75,609154.75,50.762897
1320000.0,1823203.8,-503203.75,503203.75,38.1215
1362500.0,1417907.0,-55407.0,55407.0,4.066569
1000000.0,1509582.4,-509582.38,509582.38,50.95824
1250000.0,1522981.9,-272981.88,272981.88,21.83855
950000.0,1316233.2,-366233.25,366233.25,38.55087
492000.0,1274325.5,-782325.5,782325.5,159.00925
1600000.0,1481109.0,118891.0,118891.0,7.4306874
780000.0,1285035.9,-505035.88,505035.88,64.74819
976400.0,1228643.5,-252243.5,252243.5,25.834032
850000.0,1277938.0,-427938.0,427938.0,50.345646
800000.0,1323070.8,-523070.75,523070.75,65.38384
600000.0,1341794.0,-741794.0,741794.0,123.63234
625000.0,1141393.2,-516393.25,516393.25,82.622925
680000.0,2094356.2,-1414356.2,1414356.2,207.99356
1712000.0,1779402.0,-67402.0,67402.0,3.9370327
959660.0,1181394.4,-221734.38,221734.38,23.105515
700000.0,1467317.4,-767317.4,767317.4,109.61677
1000000.0,1239790.2,-239790.25,239790.25,23.979025
950000.0,1285185.0,-335185.0,335185.0,35.28263
780000.0,1378354.4,-598354.4,598354.4,76.712105
2160000.0,1407987.2,752012.75,752012.75,34.815403
800000.0,1173576.0,-373576.0,373576.0,46.697
812000.0,1304073.4,-492073.38,492073.38,60.600166
4085369.0,1537093.8,2548275.2,2548275.2,62.37565
800000.0,1274858.0,-474858.0,474858.0,59.35725
669200.0,1303350.6,-634150.6,634150.6,94.7625
1200000.0,1756363.5,-556363.5,556363.5,46.363625
800000.0,1324195.6,-524195.62,524195.62,65.52445
700000.0,1291226.1,-591226.1,591226.1,84.46087
600000.0,1471380.1,-871380.1,871380.1,145.23003
650000.0,1222080.9,-572080.9,572080.9,88.01244
1000000.0,1428938.5,-428938.5,428938.5,42.893852
600000.0,1380897.4,-780897.4,780897.4,130.14957
800000.0,1422186.2,-622186.25,622186.25,77.77328
700000.0,1323041.2,-623041.25,623041.25,89.00589
765000.0,1384107.0,-619107.0,619107.0,80.929016
600000.0,1647973.5,-1047973.5,1047973.5,174.66225
565000.0,1335625.5,-770625.5,770625.5,136.39389
870000.0,1161188.5,-291188.5,291188.5,33.469944
1800000.0,1305803.2,494196.75,494196.75,27.455374
850000.0,1388811.1,-538811.1,538811.1,63.389545
1564000.0,1329445.2,234554.75,234554.75,14.997107
1300000.0,1620733.4,-320733.38,320733.38,24.671797
700000.0,1181394.4,-481394.38,481394.38,68.77062
1500000.0,1446753.2,53246.75,53246.75,3.5497832
700000.0,1357230.5,-657230.5,657230.5,93.89007
1650000.0,1875629.4,-225629.38,225629.38,13.674508
600000.0,1765758.5,-1165758.5,1165758.5,194.29308
928000.0,1798108.1,-870108.1,870108.1,93.76165
2856000.0,1317515.5,1538484.5,1538484.5,53.868504
850000.0,1307929.6,-457929.62,457929.62,53.874077
800000.0,1329906.6,-529906.6,529906.6,66.23833
620000.0,1282128.2,-662128.25,662128.25,106.79488
500000.0,1234346.2,-734346.25,734346.25,146.86925
1586000.0,1190384.1,395615.88,395615.88,24.944254
700000.0,1244444.2,-544444.25,544444.25,77.77775
670000.0,1390968.0,-720968.0,720968.0,107.60716
1310000.0,1156200.9,153799.12,153799.12,11.740391
720000.0,1323010.2,-603010.25,603010.25,83.75142
700000.0,1111671.8,-411671.75,411671.75,58.810253
450000.0,1011926.75,-561926.75,561926.75,124.87261
850000.0,1308605.0,-458605.0,458605.0,53.95353
3700000.0,1304060.6,2395939.5,2395939.5,64.75513
700000.0,1821947.6,-1121947.6,1121947.6,160.27824
700000.0,1219169.9,-519169.88,519169.88,74.16713
1160000.0,1195559.4,-35559.375,35559.375,3.0654633
940000.0,1119272.1,-179272.12,179272.12,19.071503
1031899.0,1181394.4,-149495.38,149495.38,14.487404
1000000.0,1329310.0,-329310.0,329310.0,32.931
1200000.0,1333136.2,-133136.25,133136.25,11.094687
1292000.0,1337327.0,-45327.0,45327.0,3.5082817
1120000.0,1111915.9,8084.125,8084.125,0.7217969
599800.0,1187557.6,-587757.6,587757.6,97.99227
1950000.0,1295092.2,654907.75,654907.75,33.58501
860000.0,1140288.8,-280288.75,280288.75,32.591717
600000.0,1164722.5,-564722.5,564722.5,94.12042
600000.0,1484083.1,-884083.1,884083.1,147.34718
986000.0,1374331.2,-388331.25,388331.25,39.384506
770000.0,1305172.0,-535172.0,535172.0,69.50285
2361875.0,1409880.8,951994.25,951994.25,40.306717
1200000.0,1228543.2,-28543.25,28543.25,2.3786042
800000.0,1294925.6,-494925.62,494925.62,61.865704
800000.0,1589548.5,-789548.5,789548.5,98.69356
640000.0,1431013.8,-791013.75,791013.75,123.595894
1020000.0,1220643.6,-200643.62,200643.62,19.670944
1020000.0,1284174.2,-264174.25,264174.25,25.899437
1725000.0,1253102.0,471898.0,471898.0,27.356407
770000.0,1355065.6,-585065.6,585065.6,75.982544
2400000.0,1432948.6,967051.4,967051.4,40.293808
420000.0,1424995.5,-1004995.5,1004995.5,239.28464
1105000.0,1701492.2,-596492.25,596492.25,53.981197
3334800.0,1531565.5,1803234.5,1803234.5,54.073246
2156000.0,1340702.9,815297.1,815297.1,37.815266
690000.0,1181616.2,-491616.25,491616.25,71.24873
2040000.0,1379103.9,660896.1,660896.1,32.39687
1320000.0,1433272.2,-113272.25,113272.25,8.581231
550000.0,1043502.4,-493502.38,493502.38,89.72771
400000.0,1267193.6,-867193.6,867193.6,216.7984
450000.0,1166359.8,-716359.75,716359.75,159.19106
1170000.0,1380380.1,-210380.12,210380.12,17.981207
1375000.0,1415562.2,-40562.25,40562.25,2.9499817
2388840.0,1505081.2,883758.75,883758.75,36.995308
1240000.0,1134175.9,105824.125,105824.125,8.534204
1600000.0,1356547.4,243452.62,243452.62,15.215789
1140000.0,1311462.9,-171462.88,171462.88,15.040604
582000.0,1181394.4,-599394.4,599394.4,102.98872
682000.0,1222323.2,-540323.25,540323.25,79.22629
1200000.0,1348343.9,-148343.88,148343.88,12.36199
1400000.0,1386013.2,13986.75,13986.75,0.9990536
1000000.0,1489138.0,-489138.0,489138.0,48.9138
1265000.0,1144260.8,120739.25,120739.25,9.544605
900000.0,1287767.4,-387767.38,387767.38,43.085266
1200000.0,1394320.8,-194320.75,194320.75,16.193396
4700000.0,1309486.0,3390514.0,3390514.0,72.138596
1380000.0,1521150.0,-141150.0,141150.0,10.228261
790000.0,1588023.4,-798023.4,798023.4,101.01562
600000.0,1274053.6,-674053.6,674053.6,112.34228
708000.0,1355234.9,-647234.9,647234.9,91.41735
540000.0,1851672.1,-1311672.1,1311672.1,242.90225
1850000.0,1400159.1,449840.88,449840.88,24.315722
970000.0,1128601.9,-158601.88,158601.88,16.350708
1200000.0,1253036.6,-53036.625,53036.625,4.4197187
1625000.0,1332645.6,292354.38,292354.38,17.99104
650000.0,1276871.4,-626871.4,626871.4,96.44175
650000.0,1320455.5,-670455.5,670455.5,103.146996
700000.0,1340785.2,-640785.25,640785.25,91.54075
1300000.0,1327857.4,-27857.375,27857.375,2.1428752
1000000.0,1278389.2,-278389.25,278389.25,27.838924
1375000.0,1362070.8,12929.25,12929.25,0.9403091
720000.0,1160336.5,-440336.5,440336.5,61.157845
1425000.0,1185403.1,239596.88,239596.88,16.813816
1000000.0,1626676.2,-626676.25,626676.25,62.667625
1360000.0,1340966.6,19033.375,19033.375,1.3995129
850000.0,1329396.8,-479396.75,479396.75,56.39962
700000.0,1760253.8,-1060253.8,1060253.8,151.46481
700000.0,1270799.5,-570799.5,570799.5,81.542786
1575000.0,1327123.2,247876.75,247876.75,15.738206
670000.0,1817313.6,-1147313.6,1147313.6,171.24084
1868700.0,1589223.0,279477.0,279477.0,14.95569
975000.0,1340840.8,-365840.75,365840.75,37.52213
750000.0,1221281.8,-471281.75,471281.75,62.837566
1500000.0,1401026.4,98973.625,98973.625,6.598242
1360000.0,1764926.1,-404926.12,404926.12,29.773981
670000.0,1348233.2,-678233.25,678233.25,101.22884
886000.0,1313956.5,-427956.5,427956.5,48.302086
700000.0,1396197.1,-696197.1,696197.1,99.45673
1100000.0,1188971.0,-88971.0,88971.0,8.088273
2200000.0,1309140.6,890859.4,890859.4,40.493607
1025000.0,1161413.4,-136413.38,136413.38,13.308622
1000000.0,1084802.5,-84802.5,84802.5,8.48025
400000.0,1071792.8,-671792.75,671792.75,167.94818
1090000.0,1351734.5,-261734.5,261734.5,24.012339
404500.0,1259030.0,-854530.0,854530.0,211.25586
535000.0,1814830.5,-1279830.5,1279830.5,239.22064
1100000.0,1466950.8,-366950.75,366950.75,33.359158
1290000.0,1318579.2,-28579.25,28579.25,2.2154458
900000.0,1328701.5,-428701.5,428701.5,47.6335
1287000.0,1311622.5,-24622.5,24622.5,1.9131701
630000.0,1392467.9,-762467.9,762467.9,121.02665
800000.0,1624285.2,-824285.25,824285.25,103.03565
992500.0,1366169.6,-373669.62,373669.62,37.649334
530000.0,1390441.5,-860441.5,860441.5,162.34744
1600000.0,1813273.0,-213273.0,213273.0,13.329562
660000.0,1300195.0,-640195.0,640195.0,96.99924
700000.0,1212468.0,-512468.0,512468.0,73.20972
750000.0,1211935.0,-461935.0,461935.0,61.59133
900000.0,1212308.4,-312308.38,312308.38,34.70093
750000.0,1389888.9,-639888.9,639888.9,85.31852
770000.0,1269670.4,-499670.38,499670.38,64.89226
2156000.0,1333907.8,822092.25,822092.25,38.13044
770000.0,1200808.5,-430808.5,430808.5,55.949158
850000.0,1298273.9,-448273.88,448273.88,52.738102
1300000.0,1339574.8,-39574.75,39574.75,3.0442114
1000000.0,1414071.1,-414071.12,414071.12,41.407112
8000000.0,1807204.0,6192796.0,6192796.0,77.40995
490000.0,1148146.8,-658146.75,658146.75,134.31566
850000.0,1357784.9,-507784.88,507784.88,59.7394
890000.0,1142161.8,-252161.75,252161.75,28.332783
850000.0,1125889.0,-275889.0,275889.0,32.45753
907500.0,2143890.0,-1236390.0,1236390.0,136.24132
680000.0,1323812.9,-643812.9,643812.9,94.67837
580000.0,1781265.2,-1201265.2,1201265.2,207.1147
800000.0,1346880.0,-546880.0,546880.0,68.36
900000.0,1257546.2,-357546.25,357546.25,39.72736
1500000.0,1321160.2,178839.75,178839.75,11.92265
750000.0,1385523.8,-635523.75,635523.75,84.7365
1200000.0,1230556.4,-30556.375,30556.375,2.5463645
1379000.0,1392744.1,-13744.125,13744.125,0.9966733
10000000.0,1453270.8,8546729.0,8546729.0,85.46729
800000.0,1181394.4,-381394.38,381394.38,47.674297
7500000.0,1360540.8,6139459.0,6139459.0,81.85945
700000.0,1123610.2,-423610.25,423610.25,60.51575
900000.0,1203146.0,-303146.0,303146.0,33.682888
1145200.0,1376248.4,-231048.38,231048.38,20.175373
600000.0,1272063.4,-672063.4,672063.4,112.01056
9000000.0,1845106.8,7154893.0,7154893.0,79.49881
420000.0,1289242.1,-869242.1,869242.1,206.96242
570000.0,1847221.4,-1277221.4,1277221.4,224.07393
980000.0,1304067.5,-324067.5,324067.5,33.06811
468000.0,1232329.6,-764329.6,764329.6,163.3183
1936000.0,1584884.9,351115.12,351115.12,18.136112
840000.0,1216021.0,-376021.0,376021.0,44.764404
800000.0,1215957.1,-415957.12,415957.12,51.99464
1445500.0,1341650.1,103849.875,103849.875,7.1843567
1712500.0,1378185.9,334314.12,334314.12,19.521994
448000.0,1305998.2,-857998.25,857998.25,191.51747
3600000.0,1312283.1,2287717.0,2287717.0,63.547695
1320800.0,1389284.0,-68484.0,68484.0,5.1850395
1707410.0,1313408.4,394001.62,394001.62,23.075981
600000.0,1223229.2,-623229.25,623229.25,103.87154
2300000.0,1302091.8,997908.25,997908.25,43.387314
1500000.0,1226701.8,273298.25,273298.25,18.219883
700000.0,1211396.5,-511396.5,511396.5,73.05664
800000.0,1118473.1,-318473.12,318473.12,39.80914
650000.0,1245387.1,-595387.1,595387.1,91.59802
500000.0,1264430.5,-764430.5,764430.5,152.88611
950000.0,1181394.4,-231394.38,231394.38,24.357302
1100000.0,1142902.8,-42902.75,42902.75,3.90025
980800.0,1229245.2,-248445.25,248445.25,25.330877
700000.0,1338572.1,-638572.1,638572.1,91.22459
950000.0,1357759.4,-407759.38,407759.38,42.92204
1125000.0,1259536.6,-134536.62,134536.62,11.958812
590000.0,1585141.4,-995141.4,995141.4,168.66803
1050000.0,1581465.6,-531465.6,531465.6,50.615776
600000.0,1156082.9,-556082.9,556082.9,92.68048
907000.0,1289478.8,-382478.75,382478.75,42.16965
750000.0,1213092.1,-463092.12,463092.12,61.745613
1200000.0,1106395.4,93604.625,93604.625,7.8003855
1125000.0,1414699.6,-289699.62,289699.62,25.751078
1700000.0,1577517.5,122482.5,122482.5,7.204853
1200000.0,1108774.1,91225.875,91225.875,7.602156
1550000.0,1309904.9,240095.12,240095.12,15.490007
700000.0,1285396.5,-585396.5,585396.5,83.62807
800000.0,1162247.4,-362247.38,362247.38,45.280922
890000.0,1222662.9,-332662.88,332662.88,37.377853
1150000.0,1353183.0,-203183.0,203183.0,17.668087
600000.0,1340185.8,-740185.75,740185.75,123.364296
850000.0,1157034.9,-307034.88,307034.88,36.12175
800000.0,1721700.1,-921700.1,921700.1,115.21251
1600000.0,1511241.9,88758.125,88758.125,5.547383
900000.0,1309290.1,-409290.12,409290.12,45.47668
1780000.0,1156501.5,623498.5,623498.5,35.028004
505800.0,1181394.4,-675594.4,675594.4,133.56947
1200000.0,1558098.4,-358098.38,358098.38,29.84153
635000.0,1279669.8,-644669.75,644669.75,101.52279
820000.0,1552925.9,-732925.9,732925.9,89.3812
1920000.0,1403543.5,516456.5,516456.5,26.898777
550000.0,1496811.0,-946811.0,946811.0,172.14745
1080000.0,1417236.2,-337236.25,337236.25,31.22558
589800.0,1251510.4,-661710.4,661710.4,112.19233
700000.0,1543949.6,-843949.6,843949.6,120.56423
2500000.0,1328079.6,1171920.4,1171920.4,46.876816
1342000.0,1154259.9,187740.12,187740.12,13.989576
1264500.0,1334778.5,-70278.5,70278.5,5.5578094
3000000.0,1354685.8,1645314.2,1645314.2,54.843807
1000000.0,1387978.1,-387978.12,387978.12,38.797813
800000.0,1367678.5,-567678.5,567678.5,70.959816
1700000.0,1323078.6,376921.38,376921.38,22.171846
940000.0,1443590.4,-503590.38,503590.38,53.57344
1746000.0,1822205.5,-76205.5,76205.5,4.3645763
1218000.0,1276080.0,-58080.0,58080.0,4.7684727
1300000.0,1145945.4,154054.62,154054.62,11.850355
650000.0,1723425.2,-1073425.2,1073425.2,165.14235
3200000.0,1550896.5,1649103.5,1649103.5,51.534485
1500000.0,1257939.2,242060.75,242060.75,16.137384
900000.0,1224172.5,-324172.5,324172.5,36.01917
1100000.0,1425114.1,-325114.12,325114.12,29.55583
700000.0,1323394.2,-623394.25,623394.25,89.05632
900000.0,1263882.4,-363882.38,363882.38,40.431374
700000.0,1145799.1,-445799.12,445799.12,63.68559
1343000.0,1486811.4,-143811.38,143811.38,10.708219
800000.0,1126976.0,-326976.0,326976.0,40.871998
850000.0,1519422.5,-669422.5,669422.5,78.755585
808000.0,1593567.2,-785567.25,785567.25,97.22367
2000000.0,1318267.2,681732.75,681732.75,34.08664
1250000.0,1100384.5,149615.5,149615.5,11.96924
1675000.0,1185403.1,489596.88,489596.88,29.229664
700000.0,1403058.5,-703058.5,703058.5,100.43693
610000.0,1417236.2,-807236.25,807236.25,132.33382
1600000.0,1309626.6,290373.38,290373.38,18.148336
600000.0,1225107.4,-625107.4,625107.4,104.18457
1030000.0,1496725.8,-466725.75,466725.75,45.31318
1280000.0,1558941.5,-278941.5,278941.5,21.792305
812000.0,1161403.4,-349403.38,349403.38,43.029972
750000.0,1161222.9,-411222.88,411222.88,54.829716
2700000.0,1570562.4,1129437.6,1129437.6,41.831024
1184000.0,1108372.6,75627.375,75627.375,6.3874474
600000.0,1117315.8,-517315.75,517315.75,86.21929
1600000.0,1662544.6,-62544.625,62544.625,3.909039
501000.0,1408417.5,-907417.5,907417.5,181.12125
650000.0,1309637.0,-659637.0,659637.0,101.48262
990600.0,1188381.1,-197781.12,197781.12,19.96579
700000.0,1295249.4,-595249.4,595249.4,85.03562
758000.0,1350119.9,-592119.9,592119.9,78.11607
670000.0,1923157.2,-1253157.2,1253157.2,187.03839
750000.0,1271326.8,-521326.75,521326.75,69.51023
1400000.0,1754086.5,-354086.5,354086.5,25.291893
1300000.0,2025879.6,-725879.6,725879.6,55.83689
887000.0,1722773.0,-835773.0,835773.0,94.22469
880000.0,1457206.2,-577206.25,577206.25,65.59162
866000.0,1252567.8,-386567.75,386567.75,44.63831
858750.0,1128271.5,-269521.5,269521.5,31.385326
1356000.0,1129896.8,226103.25,226103.25,16.674282
1100000.0,1319408.1,-219408.12,219408.12,19.946194
1500000.0,1349584.9,150415.12,150415.12,10.027676
1268300.0,1893175.4,-624875.4,624875.4,49.268734
1150000.0,1575710.0,-425710.0,425710.0,37.01826
800000.0,1320565.8,-520565.75,520565.75,65.07072
700000.0,1583578.4,-883578.4,883578.4,126.22549
750000.0,1308946.4,-558946.4,558946.4,74.526184
1050000.0,1259863.1,-209863.12,209863.12,19.986965
1408000.0,1574422.9,-166422.88,166422.88,11.819807
670000.0,1277852.0,-607852.0,607852.0,90.724174
1000000.0,1181394.4,-181394.38,181394.38,18.139437
1019500.0,1256921.0,-237421.0,237421.0,23.287985
810000.0,1295277.1,-485277.12,485277.12,59.910755
850000.0,1124431.5,-274431.5,274431.5,32.28606
1400000.0,1139741.1,260258.88,260258.88,18.58992
3000000.0,1311328.9,1688671.1,1688671.1,56.289036
800000.0,1297631.6,-497631.62,497631.62,62.203957
1105000.0,1602338.5,-497338.5,497338.5,45.00801
600000.0,1316459.2,-716459.25,716459.25,119.409874
1200000.0,1425862.2,-225862.25,225862.25,18.821856
800000.0,1514364.8,-714364.75,714364.75,89.29559
528600.0,1197233.4,-668633.4,668633.4,126.49137
800000.0,1404151.2,-604151.25,604151.25,75.518906
5000000.0,1275819.9,3724180.0,3724180.0,74.4836
1560000.0,1321511.9,238488.12,238488.12,15.287701
950000.0,1389662.1,-439662.12,439662.12,46.280224
3000000.0,1346751.9,1653248.1,1653248.1,55.108273
1400000.0,1101936.0,298064.0,298064.0,21.290285
1000000.0,1650347.5,-650347.5,650347.5,65.034744
582800.0,1688570.9,-1105770.9,1105770.9,189.73419
750000.0,1367021.0,-617021.0,617021.0,82.26946
695000.0,1196324.2,-501324.25,501324.25,72.13299
468000.0,1232531.2,-764531.25,764531.25,163.36139
940000.0,1140110.4,-200110.38,200110.38,21.288338
700000.0,1175766.5,-475766.5,475766.5,67.96664
700000.0,1599700.8,-899700.75,899700.75,128.52867
860000.0,1337500.0,-477500.0,477500.0,55.52326
1425000.0,1264044.9,160955.12,160955.12,11.295096
1400000.0,1268066.8,131933.25,131933.25,9.423803
700000.0,1407727.6,-707727.6,707727.6,101.10395
774000.0,1173288.1,-399288.12,399288.12,51.587612
1750000.0,1212488.2,537511.75,537511.75,30.714956
1200000.0,1432069.1,-232069.12,232069.12,19.339094
1100000.0,1157299.1,-57299.125,57299.125,5.209011
1240000.0,1290067.9,-50067.875,50067.875,4.037732
600000.0,1568539.1,-968539.1,968539.1,161.42319
1600000.0,1865368.9,-265368.88,265368.88,16.585554
10000000.0,2021822.5,7978177.5,7978177.5,79.78178
1050000.0,1534446.2,-484446.25,484446.25,46.137737
500000.0,1181394.4,-681394.4,681394.4,136.27888
1400000.0,1106309.6,293690.38,293690.38,20.977884
465000.0,1438026.4,-973026.4,973026.4,209.25298
10000000.0,1795344.2,8204656.0,8204656.0,82.04656
994000.0,1230089.1,-236089.12,236089.12,23.751421
720000.0,1329012.8,-609012.75,609012.75,84.585106
560000.0,1548583.6,-988583.6,988583.6,176.53279
600000.0,1223634.0,-623634.0,623634.0,103.938995
1055000.0,1316162.0,-261162.0,261162.0,24.754692
850000.0,1280860.4,-430860.38,430860.38,50.68946
1600000.0,1346599.6,253400.38,253400.38,15.837523
1300000.0,1465067.4,-165067.38,165067.38,12.697491
1200000.0,1108914.8,91085.25,91085.25,7.590438
960000.0,1131867.6,-171867.62,171867.62,17.902878
1100000.0,1372407.6,-272407.62,272407.62,24.76433
2000000.0,1321504.9,678495.1,678495.1,33.924755
914000.0,1193953.0,-279953.0,279953.0,30.629433
870000.0,1454830.2,-584830.25,584830.25,67.22187
850000.0,1578123.0,-728123.0,728123.0,85.66153
880000.0,1298742.5,-418742.5,418742.5,47.584377
2150000.0,1340915.8,809084.25,809084.25,37.631824
1760000.0,1154424.5,605575.5,605575.5,34.4077
900000.0,1388392.1,-488392.12,488392.12,54.265793
750000.0,1369805.2,-619805.25,619805.25,82.6407
12000000.0,1748726.1,10251274.0,10251274.0,85.427284
600000.0,1279272.2,-679272.25,679272.25,113.212036
800000.0,1324050.6,-524050.62,524050.62,65.506325
840000.0,1412685.4,-572685.4,572685.4,68.17683
900000.0,1304133.0,-404133.0,404133.0,44.903667
1000000.0,1369158.2,-369158.25,369158.25,36.915825
600000.0,1210738.5,-610738.5,610738.5,101.78975
970000.0,1291720.6,-321720.62,321720.62,33.167076
810000.0,1450612.0,-640612.0,640612.0,79.0879
850000.0,1676925.5,-826925.5,826925.5,97.285355
8000000.0,1671533.0,6328467.0,6328467.0,79.105835
1458000.0,1319451.0,138549.0,138549.0,9.502675
1200000.0,1681087.9,-481087.88,481087.88,40.090656
736000.0,1306729.5,-570729.5,570729.5,77.54477
1000000.0,1316827.9,-316827.88,316827.88,31.682787
800000.0,1306758.1,-506758.12,506758.12,63.344765
950000.0,1434492.2,-484492.25,484492.25,50.999184
600000.0,1327978.9,-727978.9,727978.9,121.32981
5670000.0,1601751.9,4068248.0,4068248.0,71.75041
1295000.0,1485551.0,-190551.0,190551.0,14.714363
540000.0,1220021.2,-680021.25,680021.25,125.929855
980000.0,1300696.8,-320696.75,320696.75,32.724155
772582.0,1363793.5,-591211.5,591211.5,76.52411
750000.0,1565254.4,-815254.4,815254.4,108.700584
1020000.0,1593279.1,-573279.1,573279.1,56.203835
1450000.0,1335195.4,114804.625,114804.625,7.9175606
561600.0,1696225.8,-1134625.8,1134625.8,202.0345
1248500.0,1328872.9,-80372.875,80372.875,6.437555
868000.0,1782192.8,-914192.75,914192.75,105.32174
700000.0,1181394.4,-481394.38,481394.38,68.77062
2640000.0,1329657.2,1310342.8,1310342.8,49.634193
650000.0,1280980.0,-630980.0,630980.0,97.073845
670000.0,1284132.0,-614132.0,614132.0,91.66149
624000.0,1378354.4,-754354.4,754354.4,120.89013
1200000.0,1532247.5,-332247.5,332247.5,27.68729
710000.0,1604687.8,-894687.75,894687.75,126.01236
1450000.0,1345692.0,104308.0,104308.0,7.1936555
1200000.0,1801920.2,-601920.25,601920.25,50.16002
454500.0,1487480.0,-1032980.0,1032980.0,227.27832
420000.0,2014381.6,-1594381.6,1594381.6,379.61465
1824800.0,1116300.0,708500.0,708500.0,38.82617
2000000.0,1121238.2,878761.75,878761.75,43.938087
1000000.0,1266745.2,-266745.25,266745.25,26.674524
2865000.0,1320974.4,1544025.6,1544025.6,53.89269
700000.0,1146752.0,-446752.0,446752.0,63.821716
500000.0,1181394.4,-681394.4,681394.4,136.27888
1064000.0,1632987.9,-568987.9,568987.9,53.476303
1800000.0,1287481.8,512518.25,512518.25,28.473238
600000.0,1210627.4,-610627.4,610627.4,101.771225
803682.0,1198509.9,-394827.88,394827.88,49.127377
920000.0,1309581.5,-389581.5,389581.5,42.345818
1800000.0,1212849.9,587150.1,587150.1,32.619453
840000.0,1125422.9,-285422.88,285422.88,33.978912
1200000.0,1145526.5,54473.5,54473.5,4.5394583
1380000.0,1794086.5,-414086.5,414086.5,30.00627
853000.0,1248796.0,-395796.0,395796.0,46.40047
800000.0,1300269.5,-500269.5,500269.5,62.533688
696000.0,1275920.6,-579920.6,579920.6,83.32193
950000.0,1231484.9,-281484.88,281484.88,29.629988
830000.0,1541221.8,-711221.75,711221.75,85.68937
1005000.0,1246203.4,-241203.38,241203.38,24.000336
1200000.0,1317710.5,-117710.5,117710.5,9.809209
900000.0,1524844.6,-624844.6,624844.6,69.42718
1200000.0,1388768.5,-188768.5,188768.5,15.730709
735000.0,1507536.9,-772536.9,772536.9,105.107056
500000.0,1181394.4,-681394.4,681394.4,136.27888
657500.0,1290364.6,-632864.6,632864.6,96.253174
1140000.0,1322686.4,-182686.38,182686.38,16.02512
1420000.0,1312924.9,107075.125,107075.125,7.5405016
1040000.0,1487126.9,-447126.88,447126.88,42.992966
1020000.0,1119696.1,-99696.125,99696.125,9.77413
600000.0,1436223.1,-836223.1,836223.1,139.37053
720000.0,1181394.4,-461394.38,461394.38,64.08255
1288000.0,1287128.5,871.5,871.5,0.067663044
1050000.0,1283727.6,-233727.62,233727.62,22.259773
600000.0,1152646.2,-552646.25,552646.25,92.107704
864000.0,1403421.9,-539421.9,539421.9,62.433086
926400.0,1303904.0,-377504.0,377504.0,40.74957
1200000.0,1273853.6,-73853.625,73853.625,6.1544685
475000.0,1308978.4,-833978.4,833978.4,175.5744
1140000.0,1201077.2,-61077.25,61077.25,5.3576536
1434000.0,1338681.0,95319.0,95319.0,6.6470714
720000.0,1289365.8,-569365.75,569365.75,79.07858
2761600.0,1517017.8,1244582.2,1244582.2,45.067432
1160000.0,1201546.8,-41546.75,41546.75,3.5816164
1400000.0,1674031.0,-274031.0,274031.0,19.573643
1152000.0,1671274.9,-519274.88,519274.88,45.075943
800000.0,1257972.6,-457972.62,457972.62,57.24658
1220000.0,1416775.4,-196775.38,196775.38,16.12913
1300000.0,1375493.0,-75493.0,75493.0,5.8071537
1760750.0,1414727.6,346022.38,346022.38,19.651989
588000.0,1394674.4,-806674.4,806674.4,137.18951
500000.0,1376066.6,-876066.6,876066.6,175.21332
800000.0,1315149.6,-515149.62,515149.62,64.39371
765000.0,1160171.6,-395171.62,395171.62,51.656418
2042500.0,1769856.2,272643.75,272643.75,13.348532
846000.0,1358500.1,-512500.12,512500.12,60.579212
1294000.0,1340237.4,-46237.375,46237.375,3.5732129
500000.0,1334643.8,-834643.75,834643.75,166.92874
1806000.0,1431530.6,374469.38,374469.38,20.734737
580000.0,1463037.6,-883037.6,883037.6,152.24786
1000000.0,1865010.9,-865010.9,865010.9,86.50108
800000.0,1319547.1,-519547.12,519547.12,64.94339
900000.0,1740030.2,-840030.25,840030.25,93.33669
670000.0,1257263.6,-587263.6,587263.6,87.65129
1100000.0,1828133.5,-728133.5,728133.5,66.193954
990000.0,1142435.9,-152435.88,152435.88,15.397564
580000.0,1317480.6,-737480.6,737480.6,127.15183
1061600.0,1331679.5,-270079.5,270079.5,25.440798
800000.0,1808994.2,-1008994.25,1008994.25,126.12428
1000000.0,1181394.4,-181394.38,181394.38,18.139437
882000.0,1218460.6,-336460.62,336460.62,38.147465
1950000.0,1308916.0,641084.0,641084.0,32.876102
800000.0,1297232.5,-497232.5,497232.5,62.15406
830000.0,1418837.2,-588837.25,588837.25,70.94425
1200000.0,1395173.9,-195173.88,195173.88,16.26449
450000.0,1005771.56,-555771.56,555771.56,123.50479
850000.0,1313565.9,-463565.88,463565.88,54.53716
680000.0,1261193.9,-581193.9,581193.9,85.46969
576000.0,1377361.5,-801361.5,801361.5,139.12526
1368000.0,1154424.5,213575.5,213575.5,15.612245
1160000.0,1195766.0,-35766.0,35766.0,3.0832758
800000.0,1231811.0,-431811.0,431811.0,53.976376
1521000.0,1299101.4,221898.62,221898.62,14.588995
1300000.0,1321515.5,-21515.5,21515.5,1.6550385
800000.0,1322372.2,-522372.25,522372.25,65.29653
750000.0,1414171.6,-664171.6,664171.6,88.55622
1200000.0,1255923.6,-55923.625,55923.625,4.660302
600000.0,1398942.4,-798942.4,798942.4,133.15706
800000.0,1697779.1,-897779.1,897779.1,112.22238
1020000.0,1157330.4,-137330.38,137330.38,13.463762
1472000.0,1132050.5,339949.5,339949.5,23.094395
942500.0,1345130.0,-402630.0,402630.0,42.719364
800000.0,1140987.4,-340987.38,340987.38,42.62342
600000.0,1426156.5,-826156.5,826156.5,137.69275
2653444.0,1324397.2,1329046.8,1329046.8,50.087612
650000.0,1342308.1,-692308.1,692308.1,106.50895
624000.0,1238810.8,-614810.75,614810.75,98.52737
650000.0,1185845.4,-535845.4,535845.4,82.437744
1520000.0,1282930.4,237069.62,237069.62,15.596686
700000.0,1474939.9,-774939.9,774939.9,110.705696
800000.0,1334114.4,-534114.4,534114.4,66.7643
400000.0,1346408.6,-946408.6,946408.6,236.60216
2800000.0,1309236.0,1490764.0,1490764.0,53.24157
1400000.0,1372539.8,27460.25,27460.25,1.9614464
800000.0,1250566.8,-450566.75,450566.75,56.320847
970000.0,1356960.8,-386960.75,386960.75,39.89286
1000000.0,1881512.5,-881512.5,881512.5,88.15125
900000.0,1624625.9,-724625.9,724625.9,80.513985
1500000.0,1743378.6,-243378.62,243378.62,16.22524
700000.0,1150056.8,-450056.75,450056.75,64.29382
970000.0,1700612.9,-730612.9,730612.9,75.320915
2400000.0,1200516.8,1199483.2,1199483.2,49.978466
730000.0,1260183.8,-530183.75,530183.75,72.62791
1760000.0,1154404.4,605595.6,605595.6,34.408844
688000.0,1472559.8,-784559.75,784559.75,114.03484
1260000.0,1612380.5,-352380.5,352380.5,27.966705
1020000.0,1123075.6,-103075.625,103075.625,10.1054535
730000.0,1305572.5,-575572.5,575572.5,78.84555
900000.0,1512977.4,-612977.4,612977.4,68.1086
1400000.0,1522678.2,-122678.25,122678.25,8.7627325
750000.0,1222187.8,-472187.75,472187.75,62.958366
1500000.0,1316123.0,183877.0,183877.0,12.258467
650000.0,1678332.0,-1028332.0,1028332.0,158.20493
1460000.0,1720730.2,-260730.25,260730.25,17.858236
730000.0,1218856.8,-488856.75,488856.75,66.966675
600000.0,1425010.4,-825010.4,825010.4,137.50172
673000.0,1132117.6,-459117.62,459117.62,68.21956
1070000.0,1363210.2,-293210.25,293210.25,27.402826
765000.0,1348715.5,-583715.5,583715.5,76.30268
600000.0,1646424.8,-1046424.75,1046424.75,174.40411
988800.0,1396192.5,-407392.5,407392.5,41.2007
550000.0,1299269.4,-749269.4,749269.4,136.23079
780000.0,1379183.4,-599183.4,599183.4,76.81838
1015000.0,1270995.9,-255995.88,255995.88,25.221268
1170000.0,1537027.6,-367027.62,367027.62,31.369883
1300000.0,1382142.2,-82142.25,82142.25,6.318635
706400.0,1730145.2,-1023745.25,1023745.25,144.9243
2100000.0,1317220.0,782780.0,782780.0,37.275238
968000.0,1507638.6,-539638.6,539638.6,55.747787
800000.0,1341232.0,-541232.0,541232.0,67.654
546000.0,1320839.0,-774839.0,774839.0,141.9119
1400000.0,1762990.1,-362990.12,362990.12,25.927866
1457800.0,1583402.9,-125602.875,125602.875,8.615919
3884500.0,1115656.6,2768843.5,2768843.5,71.279274
1500000.0,1304238.0,195762.0,195762.0,13.0508
750000.0,1353673.4,-603673.4,603673.4,80.489784
800000.0,1310350.6,-510350.62,510350.62,63.793827
1100000.0,1149267.6,-49267.625,49267.625,4.478875
1460000.0,1280769.8,179230.25,179230.25,12.276045
1500000.0,1302704.0,197296.0,197296.0,13.153068
730000.0,1181394.4,-451394.38,451394.38,61.834846
800000.0,1114120.4,-314120.38,314120.38,39.265045
600000.0,1462219.4,-862219.4,862219.4,143.70323
1600000.0,1680337.8,-80337.75,80337.75,5.0211096
1600000.0,1295679.6,304320.38,304320.38,19.020023
779880.0,1214024.8,-434144.75,434144.75,55.668144
880000.0,1357670.2,-477670.25,477670.25,54.28071
890000.0,1232413.8,-342413.75,342413.75,38.473454
800000.0,1538914.6,-738914.6,738914.6,92.36433
900000.0,1383103.9,-483103.88,483103.88,53.678207
1160000.0,1352229.0,-192229.0,192229.0,16.571465
1100000.0,1630668.0,-530668.0,530668.0,48.242546
970000.0,1722661.8,-752661.75,752661.75,77.593994
1300000.0,1475929.9,-175929.88,175929.88,13.533068
850000.0,1387210.5,-537210.5,537210.5,63.201237
650000.0,1152619.4,-502619.38,502619.38,77.32606
1015000.0,1179817.5,-164817.5,164817.5,16.238176
1200000.0,1118421.6,81578.375,81578.375,6.798198
850000.0,1308700.6,-458700.62,458700.62,53.964783
650000.0,1310223.8,-660223.75,660223.75,101.57288
680000.0,1605569.8,-925569.75,925569.75,136.1132
600000.0,1125960.2,-525960.25,525960.25,87.66004
500000.0,1181394.4,-681394.4,681394.4,136.27888
1176000.0,1725708.0,-549708.0,549708.0,46.743877
850000.0,1307222.4,-457222.38,457222.38,53.790867
1500000.0,1152658.2,347341.75,347341.75,23.156116
700000.0,1227912.2,-527912.25,527912.25,75.41603
1000000.0,1358000.6,-358000.62,358000.62,35.800064
800000.0,1155796.6,-355796.62,355796.62,44.47458
1850000.0,1300060.9,549939.1,549939.1,29.72644
600000.0,1742863.0,-1142863.0,1142863.0,190.47717
600000.0,1309938.1,-709938.1,709938.1,118.32301
1363800.0,1108937.0,254863.0,254863.0,18.68771
700000.0,1288407.1,-588407.1,588407.1,84.05816
1600000.0,1338939.8,261060.25,261060.25,16.316267
400000.0,984293.9,-584293.9,584293.9,146.07347
800000.0,1670412.2,-870412.25,870412.25,108.80153
1460000.0,1264470.0,195530.0,195530.0,13.392467
1474600.0,1320466.1,154133.88,154133.88,10.452589
3612000.0,1289452.1,2322548.0,2322548.0,64.30089
700000.0,1146071.0,-446071.0,446071.0,63.72443
503720.0,1326400.6,-822680.6,822680.6,163.32101
650000.0,1315854.9,-665854.9,665854.9,102.43921
1006000.0,1463877.9,-457877.88,457877.88,45.514698
1200000.0,1123908.6,76091.375,76091.375,6.3409476
594000.0,1461986.4,-867986.4,867986.4,146.12566
1862000.0,1443211.9,418788.12,418788.12,22.491306
700000.0,1123035.2,-423035.25,423035.25,60.43361
458000.0,1297916.8,-839916.75,839916.75,183.38794
1000000.0,1389704.6,-389704.62,389704.62,38.970463
1870000.0,1438522.1,431477.88,431477.88,23.073683
800000.0,1365301.0,-565301.0,565301.0,70.66262
790000.0,1360601.0,-570601.0,570601.0,72.227974
859000.0,1265840.8,-406840.75,406840.75,47.362137
843000.0,1322790.5,-479790.5,479790.5,56.91465
1888000.0,1782299.5,105700.5,105700.5,5.5985436
700000.0,1255135.9,-555135.9,555135.9,79.30512
600000.0,1256358.4,-656358.4,656358.4,109.39306
750000.0,1313407.6,-563407.6,563407.6,75.12102
970000.0,1268486.1,-298486.12,298486.12,30.771765
600000.0,1360562.8,-760562.75,760562.75,126.76046
2088000.0,1351134.0,736866.0,736866.0,35.29052
1400000.0,1208500.2,191499.75,191499.75,13.678554
600000.0,1112632.2,-512632.25,512632.25,85.43871
950000.0,1181394.4,-231394.38,231394.38,24.357302
1200000.0,1285989.2,-85989.25,85989.25,7.165771
900000.0,1314781.6,-414781.62,414781.62,46.08685
1400000.0,1241907.2,158092.75,158092.75,11.292339
800000.0,1136440.8,-336440.75,336440.75,42.055096
700000.0,1310436.8,-610436.75,610436.75,87.205246
693000.0,1156687.1,-463687.12,463687.12,66.91012
500000.0,1345744.6,-845744.6,845744.6,169.14893
600000.0,1473619.1,-873619.1,873619.1,145.6032
500000.0,1275694.9,-775694.9,775694.9,155.13898
700000.0,1311957.2,-611957.25,611957.25,87.42247
630000.0,1741977.8,-1111977.8,1111977.8,176.50441
1833000.0,1355094.2,477905.75,477905.75,26.072327
936000.0,1235722.9,-299722.88,299722.88,32.021675
1512000.0,1399471.9,112528.125,112528.125,7.4423366
750000.0,1291998.0,-541998.0,541998.0,72.2664
850000.0,1306038.1,-456038.12,456038.12,53.651543
850000.0,1373993.8,-523993.75,523993.75,61.646324
1000000.0,1120942.4,-120942.375,120942.375,12.094237
600000.0,1222320.4,-622320.4,622320.4,103.720055
980000.0,1197620.9,-217620.88,217620.88,22.206211
800000.0,1474721.0,-674721.0,674721.0,84.340126
540000.0,1375287.1,-835287.1,835287.1,154.6828
1700000.0,1307607.6,392392.38,392392.38,23.081905
2187500.0,1773319.9,414180.12,414180.12,18.933949
1225000.0,1310512.9,-85512.875,85512.875,6.980643
1500000.0,1306586.4,193413.62,193413.62,12.894241
1100000.0,1591107.8,-491107.75,491107.75,44.64616
800000.0,1420793.6,-620793.6,620793.6,77.599205
1200000.0,1460955.5,-260955.5,260955.5,21.746292
500000.0,1141207.6,-641207.6,641207.6,128.24153
990000.0,1221386.8,-231386.75,231386.75,23.372398
800000.0,1284543.2,-484543.25,484543.25,60.5679
700000.0,1065237.6,-365237.62,365237.62,52.176804
5800000.0,1756244.5,4043755.5,4043755.5,69.719925
700000.0,1361355.2,-661355.25,661355.25,94.479324
747000.0,1116339.6,-369339.62,369339.62,49.443054
3217500.0,1333214.4,1884285.6,1884285.6,58.563656
1400000.0,1297737.8,102262.25,102262.25,7.304446
1125000.0,1370630.8,-245630.75,245630.75,21.833845
750000.0,1221119.0,-471119.0,471119.0,62.81587
1600000.0,1393090.8,206909.25,206909.25,12.9318285
650000.0,1327292.0,-677292.0,677292.0,104.19877
1080000.0,1229919.6,-149919.62,149919.62,13.881447
1070000.0,1123691.9,-53691.875,53691.875,5.017932
1136620.0,1303912.8,-167292.75,167292.75,14.718442
898000.0,1195600.0,-297600.0,297600.0,33.140312
855600.0,1250072.1,-394472.12,394472.12,46.104736
1320000.0,1365306.2,-45306.25,45306.25,3.4322917
1150000.0,1155345.6,-5345.625,5345.625,0.46483698
950000.0,1313700.5,-363700.5,363700.5,38.284264
758000.0,1590515.4,-832515.4,832515.4,109.83052
900000.0,1383950.1,-483950.12,483950.12,53.772236
470000.0,1402486.1,-932486.1,932486.1,198.4013
650000.0,1043059.06,-393059.06,393059.06,60.470623
2817200.0,1235369.0,1581831.0,1581831.0,56.149048
612000.0,1319024.4,-707024.4,707024.4,115.526855
1975000.0,1192806.4,782193.6,782193.6,39.60474
887000.0,1128007.0,-241007.0,241007.0,27.171024
625000.0,1035175.8,-410175.8,410175.8,65.62813
500000.0,1273550.8,-773550.75,773550.75,154.71014
944000.0,1883218.9,-939218.9,939218.9,99.49353
830000.0,1624727.0,-794727.0,794727.0,95.750244
950000.0,1307223.8,-357223.75,357223.75,37.6025
900000.0,1889999.2,-989999.25,989999.25,109.999916
800000.0,1339198.0,-539198.0,539198.0,67.39975
420000.0,1456487.2,-1036487.25,1036487.25,246.78268
800000.0,1295785.5,-495785.5,495785.5,61.97319
810000.0,1296427.8,-486427.75,486427.75,60.052807
733000.0,1303509.8,-570509.75,570509.75,77.83216
1000000.0,1529985.8,-529985.75,529985.75,52.998573
2300000.0,1723707.6,576292.4,576292.4,25.056189
1050000.0,1181394.4,-131394.38,131394.38,12.513749
1760000.0,1313851.6,446148.38,446148.38,25.34934
1112000.0,1598374.9,-486374.88,486374.88,43.738747
1200000.0,1314224.5,-114224.5,114224.5,9.518708
588000.0,1523606.5,-935606.5,935606.5,159.11676
650000.0,1260310.0,-610310.0,610310.0,93.893845
600000.0,1303988.8,-703988.75,703988.75,117.33146
6706000.0,1649560.2,5056440.0,5056440.0,75.401726
650000.0,1317495.8,-667495.75,667495.75,102.69165
1100000.0,1270669.0,-170669.0,170669.0,15.515364
2000000.0,1275983.4,724016.6,724016.6,36.20083
1680000.0,1157950.1,522049.88,522049.88,31.074398
1590875.0,1324846.9,266028.12,266028.12,16.722126
1522500.0,1281447.8,241052.25,241052.25,15.83266
1500000.0,1309672.6,190327.38,190327.38,12.688492
759129.0,1101532.9,-342403.88,342403.88,45.104836
1550000.0,1674423.2,-124423.25,124423.25,8.027307
1512500.0,1149303.9,363196.12,363196.12,24.012966
2400000.0,1305004.0,1094996.0,1094996.0,45.624836
1356000.0,1371573.5,-15573.5,15573.5,1.1484882
500000.0,1876803.6,-1376803.6,1376803.6,275.36072
482000.0,1413204.8,-931204.75,931204.75,193.19601
800000.0,1338269.2,-538269.25,538269.25,67.28365
1540000.0,1326953.8,213046.25,213046.25,13.834172
1100000.0,1326826.9,-226826.88,226826.88,20.620625
1600000.0,1255574.0,344426.0,344426.0,21.526625
800000.0,1691624.0,-891624.0,891624.0,111.452995
1000000.0,1509303.9,-509303.88,509303.88,50.930386
700000.0,1259004.2,-559004.25,559004.25,79.85775
730000.0,1279103.5,-549103.5,549103.5,75.21966
1160000.0,1478577.5,-318577.5,318577.5,27.463575
1000000.0,1368511.1,-368511.12,368511.12,36.851112
2620000.0,1684288.2,935711.75,935711.75,35.714188
1400000.0,1302856.6,97143.375,97143.375,6.9388123
1020000.0,1288452.5,-268452.5,268452.5,26.318872
1000000.0,1537828.9,-537828.9,537828.9,53.782887
720000.0,1155909.5,-435909.5,435909.5,60.542988
1380000.0,1320729.2,59270.75,59270.75,4.294982
1152000.0,1438515.1,-286515.12,286515.12,24.871105
840000.0,1131736.1,-291736.12,291736.12,34.73049
1040000.0,1574422.9,-534422.9,534422.9,51.386814
150000.0,1105541.4,-955541.4,955541.4,637.0276
850000.0,1377655.0,-527655.0,527655.0,62.077057
750000.0,1508797.5,-758797.5,758797.5,101.173
1960000.0,1237933.2,722066.75,722066.75,36.84014
700000.0,1342966.5,-642966.5,642966.5,91.852356
2004800.0,1142968.4,861831.6,861831.6,42.988407
1000000.0,1719680.6,-719680.6,719680.6,71.96806
750000.0,1401275.6,-651275.6,651275.6,86.83675
850000.0,1320823.5,-470823.5,470823.5,55.391003
650000.0,1202425.9,-552425.9,552425.9,84.988594
1220000.0,1115963.1,104036.875,104036.875,8.527613
820000.0,1424546.4,-604546.4,604546.4,73.72517
1040000.0,1215714.5,-175714.5,175714.5,16.895624
500000.0,1300502.1,-800502.1,800502.1,160.10042
400000.0,1651978.8,-1251978.8,1251978.8,312.9947
900000.0,1512977.4,-612977.4,612977.4,68.1086
650000.0,1743550.1,-1093550.1,1093550.1,168.23848
1050000.0,1405070.2,-355070.25,355070.25,33.816216
880000.0,1340169.1,-460169.12,460169.12,52.291946
1957500.0,1235929.2,721570.75,721570.75,36.86185
1350000.0,1366793.2,-16793.25,16793.25,1.2439444
700000.0,1267249.0,-567249.0,567249.0,81.035576
800000.0,1333574.5,-533574.5,533574.5,66.69681
2103200.0,1266507.6,836692.4,836692.4,39.781876
680000.0,1278980.6,-598980.6,598980.6,88.08538
794400.0,1713345.2,-918945.25,918945.25,115.6779
960000.0,1420632.9,-460632.88,460632.88,47.98259
1600000.0,1307746.5,292253.5,292253.5,18.265842
1240000.0,1469328.2,-229328.25,229328.25,18.494215
1850000.0,1536992.9,313007.12,313007.12,16.919304
680000.0,1339423.6,-659423.6,659423.6,96.97406
750000.0,1219167.4,-469167.38,469167.38,62.555653
700000.0,1403058.5,-703058.5,703058.5,100.43693
800000.0,1306426.8,-506426.75,506426.75,63.303345
8800000.0,1463472.1,7336528.0,7336528.0,83.36964
500000.0,1144183.9,-644183.9,644183.9,128.83678
3000000.0,1188878.6,1811121.4,1811121.4,60.370712
900000.0,1349835.6,-449835.62,449835.62,49.981735
950000.0,1305125.6,-355125.62,355125.62,37.381645
670000.0,1399083.2,-729083.25,729083.25,108.8184
2500000.0,1302499.4,1197500.6,1197500.6,47.900024
1160000.0,1467911.4,-307911.38,307911.38,26.544085
950000.0,1277782.1,-327782.12,327782.12,34.503384
950000.0,1567468.5,-617468.5,617468.5,64.99668
650000.0,1320969.9,-670969.9,670969.9,103.226135
700000.0,1729565.1,-1029565.1,1029565.1,147.08073
1600000.0,1578083.2,21916.75,21916.75,1.3697969
1000000.0,1809777.5,-809777.5,809777.5,80.97775
800000.0,1149681.5,-349681.5,349681.5,43.710186
2600000.0,1672107.8,927892.25,927892.25,35.688164
1200000.0,1151252.0,48748.0,48748.0,4.062333
1150000.0,1350913.8,-200913.75,200913.75,17.47076
900000.0,1228869.9,-328869.88,328869.88,36.5411
800000.0,1644158.4,-844158.4,844158.4,105.5198
1160000.0,1423585.1,-263585.12,263585.12,22.722855
750000.0,1766943.1,-1016943.1,1016943.1,135.5924
800000.0,1128708.1,-328708.12,328708.12,41.088516
750000.0,1304722.4,-554722.4,554722.4,73.96298
1000000.0,1455449.8,-455449.75,455449.75,45.544975
1200000.0,1624258.4,-424258.38,424258.38,35.354866
1000000.0,1201723.8,-201723.75,201723.75,20.172375
800000.0,1294137.4,-494137.38,494137.38,61.767174
2541000.0,1311677.2,1229322.8,1229322.8,48.379486
1000000.0,1476922.4,-476922.38,476922.38,47.692238
595000.0,1505889.1,-910889.1,910889.1,153.0906
900000.0,1492127.0,-592127.0,592127.0,65.791885
1100000.0,1311863.9,-211863.88,211863.88,19.260353
910000.0,1105563.6,-195563.62,195563.62,21.490509
800000.0,1265848.9,-465848.88,465848.88,58.23111
1149500.0,1645853.9,-496353.88,496353.88,43.17998
1510000.0,1296950.0,213050.0,213050.0,14.109272
700000.0,1527793.9,-827793.9,827793.9,118.25627
800000.0,1124369.2,-324369.25,324369.25,40.546154
1500000.0,1163118.8,336881.25,336881.25,22.45875
1210800.0,1311710.5,-100910.5,100910.5,8.334201
580500.0,1793137.0,-1212637.0,1212637.0,208.89525
324000.0,1660326.9,-1336326.9,1336326.9,412.44653
800000.0,1166727.1,-366727.12,366727.12,45.84089
1310000.0,1742328.8,-432328.75,432328.75,33.002193
1400000.0,1469824.1,-69824.125,69824.125,4.9874377
1295000.0,1572705.5,-277705.5,277705.5,21.444439
1200000.0,1329149.9,-129149.875,129149.875,10.762489
1000000.0,1130655.4,-130655.375,130655.375,13.065537
800000.0,1657163.4,-857163.4,857163.4,107.14542
1000000.0,1551812.2,-551812.25,551812.25,55.181225
780000.0,1712089.1,-932089.1,932089.1,119.49861
1061600.0,1641640.8,-580040.75,580040.75,54.63835
1200000.0,1407952.0,-207952.0,207952.0,17.329334
669200.0,1416381.5,-747181.5,747181.5,111.65295
560000.0,1488287.1,-928287.1,928287.1,165.76556
710000.0,1373056.4,-663056.4,663056.4,93.38822
1400000.0,1327769.8,72230.25,72230.25,5.1593037
720000.0,1315378.9,-595378.9,595378.9,82.691505
1300000.0,1293646.8,6353.25,6353.25,0.48871154
1000000.0,1282876.9,-282876.88,282876.88,28.287687
882000.0,1366819.5,-484819.5,484819.5,54.968197
980000.0,1384391.4,-404391.38,404391.38,41.264427
584000.0,1167637.0,-583637.0,583637.0,99.93784
951500.0,1355344.0,-403844.0,403844.0,42.44288
800000.0,1311287.4,-511287.38,511287.38,63.91092
1200000.0,1425862.2,-225862.25,225862.25,18.821856
900000.0,1283439.4,-383439.38,383439.38,42.604374
320000.0,1153170.6,-833170.6,833170.6,260.3658
1800000.0,1109297.5,690702.5,690702.5,38.37236
720000.0,1287767.4,-567767.4,567767.4,78.85658
750000.0,1363902.6,-613902.6,613902.6,81.85368
989500.0,1375930.5,-386430.5,386430.5,39.05311
1200000.0,1271509.8,-71509.75,71509.75,5.9591455
556000.0,1701193.4,-1145193.4,1145193.4,205.97003
1410000.0,1181394.4,228605.62,228605.62,16.213165
1850000.0,1260557.1,589442.9,589442.9,31.861776
800000.0,1327163.6,-527163.6,527163.6,65.895454
761500.0,1628746.9,-867246.9,867246.9,113.88666
1352000.0,1296546.5,55453.5,55453.5,4.10159
1680000.0,1381887.9,298112.12,298112.12,17.74477
800000.0,1474036.0,-674036.0,674036.0,84.25449
630000.0,1287767.4,-657767.4,657767.4,104.407524
2250000.0,1134590.2,1115409.8,1115409.8,49.57377
588000.0,1504786.5,-916786.5,916786.5,155.91608
3200000.0,1356169.1,1843830.9,1843830.9,57.619713
1425000.0,1299945.2,125054.75,125054.75,8.775772
50000000.0,2486851.5,47513148.0,47513148.0,95.0263
1200000.0,1299542.5,-99542.5,99542.5,8.295208
852500.0,1248271.9,-395771.88,395771.88,46.424854
900000.0,1555905.2,-655905.25,655905.25,72.87836
700000.0,1236342.4,-536342.4,536342.4,76.62034
1240000.0,1129992.9,110007.125,110007.125,8.871543
900000.0,1494994.5,-594994.5,594994.5,66.1105
500000.0,1882612.9,-1382612.9,1382612.9,276.52255
900000.0,1181394.4,-281394.38,281394.38,31.266043
1500000.0,1165143.6,334856.38,334856.38,22.32376
700000.0,1268938.1,-568938.1,568938.1,81.27688
2000000.0,1851062.8,148937.25,148937.25,7.4468627
650000.0,1183408.2,-533408.25,533408.25,82.06281
737200.0,1311672.8,-574472.75,574472.75,77.92631
9000000.0,1150071.6,7849928.5,7849928.5,87.22143
490000.0,1160010.4,-670010.4,670010.4,136.73682
701000.0,1210156.8,-509156.75,509156.75,72.63291
1000000.0,1192778.8,-192778.75,192778.75,19.277876
4100000.0,1408892.5,2691107.5,2691107.5,65.636765
2900000.0,1344334.6,1555665.4,1555665.4,53.64363
650000.0,1384651.0,-734651.0,734651.0,113.02323
9300000.0,1642579.8,7657420.0,7657420.0,82.33785
2400000.0,1320524.0,1079476.0,1079476.0,44.978165
1796000.0,1341794.0,454206.0,454206.0,25.289865
1500000.0,1292577.2,207422.75,207422.75,13.828184
1280000.0,1143194.1,136805.88,136805.88,10.68796
800000.0,1197844.0,-397844.0,397844.0,49.7305
1400000.0,1452937.0,-52937.0,52937.0,3.7812142
600000.0,1126798.4,-526798.4,526798.4,87.79973
1218000.0,1140128.2,77871.75,77871.75,6.393411
740000.0,1263848.9,-523848.88,523848.88,70.79039
600000.0,1284020.1,-684020.1,684020.1,114.00335
700000.0,1325177.6,-625177.6,625177.6,89.31109
917000.0,1189838.5,-272838.5,272838.5,29.753382
1302200.0,1338336.8,-36136.75,36136.75,2.7750537
1280000.0,1348400.8,-68400.75,68400.75,5.3438087
1200000.0,1104382.5,95617.5,95617.5,7.968125
1000000.0,1121706.0,-121706.0,121706.0,12.1706
1500000.0,1366300.4,133699.62,133699.62,8.913308
1800000.0,1136277.9,663722.1,663722.1,36.87345
856000.0,1340921.4,-484921.38,484921.38,56.649693
884000.0,1441790.1,-557790.1,557790.1,63.09843
890000.0,1126083.0,-236083.0,236083.0,26.52618
1100000.0,1427893.0,-327893.0,327893.0,29.808456
1020000.0,1318182.4,-298182.38,298182.38,29.233566
660000.0,1300195.0,-640195.0,640195.0,96.99924
540000.0,1551178.2,-1011178.25,1011178.25,187.25523
1158400.0,1309853.1,-151453.12,151453.12,13.074337
950000.0,1283064.4,-333064.38,333064.38,35.059406
1160000.0,1301563.9,-141563.88,141563.88,12.203782
1290000.0,1125504.0,164496.0,164496.0,12.751629
2100000.0,1188759.2,911240.75,911240.75,43.392418
1324000.0,1181394.4,142605.62,142605.62,10.770818
1800000.0,1315174.9,484825.12,484825.12,26.934729
1150000.0,1343026.4,-193026.38,193026.38,16.784903
900000.0,1584736.8,-684736.75,684736.75,76.08186
540000.0,1217276.0,-677276.0,677276.0,125.42148
1000000.0,1341497.5,-341497.5,341497.5,34.14975
810000.0,1598258.4,-788258.4,788258.4,97.31585
1000000.0,1331323.9,-331323.88,331323.88,33.132385
790000.0,1331593.2,-541593.25,541593.25,68.55611
1280000.0,1309203.0,-29203.0,29203.0,2.2814844
1920000.0,1331917.6,588082.4,588082.4,30.62929
1250000.0,1332240.4,-82240.375,82240.375,6.57923
1000000.0,1572691.2,-572691.25,572691.25,57.269127
692200.0,1177708.8,-485508.75,485508.75,70.13995
405600.0,1431020.0,-1025420.0,1025420.0,252.81558
1000000.0,1181394.4,-181394.38,181394.38,18.139437
700000.0,1322512.2,-622512.25,622512.25,88.93032
810000.0,1384316.6,-574316.6,574316.6,70.90329
900000.0,1307648.6,-407648.62,407648.62,45.294292
610000.0,1196762.9,-586762.9,586762.9,96.190636
900000.0,1627088.4,-727088.4,727088.4,80.7876
1000000.0,1464385.4,-464385.38,464385.38,46.438538
800000.0,1332220.0,-532220.0,532220.0,66.5275
1579600.0,1331207.4,248392.62,248392.62,15.725033
700000.0,1704563.5,-1004563.5,1004563.5,143.50906
1800000.0,1283989.6,516010.38,516010.38,28.667244
1060000.0,1279836.2,-219836.25,219836.25,20.73927
1442500.0,1302466.5,140033.5,140033.5,9.707695
845000.0,1102471.1,-257471.12,257471.12,30.469957
936000.0,1414699.6,-478699.62,478699.62,51.14312
800000.0,1856933.2,-1056933.2,1056933.2,132.11665
1247500.0,1433542.0,-186042.0,186042.0,14.913186
1054375.0,1707416.2,-653041.25,653041.25,61.936337
750000.0,1284942.2,-534942.25,534942.25,71.32564
670000.0,1228755.9,-558755.9,558755.9,83.3964
810000.0,1410111.4,-600111.4,600111.4,74.08782
2550000.0,1316401.2,1233598.8,1233598.8,48.37642
1160000.0,1363218.0,-203218.0,203218.0,17.518793
2770200.0,1244819.1,1525380.9,1525380.9,55.063927
430000.0,1394007.2,-964007.25,964007.25,224.18773
780250.0,1381620.0,-601370.0,601370.0,77.07401
3200000.0,1754334.0,1445666.0,1445666.0,45.177063
950000.0,1391570.1,-441570.12,441570.12,46.481068
1200000.0,1566517.8,-366517.75,366517.75,30.543146
810000.0,1251183.0,-441183.0,441183.0,54.467033
945000.0,1181394.4,-236394.38,236394.38,25.015276
1000000.0,1348177.9,-348177.88,348177.88,34.817787
1487000.0,1239793.8,247206.25,247206.25,16.624495
585000.0,1231142.8,-646142.75,646142.75,110.45176
950000.0,1507851.8,-557851.75,557851.75,58.721237
938400.0,1166435.2,-228035.25,228035.25,24.300432
900000.0,1346905.0,-446905.0,446905.0,49.656113
850000.0,1328907.5,-478907.5,478907.5,56.34206
1350000.0,1453203.1,-103203.125,103203.125,7.6446757
1020000.0,1347477.5,-327477.5,327477.5,32.105637
800000.0,1332124.6,-532124.6,532124.6,66.51558
1300000.0,1423273.9,-123273.875,123273.875,9.482606
750000.0,1221156.0,-471156.0,471156.0,62.820797
700000.0,1118406.1,-418406.12,418406.12,59.7723
610000.0,1244794.9,-634794.9,634794.9,104.064735
2400000.0,1431748.2,968251.75,968251.75,40.343822
900000.0,1308050.0,-408050.0,408050.0,45.33889
2660000.0,1235036.4,1424963.6,1424963.6,53.57006
1100000.0,1471840.9,-371840.88,371840.88,33.803715
500000.0,1277379.1,-777379.1,777379.1,155.47581
1334001.0,1154666.4,179334.62,179334.62,13.443366
1950000.0,1389463.6,560536.4,560536.4,28.745455
810000.0,1477495.8,-667495.75,667495.75,82.40688
750000.0,1184940.5,-434940.5,434940.5,57.992065
2250000.0,1287641.0,962359.0,962359.0,42.77151
583000.0,1145017.9,-562017.9,562017.9,96.40101
800000.0,1333831.1,-533831.1,533831.1,66.72889
460000.0,1136788.8,-676788.75,676788.75,147.12799
650000.0,1315422.8,-665422.75,665422.75,102.37273
1500000.0,1153885.4,346114.62,346114.62,23.074308
900000.0,1124449.0,-224449.0,224449.0,24.938778
2000000.0,1304429.1,695570.9,695570.9,34.778545
714840.0,1348390.6,-633550.6,633550.6,88.62831
1600000.0,1713010.0,-113010.0,113010.0,7.063125
840000.0,1289002.2,-449002.25,449002.25,53.45265
1398500.0,1500080.1,-101580.125,101580.125,7.2635055
1450000.0,1456075.5,-6075.5,6075.5,0.41899997
820000.0,1474021.2,-654021.25,654021.25,79.75869
1000000.0,1297208.1,-297208.12,297208.12,29.720814
1740000.0,1573923.9,166076.12,166076.12,9.544605
2000000.0,1715795.2,284204.75,284204.75,14.2102375
333000.0,1532190.5,-1199190.5,1199190.5,360.11728
720000.0,1280302.8,-560302.75,560302.75,77.819824
720000.0,1156768.2,-436768.25,436768.25,60.66226
1206000.0,1107634.9,98365.125,98365.125,8.156312
1000000.0,1309924.0,-309924.0,309924.0,30.992401
636400.0,1300195.0,-663795.0,663795.0,104.30468
1000000.0,1426261.0,-426261.0,426261.0,42.626102
710000.0,1341029.4,-631029.4,631029.4,88.87737
1286000.0,1599165.5,-313165.5,313165.5,24.351906
1197000.0,1252563.0,-55563.0,55563.0,4.641855
470000.0,1298918.6,-828918.6,828918.6,176.36566
800000.0,1567106.4,-767106.4,767106.4,95.8883
1886000.0,1132840.4,753159.6,753159.6,39.934235
5960000.0,1120227.4,4839772.5,4839772.5,81.20424
1600000.0,1333230.5,266769.5,266769.5,16.673094
708500.0,1365901.6,-657401.6,657401.6,92.78781
560000.0,1736269.4,-1176269.4,1176269.4,210.0481
810000.0,1408230.8,-598230.75,598230.75,73.85565
850000.0,1352714.6,-502714.62,502714.62,59.1429
560000.0,1183414.0,-623414.0,623414.0,111.32393
540000.0,1817719.4,-1277719.4,1277719.4,236.6147
970000.0,1333990.1,-363990.12,363990.12,37.524754
1000000.0,1200009.0,-200009.0,200009.0,20.0009
1200000.0,1831299.0,-631299.0,631299.0,52.608253
1200000.0,1344527.9,-144527.88,144527.88,12.043989
750000.0,1375226.6,-625226.6,625226.6,83.36355
950000.0,1287764.1,-337764.12,337764.12,35.554115
550000.0,1245511.2,-695511.25,695511.25,126.4566
1200000.0,1308247.2,-108247.25,108247.25,9.020604
1000000.0,1347937.6,-347937.62,347937.62,34.793762
960000.0,1483758.9,-523758.88,523758.88,54.558216
1976000.0,1291769.9,684230.1,684230.1,34.62703
700000.0,1920777.4,-1220777.4,1220777.4,174.39676
3400000.0,1598086.5,1801913.5,1801913.5,52.99746
1100000.0,1151355.0,-51355.0,51355.0,4.6686363
900000.0,1320965.0,-420965.0,420965.0,46.77389
700000.0,1279667.4,-579667.4,579667.4,82.80962
800000.0,1372236.6,-572236.6,572236.6,71.52958
750000.0,1409163.2,-659163.25,659163.25,87.88843
1000000.0,1408707.2,-408707.25,408707.25,40.870728
1905500.0,1474672.4,430827.62,430827.62,22.609688
550000.0,1313763.2,-763763.25,763763.25,138.86604
1500000.0,1352808.4,147191.62,147191.62,9.812776
840000.0,1215290.8,-375290.75,375290.75,44.677467
690000.0,1265089.4,-575089.4,575089.4,83.34628
700000.0,1366232.2,-666232.25,666232.25,95.17603
850000.0,1313949.0,-463949.0,463949.0,54.582237
504000.0,1140677.9,-636677.9,636677.9,126.324974
1160000.0,1485199.2,-325199.25,325199.25,28.034418
500000.0,1190041.0,-690041.0,690041.0,138.0082
700000.0,1225569.4,-525569.4,525569.4,75.08134
1250000.0,1368438.6,-118438.625,118438.625,9.47509
787500.0,1548911.6,-761411.6,761411.6,96.687195
800000.0,1408356.5,-608356.5,608356.5,76.04456
1200000.0,1354597.6,-154597.62,154597.62,12.883136
800000.0,1377336.5,-577336.5,577336.5,72.16706
900000.0,1370282.6,-470282.62,470282.62,52.253628
1724150.0,1850308.2,-126158.25,126158.25,7.317127
400000.0,1166248.0,-766248.0,766248.0,191.562
700000.0,1319635.6,-619635.6,619635.6,88.51938
1200000.0,1217956.1,-17956.125,17956.125,1.4963437
840000.0,1341907.6,-501907.62,501907.62,59.750908
1200000.0,1314400.1,-114400.125,114400.125,9.533343
837000.0,1562855.4,-725855.4,725855.4,86.72108
803900.0,1210347.1,-406447.12,406447.12,50.559414
850000.0,1327688.4,-477688.38,477688.38,56.19863
800000.0,1325076.6,-525076.6,525076.6,65.634575
750000.0,1242255.5,-492255.5,492255.5,65.63406
600000.0,1408477.1,-808477.1,808477.1,134.74619
2326736.0,1283709.2,1043026.75,1043026.75,44.827892
400000.0,1293327.8,-893327.75,893327.75,223.33192
900000.0,1181394.4,-281394.38,281394.38,31.266043
560000.0,1409465.5,-849465.5,849465.5,151.69026
800000.0,1182016.9,-382016.88,382016.88,47.75211
450000.0,1342666.9,-892666.9,892666.9,198.37042
1200000.0,1138307.4,61692.625,61692.625,5.1410522
600000.0,1553820.2,-953820.25,953820.25,158.97005
845000.0,1547160.9,-702160.9,702160.9,83.09596
512500.0,1316943.6,-804443.6,804443.6,156.96461
700000.0,1240670.9,-540670.9,540670.9,77.23869
800000.0,1674224.4,-874224.4,874224.4,109.278046
1380000.0,1790639.6,-410639.62,410639.62,29.756495
1200000.0,1189539.0,10461.0,10461.0,0.87175
1000000.0,1249098.4,-249098.38,249098.38,24.909838
960000.0,1503677.0,-543677.0,543677.0,56.63302
1458000.0,1338869.4,119130.625,119130.625,8.170824
500000.0,1286328.5,-786328.5,786328.5,157.2657
650000.0,1172853.6,-522853.62,522853.62,80.43902
600000.0,1226420.8,-626420.75,626420.75,104.40346
500000.0,1177535.9,-677535.9,677535.9,135.50717
872000.0,1515038.2,-643038.25,643038.25,73.74292
880000.0,1495173.8,-615173.75,615173.75,69.90611
800000.0,1365301.0,-565301.0,565301.0,70.66262
900000.0,1116844.2,-216844.25,216844.25,24.093805
700000.0,1637085.0,-937085.0,937085.0,133.8693
798000.0,1363450.4,-565450.4,565450.4,70.858444
700000.0,1256231.6,-556231.6,556231.6,79.461655
1120000.0,1396834.6,-276834.62,276834.62,24.717377
650000.0,1296928.1,-646928.1,646928.1,99.527405
650000.0,1277379.1,-627379.1,627379.1,96.51987
1900000.0,1309005.4,590994.6,590994.6,31.104979
1600000.0,1553812.5,46187.5,46187.5,2.8867188
600000.0,1409465.5,-809465.5,809465.5,134.91092
3485000.0,1217328.2,2267671.8,2267671.8,65.06949
1260000.0,1753784.2,-493784.25,493784.25,39.189224
1060800.0,1200010.6,-139210.62,139210.62,13.123174
1005000.0,1256730.0,-251730.0,251730.0,25.047762
1250000.0,1318567.9,-68567.875,68567.875,5.48543
700000.0,1122624.6,-422624.62,422624.62,60.374947
1520000.0,1439539.4,80460.625,80460.625,5.2934623
850000.0,1314593.1,-464593.12,464593.12,54.658012
600000.0,1739502.8,-1139502.8,1139502.8,189.91713
750000.0,1183813.1,-433813.12,433813.12,57.841747
749000.0,1155901.2,-406901.25,406901.25,54.32593
750000.0,1358056.0,-608056.0,608056.0,81.07413
700000.0,1400182.5,-700182.5,700182.5,100.02607
1000000.0,1442988.2,-442988.25,442988.25,44.298824
2400000.0,1431748.2,968251.75,968251.75,40.343822
1000000.0,1142881.2,-142881.25,142881.25,14.288124
760000.0,1307046.1,-547046.1,547046.1,71.97975
1600000.0,1184318.4,415681.62,415681.62,25.980103
500000.0,1181394.4,-681394.4,681394.4,136.27888
1323000.0,1344837.0,-21837.0,21837.0,1.6505669
970000.0,1699147.6,-729147.6,729147.6,75.16985
1720000.0,1330727.1,389272.88,389272.88,22.632145
3600000.0,1316959.5,2283040.5,2283040.5,63.417793
1120000.0,1534506.6,-414506.62,414506.62,37.009518
1600000.0,1472170.1,127829.875,127829.875,7.989367
800000.0,1316141.4,-516141.38,516141.38,64.51767
2000000.0,1591260.6,408739.38,408739.38,20.43697
1120000.0,1650712.6,-530712.6,530712.6,47.385056
1400000.0,1417142.0,-17142.0,17142.0,1.2244287
1580000.0,1407830.0,172170.0,172170.0,10.896835
560000.0,1184075.6,-624075.6,624075.6,111.44208
1400000.0,1144010.5,255989.5,255989.5,18.284966
1100000.0,1135930.0,-35930.0,35930.0,3.2663636
900000.0,1585623.8,-685623.75,685623.75,76.18042
1100000.0,1308850.5,-208850.5,208850.5,18.986408
720000.0,1446077.2,-726077.25,726077.25,100.84406
900000.0,1566565.9,-666565.9,666565.9,74.06288
5300000.0,1172913.6,4127086.5,4127086.5,77.86956
1130000.0,1329039.1,-199039.12,199039.12,17.614082
6400000.0,1968545.4,4431454.5,4431454.5,69.24148
1050000.0,1329173.2,-279173.25,279173.25,26.587927
710000.0,1620797.5,-910797.5,910797.5,128.28134
2400000.0,1317231.8,1082768.2,1082768.2,45.11534
700000.0,1431433.6,-731433.6,731433.6,104.49052
750000.0,1417144.8,-667144.75,667144.75,88.95263
600000.0,1168382.5,-568382.5,568382.5,94.730415
600000.0,1344792.0,-744792.0,744792.0,124.132
800000.0,1282238.6,-482238.62,482238.62,60.279827
750000.0,1787993.6,-1037993.6,1037993.6,138.39915
1530000.0,1642526.4,-112526.375,112526.375,7.354665
790000.0,1181394.4,-391394.38,391394.38,49.54359
960000.0,2170508.0,-1210508.0,1210508.0,126.09458
700000.0,1203587.5,-503587.5,503587.5,71.94107
860000.0,1448037.6,-588037.6,588037.6,68.37647
2150000.0,1328674.5,821325.5,821325.5,38.201187
4224000.0,1647548.2,2576451.8,2576451.8,60.995544
800000.0,1407079.0,-607079.0,607079.0,75.88487
778500.0,1411344.9,-632844.9,632844.9,81.29028
946400.0,1599060.5,-652660.5,652660.5,68.96244
900000.0,1431666.1,-531666.1,531666.1,59.074013
600000.0,1563195.5,-963195.5,963195.5,160.53258
590000.0,1292342.2,-702342.25,702342.25,119.04106
978800.0,1560296.8,-581496.75,581496.75,59.40915
1625000.0,1267279.8,357720.25,357720.25,22.013554
580000.0,1711971.9,-1131971.9,1131971.9,195.16757
500000.0,1338179.0,-838179.0,838179.0,167.6358
700000.0,1374378.6,-674378.6,674378.6,96.339806
1116700.0,1181394.4,-64694.375,64694.375,5.793353
850000.0,1313402.5,-463402.5,463402.5,54.517944
950000.0,1172626.5,-222626.5,222626.5,23.434368
500000.0,1274473.2,-774473.25,774473.25,154.89465
650000.0,1172946.4,-522946.38,522946.38,80.453285
1205001.0,1081257.6,123743.375,123743.375,10.269151
588000.0,1509247.9,-921247.9,921247.9,156.67482
1230000.0,1461690.6,-231690.62,231690.62,18.836637
700000.0,1181394.4,-481394.38,481394.38,68.77062
1000000.0,1309184.8,-309184.75,309184.75,30.918476
1020000.0,1337453.6,-317453.62,317453.62,31.122906
980000.0,1428396.8,-448396.75,448396.75,45.75477
1300000.0,1318263.9,-18263.875,18263.875,1.4049134
1015000.0,1137821.8,-122821.75,122821.75,12.100665
1000000.0,1545855.1,-545855.1,545855.1,54.58551
1440000.0,1316816.4,123183.625,123183.625,8.554419
800000.0,1279991.2,-479991.25,479991.25,59.998905
624000.0,1329640.1,-705640.1,705640.1,113.08335
650000.0,1270698.5,-620698.5,620698.5,95.49208
630000.0,1323499.6,-693499.6,693499.6,110.0793
1000000.0,1626877.5,-626877.5,626877.5,62.687748
520000.0,1830365.9,-1310365.9,1310365.9,251.99344
1980000.0,1308271.9,671728.1,671728.1,33.925663
780000.0,1718591.4,-938591.4,938591.4,120.33223
700000.0,1323369.4,-623369.4,623369.4,89.052765
850000.0,1386004.0,-536004.0,536004.0,63.059296
1500000.0,1312936.0,187064.0,187064.0,12.470933
1260000.0,1220737.8,39262.25,39262.25,3.1160517
1135000.0,1191291.0,-56291.0,56291.0,4.9595594
800000.0,1155567.4,-355567.38,355567.38,44.445923
884000.0,1103107.6,-219107.62,219107.62,24.78593
1100000.0,1312589.9,-212589.88,212589.88,19.326351
582000.0,1457239.9,-875239.9,875239.9,150.38486
1200000.0,1134068.2,65931.75,65931.75,5.494313
1060000.0,1288363.4,-228363.38,228363.38,21.543715
1250000.0,1181394.4,68605.625,68605.625,5.48845
1300000.0,1343782.5,-43782.5,43782.5,3.3678844
1305000.0,1162276.0,142724.0,142724.0,10.936705
800000.0,1183826.9,-383826.88,383826.88,47.97836
650000.0,1524370.6,-874370.6,874370.6,134.51855
1260000.0,1265914.0,-5914.0,5914.0,0.46936506
1460000.0,1321183.0,138817.0,138817.0,9.508014
9000000.0,1901465.9,7098534.0,7098534.0,78.8726
950000.0,1319551.2,-369551.25,369551.25,38.90013
2684000.0,1256739.4,1427260.6,1427260.6,53.176624
1000000.0,1270971.2,-270971.25,270971.25,27.097124
750000.0,1181394.4,-431394.38,431394.38,57.519253
700000.0,1538675.9,-838675.9,838675.9,119.810844
750000.0,1286845.9,-536845.9,536845.9,71.57945
1040000.0,1285035.9,-245035.88,245035.88,23.561142
1540000.0,1310263.9,229736.12,229736.12,14.91793
950000.0,1122723.0,-172723.0,172723.0,18.181368
600000.0,1688226.9,-1088226.9,1088226.9,181.37114
500000.0,1274473.2,-774473.25,774473.25,154.89465
1300000.0,1435278.9,-135278.88,135278.88,10.406067
800000.0,1283251.9,-483251.88,483251.88,60.406483
1860000.0,1216662.4,643337.6,643337.6,34.588043
1200000.0,1674617.1,-474617.12,474617.12,39.55143
600000.0,1348116.4,-748116.4,748116.4,124.686066
1000000.0,1444732.2,-444732.25,444732.25,44.473225
567500.0,1167581.8,-600081.75,600081.75,105.74127
480000.0,1337831.8,-857831.75,857831.75,178.71494
850000.0,1116116.6,-266116.62,266116.62,31.307837
670000.0,1315775.4,-645775.4,645775.4,96.384384
750000.0,1419221.8,-669221.75,669221.75,89.22957
550000.0,1553978.1,-1003978.1,1003978.1,182.54147
1600000.0,1105456.2,494543.75,494543.75,30.908983
1370000.0,1601544.9,-231544.88,231544.88,16.901087
850000.0,1324295.0,-474295.0,474295.0,55.79941
850000.0,1241143.9,-391143.88,391143.88,46.016926
1000000.0,1310438.1,-310438.12,310438.12,31.043812
1300000.0,1133397.6,166602.38,166602.38,12.815568
1074000.0,1167581.8,-93581.75,93581.75,8.713385
1160000.0,1375428.6,-215428.62,215428.62,18.571434
1061600.0,1543193.4,-481593.38,481593.38,45.364864
1250000.0,1181394.4,68605.625,68605.625,5.48845
1500000.0,1925662.2,-425662.25,425662.25,28.377481
1050000.0,1446218.0,-396218.0,396218.0,37.735046
1600000.0,1308205.2,291794.75,291794.75,18.237171
600000.0,1358749.4,-758749.4,758749.4,126.45823
1080000.0,1143348.2,-63348.25,63348.25,5.8655787
2300000.0,1709076.8,590923.25,590923.25,25.692314
966000.0,1424203.8,-458203.75,458203.75,47.433098
1125000.0,1290230.4,-165230.38,165230.38,14.687145
500000.0,1300234.9,-800234.9,800234.9,160.04697
688000.0,1431559.2,-743559.25,743559.25,108.07548
1000000.0,1325772.0,-325772.0,325772.0,32.577198
1400000.0,1134716.0,265284.0,265284.0,18.948858
880000.0,1168011.8,-288011.75,288011.75,32.72861
810000.0,1279040.6,-469040.62,469040.62,57.906254
1280000.0,1328524.5,-48524.5,48524.5,3.7909765
775000.0,1282845.5,-507845.5,507845.5,65.52845
820000.0,1344445.2,-524445.25,524445.25,63.956738
700000.0,1271543.5,-571543.5,571543.5,81.64907
1000000.0,1312069.0,-312069.0,312069.0,31.2069
7000000.0,1475125.5,5524874.5,5524874.5,78.92678
990000.0,1239595.1,-249595.12,249595.12,25.21163
900000.0,1654932.0,-754932.0,754932.0,83.88133
450000.0,1119069.4,-669069.4,669069.4,148.68208
1050000.0,1282117.4,-232117.38,232117.38,22.106417
1350000.0,1337955.0,12045.0,12045.0,0.8922222
2850000.0,1289253.0,1560747.0,1560747.0,54.763054
800000.0,1268127.2,-468127.25,468127.25,58.515907
1080000.0,1278894.4,-198894.38,198894.38,18.416145
550000.0,1328178.4,-778178.4,778178.4,141.48698
1420000.0,1585984.5,-165984.5,165984.5,11.689049
950000.0,1119751.2,-169751.25,169751.25,17.868553
670000.0,1407761.9,-737761.9,737761.9,110.113716
910000.0,1242656.8,-332656.75,332656.75,36.555687
792800.0,1310753.4,-517953.38,517953.38,65.33216
550000.0,1788592.1,-1238592.1,1238592.1,225.19858
895200.0,1172083.2,-276883.25,276883.25,30.929766
9400000.0,1766321.4,7633678.5,7633678.5,81.20934
565000.0,1325751.4,-760751.4,760751.4,134.64626
2660000.0,1217541.9,1442458.1,1442458.1,54.227753
700000.0,1297328.2,-597328.25,597328.25,85.33261
620000.0,1343354.2,-723354.25,723354.25,116.67004
1095000.0,1116381.6,-21381.625,21381.625,1.9526598
650000.0,1295979.5,-645979.5,645979.5,99.38146
990000.0,1255389.4,-265389.38,265389.38,26.807007
720000.0,1311342.9,-591342.9,591342.9,82.13096
700000.0,1521883.5,-821883.5,821883.5,117.41193
1200000.0,1302544.8,-102544.75,102544.75,8.545396
1280000.0,1181394.4,98605.625,98605.625,7.703564
75833.0,1306671.0,-1230838.0,1230838.0,1623.0902
3084000.0,1275046.2,1808953.8,1808953.8,58.65609
1650000.0,1293100.4,356899.62,356899.62,21.63028
1500000.0,1318570.4,181429.62,181429.62,12.095308
950000.0,1330736.1,-380736.12,380736.12,40.077488
1200000.0,1303446.2,-103446.25,103446.25,8.620521
550000.0,1079487.6,-529487.6,529487.6,96.27048
850000.0,1414471.2,-564471.25,564471.25,66.40839
636400.0,1115533.0,-479133.0,479133.0,75.288025
560000.0,1574422.9,-1014422.9,1014422.9,181.14694
2200000.0,1381796.9,818203.1,818203.1,37.19105
800000.0,1609980.0,-809980.0,809980.0,101.2475
600000.0,1181394.4,-581394.4,581394.4,96.89906
867500.0,1267354.1,-399854.12,399854.12,46.092693
500000.0,1140408.1,-640408.1,640408.1,128.08162
1160000.0,1413366.6,-253366.62,253366.62,21.841951
2543200.0,1892571.9,650628.1,650628.1,25.58305
4836900.0,1417009.9,3419890.0,3419890.0,70.70417
1350000.0,1304838.6,45161.375,45161.375,3.3452873
900000.0,1294685.4,-394685.38,394685.38,43.85393
730000.0,1552925.9,-822925.9,822925.9,112.729576
1100000.0,1201004.0,-101004.0,101004.0,9.182182
1218000.0,1162154.9,55845.125,55845.125,4.5849857
1102000.0,1321514.8,-219514.75,219514.75,19.919668
840000.0,1223633.2,-383633.25,383633.25,45.670624
880000.0,1215026.9,-335026.88,335026.88,38.071236
540000.0,1838344.6,-1298344.6,1298344.6,240.43419
725000.0,1375435.1,-650435.1,650435.1,89.71519
1600000.0,1764232.9,-164232.88,164232.88,10.264555
720000.0,1212077.2,-492077.25,492077.25,68.34406
930000.0,1285120.1,-355120.12,355120.12,38.18496
530000.0,1364492.4,-834492.4,834492.4,157.45139
1580000.0,1150181.8,429818.25,429818.25,27.203688
700000.0,1181394.4,-481394.38,481394.38,68.77062
700000.0,1279307.9,-579307.9,579307.9,82.75826
964000.0,1348531.8,-384531.75,384531.75,39.889187
600000.0,1346170.4,-746170.4,746170.4,124.36173
925000.0,1095639.9,-170639.88,170639.88,18.447554
3628000.0,1312135.2,2315864.8,2315864.8,63.8331
1565000.0,1147820.8,417179.25,417179.25,26.656822
490000.0,1328007.2,-838007.25,838007.25,171.0219
800000.0,1324137.2,-524137.25,524137.25,65.51716
700000.0,1126039.0,-426039.0,426039.0,60.862713
1600000.0,1780641.6,-180641.62,180641.62,11.290102
850000.0,1747222.1,-897222.1,897222.1,105.55555
900000.0,1865010.9,-965010.9,965010.9,107.22343
1000000.0,1729305.5,-729305.5,729305.5,72.93055
980000.0,1344227.0,-364227.0,364227.0,37.16602
1460000.0,1480056.0,-20056.0,20056.0,1.3736987
1800000.0,1684330.9,115669.125,115669.125,6.4260626
1200000.0,1215304.5,-15304.5,15304.5,1.275375
1100000.0,1122025.6,-22025.625,22025.625,2.0023296
1080000.0,1240261.2,-160261.25,160261.25,14.839004
1000000.0,1643835.5,-643835.5,643835.5,64.383545
720000.0,1723522.2,-1003522.25,1003522.25,139.3781
710000.0,1256279.8,-546279.75,546279.75,76.94081
900000.0,1281029.0,-381029.0,381029.0,42.336555
1200000.0,1240083.9,-40083.875,40083.875,3.340323
550000.0,1353027.0,-803027.0,803027.0,146.0049
1600000.0,1532512.0,67488.0,67488.0,4.2180004
975000.0,1366572.8,-391572.75,391572.75,40.16131
380000.0,1426156.5,-1046156.5,1046156.5,275.30435
2400000.0,1280155.4,1119844.6,1119844.6,46.660194
1250000.0,1326360.8,-76360.75,76360.75,6.10886
450000.0,1194771.4,-744771.4,744771.4,165.50476
520000.0,1181394.4,-661394.4,661394.4,127.19122
1000000.0,1148470.8,-148470.75,148470.75,14.8470745
1125000.0,1410111.4,-285111.38,285111.38,25.343233
774000.0,1549573.2,-775573.25,775573.25,100.20326
925000.0,1282203.2,-357203.25,357203.25,38.61657
2460000.0,1379024.6,1080975.4,1080975.4,43.94209
860000.0,1817915.0,-957915.0,957915.0,111.38547
413000.0,1664598.8,-1251598.8,1251598.8,303.05054
1850000.0,1236959.2,613040.75,613040.75,33.137337
806800.0,1373985.6,-567185.6,567185.6,70.30065
600000.0,1326511.8,-726511.75,726511.75,121.08529
1600000.0,1318413.8,281586.25,281586.25,17.59914
1374881.0,1378255.6,-3374.625,3374.625,0.2454485
700000.0,1181394.4,-481394.38,481394.38,68.77062
1200000.0,1125403.0,74597.0,74597.0,6.2164164
1330000.0,1400206.6,-70206.625,70206.625,5.2786937
1600000.0,1442452.5,157547.5,157547.5,9.846719
800000.0,1674375.2,-874375.25,874375.25,109.296906
700000.0,1261692.5,-561692.5,561692.5,80.24179
580000.0,1268935.2,-688935.25,688935.25,118.78194
700000.0,1161014.8,-461014.75,461014.75,65.85925
1667500.0,1342812.8,324687.25,324687.25,19.471498
1012500.0,1130092.4,-117592.375,117592.375,11.614062
2100000.0,1296666.8,803333.25,803333.25,38.253963
1150000.0,1135707.2,14292.75,14292.75,1.2428478
1147500.0,1381087.9,-233587.88,233587.88,20.356243
1800000.0,1297469.5,502530.5,502530.5,27.91836
900000.0,1434621.6,-534621.6,534621.6,59.4024
832000.0,1181394.4,-349394.38,349394.38,41.994514
1420000.0,1144190.6,275809.38,275809.38,19.423195
600000.0,1732331.5,-1132331.5,1132331.5,188.72192
1800000.0,1882902.8,-82902.75,82902.75,4.605708
1200000.0,1123170.5,76829.5,76829.5,6.402458
1274500.0,1295995.2,-21495.25,21495.25,1.6865634
1073600.0,1207054.6,-133454.62,133454.62,12.4305725
2588000.0,1244943.4,1343056.6,1343056.6,51.895542
1850000.0,1181615.9,668384.1,668384.1,36.128872
1050000.0,1273237.6,-223237.62,223237.62,21.260727
718001.0,1295944.6,-577943.6,577943.6,80.49342
2000000.0,1227857.0,772143.0,772143.0,38.60715
1000000.0,1358619.5,-358619.5,358619.5,35.86195
1440000.0,1114508.1,325491.88,325491.88,22.603603
700000.0,1431714.6,-731714.6,731714.6,104.530655
500000.0,1611804.5,-1111804.5,1111804.5,222.3609
2432000.0,1347136.6,1084863.4,1084863.4,44.60787
440000.0,1305642.8,-865642.75,865642.75,196.73698
1480000.0,1257118.4,222881.62,222881.62,15.059569
665342.0,1267624.2,-602282.25,602282.25,90.52221
1128000.0,1152654.6,-24654.625,24654.625,2.1856937
1000000.0,1419562.0,-419562.0,419562.0,41.9562
1200000.0,1221088.6,-21088.625,21088.625,1.7573854
1600000.0,1217549.8,382450.25,382450.25,23.903141
1230000.0,1697381.6,-467381.62,467381.62,37.998505
1000000.0,1237824.0,-237824.0,237824.0,23.7824
955000.0,1305263.5,-350263.5,350263.5,36.676807
1650000.0,1340378.5,309621.5,309621.5,18.76494
1000000.0,1316490.5,-316490.5,316490.5,31.64905
1100000.0,1545640.1,-445640.12,445640.12,40.512737
730000.0,1373866.2,-643866.25,643866.25,88.20085
750000.0,1766521.5,-1016521.5,1016521.5,135.53621
850000.0,1204896.9,-354896.88,354896.88,41.752575
800000.0,1382632.2,-582632.25,582632.25,72.82903
18800000.0,1413226.2,17386774.0,17386774.0,92.48284
582800.0,1164501.2,-581701.25,581701.25,99.81147
1300000.0,1291995.2,8004.75,8004.75,0.61575
930000.0,1302194.4,-372194.38,372194.38,40.0209
700000.0,1444632.8,-744632.75,744632.75,106.376114
445000.0,1181394.4,-736394.4,736394.4,165.48187
1350000.0,1378606.0,-28606.0,28606.0,2.118963
1861000.0,1235251.5,625748.5,625748.5,33.624313
2500000.0,1179729.4,1320270.6,1320270.6,52.810825
1200000.0,1425464.1,-225464.12,225464.12,18.788677
700000.0,1298957.5,-598957.5,598957.5,85.56536
1000000.0,1805077.6,-805077.6,805077.6,80.50776
893000.0,1495752.1,-602752.1,602752.1,67.49744
688000.0,1542372.2,-854372.25,854372.25,124.18201
740000.0,1330053.4,-590053.4,590053.4,79.73694
500000.0,1563105.6,-1063105.6,1063105.6,212.62112
800000.0,1313992.0,-513992.0,513992.0,64.249
2300000.0,1205051.2,1094948.8,1094948.8,47.60647
1800000.0,1832093.0,-32093.0,32093.0,1.7829444
650000.0,1181394.4,-531394.4,531394.4,81.75298
800000.0,1675475.2,-875475.25,875475.25,109.4344
540000.0,1156002.8,-616002.75,616002.75,114.074585
1200000.0,1161934.0,38066.0,38066.0,3.1721666
1080500.0,1700684.5,-620184.5,620184.5,57.39792
1600000.0,1568824.1,31175.875,31175.875,1.9484923
850000.0,1315772.2,-465772.25,465772.25,54.796738
600000.0,1515070.1,-915070.1,915070.1,152.51169
625000.0,1409823.4,-784823.4,784823.4,125.57174
845000.0,1629440.1,-784440.1,784440.1,92.83315
750000.0,1279666.4,-529666.4,529666.4,70.622185
1200000.0,1261357.5,-61357.5,61357.5,5.113125
1033000.0,1178412.6,-145412.62,145412.62,14.076731
1540000.0,1200943.0,339057.0,339057.0,22.016687
724000.0,1407684.6,-683684.6,683684.6,94.43158
1300000.0,1353311.2,-53311.25,53311.25,4.1008654
970000.0,1181394.4,-211394.38,211394.38,21.793234
700000.0,1596971.5,-896971.5,896971.5,128.13878
900000.0,1152102.5,-252102.5,252102.5,28.011387
800000.0,1314798.0,-514798.0,514798.0,64.349754
1600000.0,1631478.8,-31478.75,31478.75,1.9674219
1740000.0,1178066.0,561934.0,561934.0,32.295055
620000.0,1315460.9,-695460.9,695460.9,112.17111
762000.0,1319740.5,-557740.5,557740.5,73.19429
1200000.0,1275684.5,-75684.5,75684.5,6.3070416
868000.0,1349503.9,-481503.88,481503.88,55.472797
700000.0,1269457.2,-569457.25,569457.25,81.351036
900000.0,1391387.6,-491387.62,491387.62,54.598625
1400000.0,1310224.4,89775.625,89775.625,6.4125447
1456000.0,1156196.4,299803.62,299803.62,20.590908
500000.0,1827931.1,-1327931.1,1327931.1,265.58624
1400000.0,1122435.4,277564.62,277564.62,19.826044
1205000.0,1181394.4,23605.625,23605.625,1.9589729
1500000.0,1407777.5,92222.5,92222.5,6.1481667
750000.0,1353673.4,-603673.4,603673.4,80.489784
1000000.0,1396954.6,-396954.62,396954.62,39.69546
3000000.0,1312049.2,1687950.8,1687950.8,56.265026
1710000.0,1282683.4,427316.62,427316.62,24.989275
1006000.0,1237960.4,-231960.38,231960.38,23.057692
800000.0,1822066.9,-1022066.9,1022066.9,127.75836
900000.0,1232484.5,-332484.5,332484.5,36.942722
810000.0,1343481.4,-533481.4,533481.4,65.8619
690000.0,1473889.1,-783889.1,783889.1,113.60712
625000.0,1296042.8,-671042.75,671042.75,107.36684
1050000.0,1199210.8,-149210.75,149210.75,14.210547
900000.0,1118879.1,-218879.12,218879.12,24.319902
720000.0,1654193.2,-934193.25,934193.25,129.74905
300000.0,1277379.1,-977379.1,977379.1,325.79306
1379600.0,1296729.2,82870.75,82870.75,6.006868
750000.0,1360395.8,-610395.75,610395.75,81.3861
600000.0,1382323.9,-782323.9,782323.9,130.38731
1100000.0,1173663.4,-73663.375,73663.375,6.6966705
800000.0,1172635.4,-372635.38,372635.38,46.579422
650000.0,1270424.8,-620424.75,620424.75,95.44996
520000.0,1218621.5,-698621.5,698621.5,134.35028
922500.0,1315056.1,-392556.12,392556.12,42.55351
600000.0,1378299.8,-778299.75,778299.75,129.71663
4560000.0,1307697.2,3252302.8,3252302.8,71.322426
2050000.0,1273423.9,776576.1,776576.1,37.881763
1100000.0,1124689.5,-24689.5,24689.5,2.2445002
700000.0,1298142.6,-598142.6,598142.6,85.448944
936000.0,1371662.9,-435662.88,435662.88,46.545177
1812500.0,1716078.4,96421.625,96421.625,5.3198137
730000.0,1303139.6,-573139.6,573139.6,78.512276
610000.0,1948549.0,-1338549.0,1338549.0,219.43427
650000.0,1181394.4,-531394.4,531394.4,81.75298
750000.0,1264242.5,-514242.5,514242.5,68.56567
710000.0,1181394.4,-471394.38,471394.38,66.39357
1000000.0,1313979.9,-313979.88,313979.88,31.397987
520000.0,1464890.9,-944890.9,944890.9,181.70978
850000.0,1376924.8,-526924.75,526924.75,61.99115
1000000.0,1118686.4,-118686.375,118686.375,11.868638
800000.0,1258185.4,-458185.38,458185.38,57.273174
920000.0,1383046.6,-463046.62,463046.62,50.331158
1080000.0,1273749.0,-193749.0,193749.0,17.939722
1000000.0,1299798.4,-299798.38,299798.38,29.979837
1260000.0,1202789.9,57210.125,57210.125,4.5404863
1170000.0,1462630.8,-292630.75,292630.75,25.011175
1350000.0,1136664.8,213335.25,213335.25,15.802611
730000.0,1149821.2,-419821.25,419821.25,57.50976
840000.0,1274569.1,-434569.12,434569.12,51.734417
454500.0,1450355.6,-995855.6,995855.6,219.11015
1600000.0,1821376.5,-221376.5,221376.5,13.836031
1050000.0,1988209.1,-938209.1,938209.1,89.35325
1000000.0,1168090.2,-168090.25,168090.25,16.809025
750000.0,1279907.1,-529907.1,529907.1,70.65428
1800000.0,1308070.6,491929.38,491929.38,27.329409
1200000.0,1221681.1,-21681.125,21681.125,1.8067604
745000.0,1394633.0,-649633.0,649633.0,87.19906
1090000.0,1407684.6,-317684.62,317684.62,29.145378
1050000.0,1515440.2,-465440.25,465440.25,44.327644
700800.0,1205211.8,-504411.75,504411.75,71.97656
400000.0,1096714.2,-696714.25,696714.25,174.17856
680000.0,1167416.2,-487416.25,487416.25,71.678856
1350000.0,1606552.4,-256552.38,256552.38,19.00388
1300000.0,1308820.6,-8820.625,8820.625,0.6785096
600000.0,1102937.0,-502937.0,502937.0,83.82284
940000.0,1181394.4,-241394.38,241394.38,25.680252
1750000.0,1326326.2,423673.75,423673.75,24.209929
4831500.0,1645853.9,3185646.0,3185646.0,65.93493
810000.0,1265848.6,-455848.62,455848.62,56.27761
700000.0,1822469.6,-1122469.6,1122469.6,160.3528
1150000.0,1408086.1,-258086.12,258086.12,22.442272
400000.0,1191860.0,-791860.0,791860.0,197.965
1492187.0,1314748.4,177438.62,177438.62,11.891179
864000.0,1293595.1,-429595.12,429595.12,49.721657
1300000.0,1204156.8,95843.25,95843.25,7.372557
1260000.0,1658340.2,-398340.25,398340.25,31.614307
1040000.0,1296546.5,-256546.5,256546.5,24.667933
2538000.0,1336173.6,1201826.4,1201826.4,47.353287
850000.0,1181394.4,-331394.38,331394.38,38.987576
1200000.0,1803751.9,-603751.9,603751.9,50.312656
1600000.0,1492570.4,107429.625,107429.625,6.7143517
600000.0,1204464.4,-604464.4,604464.4,100.74406
600000.0,1295793.8,-695793.75,695793.75,115.96563
1000000.0,1429244.6,-429244.62,429244.62,42.924465
1000000.0,1253623.0,-253623.0,253623.0,25.3623
1600000.0,1146473.2,453526.75,453526.75,28.34542
1600000.0,1335997.9,264002.12,264002.12,16.500134
1000000.0,1780729.6,-780729.6,780729.6,78.07297
900000.0,1404516.1,-504516.12,504516.12,56.057346
1080000.0,1346547.9,-266547.88,266547.88,24.680359
1080000.0,1221896.9,-141896.88,141896.88,13.138599
890000.0,1118990.4,-228990.38,228990.38,25.729258
850000.0,1376462.1,-526462.1,526462.1,61.936718
1160000.0,1122386.0,37614.0,37614.0,3.2425861
1050000.0,1316345.2,-266345.25,266345.25,25.366215
1717500.0,1702335.9,15164.125,15164.125,0.8829185
800000.0,1442862.0,-642862.0,642862.0,80.35775
1350000.0,1451776.6,-101776.625,101776.625,7.539009
600000.0,1155704.5,-555704.5,555704.5,92.61742
1214000.0,1239366.6,-25366.625,25366.625,2.0895078
1300000.0,1190420.6,109579.375,109579.375,8.429182
1600000.0,1313855.8,286144.25,286144.25,17.884016
640000.0,1790540.2,-1150540.2,1150540.2,179.77191
780000.0,1248674.5,-468674.5,468674.5,60.086475
1133000.0,1111825.8,21174.25,21174.25,1.8688658
600000.0,1234414.9,-634414.9,634414.9,105.73582
1920000.0,1152797.2,767202.75,767202.75,39.958477
850000.0,1315881.1,-465881.12,465881.12,54.809547
1000000.0,1398770.2,-398770.25,398770.25,39.877026
900000.0,1345371.4,-445371.38,445371.38,49.485706
700000.0,1294601.0,-594601.0,594601.0,84.943
1100000.0,1287773.5,-187773.5,187773.5,17.070318
1240000.0,1459281.2,-219281.25,219281.25,17.683973
1912500.0,1488349.6,424150.38,424150.38,22.177797
800000.0,1327861.6,-527861.6,527861.6,65.982704
896000.0,1382775.4,-486775.38,486775.38,54.327606
765000.0,1198895.0,-433895.0,433895.0,56.7183
2600000.0,1314442.9,1285557.1,1285557.1,49.444504
1675000.0,1607342.1,67657.875,67657.875,4.039276
991000.0,1216223.1,-225223.12,225223.12,22.726854
770000.0,1409823.4,-639823.4,639823.4,83.09395
750000.0,1187786.4,-437786.38,437786.38,58.371513
800000.0,1120438.5,-320438.5,320438.5,40.054813
1400000.0,1106396.5,293603.5,293603.5,20.971678
1400000.0,1629679.1,-229679.12,229679.12,16.405653
1000000.0,1196263.9,-196263.88,196263.88,19.626389
942000.0,1506193.2,-564193.25,564193.25,59.893124
622000.0,1227902.8,-605902.75,605902.75,97.41202
740000.0,1441192.5,-701192.5,701192.5,94.755745
1720000.0,1167544.6,552455.4,552455.4,32.1195
1300000.0,1304548.4,-4548.375,4548.375,0.349875
1620000.0,1188777.6,431222.38,431222.38,26.618666
1800000.0,1686517.8,113482.25,113482.25,6.3045697
570000.0,1823223.4,-1253223.4,1253223.4,219.86375
792800.0,1296537.9,-503737.88,503737.88,63.53909
1600000.0,1310218.6,289781.38,289781.38,18.111336
700000.0,1586934.0,-886934.0,886934.0,126.70486
2430000.0,1238944.4,1191055.6,1191055.6,49.014633
972000.0,1122254.6,-150254.62,150254.62,15.458295
1480000.0,1304323.6,175676.38,175676.38,11.870025
500000.0,1434297.2,-934297.25,934297.25,186.85945
966000.0,1349547.4,-383547.38,383547.38,39.704697
1000000.0,1318837.1,-318837.12,318837.12,31.883713
1175000.0,1423774.4,-248774.38,248774.38,21.172287
1620000.0,1464332.6,155667.38,155667.38,9.6090975
650000.0,1218710.0,-568710.0,568710.0,87.49385
700000.0,1569416.2,-869416.25,869416.25,124.202324
610000.0,1602656.2,-992656.25,992656.25,162.73053
1490000.0,1342904.9,147095.12,147095.12,9.872156
1160000.0,1398022.9,-238022.88,238022.88,20.519213
650000.0,1131850.0,-481850.0,481850.0,74.13077
1200000.0,1149267.6,50732.375,50732.375,4.227698
936000.0,1410111.4,-474111.38,474111.38,50.652927
1200000.0,1281191.4,-81191.375,81191.375,6.7659483
1881600.0,1605237.6,276362.38,276362.38,14.687626
2762500.0,1329368.6,1433131.4,1433131.4,51.87806
700000.0,1302479.9,-602479.9,602479.9,86.06855
600000.0,1635700.1,-1035700.1,1035700.1,172.61668
700000.0,1116118.1,-416118.12,416118.12,59.445446
1148000.0,1159028.2,-11028.25,11028.25,0.960649
758000.0,1350079.9,-592079.9,592079.9,78.1108
862000.0,1476368.8,-614368.75,614368.75,71.27248
750000.0,1390841.8,-640841.75,640841.75,85.445564
1020000.0,1354865.9,-334865.88,334865.88,32.829987
612000.0,1291265.6,-679265.6,679265.6,110.99112
1152000.0,1669159.2,-517159.25,517159.25,44.892296
1760000.0,1352978.9,407021.12,407021.12,23.1262
500000.0,1577060.5,-1077060.5,1077060.5,215.4121
755000.0,1155974.8,-400974.75,400974.75,53.10924
1440000.0,1342221.9,97778.125,97778.125,6.790148
717080.0,1318956.8,-601876.75,601876.75,83.934395
2592000.0,1421605.5,1170394.5,1170394.5,45.15411
1500000.0,1111788.4,388211.62,388211.62,25.880775
650000.0,1216011.0,-566011.0,566011.0,87.07861
1150000.0,1214671.8,-64671.75,64671.75,5.6236305
2220000.0,1328141.9,891858.1,891858.1,40.17379
690000.0,1251440.5,-561440.5,561440.5,81.36819
1200000.0,1305469.1,-105469.125,105469.125,8.789094
900000.0,1878331.4,-978331.4,978331.4,108.70348
2034300.0,1378977.8,655322.25,655322.25,32.21365
1100000.0,1323087.0,-223087.0,223087.0,20.280638
1920000.0,1286082.1,633917.9,633917.9,33.016556
1300000.0,1304402.6,-4402.625,4402.625,0.33866346
550000.0,1488578.4,-938578.4,938578.4,170.65062
840000.0,1097476.8,-257476.75,257476.75,30.651993
900000.0,1298186.8,-398186.75,398186.75,44.242973
1843500.0,1295158.0,548342.0,548342.0,29.744616
500000.0,1605763.4,-1105763.4,1105763.4,221.15266
700000.0,1552495.4,-852495.4,852495.4,121.78506
684000.0,1757706.0,-1073706.0,1073706.0,156.97456
940000.0,1222553.5,-282553.5,282553.5,30.058882
2460001.0,1610057.6,849943.4,849943.4,34.55053
600000.0,1251255.5,-651255.5,651255.5,108.54259
740000.0,1161236.4,-421236.38,421236.38,56.923836
700000.0,1203467.5,-503467.5,503467.5,71.92393
816000.0,1215053.5,-399053.5,399053.5,48.903614
1620000.0,1286132.9,333867.12,333867.12,20.609083
700000.0,1262230.9,-562230.9,562230.9,80.318695
2000000.0,1299328.9,700671.1,700671.1,35.033558
750000.0,1305760.0,-555760.0,555760.0,74.10133
1000000.0,1192983.2,-192983.25,192983.25,19.298325
700000.0,1471697.0,-771697.0,771697.0,110.242424
994000.0,1324292.4,-330292.38,330292.38,33.228607
1400000.0,1309861.5,90138.5,90138.5,6.438464
1024000.0,1181394.4,-157394.38,157394.38,15.370544
2600000.0,1558542.4,1041457.6,1041457.6,40.05606
700000.0,1428023.9,-728023.9,728023.9,104.0034
599000.0,1181394.4,-582394.4,582394.4,97.227776
800000.0,1187006.4,-387006.38,387006.38,48.375797
580000.0,1348233.2,-768233.25,768233.25,132.45401
746250.0,1371604.5,-625354.5,625354.5,83.7996
1423000.0,1266242.2,156757.75,156757.75,11.0160055
2396000.0,1603460.5,792539.5,792539.5,33.07761
1628800.0,1273735.1,355064.88,355064.88,21.79917
1322000.0,1518578.1,-196578.12,196578.12,14.869753
800000.0,1269580.9,-469580.88,469580.88,58.697613
1000000.0,1170986.5,-170986.5,170986.5,17.09865
1000000.0,1494030.8,-494030.75,494030.75,49.403076
700000.0,1260848.4,-560848.4,560848.4,80.12119
840000.0,1401332.5,-561332.5,561332.5,66.8253
910000.0,1169678.8,-259678.75,259678.75,28.536125
850000.0,1045294.94,-195294.94,195294.94,22.975876
3463375.0,1290734.1,2172641.0,2172641.0,62.731903
2000000.0,1324178.2,675821.75,675821.75,33.791084
1625000.0,1289326.8,335673.25,335673.25,20.656815
852500.0,1297146.8,-444646.75,444646.75,52.157974
550000.0,1807981.6,-1257981.6,1257981.6,228.72394
63500000.0,3002303.8,60497696.0,60497696.0,95.271965
1292000.0,1383383.1,-91383.125,91383.125,7.072997
930000.0,1288452.5,-358452.5,358452.5,38.54328
724710.0,1109450.9,-384740.88,384740.88,53.088943
550000.0,1244334.0,-694334.0,694334.0,126.24254
600000.0,1181394.4,-581394.4,581394.4,96.89906
600000.0,1623124.2,-1023124.25,1023124.25,170.5207
1160000.0,1436957.5,-276957.5,276957.5,23.875647
920000.0,1447272.0,-527272.0,527272.0,57.312172
1150000.0,1391315.6,-241315.62,241315.62,20.983967
750000.0,1277237.2,-527237.25,527237.25,70.2983
1170000.0,1435441.0,-265441.0,265441.0,22.687265
688000.0,1440493.5,-752493.5,752493.5,109.37406
784000.0,1361466.5,-577466.5,577466.5,73.65644
500000.0,1455629.4,-955629.4,955629.4,191.12587
601000.0,1181394.4,-580394.4,580394.4,96.57144
1501500.0,1295603.8,205896.25,205896.25,13.712704
1176400.0,1349435.4,-173035.38,173035.38,14.70889
700000.0,1266899.0,-566899.0,566899.0,80.98557
1500000.0,1119140.6,380859.38,380859.38,25.390625
760000.0,1238236.5,-478236.5,478236.5,62.925858
9700005.0,1692288.5,8007716.5,8007716.5,82.55374
960000.0,1564638.8,-604638.75,604638.75,62.983204
520000.0,1713522.0,-1193522.0,1193522.0,229.52347
800000.0,1556430.6,-756430.6,756430.6,94.553825
1500000.0,1602643.1,-102643.125,102643.125,6.8428745
1200000.0,1296147.9,-96147.875,96147.875,8.012323
1581600.0,1339531.6,242068.38,242068.38,15.305284
700000.0,1299273.1,-599273.1,599273.1,85.61045
1022000.0,1578348.9,-556348.9,556348.9,54.437267
1050000.0,1416994.8,-366994.75,366994.75,34.95188
788000.0,1193288.9,-405288.88,405288.88,51.4326
1400000.0,1126403.6,273596.38,273596.38,19.542599
454500.0,1590978.8,-1136478.8,1136478.8,250.05032
1911000.0,1383992.5,527007.5,527007.5,27.577576
2865000.0,1317778.9,1547221.1,1547221.1,54.004227
800000.0,1330163.2,-530163.25,530163.25,66.27041
910000.0,1242778.4,-332778.38,332778.38,36.569054
602000.0,1855726.0,-1253726.0,1253726.0,208.26013
567500.0,1167363.0,-599863.0,599863.0,105.702736
580500.0,1848222.5,-1267722.5,1267722.5,218.38458
800000.0,1329436.0,-529436.0,529436.0,66.179504
1600000.0,1563679.2,36320.75,36320.75,2.2700467
960000.0,1426156.5,-466156.5,466156.5,48.55797
1250000.0,1320671.4,-70671.375,70671.375,5.65371
1650000.0,1123814.0,526186.0,526186.0,31.890062
700000.0,1435987.5,-735987.5,735987.5,105.14107
1160000.0,1414726.9,-254726.88,254726.88,21.959213
1100000.0,1491663.0,-391663.0,391663.0,35.60573
1000000.0,1549883.8,-549883.75,549883.75,54.988373
450000.0,1244142.4,-794142.4,794142.4,176.47609
1600000.0,1459314.8,140685.25,140685.25,8.792828
650000.0,1287843.2,-637843.25,637843.25,98.12973
1079400.0,1354710.1,-275310.12,275310.12,25.505846
700000.0,1164850.6,-464850.62,464850.62,66.407234
1200000.0,1315120.0,-115120.0,115120.0,9.593333
950000.0,1347391.1,-397391.12,397391.12,41.830643
1800000.0,1284226.4,515773.62,515773.62,28.654089
1576500.0,1611090.5,-34590.5,34590.5,2.1941326
810000.0,1213468.2,-403468.25,403468.25,49.810894
805000.0,1264677.2,-459677.25,459677.25,57.102764
1000000.0,1539110.2,-539110.25,539110.25,53.911026
1450000.0,1353967.1,96032.875,96032.875,6.6229568
1500000.0,1767428.5,-267428.5,267428.5,17.828568
750000.0,1261692.5,-511692.5,511692.5,68.22566
1000000.0,1248673.1,-248673.12,248673.12,24.867313
1600000.0,1334408.0,265592.0,265592.0,16.5995
550000.0,1529780.4,-979780.4,979780.4,178.14189
600000.0,1360026.2,-760026.25,760026.25,126.67104
810000.0,1390022.5,-580022.5,580022.5,71.60771
2400000.0,1223898.4,1176101.6,1176101.6,49.004234
720000.0,1246353.6,-526353.6,526353.6,73.10467
700000.0,1166290.2,-466290.25,466290.25,66.61289
1150000.0,1727330.4,-577330.4,577330.4,50.202644
620000.0,1268992.6,-648992.6,648992.6,104.67623
1400000.0,1521086.1,-121086.125,121086.125,8.649009
2000000.0,1317758.9,682241.1,682241.1,34.112057
900000.0,1552139.8,-652139.75,652139.75,72.45997
900000.0,1366169.6,-466169.62,466169.62,51.796627
9500000.0,1698307.4,7801692.5,7801692.5,82.12308
800000.0,1140734.6,-340734.62,340734.62,42.591827
800000.0,1319358.4,-519358.38,519358.38,64.9198
600000.0,1185845.4,-585845.4,585845.4,97.6409
1020000.0,1388454.1,-368454.12,368454.12,36.122955
650000.0,1286917.4,-636917.4,636917.4,97.98729
2130000.0,1689715.9,440284.12,440284.12,20.670616
990000.0,1609962.1,-619962.1,619962.1,62.622433
700000.0,1450034.6,-750034.6,750034.6,107.147804
800000.0,1423563.4,-623563.4,623563.4,77.94542
665000.0,1329039.1,-664039.1,664039.1,99.85551
550000.0,1325442.5,-775442.5,775442.5,140.98955
1895000.0,1288738.6,606261.4,606261.4,31.992685
1400000.0,1296217.2,103782.75,103782.75,7.4130535
520000.0,1417005.9,-897005.9,897005.9,172.50113
2652000.0,1308187.2,1343812.8,1343812.8,50.671673
1080000.0,1126381.4,-46381.375,46381.375,4.294572
1050000.0,1271063.9,-221063.88,221063.88,21.053701
1400000.0,1377813.0,22187.0,22187.0,1.5847858
1600000.0,1752835.0,-152835.0,152835.0,9.552188
1000000.0,1430877.9,-430877.88,430877.88,43.087788
650000.0,1131745.6,-481745.62,481745.62,74.11471
1680000.0,1179329.4,500670.62,500670.62,29.801823
1680000.0,1361486.6,318513.38,318513.38,18.95913
1020000.0,1315698.0,-295698.0,295698.0,28.99
1250000.0,1118841.1,131158.88,131158.88,10.49271
1440000.0,1382329.5,57670.5,57670.5,4.0048957
1010000.0,1288797.4,-278797.38,278797.38,27.6037
3037500.0,1145407.5,1892092.5,1892092.5,62.29111
850000.0,1342124.4,-492124.38,492124.38,57.896984
800000.0,1572013.6,-772013.6,772013.6,96.5017
810000.0,1320974.2,-510974.25,510974.25,63.083244
900000.0,1423047.2,-523047.25,523047.25,58.11636
1330000.0,1345182.1,-15182.125,15182.125,1.1415131
960000.0,1254334.1,-294334.12,294334.12,30.659803
800000.0,1651199.5,-851199.5,851199.5,106.39994
650000.0,1262057.9,-612057.9,612057.9,94.16275
1000000.0,1602281.8,-602281.75,602281.75,60.228176
1050000.0,1227363.5,-177363.5,177363.5,16.891762
1216000.0,1597930.6,-381930.62,381930.62,31.40877
700000.0,1592378.2,-892378.25,892378.25,127.482605
1000000.0,1332374.9,-332374.88,332374.88,33.237488
1330000.0,1371608.0,-41608.0,41608.0,3.1284208
810000.0,1295834.0,-485834.0,485834.0,59.979504
840000.0,1334087.1,-494087.12,494087.12,58.819897
750000.0,1221281.8,-471281.75,471281.75,62.837566
2514000.0,1640884.0,873116.0,873116.0,34.730152
620000.0,1043947.0,-423947.0,423947.0,68.37855
1200000.0,1316557.2,-116557.25,116557.25,9.713104
680000.0,1303218.9,-623218.9,623218.9,91.64983
1500000.0,1307804.9,192195.12,192195.12,12.813007
790000.0,1143385.2,-353385.25,353385.25,44.73231
2245000.0,1308783.6,936216.4,936216.4,41.70229
425000.0,1451402.2,-1026402.25,1026402.25,241.50641
1500000.0,1412833.1,87166.875,87166.875,5.811125
800000.0,1283324.4,-483324.38,483324.38,60.415546
870000.0,1142430.2,-272430.25,272430.25,31.313822
650000.0,1223921.9,-573921.9,573921.9,88.29568
400000.0,1353445.0,-953445.0,953445.0,238.36124
600000.0,1124234.2,-524234.25,524234.25,87.372375
800000.0,1408758.2,-608758.25,608758.25,76.09478
700000.0,1161260.9,-461260.88,461260.88,65.89441
1000000.0,1613550.9,-613550.9,613550.9,61.35509
1180000.0,1191588.6,-11588.625,11588.625,0.98208684
1000000.0,1589014.1,-589014.1,589014.1,58.901413
800000.0,1471223.4,-671223.4,671223.4,83.902916
1260000.0,1357691.5,-97691.5,97691.5,7.753294
1200000.0,1780703.4,-580703.4,580703.4,48.39195
1034000.0,1129407.8,-95407.75,95407.75,9.227056
1250000.0,1238943.9,11056.125,11056.125,0.88449
750000.0,1105948.8,-355948.75,355948.75,47.459835
800000.0,1122624.6,-322624.62,322624.62,40.32808
900000.0,1293022.4,-393022.38,393022.38,43.66915
600000.0,1365010.5,-765010.5,765010.5,127.50175
750000.0,1158937.8,-408937.75,408937.75,54.525036
850000.0,1427393.5,-577393.5,577393.5,67.92865
3000000.0,1295730.1,1704269.9,1704269.9,56.809
1450000.0,1303843.2,146156.75,146156.75,10.079776
884500.0,1306066.4,-421566.38,421566.38,47.661545
1000000.0,1749276.8,-749276.75,749276.75,74.92767
1304220.0,1278937.9,25282.125,25282.125,1.9384863
2445000.0,1343073.8,1101926.2,1101926.2,45.068558
645000.0,1715010.2,-1070010.2,1070010.2,165.89307
760000.0,1118809.1,-358809.12,358809.12,47.211727
700000.0,1331498.8,-631498.75,631498.75,90.21411
1734000.0,1602578.2,131421.75,131421.75,7.579109
1260000.0,1487068.6,-227068.62,227068.62,18.02132
1580000.0,1349464.6,230535.38,230535.38,14.590846
1000000.0,1616787.6,-616787.6,616787.6,61.67876
1489600.0,1538561.5,-48961.5,48961.5,3.286889
4700000.0,1301593.1,3398407.0,3398407.0,72.30653
2524000.0,1244509.0,1279491.0,1279491.0,50.692986
1020000.0,1729693.4,-709693.4,709693.4,69.57778
817000.0,1240739.4,-423739.38,423739.38,51.865284
750000.0,1438635.4,-688635.4,688635.4,91.818054
912320.0,1388409.4,-476089.38,476089.38,52.184475
495000.0,1298520.8,-803520.75,803520.75,162.32742
700000.0,1699555.9,-999555.9,999555.9,142.79369
621681.0,1221230.0,-599549.0,599549.0,96.43997
1480000.0,1515269.0,-35269.0,35269.0,2.3830404
518000.0,1273692.6,-755692.6,755692.6,145.88661
600000.0,1220101.9,-620101.9,620101.9,103.35032
790000.0,1120013.5,-330013.5,330013.5,41.77386
720000.0,1660070.5,-940070.5,940070.5,130.56534
2000000.0,1387335.4,612664.6,612664.6,30.633232
411600.0,1611474.0,-1199874.0,1199874.0,291.5146
700000.0,1540384.2,-840384.25,840384.25,120.054886
1020000.0,1357111.4,-337111.38,337111.38,33.050137
1000000.0,1623813.9,-623813.9,623813.9,62.381386
800000.0,1289930.0,-489930.0,489930.0,61.241253
1160000.0,1511345.0,-351345.0,351345.0,30.288363
800000.0,1356332.4,-556332.4,556332.4,69.54155
900000.0,1396167.2,-496167.25,496167.25,55.129696
2000000.0,1313472.1,686527.9,686527.9,34.326393
950000.0,1329756.9,-379756.88,379756.88,39.97441
900000.0,1183493.8,-283493.75,283493.75,31.499306
810000.0,1610567.6,-800567.6,800567.6,98.83551
5158200.0,1568824.1,3589376.0,3589376.0,69.58582
600000.0,1181570.8,-581570.75,581570.75,96.92846
1000000.0,1438500.6,-438500.62,438500.62,43.85006
841600.0,1309447.6,-467847.62,467847.62,55.59026
1200000.0,1195756.0,4244.0,4244.0,0.35366666
1200000.0,1474027.5,-274027.5,274027.5,22.835627
840000.0,1701993.2,-861993.25,861993.25,102.61824
900000.0,1307981.9,-407981.88,407981.88,45.33132
570000.0,1296619.9,-726619.9,726619.9,127.47717
800000.0,1152632.1,-352632.12,352632.12,44.079014
800000.0,1201765.1,-401765.12,401765.12,50.22064
700000.0,1165463.1,-465463.12,465463.12,66.494736
680000.0,1318376.4,-638376.4,638376.4,93.878876
1260000.0,1393457.6,-133457.62,133457.62,10.591875
400000.0,1097098.9,-697098.9,697098.9,174.27472
1000000.0,1358903.4,-358903.38,358903.38,35.89034
700000.0,1118421.6,-418421.62,418421.62,59.774517
1680000.0,1307809.9,372190.12,372190.12,22.154175
588000.0,1345920.6,-757920.6,757920.6,128.89806
680000.0,1235559.8,-555559.75,555559.75,81.69996
1120000.0,1197282.9,-77282.875,77282.875,6.900257
600000.0,1419054.8,-819054.75,819054.75,136.50912
1000000.0,1134771.5,-134771.5,134771.5,13.47715
800000.0,1484771.6,-684771.6,684771.6,85.59645
600000.0,1262960.4,-662960.4,662960.4,110.4934
750000.0,1751582.1,-1001582.1,1001582.1,133.54428
845000.0,1706663.9,-861663.9,861663.9,101.97205
650000.0,1162292.8,-512292.75,512292.75,78.81427
1500000.0,1283490.5,216509.5,216509.5,14.433967
1550000.0,1671868.9,-121868.875,121868.875,7.8625083
550000.0,1353103.6,-803103.6,803103.6,146.01884
2700000.0,1785505.2,914494.75,914494.75,33.870174
1500000.0,1125224.5,374775.5,374775.5,24.985033
720000.0,1123361.8,-403361.75,403361.75,56.022465
1520000.0,1468081.2,51918.75,51918.75,3.415707
750000.0,1308628.2,-558628.25,558628.25,74.483765
1000000.0,1249700.0,-249700.0,249700.0,24.97
750000.0,1742553.2,-992553.25,992553.25,132.34042
680000.0,1229750.9,-549750.9,549750.9,80.84572
1145000.0,1320019.1,-175019.12,175019.12,15.285513
600000.0,1324511.4,-724511.4,724511.4,120.75189
600000.0,1487862.4,-887862.4,887862.4,147.97707
1000000.0,1782958.2,-782958.25,782958.25,78.29583
1800000.0,1304092.4,495907.62,495907.62,27.550423
1176000.0,1399534.9,-223534.88,223534.88,19.008068
940000.0,1401084.1,-461084.12,461084.12,49.051502
1000000.0,1780426.8,-780426.75,780426.75,78.04267
1000000.0,1282519.1,-282519.12,282519.12,28.251913
700000.0,1432089.1,-732089.1,732089.1,104.58416
1200000.0,1286850.5,-86850.5,86850.5,7.2375417
741000.0,1204398.4,-463398.38,463398.38,62.536896
1160000.0,1511199.5,-351199.5,351199.5,30.275818
1200000.0,1312792.9,-112792.875,112792.875,9.399406
600000.0,1248579.1,-648579.1,648579.1,108.09652
600000.0,1338927.6,-738927.6,738927.6,123.1546
1200000.0,1305163.9,-105163.875,105163.875,8.763656
1225000.0,1293532.5,-68532.5,68532.5,5.5944896
2280000.0,1313507.6,966492.4,966492.4,42.390015
825000.0,2076291.4,-1251291.4,1251291.4,151.67168
1347500.0,1180036.2,167463.75,167463.75,12.427737
460000.0,1198008.2,-738008.25,738008.25,160.43657
700000.0,1403058.5,-703058.5,703058.5,100.43693
700000.0,1157841.1,-457841.12,457841.12,65.405876
1440000.0,1452180.1,-12180.125,12180.125,0.84584194
700000.0,1287741.2,-587741.25,587741.25,83.963036
600000.0,1181394.4,-581394.4,581394.4,96.89906
800000.0,1320880.8,-520880.75,520880.75,65.11009
950000.0,1126670.0,-176670.0,176670.0,18.596842
1426000.0,1292933.1,133066.88,133066.88,9.331478
1485000.0,1382401.4,102598.625,102598.625,6.9089985
900000.0,1605724.6,-705724.6,705724.6,78.41385
800000.0,1827771.4,-1027771.4,1027771.4,128.47142
3150000.0,1334465.4,1815534.6,1815534.6,57.636024
800000.0,1609610.4,-809610.4,809610.4,101.201294
1350000.0,1837323.2,-487323.25,487323.25,36.09802
780000.0,1324831.0,-544831.0,544831.0,69.85013
793000.0,1419252.0,-626252.0,626252.0,78.9725
900000.0,1774006.5,-874006.5,874006.5,97.11183
1560000.0,1250831.0,309169.0,309169.0,19.818525
500000.0,1413067.9,-913067.9,913067.9,182.61357
2400000.0,1340744.1,1059255.9,1059255.9,44.135662
750000.0,1247984.8,-497984.75,497984.75,66.397964
9000000.0,1905355.0,7094645.0,7094645.0,78.82939
885600.0,1438380.5,-552780.5,552780.5,62.418755
1131000.0,1375930.5,-244930.5,244930.5,21.656101
1221000.0,1110582.6,110417.375,110417.375,9.043192
2472500.0,1307452.2,1165047.8,1165047.8,47.12023
950000.0,1387210.5,-437210.5,437210.5,46.02216
1400000.0,1394651.2,5348.75,5348.75,0.38205358
900000.0,1128186.5,-228186.5,228186.5,25.354055
400000.0,1190069.2,-790069.25,790069.25,197.51732
800000.0,1148454.5,-348454.5,348454.5,43.556812
1800000.0,1690435.6,109564.375,109564.375,6.08691
800000.0,1154532.4,-354532.38,354532.38,44.316547
2198415.0,1183362.9,1015052.1,1015052.1,46.171997
1130000.0,1320519.6,-190519.62,190519.62,16.860144
927500.0,1304389.0,-376889.0,376889.0,40.634933
1500000.0,1430812.1,69187.875,69187.875,4.612525
1020000.0,1285127.9,-265127.88,265127.88,25.99293
1220000.0,1478890.4,-258890.38,258890.38,21.220524
1400000.0,1290287.8,109712.25,109712.25,7.8365893
1200000.0,1315707.6,-115707.625,115707.625,9.6423025
760000.0,1155931.2,-395931.25,395931.25,52.09622
9000000.0,1169328.8,7830671.0,7830671.0,87.007454
1500000.0,1646283.2,-146283.25,146283.25,9.752217
588000.0,1466053.0,-878053.0,878053.0,149.32875
600000.0,1345059.4,-745059.4,745059.4,124.17656
710000.0,1149883.6,-439883.62,439883.62,61.95544
1240000.0,1335958.5,-95958.5,95958.5,7.738589
700000.0,1655878.2,-955878.25,955878.25,136.55403
1250000.0,1484013.5,-234013.5,234013.5,18.72108
550000.0,1042927.5,-492927.5,492927.5,89.623184
810000.0,1410529.9,-600529.9,600529.9,74.139496
2160000.0,1360124.8,799875.25,799875.25,37.03126
565000.0,1314814.2,-749814.25,749814.25,132.7105
800000.0,1147212.5,-347212.5,347212.5,43.40156
450000.0,1312745.5,-862745.5,862745.5,191.72122
2091500.0,1318449.2,773050.75,773050.75,36.961548
1500000.0,1362449.0,137551.0,137551.0,9.170067
578300.0,1134232.0,-555932.0,555932.0,96.13211
800000.0,1116632.8,-316632.75,316632.75,39.579094
1050000.0,1300939.8,-250939.75,250939.75,23.899023
607500.0,1348885.5,-741385.5,741385.5,122.03877
888000.0,1167932.0,-279932.0,279932.0,31.523874
940000.0,1135846.8,-195846.75,195846.75,20.83476
1500000.0,1104310.1,395689.88,395689.88,26.379326
1000000.0,1389232.8,-389232.75,389232.75,38.923275
700000.0,1282876.9,-582876.9,582876.9,83.26813
1600000.0,1294356.5,305643.5,305643.5,19.10272
700000.0,1115283.0,-415283.0,415283.0,59.32614
500000.0,1124304.8,-624304.75,624304.75,124.860954
2427150.0,1363342.4,1063807.6,1063807.6,43.8295
2000000.0,1631755.6,368244.38,368244.38,18.412218
1424150.0,1900837.5,-476687.5,476687.5,33.47172
724710.0,1348715.1,-624005.1,624005.1,86.10411
1500000.0,1368486.1,131513.88,131513.88,8.767591
600000.0,1137041.2,-537041.25,537041.25,89.506874
650000.0,1619471.1,-969471.1,969471.1,149.1494
1800000.0,1109168.5,690831.5,690831.5,38.379528
500000.0,1150595.1,-650595.1,650595.1,130.11902
1500000.0,1589171.2,-89171.25,89171.25,5.9447503
650000.0,1132031.0,-482031.0,482031.0,74.158615
1500000.0,1176012.5,323987.5,323987.5,21.599167
1180000.0,1222682.9,-42682.875,42682.875,3.6171927
1510000.0,1262668.9,247331.12,247331.12,16.379543
500000.0,1270482.8,-770482.75,770482.75,154.09656
1130000.0,1346915.9,-216915.88,216915.88,19.196095
700000.0,1289220.9,-589220.9,589220.9,84.174416
500000.0,1366636.8,-866636.75,866636.75,173.32735
1200000.0,1254158.0,-54158.0,54158.0,4.513167
1500000.0,1288385.6,211614.38,211614.38,14.107625
650000.0,1083270.6,-433270.62,433270.62,66.65702
670000.0,1479370.8,-809370.75,809370.75,120.801605
1290000.0,1319999.4,-29999.375,29999.375,2.325533
800000.0,1336842.5,-536842.5,536842.5,67.10531
750000.0,1181394.4,-431394.38,431394.38,57.519253
1200000.0,1618744.9,-418744.88,418744.88,34.895405
540000.0,1309377.4,-769377.4,769377.4,142.47728
800000.0,1328438.0,-528438.0,528438.0,66.05475
745000.0,1828890.2,-1083890.2,1083890.2,145.48862
1500000.0,1281088.8,218911.25,218911.25,14.594084
720000.0,1126075.0,-406075.0,406075.0,56.399303
700000.0,1170253.2,-470253.25,470253.25,67.17904
1550000.0,1225998.5,324001.5,324001.5,20.903322
940000.0,1118815.4,-178815.38,178815.38,19.022911
600000.0,1357662.0,-757662.0,757662.0,126.27701
800000.0,1154792.8,-354792.75,354792.75,44.349094
620000.0,1235929.2,-615929.25,615929.25,99.34342
1750000.0,1109993.2,640006.75,640006.75,36.571815
800000.0,1327571.1,-527571.1,527571.1,65.94639
1200000.0,1602578.2,-402578.25,402578.25,33.548187
695000.0,1391963.6,-696963.6,696963.6,100.28254
2000000.0,1352426.0,647574.0,647574.0,32.3787
1450000.0,1103186.6,346813.38,346813.38,23.918163
800000.0,1427501.1,-627501.1,627501.1,78.43764
705000.0,1165758.8,-460758.75,460758.75,65.35585
1500000.0,1513448.5,-13448.5,13448.5,0.8965666
900000.0,1314747.1,-414747.12,414747.12,46.083015
970800.0,1268146.1,-297346.12,297346.12,30.628979
850000.0,1368888.5,-518888.5,518888.5,61.045708
1052400.0,1376689.1,-324289.12,324289.12,30.814245
980000.0,1288048.4,-308048.38,308048.38,31.433508
580000.0,1491417.4,-911417.4,911417.4,157.14093
645750.0,1340117.8,-694367.75,694367.75,107.52888
1200000.0,1284761.9,-84761.875,84761.875,7.0634894
980000.0,1347898.2,-367898.25,367898.25,37.540638
700000.0,1287741.2,-587741.25,587741.25,83.963036
700000.0,1348233.2,-648233.25,648233.25,92.60475
700000.0,1326706.2,-626706.25,626706.25,89.529465
793000.0,1181394.4,-388394.38,388394.38,48.97785
780000.0,1465174.5,-685174.5,685174.5,87.84288
500000.0,1181394.4,-681394.4,681394.4,136.27888
2430000.0,1287816.0,1142184.0,1142184.0,47.003456
1500000.0,1122528.6,377471.38,377471.38,25.164759
800000.0,1276222.9,-476222.88,476222.88,59.527863
800000.0,1208700.6,-408700.62,408700.62,51.087578
1223200.0,1540638.1,-317438.12,317438.12,25.951448
650000.0,1246283.5,-596283.5,596283.5,91.73592
300000.0,1290939.4,-990939.4,990939.4,330.31314
620000.0,1480395.9,-860395.9,860395.9,138.77353
700000.0,1120954.4,-420954.38,420954.38,60.13634
768000.0,1389968.2,-621968.25,621968.25,80.98545
700000.0,1185710.4,-485710.38,485710.38,69.3872
1200000.0,1427297.8,-227297.75,227297.75,18.941479
400000.0,1551812.2,-1151812.2,1151812.2,287.95306
570000.0,1236369.9,-666369.9,666369.9,116.907
600000.0,1679076.1,-1079076.1,1079076.1,179.84602
1000000.0,1489017.6,-489017.62,489017.62,48.901764
2068000.0,1205954.0,862046.0,862046.0,41.68501
760000.0,1364960.4,-604960.4,604960.4,79.60005
1600000.0,2226437.2,-626437.25,626437.25,39.15233
2700000.0,1614071.1,1085928.9,1085928.9,40.219585
1000000.0,1428805.1,-428805.12,428805.12,42.880512
1000000.0,1533375.9,-533375.9,533375.9,53.337585
1600000.0,1262944.6,337055.38,337055.38,21.06596
580000.0,1282910.1,-702910.1,702910.1,121.19141
580500.0,1776150.1,-1195650.1,1195650.1,205.96902
840000.0,1392524.2,-552524.25,552524.25,65.776695
580500.0,1316932.4,-736432.4,736432.4,126.86174
1200000.0,1534155.5,-334155.5,334155.5,27.846292
600000.0,1793873.9,-1193873.9,1193873.9,198.97899
820000.0,1295464.1,-475464.12,475464.12,57.98343
1550000.0,1316812.8,233187.25,233187.25,15.044339
705000.0,1269919.6,-564919.6,564919.6,80.13045
850000.0,1120214.6,-270214.62,270214.62,31.789955
950000.0,1121409.6,-171409.62,171409.62,18.04312
520000.0,1705343.4,-1185343.4,1185343.4,227.95064
550000.0,1431709.2,-881709.25,881709.25,160.31078
1000000.0,1304285.4,-304285.38,304285.38,30.428537
2000000.0,1932602.2,67397.75,67397.75,3.3698876
380000.0,1392856.9,-1012856.9,1012856.9,266.5413
720000.0,1339621.2,-619621.25,619621.25,86.05851
800000.0,1373941.0,-573941.0,573941.0,71.74262
1060000.0,1334649.4,-274649.38,274649.38,25.910318
1150000.0,1267723.6,-117723.625,117723.625,10.236837
1300000.0,1318540.8,-18540.75,18540.75,1.4262116
800000.0,1491625.6,-691625.6,691625.6,86.45321
628000.0,1225172.6,-597172.6,597172.6,95.09118
1600000.0,1301503.9,298496.12,298496.12,18.656008
588500.0,1181394.4,-592894.4,592894.4,100.746704
1000000.0,1343842.0,-343842.0,343842.0,34.3842
700000.0,1344615.8,-644615.75,644615.75,92.08797
1250000.0,1318087.6,-68087.625,68087.625,5.44701
950000.0,1350539.5,-400539.5,400539.5,42.162052
790000.0,1294311.8,-504311.75,504311.75,63.836933
900000.0,1300388.5,-400388.5,400388.5,44.48761
800000.0,1637085.0,-837085.0,837085.0,104.63562
900000.0,1286432.8,-386432.75,386432.75,42.936974
1109200.0,1173552.9,-64352.875,64352.875,5.801738
1280000.0,1116441.0,163559.0,163559.0,12.778047
900000.0,1366572.8,-466572.75,466572.75,51.841415
1450000.0,1319530.1,130469.875,130469.875,8.997922
1200000.0,1425862.2,-225862.25,225862.25,18.821856
2000000.0,1118637.8,881362.25,881362.25,44.06811
770000.0,1354416.9,-584416.9,584416.9,75.89829
1100000.0,1295443.4,-195443.38,195443.38,17.76758
900000.0,1111211.8,-211211.75,211211.75,23.467974
900000.0,1408888.8,-508888.75,508888.75,56.543194
650000.0,1104812.9,-454812.88,454812.88,69.97121
800000.0,1297455.5,-497455.5,497455.5,62.18194
800000.0,1275321.1,-475321.12,475321.12,59.41514
1650000.0,1503711.4,146288.62,146288.62,8.865977
700000.0,1513722.2,-813722.25,813722.25,116.24603
800000.0,1244040.2,-444040.25,444040.25,55.50503
1350000.0,1122057.6,227942.38,227942.38,16.88462
600000.0,1320264.4,-720264.4,720264.4,120.04407
1700000.0,1406618.0,293382.0,293382.0,17.257765
1400000.0,1332191.1,67808.875,67808.875,4.843491
1000000.0,1464749.5,-464749.5,464749.5,46.47495
850000.0,1296632.0,-446632.0,446632.0,52.54494
720000.0,1097969.0,-377969.0,377969.0,52.495693
1350000.0,1236624.6,113375.375,113375.375,8.398176
600000.0,1128511.8,-528511.75,528511.75,88.0853
841000.0,1184068.8,-343068.75,343068.75,40.792953
1000000.0,1383993.0,-383993.0,383993.0,38.3993
600000.0,1737820.4,-1137820.4,1137820.4,189.63673
780000.0,1421878.6,-641878.6,641878.6,82.29214
800000.0,1224706.0,-424706.0,424706.0,53.08825
1000000.0,1344339.0,-344339.0,344339.0,34.433903
1650000.0,1322294.5,327705.5,327705.5,19.860939
1200000.0,1217139.0,-17139.0,17139.0,1.4282501
5304000.0,1124095.1,4179905.0,4179905.0,78.806656
600000.0,1143508.4,-543508.4,543508.4,90.58473
640000.0,1513448.5,-873448.5,873448.5,136.47632
1810000.0,1167515.9,642484.1,642484.1,35.49636
1100000.0,1142930.2,-42930.25,42930.25,3.90275
1500000.0,1313731.6,186268.38,186268.38,12.4178915
1000000.0,1365495.5,-365495.5,365495.5,36.54955
1900000.0,1132551.2,767448.75,767448.75,40.392036
600000.0,1586427.8,-986427.75,986427.75,164.40463
1092000.0,1232329.6,-140329.62,140329.62,12.850698
700000.0,1201336.8,-501336.75,501336.75,71.61954
1000000.0,1316855.4,-316855.38,316855.38,31.685537
1200000.0,1266783.0,-66783.0,66783.0,5.56525
1350000.0,1156912.5,193087.5,193087.5,14.302778
600000.0,1150434.6,-550434.6,550434.6,91.739105
500000.0,1211376.4,-711376.4,711376.4,142.27527
400000.0,1297095.6,-897095.6,897095.6,224.2739
909200.0,1445526.8,-536326.75,536326.75,58.988865
4500000.0,1340180.4,3159819.5,3159819.5,70.21821
3430930.0,1228080.2,2202849.8,2202849.8,64.20562
632000.0,1141455.4,-509455.38,509455.38,80.61002
642800.0,1238275.6,-595475.6,595475.6,92.63778
2690000.0,1849232.0,840768.0,840768.0,31.255318
400000.0,1348462.1,-948462.1,948462.1,237.11552
1000000.0,1535831.5,-535831.5,535831.5,53.583153
1230000.0,1191632.5,38367.5,38367.5,3.119309
600000.0,1613121.0,-1013121.0,1013121.0,168.8535
730000.0,1305470.9,-575470.9,575470.9,78.83163
1000000.0,1785667.1,-785667.1,785667.1,78.56671
650000.0,1305156.6,-655156.6,655156.6,100.79333
2680000.0,1307452.2,1372547.8,1372547.8,51.21447
700000.0,1412809.6,-712809.6,712809.6,101.82995
2160000.0,1333780.9,826219.1,826219.1,38.250885
570000.0,1665389.0,-1095389.0,1095389.0,192.17351
630000.0,1920464.8,-1290464.8,1290464.8,204.83568
2000000.0,1219695.8,780304.25,780304.25,39.015213
370000.0,1421303.0,-1051303.0,1051303.0,284.13593
720000.0,1099075.0,-379075.0,379075.0,52.649307
1080000.0,1316486.2,-236486.25,236486.25,21.896875
1456000.0,1650338.1,-194338.12,194338.12,13.347399
1200000.0,1355671.9,-155671.88,155671.88,12.972656
900000.0,1639254.4,-739254.4,739254.4,82.13937
625000.0,1321687.6,-696687.6,696687.6,111.47002
1340000.0,1759445.5,-419445.5,419445.5,31.301903
700000.0,1438412.1,-738412.1,738412.1,105.48744
1000000.0,1308852.9,-308852.88,308852.88,30.885288
1200000.0,1297284.8,-97284.75,97284.75,8.107062
950000.0,1365301.0,-415301.0,415301.0,43.715893
1800000.0,2061374.6,-261374.62,261374.62,14.520812
1160000.0,1391152.5,-231152.5,231152.5,19.926939
1000000.0,1278987.9,-278987.88,278987.88,27.898788
900000.0,1386806.1,-486806.12,486806.12,54.08957
1100000.0,1119290.2,-19290.25,19290.25,1.7536591
500000.0,1315848.5,-815848.5,815848.5,163.16971
1652800.0,1337323.0,315477.0,315477.0,19.087427
655500.0,1310879.9,-655379.9,655379.9,99.981674
860000.0,1595870.9,-735870.9,735870.9,85.56638
1350000.0,1430440.9,-80440.875,80440.875,5.9585834
1800000.0,1381902.4,418097.62,418097.62,23.227646
630000.0,1296950.0,-666950.0,666950.0,105.86508
900000.0,1286845.9,-386845.88,386845.88,42.982876
880000.0,1260512.8,-380512.75,380512.75,43.240086
810000.0,1298793.8,-488793.75,488793.75,60.344906
630000.0,1396651.2,-766651.25,766651.25,121.69068
3408000.0,1318054.5,2089945.5,2089945.5,61.32469
650000.0,1474036.0,-824036.0,824036.0,126.774765
770000.0,1156303.4,-386303.38,386303.38,50.16927
510000.0,1260675.5,-750675.5,750675.5,147.19127
1096000.0,1302686.8,-206686.75,206686.75,18.85828
720000.0,1381717.4,-661717.4,661717.4,91.90519
414000.0,1630272.8,-1216272.8,1216272.8,293.7857
765000.0,1126036.1,-361036.12,361036.12,47.194263
1780000.0,1332414.5,447585.5,447585.5,25.145254
1150000.0,1222084.0,-72084.0,72084.0,6.268174
800000.0,1613924.8,-813924.75,813924.75,101.7406
850000.0,1343315.6,-493315.62,493315.62,58.037132
1040000.0,1295545.8,-255545.75,255545.75,24.571707
766800.0,1267186.9,-500386.88,500386.88,65.25651
2040000.0,1379225.1,660774.9,660774.9,32.390926
2160000.0,1215920.6,944079.4,944079.4,43.70738
1200000.0,1309511.4,-109511.375,109511.375,9.125948
944000.0,1227100.4,-283100.38,283100.38,29.989445
800000.0,1278373.5,-478373.5,478373.5,59.796684
700000.0,1281845.2,-581845.25,581845.25,83.12075
1500000.0,1674423.2,-174423.25,174423.25,11.628217
1200000.0,1279580.8,-79580.75,79580.75,6.631729
860000.0,1300230.4,-440230.38,440230.38,51.18958
1300000.0,1145561.5,154438.5,154438.5,11.879885
970000.0,1315481.6,-345481.62,345481.62,35.616665
1200000.0,1353269.1,-153269.12,153269.12,12.772428
1052000.0,1109385.5,-57385.5,57385.5,5.4548955
572000.0,1269839.9,-697839.9,697839.9,121.99998
1245136.0,1421643.6,-176507.62,176507.62,14.175771
1250000.0,1110300.4,139699.62,139699.62,11.17597
1000000.0,1331015.9,-331015.88,331015.88,33.10159
800000.0,1301403.2,-501403.25,501403.25,62.675404
700000.0,1287741.2,-587741.25,587741.25,83.963036
710000.0,1339873.1,-629873.1,629873.1,88.71452
800000.0,1248579.1,-448579.12,448579.12,56.07239
650000.0,1174139.0,-524139.0,524139.0,80.63677
1140000.0,1135717.9,4282.125,4282.125,0.375625
2500000.0,1294630.0,1205370.0,1205370.0,48.214798
1575000.0,1313679.2,261320.75,261320.75,16.591793
500000.0,1377404.8,-877404.75,877404.75,175.48096
1300000.0,1311047.4,-11047.375,11047.375,0.849798
2875000.0,1128969.4,1746030.6,1746030.6,60.7315
960000.0,1533802.9,-573802.9,573802.9,59.771133
800000.0,1584216.2,-784216.25,784216.25,98.02703
910000.0,1351866.2,-441866.25,441866.25,48.55673
945000.0,1304720.0,-359720.0,359720.0,38.06561
976000.0,1340237.4,-364237.38,364237.38,37.319405
800000.0,1627880.9,-827880.9,827880.9,103.48511
1800000.0,1110294.6,689705.4,689705.4,38.316963
863200.0,1310223.8,-447023.75,447023.75,51.78681
1170000.0,1426261.0,-256261.0,256261.0,21.902649
500000.0,1804696.8,-1304696.8,1304696.8,260.93936
890000.0,1290722.1,-400722.12,400722.12,45.02496
1080000.0,1145407.5,-65407.5,65407.5,6.05625
700000.0,1296689.2,-596689.25,596689.25,85.241325
500000.0,1676550.6,-1176550.6,1176550.6,235.31012
2635000.0,1307185.8,1327814.2,1327814.2,50.39143
550000.0,1637840.6,-1087840.6,1087840.6,197.7892
400000.0,1205354.5,-805354.5,805354.5,201.33862
1150000.0,1128097.8,21902.25,21902.25,1.9045435
1160000.0,1308172.1,-148172.12,148172.12,12.7734585
700000.0,1664292.5,-964292.5,964292.5,137.75607
1050000.0,1118416.6,-68416.625,68416.625,6.5158687
600000.0,1249860.2,-649860.25,649860.25,108.31004
935600.0,1157931.9,-222331.88,222331.88,23.763561
800000.0,1103987.6,-303987.62,303987.62,37.99845
700000.0,1368509.0,-668509.0,668509.0,95.50129
950000.0,1365301.0,-415301.0,415301.0,43.715893
900000.0,1418837.2,-518837.25,518837.25,57.648582
500000.0,1130829.2,-630829.25,630829.25,126.165855
1295000.0,1863794.4,-568794.4,568794.4,43.922348
1600000.0,1598795.5,1204.5,1204.5,0.07528125
950000.0,1270753.1,-320753.12,320753.12,33.763485
400000.0,1326011.5,-926011.5,926011.5,231.50287
1000000.0,1418688.4,-418688.38,418688.38,41.86884
600000.0,1694537.5,-1094537.5,1094537.5,182.42291
1200000.0,1271749.2,-71749.25,71749.25,5.9791045
500000.0,1606794.2,-1106794.2,1106794.2,221.35884
720000.0,1233798.9,-513798.88,513798.88,71.360954
450000.0,1407120.5,-957120.5,957120.5,212.69345
500000.0,1563105.6,-1063105.6,1063105.6,212.62112
1350000.0,1295359.4,54640.625,54640.625,4.047454
500000.0,1156109.0,-656109.0,656109.0,131.2218
1150000.0,1313753.8,-163753.75,163753.75,14.239457
720000.0,1548193.0,-828193.0,828193.0,115.02681
800000.0,1174947.0,-374947.0,374947.0,46.868374
700000.0,1409198.8,-709198.75,709198.75,101.3141
850000.0,1715966.9,-865966.9,865966.9,101.87845
1055000.0,1111850.9,-56850.875,56850.875,5.3887086
900000.0,1420481.1,-520481.12,520481.12,57.831234
450000.0,1206120.2,-756120.25,756120.25,168.02672
820000.0,1111070.2,-291070.25,291070.25,35.496372
1146375.0,1862435.0,-716060.0,716060.0,62.46298
335000.0,1145467.1,-810467.1,810467.1,241.93048
1400000.0,1431379.1,-31379.125,31379.125,2.241366
960000.0,1332131.6,-372131.62,372131.62,38.76371
1520000.0,1313454.0,206546.0,206546.0,13.588552
650000.0,1848583.1,-1198583.1,1198583.1,184.3974
1465000.0,1437355.9,27644.125,27644.125,1.8869709
810000.0,1296044.5,-486044.5,486044.5,60.005493
630000.0,1606187.4,-976187.4,976187.4,154.95038
1000000.0,1325484.8,-325484.75,325484.75,32.548477
550000.0,1445990.1,-895990.1,895990.1,162.90729
1850000.0,1599422.5,250577.5,250577.5,13.544729
908000.0,1384655.4,-476655.38,476655.38,52.495087
850000.0,1320544.1,-470544.12,470544.12,55.35813
1056000.0,1571334.4,-515334.38,515334.38,48.800602
998000.0,1498675.6,-500675.62,500675.62,50.1679
1520000.0,1351780.6,168219.38,168219.38,11.067064
935000.0,1167581.8,-232581.75,232581.75,24.875053
600000.0,1325309.4,-725309.4,725309.4,120.884895
3278000.0,1420605.2,1857394.8,1857394.8,56.66244
1720000.0,1167515.9,552484.1,552484.1,32.12117
850000.0,1179346.6,-329346.62,329346.62,38.746662
700000.0,1045839.1,-345839.12,345839.12,49.40559
1200000.0,1320672.4,-120672.375,120672.375,10.056031
500000.0,1458267.1,-958267.1,958267.1,191.65343
500000.0,1259733.4,-759733.4,759733.4,151.94667
993600.0,1482924.0,-489324.0,489324.0,49.247585
1200000.0,1371978.6,-171978.62,171978.62,14.3315525
955000.0,1190937.5,-235937.5,235937.5,24.705498
1200000.0,1156072.0,43928.0,43928.0,3.6606665
1717440.0,1700857.8,16582.25,16582.25,0.9655214
1600000.0,1333257.4,266742.62,266742.62,16.671415
1200000.0,1345571.0,-145571.0,145571.0,12.130917
825000.0,1225935.1,-400935.12,400935.12,48.598198
1455000.0,1327004.2,127995.75,127995.75,8.796959
700000.0,1427983.2,-727983.25,727983.25,103.99761
1920000.0,1195766.0,724234.0,724234.0,37.720524
670000.0,1348233.2,-678233.25,678233.25,101.22884
900000.0,1400016.0,-500016.0,500016.0,55.557335
1100000.0,1181394.4,-81394.375,81394.375,7.399489
900000.0,1140855.2,-240855.25,240855.25,26.761696
600000.0,1680015.1,-1080015.1,1080015.1,180.00252
2705611.0,1336450.4,1369160.6,1369160.6,50.604485
883000.0,1181394.4,-298394.38,298394.38,33.793247
642000.0,1235559.8,-593559.75,593559.75,92.45479
550000.0,1234633.8,-684633.75,684633.75,124.47887
650000.0,1135951.9,-485951.88,485951.88,74.761826
1600000.0,1381448.1,218551.88,218551.88,13.6594925
2500000.0,1525688.4,974311.6,974311.6,38.972466
1050000.0,1316305.9,-266305.88,266305.88,25.362465
2205000.0,1215920.6,989079.4,989079.4,44.85621
850000.0,1313737.0,-463737.0,463737.0,54.557293
3696000.0,1393399.1,2302601.0,2302601.0,62.299812
800000.0,1280836.6,-480836.62,480836.62,60.10458
1157000.0,1315469.8,-158469.75,158469.75,13.696608
660000.0,1140032.2,-480032.25,480032.25,72.732155
800000.0,1599973.4,-799973.4,799973.4,99.99667
1042000.0,1189979.9,-147979.88,147979.88,14.201524
1500000.0,1260664.0,239336.0,239336.0,15.955732
61250000.0,3005472.8,58244530.0,58244530.0,95.09311
1000000.0,1271390.6,-271390.62,271390.62,27.139061
500000.0,1382528.8,-882528.75,882528.75,176.50574
830000.0,1711977.0,-881977.0,881977.0,106.26229
1300000.0,1355094.2,-55094.25,55094.25,4.238019
669200.0,1321167.2,-651967.25,651967.25,97.42487
700000.0,1254383.5,-554383.5,554383.5,79.19765
1320000.0,1350597.4,-30597.375,30597.375,2.317983
7200000.0,1221098.8,5978901.0,5978901.0,83.04029
2130000.0,1443442.6,686557.4,686557.4,32.232742
875000.0,1328007.4,-453007.38,453007.38,51.772274
1485000.0,1280527.4,204472.62,204472.62,13.7692
1000000.0,1743458.9,-743458.9,743458.9,74.34589
1170000.0,1381078.8,-211078.75,211078.75,18.04092
712000.0,1623244.5,-911244.5,911244.5,127.98377
2400000.0,1329949.8,1070050.2,1070050.2,44.585426
612500.0,1317153.6,-704653.6,704653.6,115.04549
800000.0,1154596.1,-354596.12,354596.12,44.324512
750000.0,1043872.75,-293872.75,293872.75,39.183033
710000.0,1169596.6,-459596.62,459596.62,64.73192
800000.0,1531623.4,-731623.4,731623.4,91.45292
625000.0,1321687.6,-696687.6,696687.6,111.47002
1200000.0,1255506.8,-55506.75,55506.75,4.6255627
718000.0,1155645.9,-437645.88,437645.88,60.95346
1100000.0,1452669.1,-352669.12,352669.12,32.06083
1000000.0,1598280.4,-598280.4,598280.4,59.828037
1635000.0,1855927.8,-220927.75,220927.75,13.512402
2100000.0,1344445.2,755554.75,755554.75,35.978798
900000.0,1451025.6,-551025.6,551025.6,61.225067
1000000.0,1111649.4,-111649.375,111649.375,11.164937
630000.0,1947635.9,-1317635.9,1317635.9,209.14854
750000.0,1559522.0,-809522.0,809522.0,107.936264
1500000.0,1121340.0,378660.0,378660.0,25.244001
1200000.0,1340097.4,-140097.38,140097.38,11.674781
1985647.0,1502656.8,482990.25,482990.25,24.324074
1100000.0,1405304.9,-305304.88,305304.88,27.75499
900000.0,1307615.4,-407615.38,407615.38,45.2906
1331880.0,1432885.9,-101005.875,101005.875,7.583707
1015000.0,1262352.9,-247352.88,247352.88,24.369741
1065000.0,2070555.6,-1005555.6,1005555.6,94.41837
1006000.0,1181394.4,-175394.38,175394.38,17.434828
757500.0,1156344.4,-398844.38,398844.38,52.65272
1000000.0,1346646.9,-346646.88,346646.88,34.66469
810000.0,1274888.8,-464888.75,464888.75,57.39367
1550000.0,1418698.4,131301.62,131301.62,8.471072
1110000.0,1296884.8,-186884.75,186884.75,16.836464
1000000.0,1439545.1,-439545.12,439545.12,43.954514
1200000.0,1317070.9,-117070.875,117070.875,9.755906
600000.0,1293716.5,-693716.5,693716.5,115.61942
1000000.0,1813779.6,-813779.6,813779.6,81.37797
1729000.0,1196929.4,532070.6,532070.6,30.773315
950000.0,1194968.6,-244968.62,244968.62,25.786171
950000.0,1327605.8,-377605.75,377605.75,39.747974
1700000.0,1138380.1,561619.9,561619.9,33.036465
700000.0,1778210.4,-1078210.4,1078210.4,154.03004
1250000.0,1328034.5,-78034.5,78034.5,6.2427597
600000.0,1348233.2,-748233.25,748233.25,124.70554
1200000.0,1892801.1,-692801.1,692801.1,57.73343
1050000.0,1296637.2,-246637.25,246637.25,23.489262
1300000.0,1332124.6,-32124.625,32124.625,2.471125
893000.0,1610057.6,-717057.6,717057.6,80.29761
941000.0,1294281.4,-353281.38,353281.38,37.543186
1015000.0,1565375.6,-550375.6,550375.6,54.224197
1250000.0,1161461.4,88538.625,88538.625,7.08309
700000.0,983616.44,-283616.44,283616.44,40.516632
950000.0,1302385.5,-352385.5,352385.5,37.09321
600000.0,1009955.9,-409955.88,409955.88,68.32598
996000.0,1322692.2,-326692.25,326692.25,32.800426
750000.0,1400818.9,-650818.9,650818.9,86.77585
720000.0,1218769.4,-498769.38,498769.38,69.27353
1350000.0,1306832.6,43167.375,43167.375,3.1975832
788000.0,1168570.2,-380570.25,380570.25,48.29572
2000000.0,1592615.4,407384.62,407384.62,20.369232
1050000.0,1427761.6,-377761.62,377761.62,35.9773
900000.0,1307423.5,-407423.5,407423.5,45.26928
1050000.0,1279563.6,-229563.62,229563.62,21.863203
900000.0,1273091.5,-373091.5,373091.5,41.45461
720000.0,1359088.5,-639088.5,639088.5,88.76229
800000.0,1285396.5,-485396.5,485396.5,60.67456
2000000.0,1325339.6,674660.4,674660.4,33.73302
750000.0,1181394.4,-431394.38,431394.38,57.519253
800000.0,1357883.4,-557883.4,557883.4,69.73542
750000.0,1181394.4,-431394.38,431394.38,57.519253
1940000.0,1224648.1,715351.9,715351.9,36.87381
1200000.0,1389207.4,-189207.38,189207.38,15.767281
1000000.0,1306871.0,-306871.0,306871.0,30.6871
800000.0,1137653.4,-337653.38,337653.38,42.206673
800000.0,1230494.2,-430494.25,430494.25,53.811783
1000000.0,1896863.9,-896863.9,896863.9,89.686386
900000.0,1614960.2,-714960.25,714960.25,79.440025
1500000.0,1319487.9,180512.12,180512.12,12.034142
1280000.0,1295968.4,-15968.375,15968.375,1.2475293
700000.0,1199779.8,-499779.75,499779.75,71.39711
620000.0,1235053.2,-615053.25,615053.25,99.20214
1450000.0,1264147.6,185852.38,185852.38,12.817405
1035000.0,1253333.8,-218333.75,218333.75,21.095047
1500000.0,1303605.1,196394.88,196394.88,13.092992
890000.0,1153274.8,-263274.75,263274.75,29.581434
600000.0,1280155.4,-680155.4,680155.4,113.35922
600000.0,1558254.6,-958254.6,958254.6,159.7091
1060000.0,1217434.6,-157434.62,157434.62,14.852323
864000.0,1347451.6,-483451.62,483451.62,55.955048
864000.0,1367436.0,-503436.0,503436.0,58.26806
800000.0,1118421.6,-318421.62,318421.62,39.802704
1600000.0,1556143.9,43856.125,43856.125,2.7410078
688000.0,1458672.8,-770672.75,770672.75,112.01639
6450000.0,1959239.0,4490761.0,4490761.0,69.62421
2900000.0,1285064.8,1614935.2,1614935.2,55.68742
1644000.0,1265597.9,378402.12,378402.12,23.01716
1580000.0,1389137.6,190862.38,190862.38,12.079898
1000000.0,1625944.4,-625944.4,625944.4,62.594437
1152000.0,1537306.2,-385306.25,385306.25,33.446724
600000.0,1450790.6,-850790.6,850790.6,141.79843
970000.0,1256921.0,-286921.0,286921.0,29.579485
1800000.0,1211250.9,588749.1,588749.1,32.708282
1235000.0,1242340.1,-7340.125,7340.125,0.5943421
1160000.0,1151593.4,8406.625,8406.625,0.72470903
1760000.0,1592297.5,167702.5,167702.5,9.528551
700000.0,1209263.8,-509263.75,509263.75,72.75196
850000.0,1306705.4,-456705.38,456705.38,53.730045
670000.0,1562290.6,-892290.6,892290.6,133.1777
1287458.0,1431258.5,-143800.5,143800.5,11.169335
880000.0,1282430.6,-402430.62,402430.62,45.73075
1005000.0,1317379.1,-312379.12,312379.12,31.082499
516000.0,1260055.4,-744055.4,744055.4,144.19678
1010000.0,1724033.5,-714033.5,714033.5,70.69638
1160000.0,1406098.0,-246098.0,246098.0,21.215345
2400000.0,1431748.2,968251.75,968251.75,40.343822
750000.0,1404866.1,-654866.1,654866.1,87.31548
1700000.0,1343258.2,356741.75,356741.75,20.98481
1000000.0,1581243.8,-581243.75,581243.75,58.124374
1376200.0,1329309.6,46890.375,46890.375,3.4072354
777200.0,1399832.5,-622632.5,622632.5,80.11226
857000.0,1106948.2,-249948.25,249948.25,29.165491
8500000.0,1322918.5,7177081.5,7177081.5,84.43626
1965600.0,1569870.4,395729.62,395729.62,20.132765
1600000.0,1181394.4,418605.62,418605.62,26.162851
1000000.0,1144756.6,-144756.62,144756.62,14.475663
1620000.0,1414895.9,205104.12,205104.12,12.660748
1450000.0,1265645.5,184354.5,184354.5,12.714103
600000.0,1130452.9,-530452.9,530452.9,88.40881
800000.0,1181394.4,-381394.38,381394.38,47.674297
800000.0,1273141.9,-473141.88,473141.88,59.14273
500000.0,1370996.0,-870996.0,870996.0,174.1992
724000.0,1108697.4,-384697.38,384697.38,53.134995
1000000.0,1306163.0,-306163.0,306163.0,30.6163
1260000.0,1483873.0,-223873.0,223873.0,17.767698
2072000.0,1567796.2,504203.75,504203.75,24.334158
1500000.0,1310609.8,189390.25,189390.25,12.626017
800000.0,1311081.8,-511081.75,511081.75,63.88522
750000.0,1349287.4,-599287.4,599287.4,79.90498
800000.0,1360557.1,-560557.1,560557.1,70.06964
700000.0,1181394.4,-481394.38,481394.38,68.77062
736000.0,1121114.2,-385114.25,385114.25,52.32531
1540000.0,1615769.6,-75769.625,75769.625,4.9201055
700000.0,1276405.6,-576405.6,576405.6,82.34366
850000.0,1515599.8,-665599.75,665599.75,78.305855
780000.0,1137646.4,-357646.38,357646.38,45.852097
700000.0,1562931.6,-862931.6,862931.6,123.27595
1090000.0,1393968.8,-303968.75,303968.75,27.887041
1980600.0,1230057.4,750542.6,750542.6,37.89471
637500.0,1238166.0,-600666.0,600666.0,94.222115
912000.0,1380699.0,-468699.0,468699.0,51.392437
3265275.0,1921156.6,1344118.4,1344118.4,41.164017
1760000.0,1672438.5,87561.5,87561.5,4.9750853
1200000.0,1587792.4,-387792.38,387792.38,32.316032
936000.0,1373085.6,-437085.62,437085.62,46.69718
1265000.0,1310001.1,-45001.125,45001.125,3.5574012
850000.0,1417496.9,-567496.9,567496.9,66.764336
800000.0,2071523.5,-1271523.5,1271523.5,158.94043
500000.0,1656079.8,-1156079.8,1156079.8,231.21596
2984000.0,1237966.0,1746034.0,1746034.0,58.513206
1400000.0,1215956.8,184043.25,184043.25,13.145946
480000.0,1032323.4,-552323.4,552323.4,115.067375
1600000.0,1266745.2,333254.75,333254.75,20.82842
1400000.0,1319355.5,80644.5,80644.5,5.7603216
650000.0,1434638.4,-784638.4,784638.4,120.71359
1050000.0,1276839.0,-226839.0,226839.0,21.603714
1017000.0,1301119.1,-284119.12,284119.12,27.936983
1800000.0,1420285.4,379714.62,379714.62,21.095257
2000000.0,1142937.0,857063.0,857063.0,42.85315
1160000.0,1495353.6,-335353.62,335353.62,28.909796
1000000.0,1759529.1,-759529.1,759529.1,75.95291
1200000.0,1144622.2,55377.75,55377.75,4.6148124
970000.0,1436478.5,-466478.5,466478.5,48.09057
1030000.0,1381800.9,-351800.88,351800.88,34.155426
2548600.0,1317807.0,1230793.0,1230793.0,48.292904
800000.0,1185710.4,-385710.38,385710.38,48.2138
1500000.0,1457542.9,42457.125,42457.125,2.830475
1530000.0,1377501.4,152498.62,152498.62,9.96723
650000.0,1373670.9,-723670.9,723670.9,111.33398
500000.0,1551713.6,-1051713.6,1051713.6,210.34271
700000.0,1140311.5,-440311.5,440311.5,62.90164
1800000.0,1354254.4,445745.62,445745.62,24.763645
588000.0,1507342.4,-919342.4,919342.4,156.35074
665000.0,1368021.4,-703021.4,703021.4,105.71751
800000.0,1365301.0,-565301.0,565301.0,70.66262
1780000.0,1234744.5,545255.5,545255.5,30.632332
1200000.0,1779463.6,-579463.6,579463.6,48.288635
550000.0,1899600.6,-1349600.6,1349600.6,245.38193
2109750.0,1600342.4,509407.62,509407.62,24.145403
960000.0,1324105.5,-364105.5,364105.5,37.927658
500000.0,1265473.6,-765473.6,765473.6,153.09473
849000.0,1341692.4,-492692.38,492692.38,58.03208
1000000.0,1420192.0,-420192.0,420192.0,42.0192
950000.0,1181394.4,-231394.38,231394.38,24.357302
950000.0,1111288.5,-161288.5,161288.5,16.977736
900000.0,1238792.6,-338792.62,338792.62,37.643627
800000.0,1385560.1,-585560.1,585560.1,73.195015
700000.0,1269881.0,-569881.0,569881.0,81.41157
1160000.0,1419976.0,-259976.0,259976.0,22.411724
1160000.0,1316767.0,-156767.0,156767.0,13.514397
8000000.0,1762357.6,6237642.5,6237642.5,77.97053
650000.0,1260882.0,-610882.0,610882.0,93.98184
1050000.0,1494700.8,-444700.75,444700.75,42.35245
570000.0,1112026.4,-542026.4,542026.4,95.09235
1000000.0,1484564.9,-484564.88,484564.88,48.456486
800000.0,1612380.5,-812380.5,812380.5,101.54756
700000.0,1874379.1,-1174379.1,1174379.1,167.76845
1760000.0,1306505.5,453494.5,453494.5,25.766733
1000000.0,1300041.0,-300041.0,300041.0,30.004099
1600000.0,1370387.4,229612.62,229612.62,14.35079
800000.0,1419397.5,-619397.5,619397.5,77.42469
1300000.0,1341031.0,-41031.0,41031.0,3.1562307
654000.0,1314006.4,-660006.4,660006.4,100.9184
2000000.0,1236037.8,763962.25,763962.25,38.198112
700000.0,1149815.0,-449815.0,449815.0,64.259285
580500.0,1462100.8,-881600.75,881600.75,151.8692
500000.0,1419840.6,-919840.6,919840.6,183.96812
1600000.0,1123789.8,476210.25,476210.25,29.763142
1400000.0,1132799.6,267200.38,267200.38,19.085741
1152000.0,1657840.8,-505840.75,505840.75,43.90979
1639600.0,1839362.1,-199762.12,199762.12,12.183589
750000.0,1313101.6,-563101.6,563101.6,75.080215
800000.0,1140497.5,-340497.5,340497.5,42.562187
927500.0,1282203.2,-354703.25,354703.25,38.24294
600000.0,1314404.1,-714404.1,714404.1,119.06736
650000.0,1519778.6,-869778.6,869778.6,133.81209
625000.0,1393644.6,-768644.6,768644.6,122.98315
500000.0,1836866.2,-1336866.2,1336866.2,267.37326
772500.0,1350583.9,-578083.9,578083.9,74.83286
650000.0,1313541.1,-663541.1,663541.1,102.08325
1600000.0,1285182.8,314817.25,314817.25,19.676079
1000000.0,1428805.1,-428805.12,428805.12,42.880512
580000.0,1318050.9,-738050.9,738050.9,127.250145
1720000.0,1546246.5,173753.5,173753.5,10.101948
2800000.0,1301197.5,1498802.5,1498802.5,53.52866
592500.0,1181394.4,-588894.4,588894.4,99.39146
17000000.0,1910735.9,15089264.0,15089264.0,88.760376
600000.0,1291927.8,-691927.75,691927.75,115.32129
650000.0,1227473.6,-577473.6,577473.6,88.842094
1085000.0,1375930.5,-290930.5,290930.5,26.813871
1000000.0,1309189.9,-309189.88,309189.88,30.91899
1010000.0,1281251.9,-271251.88,271251.88,26.856623
2437500.0,1177780.0,1259720.0,1259720.0,51.68082
1200000.0,1108454.0,91546.0,91546.0,7.6288333
650000.0,1260848.4,-610848.4,610848.4,93.97667
1160000.0,1195766.0,-35766.0,35766.0,3.0832758
1000000.0,1323394.4,-323394.38,323394.38,32.33944
800000.0,1274114.0,-474114.0,474114.0,59.264248
1400000.0,1319777.1,80222.875,80222.875,5.7302055
1500000.0,1153737.4,346262.62,346262.62,23.084175
2949000.0,1166602.8,1782397.2,1782397.2,60.44074
835000.0,1150091.0,-315091.0,315091.0,37.73545
900000.0,1266386.4,-366386.38,366386.38,40.7096
847000.0,1559087.2,-712087.25,712087.25,84.07169
1340000.0,1299324.4,40675.625,40675.625,3.0354943
2463125.0,1322220.0,1140905.0,1140905.0,46.31941
900000.0,1220328.4,-320328.38,320328.38,35.59204
1750000.0,1318665.8,431334.25,431334.25,24.64767
500000.0,1624627.9,-1124627.9,1124627.9,224.92557
1050000.0,1181394.4,-131394.38,131394.38,12.513749
1265000.0,1113500.9,151499.12,151499.12,11.976215
568800.0,1309088.8,-740288.75,740288.75,130.14922
1580000.0,1301975.5,278024.5,278024.5,17.596487
1160000.0,1731607.2,-571607.25,571607.25,49.276485
850000.0,1537902.1,-687902.1,687902.1,80.92966
700000.0,1257825.2,-557825.25,557825.25,79.68932
840000.0,1533746.5,-693746.5,693746.5,82.58887
900000.0,1345554.2,-445554.25,445554.25,49.506027
1600000.0,1807802.5,-207802.5,207802.5,12.987657
1500000.0,1392931.5,107068.5,107068.5,7.1379
950000.0,1271703.6,-321703.62,321703.62,33.863537
1090000.0,1125631.8,-35631.75,35631.75,3.2689679
800000.0,1598761.5,-798761.5,798761.5,99.84519
700000.0,1258905.1,-558905.1,558905.1,79.84359
800000.0,1269984.2,-469984.25,469984.25,58.74803
335000.0,1268960.2,-933960.25,933960.25,278.7941
1000000.0,1541529.6,-541529.6,541529.6,54.152958
750000.0,1183813.1,-433813.12,433813.12,57.841747
900000.0,1276684.5,-376684.5,376684.5,41.853832
573800.0,1479658.1,-905858.1,905858.1,157.87001
1476000.0,1291679.2,184320.75,184320.75,12.487856
1000000.0,1429205.4,-429205.38,429205.38,42.92054
614000.0,1511887.0,-897887.0,897887.0,146.23567
747483.0,1127508.8,-380025.75,380025.75,50.840725
1050000.0,1234249.2,-184249.25,184249.25,17.547548
700000.0,1124564.5,-424564.5,424564.5,60.652073
573800.0,1251814.1,-678014.1,678014.1,118.162094
1400000.0,1306145.9,93854.125,93854.125,6.7038665
3015400.0,1193527.9,1821872.1,1821872.1,60.418922
1000000.0,1692551.8,-692551.75,692551.75,69.25517
793000.0,1506089.8,-713089.75,713089.75,89.92305
1050000.0,1283609.1,-233609.12,233609.12,22.24849
550000.0,1446272.9,-896272.9,896272.9,162.95871
950000.0,1116727.1,-166727.12,166727.12,17.550224
880000.0,1305257.4,-425257.38,425257.38,48.3247
1000000.0,1438500.6,-438500.62,438500.62,43.85006
1000000.0,1296584.0,-296584.0,296584.0,29.658401
800000.0,1295373.8,-495373.75,495373.75,61.921722
1460000.0,1296532.8,163467.25,163467.25,11.196386
750000.0,1532155.0,-782155.0,782155.0,104.28734
900000.0,1292155.4,-392155.38,392155.38,43.57282
700000.0,1851403.0,-1151403.0,1151403.0,164.48615
3000000.0,1315997.8,1684002.2,1684002.2,56.133408
650000.0,1262188.9,-612188.9,612188.9,94.1829
1017250.0,1827108.6,-809858.6,809858.6,79.61255
800000.0,1602871.9,-802871.9,802871.9,100.358986
865500.0,1298793.6,-433293.62,433293.62,50.062813
500000.0,1181394.4,-681394.4,681394.4,136.27888
830550.0,1298070.4,-467520.38,467520.38,56.290455
1150000.0,1414641.8,-264641.75,264641.75,23.012327
750000.0,1480117.5,-730117.5,730117.5,97.349
6000000.0,1361490.6,4638509.5,4638509.5,77.308495
700000.0,1551469.6,-851469.6,851469.6,121.63851
1800000.0,1181394.4,618605.6,618605.6,34.36698
635000.0,1283271.0,-648271.0,648271.0,102.08992
803600.0,1422780.5,-619180.5,619180.5,77.050835
1024000.0,1606743.9,-582743.9,582743.9,56.908585
1324960.0,1450515.6,-125555.625,125555.625,9.476183
1100000.0,1337773.0,-237773.0,237773.0,21.615726
745000.0,1754971.6,-1009971.6,1009971.6,135.56667
720000.0,1478017.6,-758017.6,758017.6,105.28022
670000.0,1119281.9,-449281.88,449281.88,67.057
1200000.0,1572013.6,-372013.62,372013.62,31.001135
600000.0,1232844.8,-632844.75,632844.75,105.47413
594750.0,1419840.6,-825090.6,825090.6,138.72899
800000.0,1126909.8,-326909.75,326909.75,40.86372
720000.0,1585873.2,-865873.25,865873.25,120.26018
700000.0,1122624.6,-422624.62,422624.62,60.374947
1500000.0,1536799.2,-36799.25,36799.25,2.4532833
3200000.0,1738385.1,1461614.9,1461614.9,45.675465
1500000.0,1329872.2,170127.75,170127.75,11.341849
1210000.0,1175309.8,34690.25,34690.25,2.8669627
684000.0,1347451.6,-663451.6,663451.6,96.99586
2700000.0,1228405.8,1471594.2,1471594.2,54.503487
1200000.0,1251702.5,-51702.5,51702.5,4.3085413
1032000.0,1126725.5,-94725.5,94725.5,9.178827
1920000.0,1337057.4,582942.6,582942.6,30.361595
1220000.0,1116025.1,103974.875,103974.875,8.522531
710000.0,1128356.1,-418356.12,418356.12,58.9234
2000000.0,1334514.8,665485.25,665485.25,33.27426
1200000.0,1305532.2,-105532.25,105532.25,8.7943535
557500.0,1331680.6,-774180.6,774180.6,138.86649
500000.0,1780664.8,-1280664.8,1280664.8,256.13297
1160000.0,1412392.5,-252392.5,252392.5,21.757975
800000.0,1223023.4,-423023.38,423023.38,52.877922
750000.0,1291194.6,-541194.6,541194.6,72.15929
1500000.0,1140434.2,359565.75,359565.75,23.97105
535000.0,1615609.0,-1080609.0,1080609.0,201.983
1600000.0,1526416.5,73583.5,73583.5,4.598969
1800000.0,1735353.1,64646.875,64646.875,3.5914931
1300000.0,1301565.1,-1565.125,1565.125,0.12039424
1032000.0,1463015.8,-431015.75,431015.75,41.76509
600000.0,1506259.6,-906259.6,906259.6,151.04327
1542000.0,1340921.4,201078.62,201078.62,13.040118
400000.0,1558830.5,-1158830.5,1158830.5,289.70764
1400000.0,1332812.2,67187.75,67187.75,4.799125
950000.0,1259884.2,-309884.25,309884.25,32.619396
950001.0,2033754.6,-1083753.6,1083753.6,114.079216
1290000.0,1267004.4,22995.625,22995.625,1.7826066
1200000.0,1264637.8,-64637.75,64637.75,5.3864794
1280000.0,1662211.0,-382211.0,382211.0,29.860233
800000.0,1496163.5,-696163.5,696163.5,87.02044
400000.0,1325781.5,-925781.5,925781.5,231.44539
650000.0,1318075.4,-668075.4,668075.4,102.78083
800000.0,1307116.6,-507116.62,507116.62,63.389576
2400000.0,1231519.0,1168481.0,1168481.0,48.686707
900000.0,1740294.6,-840294.6,840294.6,93.366066
900000.0,1574407.8,-674407.75,674407.75,74.9342
530000.0,1393747.6,-863747.6,863747.6,162.97125
2120000.0,1417224.1,702775.9,702775.9,33.149807
700000.0,1206736.9,-506736.88,506736.88,72.390976
720000.0,1600925.4,-880925.4,880925.4,122.35075
1200000.0,1144257.1,55742.875,55742.875,4.6452394
1950000.0,1554478.4,395521.62,395521.62,20.28316
1300000.0,1327062.9,-27062.875,27062.875,2.0817597
500000.0,1433586.8,-933586.75,933586.75,186.71736
2800000.0,1277133.9,1522866.1,1522866.1,54.388077
1800000.0,1286507.6,513492.38,513492.38,28.527355
1275000.0,1540901.5,-265901.5,265901.5,20.85502
688000.0,1130277.4,-442277.38,442277.38,64.2845
700000.0,1360590.8,-660590.75,660590.75,94.37011
1450000.0,1319752.0,130248.0,130248.0,8.98262
700000.0,1142897.2,-442897.25,442897.25,63.271034
815000.0,1318204.8,-503204.75,503204.75,61.742912
700000.0,1249276.2,-549276.25,549276.25,78.46803
1684000.0,1332636.0,351364.0,351364.0,20.864845
450000.0,1187655.0,-737655.0,737655.0,163.92334
1400000.0,1123348.0,276652.0,276652.0,19.760857
750000.0,1355234.9,-605234.9,605234.9,80.69798
667200.0,1268146.1,-600946.1,600946.1,90.06986
800000.0,1342803.5,-542803.5,542803.5,67.85043
1193500.0,1722981.4,-529481.4,529481.4,44.36375
1300000.0,1573650.6,-273650.62,273650.62,21.050049
800000.0,1202388.6,-402388.62,402388.62,50.298576
550000.0,1360791.0,-810791.0,810791.0,147.41655
1015000.0,1221468.1,-206468.12,206468.12,20.341686
800000.0,1261827.4,-461827.38,461827.38,57.72842
1220000.0,1300562.1,-80562.125,80562.125,6.6034527
1700000.0,1318900.1,381099.88,381099.88,22.417639
724450.0,1181394.4,-456944.38,456944.38,63.07466
900000.0,1250011.5,-350011.5,350011.5,38.890167
700000.0,1228823.0,-528823.0,528823.0,75.54614
630000.0,1342483.8,-712483.75,712483.75,113.09266
1200000.0,1425862.2,-225862.25,225862.25,18.821856
600000.0,1273836.8,-673836.75,673836.75,112.30613
650000.0,1211021.9,-561021.9,561021.9,86.31106
900000.0,1114525.5,-214525.5,214525.5,23.836166
800000.0,1305488.9,-505488.88,505488.88,63.186108
2095000.0,1311886.1,783113.9,783113.9,37.38014
750000.0,1118240.1,-368240.12,368240.12,49.098682
850000.0,1119166.9,-269166.88,269166.88,31.66669
1400000.0,1152828.6,247171.38,247171.38,17.655098
800000.0,1045769.4,-245769.38,245769.38,30.721172
770000.0,1304757.0,-534757.0,534757.0,69.44896
1000000.0,1551906.6,-551906.6,551906.6,55.190666
910000.0,1269107.1,-359107.12,359107.12,39.462322
900000.0,1335426.0,-435426.0,435426.0,48.38067
650000.0,1307963.4,-657963.4,657963.4,101.225136
700000.0,1571657.8,-871657.75,871657.75,124.52253
900000.0,1299552.1,-399552.12,399552.12,44.39468
900000.0,1332796.8,-432796.75,432796.75,48.088528
1245000.0,1204624.4,40375.625,40375.625,3.243022
860000.0,1594450.4,-734450.4,734450.4,85.40121
1330000.0,1188632.2,141367.75,141367.75,10.629154
980000.0,1504416.1,-524416.1,524416.1,53.511852
623000.0,1348233.2,-725233.25,725233.25,116.40983
720000.0,1208839.5,-488839.5,488839.5,67.89438
950000.0,1371521.8,-421521.75,421521.75,44.370712
500000.0,1181394.4,-681394.4,681394.4,136.27888
900000.0,1422462.4,-522462.38,522462.38,58.051376
450000.0,1181394.4,-731394.4,731394.4,162.53207
937500.0,1300632.4,-363132.38,363132.38,38.73412
1800000.0,1924141.1,-124141.125,124141.125,6.896729
750000.0,1297687.6,-547687.6,547687.6,73.02502
800000.0,1261718.0,-461718.0,461718.0,57.71475
817000.0,1325694.9,-508694.88,508694.88,62.263756
820000.0,1155667.6,-335667.62,335667.62,40.935074
650000.0,1359328.8,-709328.75,709328.75,109.127495
1600000.0,1299183.0,300817.0,300817.0,18.801062
1250000.0,1120966.4,129033.625,129033.625,10.32269
2280000.0,1307120.4,972879.6,972879.6,42.67016
981000.0,1217061.9,-236061.88,236061.88,24.063393
1200000.0,1311794.9,-111794.875,111794.875,9.316239
2700000.0,1126247.2,1573752.8,1573752.8,58.287136
420000.0,1522269.1,-1102269.1,1102269.1,262.445
710000.0,1141453.9,-431453.88,431453.88,60.76815
800000.0,1463643.6,-663643.6,663643.6,82.95546
1800000.0,1881885.8,-81885.75,81885.75,4.549208
1200000.0,1230138.8,-30138.75,30138.75,2.5115623
720000.0,1354162.6,-634162.6,634162.6,88.07814
1200000.0,1329256.0,-129256.0,129256.0,10.771334
1000000.0,1334471.4,-334471.38,334471.38,33.447136
1600000.0,1248867.4,351132.62,351132.62,21.94579
1050000.0,1575634.2,-525634.25,525634.25,50.060402
1060000.0,1276549.1,-216549.12,216549.12,20.429163
1003600.0,1104370.8,-100770.75,100770.75,10.040928
1070000.0,1489843.1,-419843.12,419843.12,39.237675
600000.0,1795245.1,-1195245.1,1195245.1,199.20752
940000.0,1119086.0,-179086.0,179086.0,19.051702
850000.0,1589626.4,-739626.4,739626.4,87.01486
980000.0,1695127.9,-715127.9,715127.9,72.97223
780000.0,1322426.4,-542426.4,542426.4,69.54184
1200000.0,1339530.8,-139530.75,139530.75,11.6275625
1600000.0,1663198.4,-63198.375,63198.375,3.9498985
1200000.0,1316097.9,-116097.875,116097.875,9.674824
730000.0,1313587.2,-583587.25,583587.25,79.94346
1420000.0,1775126.6,-355126.62,355126.62,25.008917
750000.0,1104569.6,-354569.62,354569.62,47.275948
667000.0,1327341.6,-660341.6,660341.6,99.00174
700000.0,1191491.6,-491491.62,491491.62,70.21309
900000.0,1227275.8,-327275.75,327275.75,36.36397
560000.0,1314547.6,-754547.6,754547.6,134.74065
940000.0,1124920.0,-184920.0,184920.0,19.67234
666500.0,1319702.5,-653202.5,653202.5,98.004875
1250000.0,1181394.4,68605.625,68605.625,5.48845
460000.0,1279307.9,-819307.9,819307.9,178.11041
700000.0,1248579.1,-548579.1,548579.1,78.36845
700000.0,1574710.9,-874710.9,874710.9,124.958694
700000.0,1140681.9,-440681.88,440681.88,62.95455
500000.0,1391166.4,-891166.4,891166.4,178.23328
1152000.0,1432560.1,-280560.12,280560.12,24.354177
850000.0,1125488.8,-275488.75,275488.75,32.41044
850000.0,1327663.0,-477663.0,477663.0,56.19565
980000.0,1175026.4,-195026.38,195026.38,19.90065
1600000.0,1282047.2,317952.75,317952.75,19.872047
955000.0,1343204.4,-388204.38,388204.38,40.649673
1137500.0,1286424.1,-148924.12,148924.12,13.09223
884405.0,1277815.4,-393410.38,393410.38,44.483055
1022600.0,1310869.6,-288269.62,288269.62,28.18987
676000.0,1523239.4,-847239.4,847239.4,125.33127
5500000.0,1441106.1,4058894.0,4058894.0,73.79807
1020000.0,1609545.5,-589545.5,589545.5,57.798576
800000.0,1755038.6,-955038.6,955038.6,119.37983
1160000.0,1162215.5,-2215.5,2215.5,0.19099139
820000.0,1409673.4,-589673.4,589673.4,71.91139
1651000.0,1342371.5,308628.5,308628.5,18.693428
760000.0,1518479.9,-758479.9,758479.9,99.79999
1700000.0,1377811.1,322188.88,322188.88,18.952286
1400000.0,1116878.2,283121.75,283121.75,20.222982
800000.0,1357048.9,-557048.9,557048.9,69.63111
695000.0,1503478.0,-808478.0,808478.0,116.327774
916000.0,1555681.8,-639681.75,639681.75,69.83425
2348000.0,1288738.6,1059261.4,1059261.4,45.113346
2400000.0,1309810.1,1090189.9,1090189.9,45.424576
650000.0,1597069.1,-947069.1,947069.1,145.70294
937000.0,1304133.0,-367133.0,367133.0,39.18175
1130000.0,1613115.9,-483115.88,483115.88,42.753616
1600000.0,1309314.5,290685.5,290685.5,18.167845
816000.0,1328768.1,-512768.12,512768.12,62.839233
550000.0,1422009.2,-872009.25,872009.25,158.54713
900000.0,1412449.8,-512449.75,512449.75,56.93886
1200000.0,1426929.2,-226929.25,226929.25,18.91077
620000.0,1214163.6,-594163.6,594163.6,95.83284
500000.0,1315144.0,-815144.0,815144.0,163.0288
650000.0,1268970.1,-618970.1,618970.1,95.22617
700000.0,1363665.2,-663665.25,663665.25,94.809326
1400000.0,1293644.9,106355.125,106355.125,7.5967946
1015000.0,1178446.6,-163446.62,163446.62,16.103115
850000.0,1316700.8,-466700.75,466700.75,54.905968
500000.0,1423992.6,-923992.6,923992.6,184.79852
2000000.0,1181264.1,818735.9,818735.9,40.936794
1400000.0,1439182.9,-39182.875,39182.875,2.7987766
1722000.0,1357786.9,364213.12,364213.12,21.150587
540000.0,1279272.2,-739272.25,739272.25,136.90227
965000.0,1319701.8,-354701.75,354701.75,36.75666
700000.0,1200240.0,-500240.0,500240.0,71.46286
1160000.0,1712200.9,-552200.9,552200.9,47.603523
980000.0,1319480.1,-339480.12,339480.12,34.640827
845000.0,1701670.0,-856670.0,856670.0,101.381065
1210000.0,1237324.5,-27324.5,27324.5,2.258223
900000.0,1253369.8,-353369.75,353369.75,39.263306
980000.0,1170866.9,-190866.88,190866.88,19.476212
1336000.0,1310614.5,25385.5,25385.5,1.9001123
1208000.0,1672929.2,-464929.25,464929.25,38.487522
727000.0,1478002.2,-751002.25,751002.25,103.30155
1000000.0,1634995.5,-634995.5,634995.5,63.499554
500000.0,1584250.0,-1084250.0,1084250.0,216.84999
700000.0,1339400.6,-639400.6,639400.6,91.34294
620000.0,1469680.6,-849680.6,849680.6,137.04526
1500000.0,1357377.0,142623.0,142623.0,9.5082
700000.0,1437530.5,-737530.5,737530.5,105.361496
560000.0,1263307.8,-703307.75,703307.75,125.59067
700000.0,1112416.5,-412416.5,412416.5,58.91664
1200000.0,1527326.5,-327326.5,327326.5,27.277206
688000.0,1724990.8,-1036990.75,1036990.75,150.7254
850000.0,1615367.2,-765367.25,765367.25,90.043205
1512000.0,1262342.0,249658.0,249658.0,16.511772
800000.0,1271159.5,-471159.5,471159.5,58.89494
800000.0,1774473.9,-974473.9,974473.9,121.809235
2100000.0,1655886.8,444113.25,444113.25,21.148249
634500.0,1200780.0,-566280.0,566280.0,89.24823
1760000.0,1279617.9,480382.12,480382.12,27.29444
793000.0,1298200.4,-505200.38,505200.38,63.70749
1000000.0,1228893.8,-228893.75,228893.75,22.889376
656250.0,1398865.5,-742615.5,742615.5,113.16045
1008000.0,1507638.6,-499638.62,499638.62,49.567326
1440000.0,1192893.0,247107.0,247107.0,17.160208
1800000.0,1543077.5,256922.5,256922.5,14.273472
650000.0,1508441.5,-858441.5,858441.5,132.06792
1420000.0,1176054.1,243945.88,243945.88,17.179287
1500000.0,1583641.0,-83641.0,83641.0,5.5760665
1900000.0,1312799.6,587200.4,587200.4,30.905283
2500000.0,1756104.5,743895.5,743895.5,29.75582
750000.0,1317422.8,-567422.75,567422.75,75.656364
1000000.0,1352156.2,-352156.25,352156.25,35.215626
1080000.0,1181394.4,-101394.375,101394.375,9.388368
810000.0,1392467.9,-582467.9,582467.9,71.909615
1700000.0,1568813.0,131187.0,131187.0,7.716882
1000000.0,1301150.4,-301150.38,301150.38,30.115038
950000.0,1919353.0,-969353.0,969353.0,102.037155
1200000.0,1112008.4,87991.625,87991.625,7.332636
1150000.0,1214170.0,-64170.0,64170.0,5.58
1220000.0,1232617.2,-12617.25,12617.25,1.0342008
540000.0,1260229.4,-720229.4,720229.4,133.37581
1400000.0,1181394.4,218605.62,218605.62,15.614687
5500000.0,1981578.8,3518421.2,3518421.2,63.971294
1800000.0,1105584.8,694415.25,694415.25,38.578625
1760000.0,1302904.5,457095.5,457095.5,25.971334
1670000.0,1712502.5,-42502.5,42502.5,2.54506
1100000.0,1284955.2,-184955.25,184955.25,16.814114
650000.0,1124435.2,-474435.25,474435.25,72.990036
1294000.0,1327436.6,-33436.625,33436.625,2.5839741
950000.0,1283439.4,-333439.38,333439.38,35.09888
1330000.0,1361194.1,-31194.125,31194.125,2.3454227
1600000.0,1561995.2,38004.75,38004.75,2.3752968
2267800.0,1267417.4,1000382.6,1000382.6,44.112473
577000.0,1256032.8,-679032.75,679032.75,117.68332
700000.0,1409823.4,-709823.4,709823.4,101.40334
810000.0,1181394.4,-371394.38,371394.38,45.851154
1200000.0,1453319.4,-253319.38,253319.38,21.109947
430000.0,1315775.9,-885775.9,885775.9,205.99438
600000.0,1656628.4,-1056628.4,1056628.4,176.10472
1025000.0,1114733.1,-89733.125,89733.125,8.754452
1550000.0,1254059.4,295940.62,295940.62,19.092945
900000.0,1247333.4,-347333.38,347333.38,38.592598
780000.0,1301390.4,-521390.38,521390.38,66.844925
1600000.0,1275410.1,324589.88,324589.88,20.286867
1729000.0,1506821.6,222178.38,222178.38,12.850109
1080000.0,1550896.5,-470896.5,470896.5,43.60153
700000.0,1283064.4,-583064.4,583064.4,83.29491
1800000.0,1325713.9,474286.12,474286.12,26.349228
1020000.0,2190357.5,-1170357.5,1170357.5,114.74093
700000.0,1814687.1,-1114687.1,1114687.1,159.24103
700000.0,1510261.8,-810261.75,810261.75,115.751686
1160000.0,1320832.0,-160832.0,160832.0,13.864827
1294580.0,1443121.0,-148541.0,148541.0,11.474069
1060000.0,1290601.2,-230601.25,230601.25,21.754835
1078000.0,1526082.1,-448082.12,448082.12,41.56606
810000.0,1393520.5,-583520.5,583520.5,72.039566
1250000.0,1323124.5,-73124.5,73124.5,5.84996
1500000.0,1146377.8,353622.25,353622.25,23.574818
3153000.0,1274609.0,1878391.0,1878391.0,59.574722
984000.0,1315720.5,-331720.5,331720.5,33.711433
590000.0,1630011.8,-1040011.75,1040011.75,176.27318
1700000.0,1590708.9,109291.125,109291.125,6.4288898
1160000.0,1431707.0,-271707.0,271707.0,23.423018
1600000.0,1160969.9,439030.12,439030.12,27.439383
657500.0,1229327.8,-571827.75,571827.75,86.97
664000.0,1617305.2,-953305.25,953305.25,143.57007
800000.0,1282172.8,-482172.75,482172.75,60.27159
935000.0,1126729.2,-191729.25,191729.25,20.505802
710000.0,1234754.5,-524754.5,524754.5,73.90909
600000.0,1292174.1,-692174.1,692174.1,115.36236
424000.0,1348233.2,-924233.25,924233.25,217.97955
688000.0,1474114.6,-786114.6,786114.6,114.26085
550000.0,1319105.5,-769105.5,769105.5,139.83736
900000.0,1286369.9,-386369.88,386369.88,42.929985
890000.0,1288836.0,-398836.0,398836.0,44.813034
900000.0,1224390.0,-324390.0,324390.0,36.043335
750000.0,1283611.8,-533611.75,533611.75,71.14823
693150.0,1189714.6,-496564.62,496564.62,71.63884
640000.0,1344530.8,-704530.75,704530.75,110.082924
810000.0,1392486.9,-582486.9,582486.9,71.911964
700000.0,1118627.5,-418627.5,418627.5,59.80393
2250000.0,1283867.5,966132.5,966132.5,42.93922
1035000.0,1155044.2,-120044.25,120044.25,11.598478
1100000.0,1123251.9,-23251.875,23251.875,2.1138067
1008000.0,1359071.4,-351071.38,351071.38,34.82851
1120000.0,1184943.6,-64943.625,64943.625,5.798538
800000.0,1295729.9,-495729.88,495729.88,61.966236
1290000.0,1294887.4,-4887.375,4887.375,0.37886629
690000.0,1230706.1,-540706.1,540706.1,78.363205
1585000.0,1233094.4,351905.62,351905.62,22.202248
850000.0,1278700.0,-428700.0,428700.0,50.43529
1250000.0,1682366.4,-432366.38,432366.38,34.58931
1000000.0,1354839.6,-354839.62,354839.62,35.483963
624000.0,1657635.0,-1033635.0,1033635.0,165.64664
800000.0,1535828.4,-735828.4,735828.4,91.978546
964000.0,1125582.4,-161582.38,161582.38,16.761658
500000.0,1262056.6,-762056.6,762056.6,152.41133
710000.0,1260124.8,-550124.75,550124.75,77.48236
5600000.0,1424798.8,4175201.2,4175201.2,74.55717
500000.0,1549407.5,-1049407.5,1049407.5,209.8815
720000.0,1187908.2,-467908.25,467908.25,64.98725
730000.0,1245905.5,-515905.5,515905.5,70.67199
1500000.0,1377081.6,122918.375,122918.375,8.194558
850000.0,1365776.2,-515776.25,515776.25,60.67956
636800.0,1264545.5,-627745.5,627745.5,98.578125
1300000.0,1297001.0,2999.0,2999.0,0.2306923
1400000.0,1460178.6,-60178.625,60178.625,4.2984734
1000000.0,1179273.6,-179273.62,179273.62,17.927362
1000000.0,1286453.8,-286453.75,286453.75,28.645376
490000.0,1478890.4,-988890.4,988890.4,201.81436
900000.0,1161415.6,-261415.62,261415.62,29.04618
700000.0,1347500.5,-647500.5,647500.5,92.50008
1015000.0,1261608.1,-246608.12,246608.12,24.296368
3900800.0,1584123.4,2316676.5,2316676.5,59.389782
900000.0,1304027.9,-404027.88,404027.88,44.891987
1000000.0,1181394.4,-181394.38,181394.38,18.139437
1400000.0,1219222.2,180777.75,180777.75,12.912697
2000000.0,1317742.9,682257.1,682257.1,34.112854
1000000.0,1425601.9,-425601.88,425601.88,42.56019
885750.0,1322524.8,-436774.75,436774.75,49.31129
1400000.0,1181394.4,218605.62,218605.62,15.614687
1932000.0,1255434.6,676565.4,676565.4,35.018913
700008.0,1181394.4,-481386.38,481386.38,68.7687
1550000.0,1221549.6,328450.38,328450.38,21.190348
808000.0,1287694.0,-479694.0,479694.0,59.36807
800000.0,2697375.5,-1897375.5,1897375.5,237.17194
1200000.0,1388004.2,-188004.25,188004.25,15.667021
1150000.0,1344110.2,-194110.25,194110.25,16.879152
700000.0,1324627.6,-624627.6,624627.6,89.23251
700000.0,1624978.4,-924978.4,924978.4,132.13977
1400000.0,1156900.1,243099.88,243099.88,17.364277
700000.0,1460648.5,-760648.5,760648.5,108.66407
1400000.0,1329818.8,70181.25,70181.25,5.0129466
680000.0,1278196.4,-598196.4,598196.4,87.970055
1347000.0,1329583.1,17416.875,17416.875,1.2930123
550000.0,1574548.0,-1024548.0,1024548.0,186.28145
10000000.0,2033843.2,7966157.0,7966157.0,79.661575
950000.0,1302958.8,-352958.75,352958.75,37.153553
650000.0,1264190.8,-614190.75,614190.75,94.49088
700000.0,1310044.9,-610044.9,610044.9,87.14927
2205000.0,1207183.5,997816.5,997816.5,45.25245
2000000.0,1490573.9,509426.12,509426.12,25.471306
2000000.0,1292987.9,707012.1,707012.1,35.350605
850000.0,1131222.0,-281222.0,281222.0,33.08494
1150000.0,1320610.0,-170610.0,170610.0,14.835652
1175000.0,1170156.4,4843.625,4843.625,0.4122234
720000.0,1462891.0,-742891.0,742891.0,103.1793
1600000.0,1332937.9,267062.12,267062.12,16.691381
765000.0,1355234.9,-590234.9,590234.9,77.154884
1008000.0,1632625.5,-624625.5,624625.5,61.966812
800000.0,1269961.6,-469961.62,469961.62,58.745205
941000.0,1455591.4,-514591.38,514591.38,54.685585
700000.0,1268063.1,-568063.1,568063.1,81.15187
1020000.0,1215744.6,-195744.62,195744.62,19.190649
700000.0,1169447.4,-469447.38,469447.38,67.06391
3200000.0,1301660.9,1898339.1,1898339.1,59.323097
600000.0,1266250.6,-666250.6,666250.6,111.04177
1800000.0,1545144.4,254855.62,254855.62,14.158646
900000.0,1541604.2,-641604.25,641604.25,71.28936
1200000.0,1190889.4,9110.625,9110.625,0.75921875
1020000.0,1236325.0,-216325.0,216325.0,21.208334
1500000.0,1318614.4,181385.62,181385.62,12.092375
612500.0,1643809.9,-1031309.9,1031309.9,168.37712
1800000.0,1163179.4,636820.6,636820.6,35.378925
7000000.0,1650159.9,5349840.0,5349840.0,76.426285
810000.0,1370511.1,-560511.1,560511.1,69.198906
832000.0,1256036.4,-424036.38,424036.38,50.96591
780000.0,2051906.6,-1271906.6,1271906.6,163.06496
650000.0,1316287.5,-666287.5,666287.5,102.50577
1000000.0,1144962.8,-144962.75,144962.75,14.496274
700000.0,1491692.2,-791692.25,791692.25,113.09889
440000.0,1608562.9,-1168562.9,1168562.9,265.58246
1600000.0,1360864.1,239135.88,239135.88,14.945992
810400.0,1503467.6,-693067.6,693067.6,85.521675
13000000.0,1507375.5,11492624.0,11492624.0,88.4048
588000.0,1307441.9,-719441.9,719441.9,122.35406
1160000.0,1478577.5,-318577.5,318577.5,27.463575
700000.0,1436355.0,-736355.0,736355.0,105.193565
1536000.0,1350363.9,185636.12,185636.12,12.085685
760000.0,1650089.2,-890089.25,890089.25,117.11701
899640.0,1305283.2,-405643.25,405643.25,45.089508
1200000.0,1899123.8,-699123.75,699123.75,58.26031
1600000.0,1269385.5,330614.5,330614.5,20.663406
1600000.0,1276760.1,323239.88,323239.88,20.202492
1300000.0,1306948.4,-6948.375,6948.375,0.5344904
1000000.0,1308621.0,-308621.0,308621.0,30.862099
800000.0,1410136.2,-610136.25,610136.25,76.26704
2120000.0,1291380.9,828619.1,828619.1,39.085808
500000.0,1132390.8,-632390.75,632390.75,126.47815
588000.0,1390445.0,-802445.0,802445.0,136.47023
2820000.0,1180183.9,1639816.1,1639816.1,58.14951
2205500.0,1323839.5,881660.5,881660.5,39.97554
1360000.0,1357875.5,2124.5,2124.5,0.15621324
700000.0,1323041.2,-623041.25,623041.25,89.00589
1200000.0,1287134.4,-87134.375,87134.375,7.261198
651400.0,1165604.1,-514204.12,514204.12,78.93831
1400000.0,1334321.8,65678.25,65678.25,4.6913037
630000.0,1399270.2,-769270.25,769270.25,122.106384
500000.0,1556461.4,-1056461.4,1056461.4,211.29227
824000.0,1330098.6,-506098.62,506098.62,61.41974
900000.0,1118686.4,-218686.38,218686.38,24.298487
720000.0,1322661.4,-602661.4,602661.4,83.70297
1950000.0,1166862.1,783137.9,783137.9,40.160915
1600000.0,1865368.9,-265368.88,265368.88,16.585554
800000.0,1471441.2,-671441.25,671441.25,83.93016
850000.0,1372447.5,-522447.5,522447.5,61.464413
700000.0,1281490.1,-581490.1,581490.1,83.070015
1113280.0,1392100.5,-278820.5,278820.5,25.044956
1500000.0,1435828.9,64171.125,64171.125,4.2780747
600000.0,1255895.5,-655895.5,655895.5,109.31592
800000.0,1322427.0,-522427.0,522427.0,65.303375
650000.0,1532915.4,-882915.4,882915.4,135.83313
550000.0,1856909.9,-1306909.9,1306909.9,237.61996
1620000.0,1189553.1,430446.88,430446.88,26.570793
900000.0,1729913.9,-829913.9,829913.9,92.212654
2100000.0,1269405.4,830594.6,830594.6,39.552124
780000.0,1214888.9,-434888.88,434888.88,55.754982
2000000.0,1526971.1,473028.88,473028.88,23.651443
600000.0,1480235.5,-880235.5,880235.5,146.70592
1020000.0,1801571.8,-781571.75,781571.75,76.62468
1500000.0,1319074.4,180925.62,180925.62,12.061708
670000.0,1190352.0,-520352.0,520352.0,77.664474
700000.0,1264546.8,-564546.75,564546.75,80.649536
615000.0,1277383.1,-662383.1,662383.1,107.70457
1315000.0,1626154.0,-311154.0,311154.0,23.661901
720000.0,1421692.4,-701692.4,701692.4,97.457275
600000.0,1205307.0,-605307.0,605307.0,100.8845
1500000.0,1554572.4,-54572.375,54572.375,3.6381583
1056000.0,1249574.8,-193574.75,193574.75,18.330942
650000.0,1079135.9,-429135.88,429135.88,66.020905
1200000.0,1297335.6,-97335.625,97335.625,8.111301
2850000.0,1139244.6,1710755.4,1710755.4,60.026505
950000.0,1221390.2,-271390.25,271390.25,28.567394
1200000.0,1294044.0,-94044.0,94044.0,7.837
1500000.0,1126354.5,373645.5,373645.5,24.9097
850000.0,1324700.1,-474700.12,474700.12,55.847073
500000.0,1395609.5,-895609.5,895609.5,179.1219
3200000.0,1307116.6,1892883.4,1892883.4,59.152603
600000.0,1124299.6,-524299.6,524299.6,87.38327
1300000.0,1642880.8,-342880.75,342880.75,26.375443
750000.0,1332473.8,-582473.75,582473.75,77.66316
500000.0,1704825.9,-1204825.9,1204825.9,240.96518
1000000.0,1108760.4,-108760.375,108760.375,10.876038
700000.0,1273524.0,-573524.0,573524.0,81.932
634500.0,1653488.9,-1018988.9,1018988.9,160.59715
1875000.0,1095024.4,779975.6,779975.6,41.5987
1170000.0,1435441.0,-265441.0,265441.0,22.687265
800000.0,1282050.6,-482050.62,482050.62,60.256325
1400000.0,1181394.4,218605.62,218605.62,15.614687
520000.0,1457129.6,-937129.6,937129.6,180.21722
700000.0,1111329.4,-411329.38,411329.38,58.76134
1000000.0,1286055.8,-286055.75,286055.75,28.605574
1425000.0,1154404.4,270595.62,270595.62,18.989166
700000.0,1219439.8,-519439.75,519439.75,74.20568
1108100.0,1271094.4,-162994.38,162994.38,14.709356
850000.0,1082665.6,-232665.62,232665.62,27.372425
1458747.0,1605249.9,-146502.88,146502.88,10.043062
1100000.0,1316297.8,-216297.75,216297.75,19.663433
1095000.0,1208689.9,-113689.875,113689.875,10.382637
750000.0,1255284.5,-505284.5,505284.5,67.37127
664000.0,1232737.4,-568737.4,568737.4,85.65322
1300000.0,1167756.1,132243.88,132243.88,10.1726055
2400000.0,1221215.5,1178784.5,1178784.5,49.11602
680000.0,1298366.0,-618366.0,618366.0,90.93618
1400000.0,1347534.0,52466.0,52466.0,3.7475712
764800.0,1246486.0,-481686.0,481686.0,62.981956
800000.0,1221910.8,-421910.75,421910.75,52.738846
800000.0,1507243.1,-707243.1,707243.1,88.40539
750000.0,1220142.6,-470142.62,470142.62,62.68568
670000.0,1328521.4,-658521.4,658521.4,98.28677
1100000.0,1262869.9,-162869.88,162869.88,14.806353
1640000.0,1339712.9,300287.12,300287.12,18.31019
1600000.0,1622753.0,-22753.0,22753.0,1.4220625
841107.0,1110031.5,-268924.5,268924.5,31.972685
667200.0,1267186.9,-599986.9,599986.9,89.92609
1900000.0,1344445.2,555554.75,555554.75,29.239723
552500.0,1391207.2,-838707.25,838707.25,151.80222
1062500.0,1293655.0,-231155.0,231155.0,21.755766
1300000.0,1117157.0,182843.0,182843.0,14.064845
650000.0,1357415.6,-707415.6,707415.6,108.83317
760000.0,1604687.8,-844687.75,844687.75,111.14313
1200000.0,1460955.5,-260955.5,260955.5,21.746292
700000.0,1168737.4,-468737.38,468737.38,66.96248
1000000.0,1328415.6,-328415.62,328415.62,32.841564
850000.0,1243372.8,-393372.75,393372.75,46.27915
700000.0,1356963.0,-656963.0,656963.0,93.85186
2500000.0,1249425.6,1250574.4,1250574.4,50.022976
700000.0,1209174.1,-509174.12,509174.12,72.73916
1150000.0,1309875.2,-159875.25,159875.25,13.902196
1530000.0,1187547.8,342452.25,342452.25,22.3825
970000.0,1181394.4,-211394.38,211394.38,21.793234
820000.0,1759606.6,-939606.6,939606.6,114.586174
840000.0,1328601.9,-488601.88,488601.88,58.166893
1000000.0,1341252.6,-341252.62,341252.62,34.125263
1050000.0,1135722.9,-85722.875,85722.875,8.1640835
720000.0,1392131.2,-672131.25,672131.25,93.35156
990000.0,1645088.6,-655088.6,655088.6,66.17057
775000.0,1300195.0,-525195.0,525195.0,67.7671
900000.0,1319961.0,-419961.0,419961.0,46.662334
500000.0,1494931.9,-994931.9,994931.9,198.98637
1600000.0,2032533.5,-432533.5,432533.5,27.033344
800000.0,1118421.6,-318421.62,318421.62,39.802704
1400000.0,1427336.5,-27336.5,27336.5,1.9526072
1880000.0,1181394.4,698605.6,698605.6,37.159874
745000.0,1311970.5,-566970.5,566970.5,76.103424
700000.0,1725916.2,-1025916.25,1025916.25,146.55946
700000.0,1392267.2,-692267.25,692267.25,98.895325
750000.0,1541945.9,-791945.9,791945.9,105.59279
800000.0,1247232.8,-447232.75,447232.75,55.904095
700000.0,1269054.4,-569054.4,569054.4,81.29348
500000.0,1521069.8,-1021069.75,1021069.75,204.21396
1000000.0,1307654.9,-307654.88,307654.88,30.76549
1453000.0,1116080.5,336919.5,336919.5,23.187853
700000.0,1544573.2,-844573.25,844573.25,120.65332
1200000.0,1305296.6,-105296.625,105296.625,8.774718
1500000.0,1310151.4,189848.62,189848.62,12.656575
1094400.0,1280155.4,-185755.38,185755.38,16.97326
4048000.0,1216382.8,2831617.2,2831617.2,69.95102
700000.0,1118447.4,-418447.38,418447.38,59.778194
936000.0,1458159.9,-522159.88,522159.88,55.786312
750000.0,1451247.2,-701247.25,701247.25,93.49963
1695000.0,1633278.0,61722.0,61722.0,3.6414158
1400000.0,1221794.6,178205.38,178205.38,12.728955
550000.0,1359996.4,-809996.4,809996.4,147.27206
900000.0,1233457.9,-333457.88,333457.88,37.050877
630000.0,1543023.4,-913023.4,913023.4,144.92435
1160000.0,1511430.1,-351430.12,351430.12,30.2957
1468000.0,1156555.2,311444.75,311444.75,21.215582
795109.0,1960856.8,-1165747.8,1165747.8,146.61484
1160000.0,1442899.8,-282899.75,282899.75,24.387909
530000.0,1181394.4,-651394.4,651394.4,122.9046
780000.0,1299761.8,-519761.75,519761.75,66.63612
800000.0,1410402.4,-610402.4,610402.4,76.3003
1280000.0,1317091.9,-37091.875,37091.875,2.8978028
407500.0,1556798.8,-1149298.8,1149298.8,282.0365
1400000.0,1407392.4,-7392.375,7392.375,0.5280268
772000.0,1338390.6,-566390.6,566390.6,73.36666
1560000.0,1328309.5,231690.5,231690.5,14.851954
1024000.0,1583327.2,-559327.25,559327.25,54.621803
900000.0,1339139.5,-439139.5,439139.5,48.793278
1050000.0,1509341.0,-459341.0,459341.0,43.74676
1640000.0,1167736.9,472263.12,472263.12,28.796534
700000.0,1410181.0,-710181.0,710181.0,101.45442
650000.0,1503710.0,-853710.0,853710.0,131.34
1015000.0,1565375.6,-550375.6,550375.6,54.224197
1160000.0,1516477.8,-356477.75,356477.75,30.73084
565000.0,1298897.5,-733897.5,733897.5,129.89336
1920000.0,1377722.5,542277.5,542277.5,28.24362
800000.0,1438099.9,-638099.9,638099.9,79.76248
1056000.0,1475283.5,-419283.5,419283.5,39.704876
850000.0,1597199.4,-747199.4,747199.4,87.90581
1400000.0,1251494.2,148505.75,148505.75,10.6075535
1400000.0,1261249.9,138750.12,138750.12,9.910724
1600000.0,1379103.9,220896.12,220896.12,13.806007
900000.0,1307264.1,-407264.12,407264.12,45.251568
1435000.0,1106019.9,328980.12,328980.12,22.925444
700000.0,1185425.6,-485425.62,485425.62,69.34652
846000.0,1297362.8,-451362.75,451362.75,53.35257
1050000.0,1588933.0,-538933.0,538933.0,51.326954
600000.0,1264493.4,-664493.4,664493.4,110.7489
956000.0,1606264.6,-650264.6,650264.6,68.01931
1160000.0,1427975.9,-267975.88,267975.88,23.101368
1185000.0,1296480.6,-111480.625,111480.625,9.407648
1400000.0,1562423.9,-162423.88,162423.88,11.601706
600000.0,1586934.0,-986934.0,986934.0,164.489
600000.0,1236813.2,-636813.25,636813.25,106.135544
2500000.0,1264157.4,1235842.6,1235842.6,49.433704
790000.0,1413009.6,-623009.6,623009.6,78.86198
775000.0,1259904.4,-484904.38,484904.38,62.568306
988000.0,1576317.0,-588317.0,588317.0,59.546257
1195000.0,1296277.1,-101277.125,101277.125,8.475074
700000.0,1666921.9,-966921.9,966921.9,138.1317
560000.0,1603809.8,-1043809.75,1043809.75,186.39459
700000.0,1310632.1,-610632.1,610632.1,87.23316
500000.0,1483788.2,-983788.25,983788.25,196.75764
900000.0,1157144.5,-257144.5,257144.5,28.571611
700000.0,1181394.4,-481394.38,481394.38,68.77062
1500000.0,1617647.5,-117647.5,117647.5,7.8431664
675000.0,1654546.0,-979546.0,979546.0,145.11792
2000000.0,1159322.5,840677.5,840677.5,42.033875
1000000.0,1365497.4,-365497.38,365497.38,36.54974
2343000.0,1674100.1,668899.9,668899.9,28.548864
280000.0,1153330.4,-873330.4,873330.4,311.90372
558720.0,1210151.9,-651431.9,651431.9,116.59362
800000.0,1323217.8,-523217.75,523217.75,65.40222
1230000.0,1181394.4,48605.625,48605.625,3.9516768
600000.0,1167311.2,-567311.25,567311.25,94.55187
900000.0,1282876.9,-382876.88,382876.88,42.541878
856000.0,1310927.8,-454927.75,454927.75,53.145767
580000.0,1251369.5,-671369.5,671369.5,115.753365
1150000.0,1319997.2,-169997.25,169997.25,14.78237
943000.0,1153906.6,-210906.62,210906.62,22.365496
759500.0,1099745.5,-340245.5,340245.5,44.79862
1000000.0,1624269.2,-624269.25,624269.25,62.426926
700000.0,1181394.4,-481394.38,481394.38,68.77062
1000000.0,1108093.4,-108093.375,108093.375,10.809338
850000.0,1364020.2,-514020.25,514020.25,60.472973
2520000.0,1235036.4,1284963.6,1284963.6,50.990616
1960000.0,1357910.8,602089.25,602089.25,30.71884
950000.0,1301807.2,-351807.25,351807.25,37.03234
720000.0,1247440.4,-527440.4,527440.4,73.25561
800000.0,1171136.9,-371136.88,371136.88,46.39211
450000.0,1407807.5,-957807.5,957807.5,212.84612
1600000.0,1454732.2,145267.75,145267.75,9.079234
1730500.0,1495043.9,235456.12,235456.12,13.606249
828000.0,1305752.2,-477752.25,477752.25,57.69955
700000.0,1273442.9,-573442.9,573442.9,81.92041
1620000.0,1562586.0,57414.0,57414.0,3.5440738
650000.0,1358755.4,-708755.4,708755.4,109.03928
811000.0,1181394.4,-370394.38,370394.38,45.671318
1020000.0,1695651.4,-675651.4,675651.4,66.240326
1440000.0,1522007.2,-82007.25,82007.25,5.6949477
950000.0,1320359.0,-370359.0,370359.0,38.985157
800000.0,1305727.6,-505727.62,505727.62,63.215954
1650000.0,1387065.1,262934.88,262934.88,15.935447
920000.0,1229846.4,-309846.38,309846.38,33.678955
800000.0,1343691.6,-543691.6,543691.6,67.96146
1200000.0,1142893.1,57106.875,57106.875,4.7589064
700000.0,1189384.2,-489384.25,489384.25,69.91203
1000000.0,1478987.0,-478987.0,478987.0,47.8987
600000.0,1263726.9,-663726.9,663726.9,110.62114
400000.0,1181394.4,-781394.4,781394.4,195.3486
1015000.0,1174837.9,-159837.88,159837.88,15.747574
800000.0,1311455.4,-511455.38,511455.38,63.931923
1000000.0,1403302.1,-403302.12,403302.12,40.33021
855000.0,1123361.8,-268361.75,268361.75,31.387339
750000.0,1260816.6,-510816.62,510816.62,68.10888
500000.0,1357492.4,-857492.4,857492.4,171.49847
1000000.0,1274776.1,-274776.12,274776.12,27.477613
600000.0,1221651.6,-621651.6,621651.6,103.60861
850000.0,1187786.4,-337786.38,337786.38,39.739574
540000.0,1387867.1,-847867.1,847867.1,157.01242
931000.0,1122623.2,-191623.25,191623.25,20.58252
800000.0,1610493.5,-810493.5,810493.5,101.31168
1050000.0,1969046.4,-919046.4,919046.4,87.52823
1320000.0,1257983.5,62016.5,62016.5,4.6982193
672000.0,1162429.2,-490429.25,490429.25,72.98054
870000.0,1148099.6,-278099.62,278099.62,31.965473
540000.0,1445543.2,-905543.25,905543.25,167.69319
730000.0,1217838.9,-487838.88,487838.88,66.82724
777200.0,1381874.1,-604674.1,604674.1,77.801605
882000.0,1427148.9,-545148.9,545148.9,61.808266
1100000.0,1327239.8,-227239.75,227239.75,20.65816
1200000.0,1793791.0,-593791.0,593791.0,49.482582
900000.0,1595277.5,-695277.5,695277.5,77.25305
1263500.0,1654147.0,-390647.0,390647.0,30.917847
500000.0,1304830.4,-804830.4,804830.4,160.96608
1500000.0,1631992.4,-131992.38,131992.38,8.799492
1525000.0,1301617.6,223382.38,223382.38,14.648025
1100000.0,1119290.2,-19290.25,19290.25,1.7536591
1026000.0,1325484.8,-299484.75,299484.75,29.189548
650000.0,1616184.5,-966184.5,966184.5,148.64377
720000.0,1429942.2,-709942.25,709942.25,98.60309
815000.0,1457853.6,-642853.6,642853.6,78.87775
590000.0,1692845.8,-1102845.8,1102845.8,186.923
750000.0,1770252.9,-1020252.9,1020252.9,136.0337
1632001.0,1142162.1,489838.88,489838.88,30.01462
640000.0,1361362.0,-721362.0,721362.0,112.712814
800000.0,1181394.4,-381394.38,381394.38,47.674297
750000.0,1299925.0,-549925.0,549925.0,73.32333
700000.0,1129515.0,-429515.0,429515.0,61.359287
1160000.0,1425920.4,-265920.38,265920.38,22.92417
400000.0,1873203.6,-1473203.6,1473203.6,368.3009
1472500.0,1199077.1,273422.88,273422.88,18.568615
765000.0,1277379.1,-512379.12,512379.12,66.97766
2520000.0,1213694.5,1306305.5,1306305.5,51.83752
1400000.0,1332774.1,67225.875,67225.875,4.801848
600000.0,1315957.8,-715957.75,715957.75,119.326294
850000.0,1160565.2,-310565.25,310565.25,36.537086
650000.0,1527721.5,-877721.5,877721.5,135.03407
755000.0,1256630.0,-501630.0,501630.0,66.441055
1325000.0,1308187.2,16812.75,16812.75,1.2688868
800000.0,1143246.0,-343246.0,343246.0,42.90575
800000.0,1329856.0,-529856.0,529856.0,66.232
1380000.0,1317243.5,62756.5,62756.5,4.5475726
800000.0,1757905.9,-957905.9,957905.9,119.738235
1460000.0,1646670.8,-186670.75,186670.75,12.785667
750000.0,1401419.5,-651419.5,651419.5,86.855934
700000.0,1284245.9,-584245.9,584245.9,83.4637
877500.0,1296137.6,-418637.62,418637.62,47.707993
1260000.0,1295068.8,-35068.75,35068.75,2.7832341
669200.0,1283375.1,-614175.1,614175.1,91.77751
500000.0,1291118.6,-791118.6,791118.6,158.22372
700000.0,1497138.5,-797138.5,797138.5,113.87693
500000.0,1471345.0,-971345.0,971345.0,194.269
1120000.0,1464772.1,-344772.12,344772.12,30.783224
1100000.0,1346182.8,-246182.75,246182.75,22.38025
1500000.0,1329737.1,170262.88,170262.88,11.350859
680000.0,1469543.0,-789543.0,789543.0,116.10926
750000.0,1315758.9,-565758.9,565758.9,75.43452
550000.0,1214040.1,-664040.1,664040.1,120.73457
1685000.0,1672131.2,12868.75,12868.75,0.763724
3090000.0,1799857.8,1290142.2,1290142.2,41.75218
1170000.0,1368785.1,-198785.12,198785.12,16.990181
700000.0,1276472.5,-576472.5,576472.5,82.35322
860000.0,1233223.8,-373223.75,373223.75,43.39811
1160000.0,1381003.4,-221003.38,221003.38,19.052015
796200.0,1243246.9,-447046.88,447046.88,56.147556
580000.0,1199538.6,-619538.6,619538.6,106.81701
500000.0,1319088.0,-819088.0,819088.0,163.8176
920000.0,1824134.4,-904134.4,904134.4,98.275475
412500.0,1461703.2,-1049203.2,1049203.2,254.35231
1930000.0,1323394.2,606605.75,606605.75,31.43035
750000.0,1299181.5,-549181.5,549181.5,73.2242
920000.0,1283597.4,-363597.38,363597.38,39.521454
1000000.0,1711756.9,-711756.9,711756.9,71.17569
657000.0,1154813.6,-497813.62,497813.62,75.77072
1000000.0,1819973.8,-819973.75,819973.75,81.997375
454500.0,1183414.0,-728914.0,728914.0,160.37712
750000.0,1300708.4,-550708.4,550708.4,73.42779
800000.0,1181394.4,-381394.38,381394.38,47.674297
700000.0,1432571.2,-732571.25,732571.25,104.65304
1200000.0,1606794.2,-406794.25,406794.25,33.89952
14000000.0,1774561.1,12225439.0,12225439.0,87.32456
800000.0,1129543.2,-329543.25,329543.25,41.192905
980000.0,1650564.0,-670564.0,670564.0,68.4249
816120.0,1283690.2,-467570.25,467570.25,57.291855
700000.0,1497618.9,-797618.9,797618.9,113.94556
700000.0,1610086.2,-910086.25,910086.25,130.01233
520000.0,1292291.6,-772291.6,772291.6,148.51762
1600000.0,1393217.6,206782.38,206782.38,12.923898
500000.0,1271628.6,-771628.6,771628.6,154.32573
1900000.0,1463038.9,436961.12,436961.12,22.997955
550000.0,1262588.5,-712588.5,712588.5,129.56154
800000.0,1382408.8,-582408.75,582408.75,72.801094
900000.0,1770315.5,-870315.5,870315.5,96.70172
800000.0,1306229.1,-506229.12,506229.12,63.27864
2400000.0,1240325.1,1159674.9,1159674.9,48.319786
1100000.0,1534678.2,-434678.25,434678.25,39.516205
1000000.0,1476290.6,-476290.62,476290.62,47.629063
1140000.0,1303247.9,-163247.88,163247.88,14.319989
1500000.0,1410899.8,89100.25,89100.25,5.9400167
1500000.0,1495068.2,4931.75,4931.75,0.32878333
1000000.0,1105584.8,-105584.75,105584.75,10.558475
942500.0,1596213.1,-653713.1,653713.1,69.35948
1400000.0,1150434.6,249565.38,249565.38,17.826097
2200000.0,1329364.0,870636.0,870636.0,39.574364
600000.0,1132358.4,-532358.4,532358.4,88.726395
1200000.0,1754849.4,-554849.4,554849.4,46.23745
1070000.0,1229133.1,-159133.12,159133.12,14.872254
1600000.0,1538032.2,61967.75,61967.75,3.8729842
1436000.0,1603460.5,-167460.5,167460.5,11.661594
500000.0,1329035.5,-829035.5,829035.5,165.8071
1100000.0,1229919.6,-129919.625,129919.625,11.810875
700000.0,1139696.1,-439696.12,439696.12,62.813736
1233200.0,1830256.1,-597056.1,597056.1,48.41519
1400000.0,1125980.2,274019.75,274019.75,19.57284
750000.0,1583657.2,-833657.25,833657.25,111.154305
500000.0,1312434.6,-812434.6,812434.6,162.48692
1125000.0,1157331.1,-32331.125,32331.125,2.8738778
1000000.0,1126128.5,-126128.5,126128.5,12.612849
1000000.0,1577477.6,-577477.6,577477.6,57.747765
960000.0,1463970.2,-503970.25,503970.25,52.4969
650000.0,1190265.8,-540265.75,540265.75,83.117805
500000.0,1181394.4,-681394.4,681394.4,136.27888
1400000.0,1664606.4,-264606.38,264606.38,18.900455
1200000.0,1302604.9,-102604.875,102604.875,8.550406
620000.0,1046824.5,-426824.5,426824.5,68.84266
1800000.0,1329054.8,470945.25,470945.25,26.163626
650000.0,1125187.8,-475187.75,475187.75,73.105804
1400000.0,1485470.8,-85470.75,85470.75,6.1050534
800000.0,1160134.9,-360134.88,360134.88,45.016857
580000.0,942731.1,-362731.12,362731.12,62.539852
500000.0,1347345.8,-847345.75,847345.75,169.46915
800000.0,1455064.6,-655064.6,655064.6,81.88308
1300000.0,1367257.4,-67257.375,67257.375,5.173644
895000.0,1243727.2,-348727.25,348727.25,38.963936
812920.0,1362370.1,-549450.1,549450.1,67.58969
1044000.0,1152731.2,-108731.25,108731.25,10.414871
1200000.0,1582330.9,-382330.88,382330.88,31.860907
440000.0,1412861.1,-972861.1,972861.1,221.10481
1020000.0,1155865.2,-135865.25,135865.25,13.320123
1040000.0,1225444.4,-185444.38,185444.38,17.83119
1540000.0,1389381.1,150618.88,150618.88,9.780446
720000.0,1116641.2,-396641.25,396641.25,55.08906
800000.0,1178741.6,-378741.62,378741.62,47.3427
2156000.0,1398183.4,757816.6,757816.6,35.149193
850000.0,1238988.9,-388988.88,388988.88,45.763397
950000.0,1541151.6,-591151.6,591151.6,62.226486
550000.0,1480079.1,-930079.1,930079.1,169.10529
1200000.0,1134872.5,65127.5,65127.5,5.4272914
3100000.0,1300014.9,1799985.1,1799985.1,58.064037
1280000.0,1319245.9,-39245.875,39245.875,3.066084
800000.0,1314071.5,-514071.5,514071.5,64.25894
628800.0,1645833.4,-1017033.4,1017033.4,161.74194
853000.0,1127992.4,-274992.38,274992.38,32.238262
1250000.0,1360134.8,-110134.75,110134.75,8.810781
700000.0,1629986.9,-929986.9,929986.9,132.85527
850000.0,1260471.6,-410471.62,410471.62,48.29078
2400000.0,1453050.8,946949.25,946949.25,39.45622
1015000.0,1174837.9,-159837.88,159837.88,15.747574
2112000.0,1497080.9,614919.1,614919.1,29.11549
1170000.0,1424408.2,-254408.25,254408.25,21.744295
600000.0,1242328.1,-642328.1,642328.1,107.05469
800000.0,1496196.8,-696196.75,696196.75,87.0246
1520000.0,1316561.5,203438.5,203438.5,13.384111
1000000.0,1707691.9,-707691.9,707691.9,70.76919
1200000.0,1290299.8,-90299.75,90299.75,7.524979
1350000.0,1307530.2,42469.75,42469.75,3.1459074
16000000.0,1749700.8,14250299.0,14250299.0,89.06437
460000.0,1350556.5,-890556.5,890556.5,193.59924
882000.0,1152569.4,-270569.38,270569.38,30.6768
450000.0,1753402.6,-1303402.6,1303402.6,289.64502
800000.0,1181394.4,-381394.38,381394.38,47.674297
1100000.0,1243020.6,-143020.62,143020.62,13.001876
1170000.0,1444445.8,-274445.75,274445.75,23.456902
620000.0,1688635.5,-1068635.5,1068635.5,172.36057
1380000.0,1213320.0,166680.0,166680.0,12.07826
200000.0,1311720.5,-1111720.5,1111720.5,555.8602
650000.0,1432628.1,-782628.1,782628.1,120.40433
1000000.0,1147965.6,-147965.62,147965.62,14.796562
1400000.0,1311897.0,88103.0,88103.0,6.2930713
788000.0,1312695.1,-524695.1,524695.1,66.58568
900000.0,1460183.0,-560183.0,560183.0,62.242554
600000.0,1139408.5,-539408.5,539408.5,89.90142
1035180.0,1269005.6,-233825.62,233825.62,22.58792
900000.0,1162920.4,-262920.38,262920.38,29.213375
1764815.0,1160487.0,604328.0,604328.0,34.243137
1450000.0,1365606.9,84393.125,84393.125,5.8202157
2064000.0,1534739.6,529260.4,529260.4,25.64246
2345689.0,1328175.1,1017513.9,1017513.9,43.378036
1400000.0,1121848.5,278151.5,278151.5,19.867964
2400000.0,1152055.9,1247944.1,1247944.1,51.997673
1100000.0,1437377.4,-337377.38,337377.38,30.67067
1250000.0,1317165.6,-67165.625,67165.625,5.37325
1380000.0,1312877.9,67122.125,67122.125,4.863922
1300000.0,1237422.0,62578.0,62578.0,4.8136926
1150000.0,1121950.1,28049.875,28049.875,2.4391196
700000.0,1501664.5,-801664.5,801664.5,114.52349
667200.0,1268767.4,-601567.4,601567.4,90.16297
2200000.0,1321654.8,878345.25,878345.25,39.924786
543000.0,1539209.0,-996209.0,996209.0,183.46391
1170000.0,1262109.8,-92109.75,92109.75,7.872628
1256820.0,1328066.6,-71246.625,71246.625,5.6688013
810000.0,1381331.4,-571331.4,571331.4,70.53474
700000.0,1181394.4,-481394.38,481394.38,68.77062
960000.0,1288374.9,-328374.88,328374.88,34.205715
900000.0,1295282.2,-395282.25,395282.25,43.92025
734100.0,1155402.9,-421302.88,421302.88,57.390392
1016000.0,1670723.8,-654723.75,654723.75,64.441315
900000.0,1399302.9,-499302.88,499302.88,55.478096
1500000.0,1442838.6,57161.375,57161.375,3.8107586
500000.0,1730272.0,-1230272.0,1230272.0,246.05441
1400000.0,1104876.0,295124.0,295124.0,21.080286
400000.0,1759163.0,-1359163.0,1359163.0,339.79074
2400000.0,1432148.4,967851.6,967851.6,40.32715
550000.0,1499171.8,-949171.75,949171.75,172.57668
700000.0,1393675.6,-693675.6,693675.6,99.09652
650000.0,1204918.8,-554918.75,554918.75,85.372116
780000.0,1382953.5,-602953.5,602953.5,77.30173
800000.0,1477512.6,-677512.6,677512.6,84.68908
1196000.0,1196483.6,-483.625,483.625,0.040436875
700000.0,1410896.4,-710896.4,710896.4,101.556625
1500000.0,1400078.2,99921.75,99921.75,6.66145
650000.0,1314636.1,-664636.1,664636.1,102.25171
600000.0,1181394.4,-581394.4,581394.4,96.89906
1200000.0,1424171.4,-224171.38,224171.38,18.680948
1100000.0,1326797.0,-226797.0,226797.0,20.61791
793000.0,1292509.9,-499509.88,499509.88,62.989895
940000.0,1120231.1,-180231.12,180231.12,19.173523
1440000.0,1161226.5,278773.5,278773.5,19.359272
1760000.0,1322426.4,437573.62,437573.62,24.862137
2580000.0,1682728.5,897271.5,897271.5,34.777966
1800000.0,1475205.6,324794.38,324794.38,18.044132
750000.0,1333110.1,-583110.1,583110.1,77.74802
700000.0,1286850.5,-586850.5,586850.5,83.835785
900000.0,1664063.8,-764063.75,764063.75,84.89597
750000.0,1114442.1,-364442.12,364442.12,48.592285
725000.0,1723863.1,-998863.1,998863.1,137.77423
950000.0,1341123.2,-391123.25,391123.25,41.170868
1400000.0,1323982.2,76017.75,76017.75,5.429839
1620000.0,1180183.9,439816.12,439816.12,27.149143
900000.0,1104914.1,-204914.12,204914.12,22.768236
550000.0,1152853.5,-602853.5,602853.5,109.609726
600000.0,1322486.1,-722486.1,722486.1,120.41435
900000.0,1579612.5,-679612.5,679612.5,75.5125
700000.0,1370025.9,-670025.9,670025.9,95.71799
700000.0,1181394.4,-481394.38,481394.38,68.77062
1320000.0,1432279.6,-112279.625,112279.625,8.506032
984000.0,1367781.5,-383781.5,383781.5,39.002186
1000000.0,1262040.4,-262040.38,262040.38,26.204037
882000.0,1306604.9,-424604.88,424604.88,48.141144
750000.0,1422706.6,-672706.6,672706.6,89.694214
810000.0,1213003.5,-403003.5,403003.5,49.75352
600000.0,1401505.6,-801505.6,801505.6,133.58427
700000.0,1415256.8,-715256.75,715256.75,102.17954
1705000.0,1407622.2,297377.75,297377.75,17.44151
600000.0,1243594.9,-643594.9,643594.9,107.265816
2380000.0,1565989.6,814010.4,814010.4,34.202118
1350000.0,1331382.1,18617.875,18617.875,1.3791019
1345800.0,1458538.9,-112738.875,112738.875,8.37709
1152000.0,1670745.9,-518745.88,518745.88,45.030025
1064500.0,1906087.9,-841587.9,841587.9,79.05945
800000.0,1537122.1,-737122.1,737122.1,92.14027
990000.0,1354017.4,-364017.38,364017.38,36.769432
800000.0,1283308.1,-483308.12,483308.12,60.413517
950000.0,1169802.0,-219802.0,219802.0,23.137053
815000.0,1327771.4,-512771.38,512771.38,62.916733
1500000.0,1122266.1,377733.88,377733.88,25.182259
1000000.0,1283950.9,-283950.88,283950.88,28.395086
750000.0,1353673.4,-603673.4,603673.4,80.489784
700000.0,1170055.6,-470055.62,470055.62,67.1508
670000.0,1256271.5,-586271.5,586271.5,87.503204
550500.0,1227446.6,-676946.6,676946.6,122.96941
488000.0,1389749.8,-901749.75,901749.75,184.78477
708000.0,1501565.4,-793565.4,793565.4,112.08551
1200000.0,1318920.1,-118920.125,118920.125,9.91001
630000.0,1792940.8,-1162940.8,1162940.8,184.59378
600000.0,1166161.2,-566161.25,566161.25,94.36021
588000.0,1308263.6,-720263.6,720263.6,122.49381
780000.0,1181394.4,-401394.38,401394.38,51.460815
1550000.0,1181394.4,368605.62,368605.62,23.781008
1100000.0,1347096.9,-247096.88,247096.88,22.463352
700000.0,1402891.1,-702891.1,702891.1,100.41301
540000.0,1269393.2,-729393.25,729393.25,135.07283
1063000.0,1183985.0,-120985.0,120985.0,11.381468
1500000.0,1217502.9,282497.12,282497.12,18.833141
1100000.0,1424171.4,-324171.38,324171.38,29.470125
600000.0,1304375.6,-704375.6,704375.6,117.395935
4160000.0,1573650.6,2586349.5,2586349.5,62.171864
1395000.0,1527262.4,-132262.38,132262.38,9.4811735
750000.0,1265823.5,-515823.5,515823.5,68.77647
1100000.0,1360182.2,-260182.25,260182.25,23.652931
480000.0,1270861.9,-790861.9,790861.9,164.7629
1000000.0,1286108.4,-286108.38,286108.38,28.610838
1000000.0,1759529.1,-759529.1,759529.1,75.95291
773400.0,1557005.5,-783605.5,783605.5,101.319565
78000000.0,3113881.8,74886120.0,74886120.0,96.00785
855600.0,1253908.8,-398308.75,398308.75,46.55315
600000.0,1287746.8,-687746.75,687746.75,114.62445
3000000.0,1781325.6,1218674.4,1218674.4,40.62248
650000.0,1303142.5,-653142.5,653142.5,100.48347
1400000.0,1639775.1,-239775.12,239775.12,17.126795
900000.0,1257313.2,-357313.25,357313.25,39.70147
750000.0,1285822.5,-535822.5,535822.5,71.443
576000.0,1240312.5,-664312.5,664312.5,115.33203
970000.0,1722661.8,-752661.75,752661.75,77.593994
4285875.0,1314898.6,2970976.5,2970976.5,69.32018
500000.0,1245384.2,-745384.25,745384.25,149.07686
1000000.0,1278563.6,-278563.62,278563.62,27.856361
900000.0,1253036.6,-353036.62,353036.62,39.22629
500000.0,1425107.0,-925107.0,925107.0,185.0214
1230600.0,1329120.2,-98520.25,98520.25,8.005871
450000.0,1515992.5,-1065992.5,1065992.5,236.88722
1290000.0,1318147.1,-28147.125,28147.125,2.1819477
800000.0,1465845.5,-665845.5,665845.5,83.23068
750000.0,1257855.9,-507855.88,507855.88,67.71412
1500000.0,1323077.4,176922.62,176922.62,11.794842
1425000.0,1095639.9,329360.12,329360.12,23.112991
1200000.0,1314056.6,-114056.625,114056.625,9.504719
800000.0,1305640.8,-505640.75,505640.75,63.205093
728000.0,1456637.8,-728637.75,728637.75,100.08761
1400000.0,1109415.4,290584.62,290584.62,20.756044
700000.0,1181394.4,-481394.38,481394.38,68.77062
719001.0,1324740.0,-605739.0,605739.0,84.24731
788000.0,1448311.5,-660311.5,660311.5,83.795876
2746575.0,1851601.4,894973.6,894973.6,32.58508
700000.0,1168215.8,-468215.75,468215.75,66.88796
1210000.0,1489173.1,-279173.12,279173.12,23.072159
1188000.0,1323632.9,-135632.88,135632.88,11.416908
1000000.0,1531664.8,-531664.75,531664.75,53.166473
650000.0,1312932.1,-662932.1,662932.1,101.989555
637500.0,1279730.9,-642230.9,642230.9,100.7421
850000.0,1140517.6,-290517.62,290517.62,34.178543
585000.0,1281712.8,-696712.75,696712.75,119.0962
700000.0,1302219.9,-602219.9,602219.9,86.03141
1000000.0,1781303.2,-781303.25,781303.25,78.130325
1200000.0,1189088.8,10911.25,10911.25,0.9092708
1250000.0,1231468.9,18531.125,18531.125,1.48249
1200000.0,1340035.6,-140035.62,140035.62,11.669636
900000.0,1625736.4,-725736.4,725736.4,80.637375
980000.0,1410513.9,-430513.88,430513.88,43.92999
800000.0,1178480.6,-378480.62,378480.62,47.310078
500000.0,1161701.5,-661701.5,661701.5,132.3403
1200000.0,1215911.2,-15911.25,15911.25,1.3259375
749000.0,1241973.6,-492973.62,492973.62,65.81757
760000.0,1288452.5,-528452.5,528452.5,69.533226
1015000.0,1252670.6,-237670.62,237670.62,23.415825
750000.0,1324810.0,-574810.0,574810.0,76.641335
765000.0,1347627.4,-582627.4,582627.4,76.160446
2865000.0,1314656.5,1550343.5,1550343.5,54.11321
1450000.0,1272368.9,177631.12,177631.12,12.2504225
2546800.0,1174638.5,1372161.5,1372161.5,53.877865
1200000.0,1390500.4,-190500.38,190500.38,15.875031
1520000.0,1307306.5,212693.5,212693.5,13.992993
900000.0,1441487.9,-541487.9,541487.9,60.16532
1080000.0,1250995.9,-170995.88,170995.88,15.832952
800000.0,1234881.1,-434881.12,434881.12,54.360138
800000.0,1755418.8,-955418.75,955418.75,119.427345
800000.0,1595821.0,-795821.0,795821.0,99.47762
550000.0,1298484.6,-748484.6,748484.6,136.0881
712000.0,1310199.8,-598199.75,598199.75,84.016815
1600000.0,1323629.5,276370.5,276370.5,17.273157
500000.0,1363057.9,-863057.9,863057.9,172.61157
800000.0,1812883.1,-1012883.1,1012883.1,126.61039
2000000.0,1106811.0,893189.0,893189.0,44.65945
1147262.0,1109450.9,37811.125,37811.125,3.2957706
540000.0,1181394.4,-641394.4,641394.4,118.77674
810000.0,1365071.6,-555071.6,555071.6,68.52736
650000.0,1156007.6,-506007.62,506007.62,77.84733
1200000.0,1525008.5,-325008.5,325008.5,27.084042
800000.0,1425579.8,-625579.75,625579.75,78.197464
780000.0,1440367.0,-660367.0,660367.0,84.66244
550000.0,1994165.0,-1444165.0,1444165.0,262.57547
700000.0,1127550.4,-427550.38,427550.38,61.078625
1200000.0,1310095.6,-110095.625,110095.625,9.174635
1200000.0,1387618.0,-187618.0,187618.0,15.634833
507850.0,1181394.4,-673544.4,673544.4,132.62665
1000000.0,1508362.2,-508362.25,508362.25,50.836224
1389000.0,1304856.4,84143.625,84143.625,6.057856
920000.0,1101858.6,-181858.62,181858.62,19.76724
2580000.0,1314502.4,1265497.6,1265497.6,49.050297
1120000.0,1139041.8,-19041.75,19041.75,1.7001562
620000.0,1386781.8,-766781.75,766781.75,123.67448
705000.0,1709993.9,-1004993.9,1004993.9,142.55232
1112000.0,1296537.9,-184537.88,184537.88,16.595133
720000.0,1219401.1,-499401.12,499401.12,69.36127
1130000.0,1250525.4,-120525.375,120525.375,10.665962
1000000.0,1346599.6,-346599.62,346599.62,34.659966
810000.0,1309251.1,-499251.12,499251.12,61.63594
600000.0,1148656.9,-548656.9,548656.9,91.44281
695000.0,1526639.9,-831639.9,831639.9,119.660416
650000.0,1274479.1,-624479.1,624479.1,96.07371
700000.0,1261262.4,-561262.4,561262.4,80.18034
750000.0,1503125.6,-753125.6,753125.6,100.416756
610000.0,1290016.9,-680016.9,680016.9,111.47817
2095000.0,1379024.6,715975.4,715975.4,34.175434
1150000.0,1134616.2,15383.75,15383.75,1.3377174
500000.0,1138078.8,-638078.75,638078.75,127.61575
1400000.0,1381800.9,18199.125,18199.125,1.2999375
1150000.0,1389688.1,-239688.12,239688.12,20.842447
900000.0,1218393.2,-318393.25,318393.25,35.37703
1150000.0,1420657.0,-270657.0,270657.0,23.53539
600000.0,1512882.9,-912882.9,912882.9,152.14716
1000000.0,1372803.2,-372803.25,372803.25,37.280323
838000.0,1580560.9,-742560.9,742560.9,88.611084
1400000.0,1767284.1,-367284.12,367284.12,26.23458
4860000.0,1359407.1,3500593.0,3500593.0,72.02866
600000.0,1267445.5,-667445.5,667445.5,111.24091
600000.0,1435860.2,-835860.25,835860.25,139.31004
550000.0,1291076.8,-741076.75,741076.75,134.74123
888000.0,1167606.4,-279606.38,279606.38,31.487206
460000.0,1181394.4,-721394.4,721394.4,156.82486
1410000.0,1294600.0,115400.0,115400.0,8.184397
500000.0,1822309.9,-1322309.9,1322309.9,264.46198
1000000.0,1788299.2,-788299.25,788299.25,78.829926
910000.0,1181394.4,-271394.38,271394.38,29.823557
650000.0,1181394.4,-531394.4,531394.4,81.75298
637500.0,1408417.5,-770917.5,770917.5,120.92824
800000.0,1553295.6,-753295.6,753295.6,94.16195
800000.0,1153444.5,-353444.5,353444.5,44.180565
800000.0,1484297.8,-684297.75,684297.75,85.53722
1380000.0,1318683.1,61316.875,61316.875,4.4432516
1176000.0,1229014.6,-53014.625,53014.625,4.5080466
700000.0,1321535.6,-621535.6,621535.6,88.7908
500000.0,1139457.5,-639457.5,639457.5,127.8915
2150000.0,1318104.4,831895.6,831895.6,38.69282
850000.0,1262045.8,-412045.75,412045.75,48.47597
600000.0,1251030.9,-651030.9,651030.9,108.50514
700000.0,1261623.0,-561623.0,561623.0,80.23186
512000.0,1181394.4,-669394.4,669394.4,130.74109
2300300.0,1336090.5,964209.5,964209.5,41.916683
1500000.0,1596680.6,-96680.625,96680.625,6.445375
1400000.0,1442633.9,-42633.875,42633.875,3.0452766
946400.0,1181394.4,-234994.38,234994.38,24.830345
1500000.0,1723018.6,-223018.62,223018.62,14.867908
1445000.0,1559646.5,-114646.5,114646.5,7.934014
950000.0,1389487.1,-439487.12,439487.12,46.261803
700000.0,1400906.0,-700906.0,700906.0,100.129425
750000.0,1223103.0,-473103.0,473103.0,63.0804
1600000.0,1316104.1,283895.88,283895.88,17.743492
1160000.0,1511430.1,-351430.12,351430.12,30.2957
813400.0,1371129.1,-557729.1,557729.1,68.567635
720000.0,1451670.0,-731670.0,731670.0,101.62083
1620000.0,1167554.4,452445.62,452445.62,27.928743
750000.0,1850833.8,-1100833.8,1100833.8,146.77783
610000.0,1548731.0,-938731.0,938731.0,153.89032
950000.0,1336388.8,-386388.75,386388.75,40.6725
1400000.0,1261883.0,138117.0,138117.0,9.8655
700000.0,1489348.4,-789348.4,789348.4,112.764046
800000.0,1182374.4,-382374.38,382374.38,47.7968
800000.0,1307581.1,-507581.12,507581.12,63.447643
705600.0,1293766.0,-588166.0,588166.0,83.35686
700000.0,1643789.5,-943789.5,943789.5,134.82707
850000.0,1276958.5,-426958.5,426958.5,50.230415
550000.0,1453092.4,-903092.4,903092.4,164.19861
690000.0,1315763.0,-625763.0,625763.0,90.69029
1484400.0,1319129.4,165270.62,165270.62,11.133833
1060000.0,1142736.4,-82736.375,82736.375,7.8053184
1200000.0,1498470.4,-298470.38,298470.38,24.872532
1200000.0,1428136.4,-228136.38,228136.38,19.011364
620000.0,1212688.9,-592688.9,592688.9,95.59498
2000000.0,1344214.9,655785.1,655785.1,32.789257
800000.0,1354508.2,-554508.25,554508.25,69.31353
700000.0,1319791.1,-619791.1,619791.1,88.54159
864000.0,1380162.8,-516162.75,516162.75,59.741062
1050000.0,1267038.2,-217038.25,217038.25,20.67031
1100000.0,1621768.5,-521768.5,521768.5,47.433502
900000.0,1152203.0,-252203.0,252203.0,28.022554
1040555.0,1112468.2,-71913.25,71913.25,6.9110475
1060000.0,1666134.6,-606134.6,606134.6,57.182514
1760000.0,1397043.5,362956.5,362956.5,20.62253
1250000.0,1175570.2,74429.75,74429.75,5.95438
46667.0,1501588.0,-1454921.0,1454921.0,3117.6658
2050000.0,1666179.1,383820.88,383820.88,18.72297
700000.0,1504186.1,-804186.1,804186.1,114.883736
2000000.0,1241069.2,758930.75,758930.75,37.946537
1150000.0,1156963.5,-6963.5,6963.5,0.60552174
890000.0,1429243.2,-539243.25,539243.25,60.58913
1000000.0,1436567.2,-436567.25,436567.25,43.656723
800000.0,1314401.6,-514401.62,514401.62,64.3002
900000.0,1338323.6,-438323.62,438323.62,48.702625
924000.0,1613738.6,-689738.6,689738.6,74.64704
1440000.0,1578285.8,-138285.75,138285.75,9.603177
1308000.0,1129878.0,178122.0,178122.0,13.617889
1500000.0,1747235.6,-247235.62,247235.62,16.482376
800000.0,1284543.2,-484543.25,484543.25,60.5679
700000.0,1263960.1,-563960.1,563960.1,80.565735
1152000.0,1341813.2,-189813.25,189813.25,16.476845
940000.0,1535496.2,-595496.25,595496.25,63.350666
840000.0,1621829.9,-781829.9,781829.9,93.07498
1150510.0,1226718.5,-76208.5,76208.5,6.623889
600000.0,1642237.2,-1042237.25,1042237.25,173.7062
3600000.0,1306062.1,2293938.0,2293938.0,63.7205
1300000.0,1672777.2,-372777.25,372777.25,28.67517
1027500.0,1370306.6,-342806.62,342806.62,33.363174
700000.0,1164306.6,-464306.62,464306.62,66.32951
1020000.0,1337640.0,-317640.0,317640.0,31.141176
700000.0,1395173.9,-695173.9,695173.9,99.310555
1400000.0,1325647.4,74352.625,74352.625,5.3109016
2895000.0,1221055.8,1673944.2,1673944.2,57.821907
736000.0,1924120.1,-1188120.1,1188120.1,161.42937
1800000.0,1317465.9,482534.12,482534.12,26.807451
530000.0,1421193.9,-891193.9,891193.9,168.1498
2130000.0,1254729.4,875270.6,875270.6,41.092518
2500000.0,1288246.8,1211753.2,1211753.2,48.47013
1170000.0,1430807.1,-260807.12,260807.12,22.291206
886264.0,1246893.2,-360629.25,360629.25,40.69095
700000.0,1118421.6,-418421.62,418421.62,59.774517
900000.0,1390400.2,-490400.25,490400.25,54.488914
1400000.0,1305181.2,94818.75,94818.75,6.7727675
1200000.0,1195896.0,4104.0,4104.0,0.342
1010000.0,1181394.4,-171394.38,171394.38,16.96974
1000000.0,1283064.4,-283064.38,283064.38,28.306437
1500000.0,1535665.5,-35665.5,35665.5,2.3777
772000.0,1264836.9,-492836.88,492836.88,63.83897
900000.0,1624074.1,-724074.1,724074.1,80.45268
1820000.0,1240676.0,579324.0,579324.0,31.83099
800000.0,1429103.0,-629103.0,629103.0,78.63787
1100000.0,2009136.2,-909136.25,909136.25,82.64875
850000.0,1325852.2,-475852.25,475852.25,55.98262
1730500.0,1515792.6,214707.38,214707.38,12.407245
1180000.0,1185314.4,-5314.375,5314.375,0.45037073
600000.0,1313612.8,-713612.75,713612.75,118.935455
1014000.0,1181394.4,-167394.38,167394.38,16.508322
1500000.0,1327891.6,172108.38,172108.38,11.473892
734000.0,1274506.8,-540506.75,540506.75,73.63852
610000.0,1329394.4,-719394.4,719394.4,117.9335
1100000.0,1419481.9,-319481.88,319481.88,29.043806
800000.0,1662652.8,-862652.75,862652.75,107.8316
900000.0,1602449.9,-702449.9,702449.9,78.04999
600000.0,1324005.2,-724005.25,724005.25,120.66754
1030200.0,1288344.0,-258144.0,258144.0,25.05766
874000.0,1125797.5,-251797.5,251797.5,28.809782
720000.0,1296530.2,-576530.25,576530.25,80.07365
1992375.0,1350925.4,641449.6,641449.6,32.195225
700000.0,1850950.1,-1150950.1,1150950.1,164.42145
884000.0,1148251.8,-264251.75,264251.75,29.89273
1400000.0,1629431.2,-229431.25,229431.25,16.387947
647601.0,1274973.0,-627372.0,627372.0,96.87632
2400000.0,1203388.5,1196611.5,1196611.5,49.85881
960000.0,1798108.1,-838108.1,838108.1,87.30293
800000.0,1125625.4,-325625.38,325625.38,40.70317
1260000.0,1223172.0,36828.0,36828.0,2.9228573
1472000.0,1346650.8,125349.25,125349.25,8.515574
1500000.0,1332807.4,167192.62,167192.62,11.146175
1200000.0,1151523.4,48476.625,48476.625,4.0397186
700000.0,1315222.4,-615222.4,615222.4,87.88891
1920000.0,1261913.4,658086.6,658086.6,34.275345
1255000.0,1241375.6,13624.375,13624.375,1.0856076
1000000.0,1287369.5,-287369.5,287369.5,28.73695
1600000.0,1479666.4,120333.625,120333.625,7.5208516
450000.0,1011926.75,-561926.75,561926.75,124.87261
1475000.0,1170986.5,304013.5,304013.5,20.611086
950000.0,1292970.0,-342970.0,342970.0,36.102104
463400.0,1229293.5,-765893.5,765893.5,165.27698
1538000.0,1196730.2,341269.75,341269.75,22.189192
550000.0,1045805.1,-495805.12,495805.12,90.146385
700000.0,1323041.2,-623041.25,623041.25,89.00589
700000.0,1756139.9,-1056139.9,1056139.9,150.87714
877500.0,1231527.9,-354027.88,354027.88,40.34506
800000.0,1327024.5,-527024.5,527024.5,65.87807
1620000.0,1169178.9,450821.12,450821.12,27.828465
775000.0,1232021.2,-457021.25,457021.25,58.97048
1000000.0,1099916.4,-99916.375,99916.375,9.991637
850000.0,1140211.8,-290211.75,290211.75,34.14256
770800.0,1408941.5,-638141.5,638141.5,82.789505
850000.0,1315924.2,-465924.25,465924.25,54.814617
1350000.0,1309140.8,40859.25,40859.25,3.026611
400000.0,1134302.1,-734302.1,734302.1,183.57553
1743600.0,1135706.0,607894.0,607894.0,34.864304
1596000.0,1398183.4,197816.62,197816.62,12.394526
566900.0,1181394.4,-614494.4,614494.4,108.39555
740000.0,1627880.9,-887880.9,887880.9,119.9839
850000.0,1337127.0,-487127.0,487127.0,57.309063
600000.0,1181394.4,-581394.4,581394.4,96.89906
1490000.0,1312777.1,177222.88,177222.88,11.894153
1367200.0,1331462.1,35737.875,35737.875,2.6139464
1000000.0,1132361.2,-132361.25,132361.25,13.236125
550000.0,1855266.4,-1305266.4,1305266.4,237.32117
951850.0,1803256.9,-851406.9,851406.9,89.447586
598000.0,1340117.8,-742117.75,742117.75,124.09996
790000.0,1175820.8,-385820.75,385820.75,48.83807
1200000.0,1135050.8,64949.25,64949.25,5.4124374
550000.0,1924120.1,-1374120.1,1374120.1,249.84003
600000.0,1542542.8,-942542.75,942542.75,157.09045
755000.0,1155972.5,-400972.5,400972.5,53.108944
800000.0,1305855.9,-505855.88,505855.88,63.231987
756000.0,1488666.4,-732666.4,732666.4,96.91354
1398000.0,1712197.2,-314197.25,314197.25,22.474768
1610000.0,1288573.5,321426.5,321426.5,19.964378
600000.0,1235081.6,-635081.6,635081.6,105.84694
550000.0,1293376.0,-743376.0,743376.0,135.15927
800000.0,1241309.5,-441309.5,441309.5,55.16369
639000.0,1589058.4,-950058.4,950058.4,148.67894
800000.0,1813749.0,-1013749.0,1013749.0,126.71863
1200000.0,1324436.2,-124436.25,124436.25,10.369687
600000.0,1457371.4,-857371.4,857371.4,142.89523
648000.0,1535894.9,-887894.9,887894.9,137.02081
600000.0,1265692.2,-665692.25,665692.25,110.94871
650000.0,1277379.1,-627379.1,627379.1,96.51987
800000.0,1409217.0,-609217.0,609217.0,76.15212
1260000.0,1349245.4,-89245.375,89245.375,7.082966
2600000.0,1353837.9,1246162.1,1246162.1,47.929314
1600000.0,1149815.0,450185.0,450185.0,28.136562
1220000.0,1110064.1,109935.875,109935.875,9.011137
1000000.0,1160869.4,-160869.38,160869.38,16.086937
350000.0,1313900.8,-963900.75,963900.75,275.4002
830000.0,1359995.5,-529995.5,529995.5,63.854877
700000.0,1353143.9,-653143.9,653143.9,93.30627
1800000.0,1410430.8,389569.25,389569.25,21.642736
900000.0,1635416.4,-735416.4,735416.4,81.71293
810000.0,1362897.9,-552897.9,552897.9,68.258995
2700000.0,1309942.1,1390057.9,1390057.9,51.483624
550000.0,1409465.5,-859465.5,859465.5,156.26645
800000.0,1349224.4,-549224.4,549224.4,68.653046
711500.0,1139710.9,-428210.88,428210.88,60.184242
800000.0,1315308.9,-515308.88,515308.88,64.413605
550000.0,1449732.4,-899732.4,899732.4,163.5877
900000.0,1328692.8,-428692.75,428692.75,47.632526
1080000.0,1318789.1,-238789.12,238789.12,22.110104
742000.0,1122810.6,-380810.62,380810.62,51.322186
970000.0,1473101.6,-503101.62,503101.62,51.866142
1567500.0,1722542.9,-155042.88,155042.88,9.891092
1250000.0,1248263.1,1736.875,1736.875,0.13895
1242200.0,1263272.0,-21072.0,21072.0,1.6963452
668000.0,1181394.4,-513394.38,513394.38,76.855446
750000.0,1423431.5,-673431.5,673431.5,89.79087
600000.0,1567411.8,-967411.75,967411.75,161.23529
1050000.0,1116116.6,-66116.625,66116.625,6.2968216
1100000.0,1147952.6,-47952.625,47952.625,4.3593297
790000.0,1257230.8,-467230.75,467230.75,59.14313
641000.0,1167067.5,-526067.5,526067.5,82.06982
2300000.0,1128736.9,1171263.1,1171263.1,50.924484
900000.0,1434695.0,-534695.0,534695.0,59.410553
1487150.0,1627596.8,-140446.75,140446.75,9.44402
730000.0,1282366.2,-552366.25,552366.25,75.66661
700000.0,1201631.6,-501631.62,501631.62,71.66167
2000000.0,1121985.9,878014.1,878014.1,43.900707
810000.0,1365695.5,-555695.5,555695.5,68.60438
580500.0,1955773.4,-1375273.4,1375273.4,236.91187
600000.0,1238385.9,-638385.9,638385.9,106.397644
888000.0,1126078.0,-238078.0,238078.0,26.810587
750000.0,1289270.8,-539270.75,539270.75,71.90276
800000.0,1151744.0,-351744.0,351744.0,43.968002
850000.0,1437634.5,-587634.5,587634.5,69.13347
710000.0,1859175.5,-1149175.5,1149175.5,161.85571
1110000.0,1288636.6,-178636.62,178636.62,16.09339
695000.0,1232121.4,-537121.4,537121.4,77.28365
1040000.0,1380035.1,-340035.12,340035.12,32.695683
1060000.0,1285035.9,-225035.88,225035.88,21.2298
3000000.0,1367601.1,1632398.9,1632398.9,54.413296
705000.0,1304726.2,-599726.25,599726.25,85.06755
870000.0,1140630.4,-270630.38,270630.38,31.10694
850000.0,1303189.4,-453189.38,453189.38,53.316395
750000.0,1365766.5,-615766.5,615766.5,82.102196
380000.0,1391062.6,-1011062.6,1011062.6,266.0691
800000.0,1374459.4,-574459.4,574459.4,71.80742
1125000.0,1419287.9,-294287.88,294287.88,26.158922
1680000.0,1235107.5,444892.5,444892.5,26.481697
1200000.0,1356238.0,-156238.0,156238.0,13.019833
650000.0,1456620.1,-806620.1,806620.1,124.095406
1000000.0,1181394.4,-181394.38,181394.38,18.139437
1500000.0,1311367.2,188632.75,188632.75,12.575516
2700000.0,1240292.0,1459708.0,1459708.0,54.06326
1000000.0,1161461.4,-161461.38,161461.38,16.146137
550000.0,1853942.5,-1303942.5,1303942.5,237.08046
925000.0,1496706.8,-571706.75,571706.75,61.806137
1256000.0,1130225.2,125774.75,125774.75,10.013913
660000.0,1306023.6,-646023.6,646023.6,97.88237
1600000.0,1808836.9,-208836.88,208836.88,13.052304
745000.0,1159322.5,-414322.5,414322.5,55.613754
1340000.0,1118221.4,221778.62,221778.62,16.550644
1050000.0,1164263.4,-114263.375,114263.375,10.882226
500000.0,1390629.8,-890629.75,890629.75,178.12595
1229000.0,1167581.8,61418.25,61418.25,4.9974165
1100000.0,1253402.4,-153402.38,153402.38,13.94567
2400000.0,1305993.8,1094006.2,1094006.2,45.583595
1200000.0,1523571.4,-323571.38,323571.38,26.96428
600000.0,1441729.6,-841729.6,841729.6,140.28827
1000000.0,1118620.2,-118620.25,118620.25,11.862024
1800000.0,1330259.2,469740.75,469740.75,26.096708
900000.0,1366169.6,-466169.62,466169.62,51.796627
1100000.0,1357180.9,-257180.88,257180.88,23.38008
813000.0,1314162.4,-501162.38,501162.38,61.64359
950000.0,1310263.8,-360263.75,360263.75,37.922497
500000.0,1262057.9,-762057.9,762057.9,152.41158
2400000.0,1403121.6,996878.4,996878.4,41.5366
1200000.0,1331681.6,-131681.62,131681.62,10.973469
480000.0,1538074.8,-1058074.8,1058074.8,220.43224
1250000.0,1168237.8,81762.25,81762.25,6.5409803
2250000.0,1215920.6,1034079.4,1034079.4,45.959084
800000.0,1128864.8,-328864.75,328864.75,41.108093
2100000.0,1285238.8,814761.25,814761.25,38.798153
1000000.0,1343842.0,-343842.0,343842.0,34.3842
1150000.0,1344552.1,-194552.12,194552.12,16.917576
900000.0,1418037.0,-518037.0,518037.0,57.55967
1800000.0,1325106.8,474893.25,474893.25,26.38296
1900000.0,1300893.8,599106.25,599106.25,31.53191
956000.0,2069139.1,-1113139.1,1113139.1,116.43715
865600.0,1408673.9,-543073.9,543073.9,62.739586
1100000.0,1300933.8,-200933.75,200933.75,18.266705
950000.0,1348911.1,-398911.12,398911.12,41.990643
560000.0,1349160.4,-789160.4,789160.4,140.9215
1036200.0,1404754.0,-368554.0,368554.0,35.567844
7290000.0,1970657.0,5319343.0,5319343.0,72.96767
1000000.0,1820141.5,-820141.5,820141.5,82.01415
500000.0,1371593.0,-871593.0,871593.0,174.3186
688000.0,1294523.6,-606523.6,606523.6,88.1575
1000000.0,1116619.1,-116619.125,116619.125,11.661913
1600000.0,1519275.9,80724.125,80724.125,5.045258
1500000.0,1306257.1,193742.88,193742.88,12.916191
850000.0,1388971.9,-538971.9,538971.9,63.40846
864000.0,1152828.6,-288828.62,288828.62,33.429237
1260000.0,1349611.4,-89611.375,89611.375,7.1120133
600000.0,1424623.9,-824623.9,824623.9,137.4373
1061600.0,1167799.5,-106199.5,106199.5,10.003721
1200000.0,1346179.2,-146179.25,146179.25,12.181604
1800000.0,1452438.5,347561.5,347561.5,19.308971
1760000.0,1575194.9,184805.12,184805.12,10.500291
588000.0,1424334.1,-836334.1,836334.1,142.23369
650000.0,1321095.0,-671095.0,671095.0,103.24539
1050000.0,1227379.8,-177379.75,177379.75,16.893309
1150000.0,1395989.4,-245989.38,245989.38,21.39038
1160000.0,1413052.1,-253052.12,253052.12,21.814838
1600000.0,1320696.1,279303.88,279303.88,17.456493
750000.0,1356456.0,-606456.0,606456.0,80.8608
710000.0,1207209.6,-497209.62,497209.62,70.029526
1479000.0,1151824.5,327175.5,327175.5,22.121399
664500.0,1800840.1,-1136340.1,1136340.1,171.00679
1000000.0,1462885.9,-462885.88,462885.88,46.28859
650000.0,1757706.0,-1107706.0,1107706.0,170.4163
2000000.0,1261625.8,738374.25,738374.25,36.918713
1450000.0,1272972.2,177027.75,177027.75,12.208811
900000.0,1299788.4,-399788.38,399788.38,44.42093
800000.0,1316684.6,-516684.62,516684.62,64.58558
1000000.0,1208861.2,-208861.25,208861.25,20.886126
1000000.0,1282035.0,-282035.0,282035.0,28.203499
720000.0,1500035.1,-780035.1,780035.1,108.33821
1500000.0,1747988.5,-247988.5,247988.5,16.532568
620000.0,1260124.8,-640124.75,640124.75,103.245926
8000000.0,1807204.0,6192796.0,6192796.0,77.40995
600000.0,1172244.5,-572244.5,572244.5,95.374084
2395000.0,1378930.9,1016069.1,1016069.1,42.4246
600000.0,1315069.5,-715069.5,715069.5,119.178246
1100000.0,1293574.4,-193574.38,193574.38,17.597672
1100000.0,1316368.9,-216368.88,216368.88,19.669897
1500000.0,1254581.8,245418.25,245418.25,16.361217
1620000.0,1292906.0,327094.0,327094.0,20.190987
1040000.0,1316094.5,-276094.5,276094.5,26.547548
520000.0,1466744.4,-946744.4,946744.4,182.06622
1015000.0,1181394.4,-166394.38,166394.38,16.393536
900000.0,1487304.4,-587304.4,587304.4,65.25604
700000.0,1313759.2,-613759.25,613759.25,87.67989
800000.0,1241199.8,-441199.75,441199.75,55.149967
610000.0,1523424.0,-913424.0,913424.0,149.74164
1400000.0,1338051.5,61948.5,61948.5,4.424893
1160000.0,1517323.1,-357323.12,357323.12,30.803717
1300000.0,1127999.6,172000.38,172000.38,13.230798
850000.0,1916673.0,-1066673.0,1066673.0,125.49094
1350000.0,1121665.9,228334.12,228334.12,16.91364
2052000.0,1461703.2,590296.75,590296.75,28.766897
1200000.0,1246811.0,-46811.0,46811.0,3.9009166
700000.0,1257042.2,-557042.25,557042.25,79.57746
980000.0,1165553.1,-185553.12,185553.12,18.933992
1124200.0,1378977.8,-254777.75,254777.75,22.663027
800000.0,1152614.0,-352614.0,352614.0,44.076748
500000.0,1359978.9,-859978.9,859978.9,171.99577
750000.0,1533927.2,-783927.25,783927.25,104.523636
850000.0,1316806.4,-466806.38,466806.38,54.918396
1120000.0,1631005.2,-511005.25,511005.25,45.62547
947500.0,1618639.9,-671139.9,671139.9,70.8327
1200000.0,1130256.6,69743.375,69743.375,5.811948
600000.0,1334055.5,-734055.5,734055.5,122.34259
800000.0,1152632.1,-352632.12,352632.12,44.079014
1276000.0,1317935.6,-41935.625,41935.625,3.286491
1070000.0,1140388.0,-70388.0,70388.0,6.578318
1500000.0,1459010.9,40989.125,40989.125,2.7326083
810000.0,1720511.1,-910511.1,910511.1,112.40878
2437500.0,1189398.6,1248101.4,1248101.4,51.204155
1052000.0,1139005.6,-87005.625,87005.625,8.270497
820000.0,1391627.2,-571627.25,571627.25,69.71064
800000.0,1516239.0,-716239.0,716239.0,89.52988
1497000.0,1279173.8,217826.25,217826.25,14.550851
616000.0,1184371.1,-568371.1,568371.1,92.268036
843000.0,1114174.0,-271174.0,271174.0,32.167736
1600000.0,1704976.5,-104976.5,104976.5,6.5610313
1800000.0,1287286.1,512713.88,512713.88,28.484102
1261875.0,1293983.8,-32108.75,32108.75,2.544527
1600000.0,1205858.6,394141.38,394141.38,24.633835
850000.0,1315499.4,-465499.38,465499.38,54.764633
1320000.0,1432279.6,-112279.625,112279.625,8.506032
600000.0,1417236.2,-817236.25,817236.25,136.20604
1800000.0,1506326.4,293673.62,293673.62,16.3152
700000.0,1130394.2,-430394.25,430394.25,61.48489
975000.0,1181394.4,-206394.38,206394.38,21.168653
2070000.0,1215744.6,854255.4,854255.4,41.268375
1150000.0,1355835.4,-205835.38,205835.38,17.898727
750000.0,2072166.8,-1322166.8,1322166.8,176.28891
6500000.0,1382341.5,5117658.5,5117658.5,78.73321
490000.0,1417236.2,-927236.25,927236.25,189.23189
950000.0,1688709.1,-738709.1,738709.1,77.75886
650000.0,1285420.6,-635420.6,635420.6,97.75702
1126000.0,1310557.4,-184557.38,184557.38,16.390532
850000.0,1414314.6,-564314.6,564314.6,66.38995
1290000.0,1292016.5,-2016.5,2016.5,0.15631783
1547500.0,1342520.2,204979.75,204979.75,13.245864
580000.0,1455941.6,-875941.6,875941.6,151.02441
900000.0,1647897.2,-747897.25,747897.25,83.09969
1500000.0,1479778.1,20221.875,20221.875,1.348125
550000.0,1556682.5,-1006682.5,1006682.5,183.03317
1210000.0,1276537.6,-66537.625,66537.625,5.498977
800000.0,1290302.0,-490302.0,490302.0,61.28775
1380000.0,1289441.5,90558.5,90558.5,6.56221
550000.0,1387867.1,-837867.1,837867.1,152.33948
5200000.0,1275641.0,3924359.0,3924359.0,75.468445
2000000.0,1444515.2,555484.75,555484.75,27.774239
840000.0,1193447.5,-353447.5,353447.5,42.077084
1100000.0,1268053.5,-168053.5,168053.5,15.277592
700000.0,1437530.5,-737530.5,737530.5,105.361496
1695000.0,1153424.1,541575.9,541575.9,31.95138
2828625.0,1329658.6,1498966.4,1498966.4,52.992756
700000.0,1498958.9,-798958.9,798958.9,114.13698
774000.0,1720766.8,-946766.75,946766.75,122.32128
1700000.0,1310817.0,389183.0,389183.0,22.893118
945000.0,1425163.9,-480163.88,480163.88,50.810993
800000.0,1124029.8,-324029.75,324029.75,40.50372
900000.0,1329364.0,-429364.0,429364.0,47.70711
700000.0,1195632.2,-495632.25,495632.25,70.80461
720000.0,1299143.5,-579143.5,579143.5,80.4366
950000.0,1185833.1,-235833.12,235833.12,24.82454
1000000.0,1308728.0,-308728.0,308728.0,30.8728
1400000.0,1350838.9,49161.125,49161.125,3.511509
1345000.0,1694312.2,-349312.25,349312.25,25.97117
1000000.0,1362887.6,-362887.62,362887.62,36.28876
550000.0,1162616.0,-612616.0,612616.0,111.38473
1250000.0,1687067.8,-437067.75,437067.75,34.96542
850000.0,1611666.8,-761666.75,761666.75,89.60785
730000.0,1181394.4,-451394.38,451394.38,61.834846
620000.0,1159316.9,-539316.9,539316.9,86.986595
1550000.0,1680820.6,-130820.625,130820.625,8.44004
700000.0,1672532.6,-972532.6,972532.6,138.93323
1000000.0,1580396.2,-580396.25,580396.25,58.039623
1176000.0,1459289.2,-283289.25,283289.25,24.089222
950000.0,1329940.4,-379940.38,379940.38,39.993725
784000.0,1218689.4,-434689.38,434689.38,55.445076
800000.0,1515589.0,-715589.0,715589.0,89.44862
1600000.0,1820067.0,-220067.0,220067.0,13.754188
700000.0,1584594.4,-884594.4,884594.4,126.37062
500000.0,1434892.6,-934892.6,934892.6,186.97853
966000.0,1594410.1,-628410.1,628410.1,65.05281
2125000.0,1314423.6,810576.4,810576.4,38.14477
500000.0,1086717.6,-586717.6,586717.6,117.34352
720000.0,1422746.6,-702746.6,702746.6,97.6037
5000000.0,1549202.1,3450798.0,3450798.0,69.01596
2400000.0,1432948.6,967051.4,967051.4,40.293808
980000.0,1261082.9,-281082.88,281082.88,28.681925
783000.0,1152429.9,-369429.88,369429.88,47.18134
500000.0,1499422.5,-999422.5,999422.5,199.88449
1540000.0,1145053.8,394946.25,394946.25,25.64586
700000.0,1731309.5,-1031309.5,1031309.5,147.32993
6500000.0,1397905.2,5102095.0,5102095.0,78.49377
1005000.0,1546329.2,-541329.25,541329.25,53.86361
1500000.0,1834510.6,-334510.62,334510.62,22.300709
675000.0,1277325.2,-602325.25,602325.25,89.23337
1200000.0,1101676.1,98323.875,98323.875,8.193656
1500000.0,1244070.6,255929.38,255929.38,17.061958
800000.0,1313874.2,-513874.25,513874.25,64.23428
861000.0,1129517.1,-268517.12,268517.12,31.186659
1251180.0,1305588.9,-54408.875,54408.875,4.3486047
480000.0,1753668.8,-1273668.8,1273668.8,265.34766
852000.0,1335218.1,-483218.12,483218.12,56.715744
950000.0,1365495.5,-415495.5,415495.5,43.73637
1600000.0,1204727.1,395272.88,395272.88,24.704556
1300000.0,1182375.4,117624.625,117624.625,9.048048
1500000.0,1267497.4,232502.62,232502.62,15.5001745
656001.0,1143995.2,-487994.25,487994.25,74.38925
400000.0,1153434.8,-753434.75,753434.75,188.35869
500000.0,1474995.2,-974995.25,974995.25,194.99905
1000000.0,1330661.8,-330661.75,330661.75,33.066174
1000000.0,1131151.1,-131151.12,131151.12,13.115112
1500000.0,1318381.6,181618.38,181618.38,12.107892
983600.0,1291461.8,-307861.75,307861.75,31.299486
1468000.0,1466196.9,1803.125,1803.125,0.12282868
1200000.0,1290485.5,-90485.5,90485.5,7.5404587
800000.0,1329986.8,-529986.75,529986.75,66.248344
1550000.0,1453533.2,96466.75,96466.75,6.2236614
1740000.0,1325400.1,414599.88,414599.88,23.82758
5000000.0,1258626.2,3741373.8,3741373.8,74.82748
1350000.0,1743152.0,-393152.0,393152.0,29.12237
700000.0,1557799.4,-857799.4,857799.4,122.54276
750000.0,1269244.1,-519244.12,519244.12,69.232544
1100000.0,1118387.9,-18387.875,18387.875,1.6716249
500000.0,1849520.4,-1349520.4,1349520.4,269.90405
1160000.0,1426125.6,-266125.62,266125.62,22.941864
1330000.0,1299182.5,30817.5,30817.5,2.3171053
900000.0,1181394.4,-281394.38,281394.38,31.266043
800000.0,1438962.5,-638962.5,638962.5,79.870316
1000000.0,1126566.4,-126566.375,126566.375,12.656638
500000.0,1252400.4,-752400.4,752400.4,150.48007
1000000.0,1345370.5,-345370.5,345370.5,34.53705
1402000.0,2074946.9,-672946.9,672946.9,47.99906
1100000.0,1281850.8,-181850.75,181850.75,16.531887
1320000.0,1846108.5,-526108.5,526108.5,39.856705
1500000.0,1980844.5,-480844.5,480844.5,32.056297
1068001.0,1952433.9,-884432.9,884432.9,82.81199
750000.0,1415145.5,-665145.5,665145.5,88.686066
650000.0,1308717.2,-658717.25,658717.25,101.34112
725000.0,1153849.9,-428849.88,428849.88,59.15171
936000.0,1442091.1,-506091.12,506091.12,54.069565
600000.0,1140379.4,-540379.4,540379.4,90.063225
645000.0,1562421.9,-917421.9,917421.9,142.23595
877600.0,1236427.4,-358827.38,358827.38,40.88735
1600000.0,1318477.1,281522.88,281522.88,17.595179
1200000.0,1427251.5,-227251.5,227251.5,18.937626
595000.0,1439872.8,-844872.75,844872.75,141.99542
558000.0,1295379.9,-737379.9,737379.9,132.14693
1065000.0,1849175.1,-784175.1,784175.1,73.63146
750000.0,1154742.6,-404742.62,404742.62,53.965683
2000000.0,1534508.2,465491.75,465491.75,23.274588
1460000.0,1239168.9,220831.12,220831.12,15.12542
1800000.0,2069139.1,-269139.12,269139.12,14.952174
900000.0,1256246.8,-356246.75,356246.75,39.58297
1748000.0,1393399.1,354600.88,354600.88,20.28609
880000.0,1495173.8,-615173.75,615173.75,69.90611
680000.0,1195884.8,-515884.75,515884.75,75.8654
850000.0,1687600.6,-837600.6,837600.6,98.541245
1800000.0,1453126.1,346873.88,346873.88,19.270771
1600000.0,1310060.4,289939.62,289939.62,18.121225
1425000.0,1361377.9,63622.125,63622.125,4.4647107
3000000.0,1389018.2,1610981.8,1610981.8,53.69939
1000000.0,1194971.6,-194971.62,194971.62,19.497162
750000.0,1812009.0,-1062009.0,1062009.0,141.60121
1160000.0,1286739.5,-126739.5,126739.5,10.925819
1200000.0,1298020.6,-98020.625,98020.625,8.1683855
880000.0,1268168.9,-388168.88,388168.88,44.1101
550000.0,1194841.9,-644841.9,644841.9,117.24398
795000.0,1557208.2,-762208.25,762208.25,95.87525
1500000.0,1317031.2,182968.75,182968.75,12.197917
900000.0,1288627.8,-388627.75,388627.75,43.180862
754938.0,1166946.8,-412008.75,412008.75,54.575176
920000.0,1480601.6,-560601.6,560601.6,60.93496
1400000.0,1519409.0,-119409.0,119409.0,8.529215
1550000.0,1310269.1,239730.88,239730.88,15.466508
590000.0,1452952.8,-862952.75,862952.75,146.26318
1550000.0,1315272.4,234727.62,234727.62,15.143718
650000.0,1160997.8,-510997.75,510997.75,78.615036
630000.0,1689246.0,-1059246.0,1059246.0,168.13428
1614000.0,1418120.1,195879.88,195879.88,12.1363
1120000.0,1150091.0,-30091.0,30091.0,2.6866965
550000.0,1217984.4,-667984.4,667984.4,121.4517
1200000.0,1286850.5,-86850.5,86850.5,7.2375417
1350000.0,1319834.9,30165.125,30165.125,2.2344537
1330000.0,1329039.1,960.875,960.875,0.072246246
6300000.0,1308575.4,4991424.5,4991424.5,79.22896
923000.0,1346108.9,-423108.88,423108.88,45.840614
1000000.0,1587644.2,-587644.25,587644.25,58.764427
810000.0,1271427.2,-461427.25,461427.25,56.966328
1125000.0,1238024.5,-113024.5,113024.5,10.046622
900000.0,1272948.1,-372948.12,372948.12,41.438683
1160000.0,1434465.2,-274465.25,274465.25,23.660797
1300000.0,1351639.0,-51639.0,51639.0,3.972231
650000.0,1303142.5,-653142.5,653142.5,100.48347
1000000.0,1339866.8,-339866.75,339866.75,33.986675
1710000.0,1339884.4,370115.62,370115.62,21.644188
9277500.0,1287730.0,7989770.0,7989770.0,86.11986
700000.0,1281338.0,-581338.0,581338.0,83.04829
1567500.0,1402874.1,164625.88,164625.88,10.502448
1100000.0,1216270.0,-116270.0,116270.0,10.57
1320000.0,1250739.2,69260.75,69260.75,5.2470264
588000.0,1521064.4,-933064.4,933064.4,158.68442
1170000.0,1378530.0,-208530.0,208530.0,17.823076
700000.0,1519908.8,-819908.75,819908.75,117.12983
942000.0,1255313.5,-313313.5,313313.5,33.260456
1100000.0,1155746.1,-55746.125,55746.125,5.0678296
1200000.0,1432840.4,-232840.38,232840.38,19.403366
650000.0,1232121.4,-582121.4,582121.4,89.55714
556000.0,1342703.1,-786703.1,786703.1,141.49336
1000000.0,1311926.6,-311926.62,311926.62,31.192663
970000.0,1337349.4,-367349.38,367349.38,37.871067
500000.0,1050097.0,-550097.0,550097.0,110.019394
700000.0,1300492.0,-600492.0,600492.0,85.78457
1411200.0,1139625.4,271574.62,271574.62,19.244234
700000.0,1389113.8,-689113.75,689113.75,98.44482
650000.0,1296658.4,-646658.4,646658.4,99.4859
1200000.0,1306665.0,-106665.0,106665.0,8.88875
540000.0,1405442.9,-865442.9,865442.9,160.2672
908000.0,1320118.9,-412118.88,412118.88,45.387543
1000000.0,1291341.1,-291341.12,291341.12,29.134113
600000.0,1505377.0,-905377.0,905377.0,150.89616
810000.0,1478437.5,-668437.5,668437.5,82.52315
2400000.0,1460495.5,939504.5,939504.5,39.146023
400000.0,1206797.1,-806797.1,806797.1,201.69928
714500.0,1167581.8,-453081.75,453081.75,63.412422
900000.0,1714277.8,-814277.75,814277.75,90.4753
1320000.0,1350597.4,-30597.375,30597.375,2.317983
1500000.0,1451549.1,48450.875,48450.875,3.2300584
950000.0,1376676.2,-426676.25,426676.25,44.91329
680000.0,1181394.4,-501394.38,501394.38,73.73447
730000.0,1296885.8,-566885.75,566885.75,77.65559
600000.0,1355234.9,-755234.9,755234.9,125.87248
900000.0,1337199.1,-437199.12,437199.12,48.577682
500000.0,1495607.6,-995607.6,995607.6,199.12152
1050000.0,1201599.2,-151599.25,151599.25,14.4380245
550000.0,1253102.4,-703102.4,703102.4,127.8368
460000.0,1239036.2,-779036.25,779036.25,169.3557
1207000.0,1753784.2,-546784.25,546784.25,45.301098
1375000.0,1402630.2,-27630.25,27630.25,2.0094728
900000.0,1366169.6,-466169.62,466169.62,51.796627
1265000.0,1323403.6,-58403.625,58403.625,4.6168876
2500000.0,1344007.1,1155992.9,1155992.9,46.239716
800000.0,1201877.9,-401877.88,401877.88,50.234734
1000000.0,1682874.8,-682874.75,682874.75,68.287476
960000.0,1511376.1,-551376.1,551376.1,57.435013
1127000.0,2199416.2,-1072416.2,1072416.2,95.15672
817000.0,1517110.0,-700110.0,700110.0,85.69278
467600.0,1515637.4,-1048037.4,1048037.4,224.13118
900000.0,1283239.4,-383239.38,383239.38,42.58215
700000.0,1315957.8,-615957.75,615957.75,87.993965
650000.0,1297639.4,-647639.4,647639.4,99.636826
24000000.0,2154876.2,21845124.0,21845124.0,91.02135
900000.0,1146331.0,-246331.0,246331.0,27.37011
800000.0,1497858.2,-697858.25,697858.25,87.23228
758000.0,1248403.8,-490403.75,490403.75,64.69706
900000.0,1315094.5,-415094.5,415094.5,46.121613
900000.0,1470042.4,-570042.4,570042.4,63.338043
500000.0,1181394.4,-681394.4,681394.4,136.27888
650000.0,1659857.2,-1009857.25,1009857.25,155.36266
1150000.0,1326387.5,-176387.5,176387.5,15.338044
1000000.0,1191465.4,-191465.38,191465.38,19.146538
1200000.0,1324649.2,-124649.25,124649.25,10.387438
2235600.0,1568824.1,666775.9,666775.9,29.825365
489400.0,1156126.9,-666726.9,666726.9,136.23352
665110.0,1157828.8,-492718.75,492718.75,74.08079
420000.0,1235647.9,-815647.9,815647.9,194.20187
1424150.0,1851601.4,-427451.38,427451.38,30.014492
950000.0,1457257.0,-507257.0,507257.0,53.395473
1200000.0,1297667.0,-97667.0,97667.0,8.138917
530000.0,1426156.5,-896156.5,896156.5,169.08614
1590000.0,1279390.0,310610.0,310610.0,19.53522
1000000.0,1356193.4,-356193.38,356193.38,35.619335
800000.0,1325775.4,-525775.4,525775.4,65.721924
510000.0,1636998.8,-1126998.8,1126998.8,220.98015
810000.0,1391227.0,-581227.0,581227.0,71.756424
750000.0,1712729.6,-962729.6,962729.6,128.36395
950000.0,1309295.4,-359295.38,359295.38,37.820564
998750.0,1365495.5,-366745.5,366745.5,36.72045
800000.0,1306097.5,-506097.5,506097.5,63.262188
1115400.0,1181394.4,-65994.375,65994.375,5.9166555
1200000.0,1426649.5,-226649.5,226649.5,18.887459
700000.0,1267457.5,-567457.5,567457.5,81.06535
950000.0,1326911.9,-376911.88,376911.88,39.674934
734000.0,1530397.1,-796397.1,796397.1,108.50097
2000000.0,1120231.1,879768.9,879768.9,43.98844
1198000.0,1250455.2,-52455.25,52455.25,4.378568
860000.0,1209075.2,-349075.25,349075.25,40.590145
14540000.0,1863394.5,12676606.0,12676606.0,87.18436
800000.0,1697779.1,-897779.1,897779.1,112.22238
1500000.0,1115913.6,384086.38,384086.38,25.605759
900000.0,1103399.5,-203399.5,203399.5,22.599945
2542000.0,1375082.6,1166917.4,1166917.4,45.905483
800000.0,1130256.6,-330256.62,330256.62,41.282078
750000.0,1183597.4,-433597.38,433597.38,57.812984
960000.0,1391959.9,-431959.88,431959.88,44.99582
600000.0,1209799.0,-609799.0,609799.0,101.63316
900000.0,1327299.0,-427299.0,427299.0,47.477665
1000000.0,1304910.2,-304910.25,304910.25,30.491024
950000.0,1123364.6,-173364.62,173364.62,18.248909
800000.0,1332927.8,-532927.75,532927.75,66.61597
1650000.0,1139892.2,510107.75,510107.75,30.91562
1600000.0,1603719.1,-3719.125,3719.125,0.23244531
1800000.0,1131876.1,668123.9,668123.9,37.117992
890000.0,1135622.2,-245622.25,245622.25,27.598005
950000.0,1277467.0,-327467.0,327467.0,34.47021
1600000.0,1140358.4,459641.62,459641.62,28.727604
1005000.0,1507232.9,-502232.88,502232.88,49.97342
950000.0,1297094.4,-347094.38,347094.38,36.53625
580500.0,1697122.8,-1116622.8,1116622.8,192.35533
895000.0,1182041.2,-287041.25,287041.25,32.071648
1800000.0,1289340.5,510659.5,510659.5,28.369972
494400.0,1475517.2,-981117.25,981117.25,198.44604
1600000.0,1991287.8,-391287.75,391287.75,24.455484
700000.0,1432089.1,-732089.1,732089.1,104.58416
1090000.0,1239365.1,-149365.12,149365.12,13.703222
800000.0,1426528.1,-626528.1,626528.1,78.31602
1300000.0,1284637.9,15362.125,15362.125,1.1817019
650000.0,1203550.1,-553550.1,553550.1,85.16155
1500000.0,1122691.9,377308.12,377308.12,25.153875
1250000.0,1181394.4,68605.625,68605.625,5.48845
2120000.0,1593223.2,526776.75,526776.75,24.847961
480000.0,1631192.8,-1151192.8,1151192.8,239.83183
800000.0,1480117.5,-680117.5,680117.5,85.01469
1012000.0,1810416.2,-798416.25,798416.25,78.89488
1050000.0,1151847.9,-101847.875,101847.875,9.699798
1152800.0,1317056.5,-164256.5,164256.5,14.248482
500000.0,1274176.0,-774176.0,774176.0,154.8352
650000.0,1329882.1,-679882.1,679882.1,104.597244
800000.0,1228319.4,-428319.38,428319.38,53.53992
750000.0,1485980.1,-735980.1,735980.1,98.130684
600000.0,1271577.1,-671577.1,671577.1,111.92953
1550000.0,1302836.8,247163.25,247163.25,15.946015
1550000.0,1679445.6,-129445.625,129445.625,8.351331
750000.0,1318666.9,-568666.9,568666.9,75.82225
800000.0,1500539.5,-700539.5,700539.5,87.56744
1050000.0,1828360.1,-778360.1,778360.1,74.12953
60000000.0,3144973.2,56855028.0,56855028.0,94.75838
792800.0,1503467.6,-710667.6,710667.6,89.64022
768000.0,1788592.1,-1020592.1,1020592.1,132.8896
2100000.0,1106256.9,993743.1,993743.1,47.321102
1200000.0,1411119.4,-211119.38,211119.38,17.59328
1160000.0,1665249.6,-505249.62,505249.62,43.556004
800000.0,1281694.5,-481694.5,481694.5,60.211815
700000.0,1181394.4,-481394.38,481394.38,68.77062
823200.0,1394191.8,-570991.75,570991.75,69.36246
900000.0,1529176.4,-629176.4,629176.4,69.908485
700000.0,1318100.2,-618100.25,618100.25,88.30003
1000000.0,1365170.8,-365170.75,365170.75,36.517075
510000.0,1187944.1,-677944.1,677944.1,132.93022
700000.0,1104410.8,-404410.75,404410.75,57.772964
800000.0,1566801.4,-766801.4,766801.4,95.85017
1085000.0,1158391.8,-73391.75,73391.75,6.764217
800000.0,1365301.0,-565301.0,565301.0,70.66262
1037000.0,1319740.5,-282740.5,282740.5,27.265236
780000.0,1437030.9,-657030.9,657030.9,84.234726
750000.0,1257123.1,-507123.12,507123.12,67.61642
1000000.0,1184486.0,-184486.0,184486.0,18.4486
850000.0,1549901.8,-699901.75,699901.75,82.341385
1200000.0,1213468.2,-13468.25,13468.25,1.1223541
810000.0,1295930.6,-485930.62,485930.62,59.991436
1062822.0,1335482.2,-272660.25,272660.25,25.654367
650000.0,1262911.6,-612911.6,612911.6,94.2941
1460000.0,1586406.9,-126406.875,126406.875,8.658006
720000.0,1312023.6,-592023.6,592023.6,82.2255
577000.0,1321687.6,-744687.6,744687.6,129.06198
750000.0,1181394.4,-431394.38,431394.38,57.519253
800000.0,1392435.8,-592435.75,592435.75,74.05447
2877600.0,1389284.0,1488316.0,1488316.0,51.720737
1400000.0,1309160.6,90839.375,90839.375,6.488527
424200.0,1295379.9,-871179.9,871179.9,205.37007
550000.0,1410181.0,-860181.0,860181.0,156.39655
440000.0,1284475.9,-844475.9,844475.9,191.92633
1528800.0,1168495.4,360304.62,360304.62,23.567806
2142400.0,1286209.8,856190.25,856190.25,39.96407
1400000.0,1324149.1,75850.875,75850.875,5.4179196
1400000.0,1340701.6,59298.375,59298.375,4.235598
600000.0,1298532.6,-698532.6,698532.6,116.422104
750000.0,1314408.6,-564408.6,564408.6,75.25448
800000.0,1697779.1,-897779.1,897779.1,112.22238
530001.0,1191828.9,-661827.9,661827.9,124.87295
850000.0,1301959.0,-451959.0,451959.0,53.171646
900000.0,1307573.9,-407573.88,407573.88,45.285984
419754.0,1307355.9,-887601.9,887601.9,211.45764
1205001.0,1588326.9,-383325.88,383325.88,31.811249
2358000.0,1349363.4,1008636.6,1008636.6,42.775093
1827000.0,1151980.4,675019.6,675019.6,36.946888
1200000.0,1304700.1,-104700.125,104700.125,8.725011
1280000.0,1396611.5,-116611.5,116611.5,9.110273
1000000.0,1294468.6,-294468.62,294468.62,29.446861
1800000.0,1115723.0,684277.0,684277.0,38.01539
1050000.0,1159990.5,-109990.5,109990.5,10.475286
850000.0,1626092.8,-776092.75,776092.75,91.30503
1400000.0,1305937.5,94062.5,94062.5,6.7187505
1200000.0,1355268.6,-155268.62,155268.62,12.939053
1800000.0,1124176.0,675824.0,675824.0,37.545776
590000.0,1189727.2,-599727.25,599727.25,101.64869
1450000.0,1477495.8,-27495.75,27495.75,1.8962586
1850000.0,1181394.4,668605.6,668605.6,36.140842
5368000.0,1851906.9,3516093.0,3516093.0,65.500984
800000.0,1225922.2,-425922.25,425922.25,53.24028
1623200.0,1629101.4,-5901.375,5901.375,0.36356425
1080000.0,1151800.6,-71800.625,71800.625,6.6482058
1020000.0,1321294.6,-301294.62,301294.62,29.538689
1400000.0,1304485.5,95514.5,95514.5,6.8224645
950000.0,1211478.1,-261478.12,261478.12,27.524012
800000.0,1121363.0,-321363.0,321363.0,40.170376
700000.0,1181394.4,-481394.38,481394.38,68.77062
1500000.0,1384096.5,115903.5,115903.5,7.7269
3229000.0,1396695.2,1832304.8,1832304.8,56.745266
550000.0,1233267.0,-683267.0,683267.0,124.23036
500000.0,1181394.4,-681394.4,681394.4,136.27888
650000.0,1979288.1,-1329288.1,1329288.1,204.50587
600000.0,1529780.4,-929780.4,929780.4,154.9634
750000.0,1268422.2,-518422.25,518422.25,69.12296
950000.0,1310672.5,-360672.5,360672.5,37.965527
912500.0,1426528.1,-514028.12,514028.12,56.33185
700000.0,1329158.9,-629158.9,629158.9,89.87984
1530000.0,1328007.2,201992.75,201992.75,13.202141
800000.0,1326961.6,-526961.6,526961.6,65.8702
660000.0,1681933.5,-1021933.5,1021933.5,154.83841
910000.0,1166785.1,-256785.12,256785.12,28.218143
700000.0,1293670.8,-593670.75,593670.75,84.810104
800000.0,1533953.9,-733953.9,733953.9,91.74423
15000000.0,1880405.4,13119595.0,13119595.0,87.46397
1300000.0,1181394.4,118605.625,118605.625,9.123509
700000.0,1419827.5,-719827.5,719827.5,102.8325
1020000.0,1287810.5,-267810.5,267810.5,26.255932
500000.0,1642920.1,-1142920.1,1142920.1,228.58403
500000.0,2112639.8,-1612639.8,1612639.8,322.52795
1050000.0,1215278.1,-165278.12,165278.12,15.740773
900000.0,1199159.9,-299159.88,299159.88,33.239986
700000.0,1297751.1,-597751.1,597751.1,85.39302
650000.0,1323041.2,-673041.25,673041.25,103.54481
650000.0,1209441.8,-559441.75,559441.75,86.06796
1145000.0,1178614.8,-33614.75,33614.75,2.935786
800000.0,1118339.4,-318339.38,318339.38,39.792423
1235000.0,1296680.5,-61680.5,61680.5,4.994373
3000000.0,1328868.9,1671131.1,1671131.1,55.704372
11000000.0,1705867.8,9294132.0,9294132.0,84.49211
1050000.0,1229551.8,-179551.75,179551.75,17.100166
1160000.0,1413052.1,-253052.12,253052.12,21.814838
750000.0,1714099.4,-964099.4,964099.4,128.54659
500000.0,1125514.6,-625514.6,625514.6,125.10293
1350000.0,1403775.5,-53775.5,53775.5,3.9833703
600000.0,1198750.8,-598750.75,598750.75,99.79179
620000.0,1268150.1,-648150.1,648150.1,104.540344
560000.0,1181394.4,-621394.4,621394.4,110.96329
1313000.0,1115147.6,197852.38,197852.38,15.068727
1600000.0,1544703.2,55296.75,55296.75,3.4560468
630000.0,1228369.8,-598369.75,598369.75,94.979324
1052000.0,1138985.5,-86985.5,86985.5,8.268583
598000.0,1267619.4,-669619.4,669619.4,111.97648
800000.0,1203332.9,-403332.88,403332.88,50.416607
1675000.0,1139477.2,535522.75,535522.75,31.971508
1800000.0,1181394.4,618605.6,618605.6,34.36698
11000000.0,1394765.4,9605235.0,9605235.0,87.32031
929500.0,1457642.0,-528142.0,528142.0,56.82001
1245000.0,1736555.6,-491555.62,491555.62,39.48238
520000.0,1398092.9,-878092.9,878092.9,168.86401
1865000.0,1159133.0,705867.0,705867.0,37.8481
920000.0,1328430.0,-408430.0,408430.0,44.394566
2400000.0,1259502.8,1140497.2,1140497.2,47.520718
720000.0,1341526.4,-621526.4,621526.4,86.323105
1950000.0,1142706.5,807293.5,807293.5,41.399666
422000.0,1506966.4,-1084966.4,1084966.4,257.10104
2900000.0,1193905.4,1706094.6,1706094.6,58.830853
1012200.0,1395847.4,-383647.38,383647.38,37.90233
1680000.0,1389463.6,290536.38,290536.38,17.29383
1500000.0,1335825.5,164174.5,164174.5,10.944967
750000.0,1257760.5,-507760.5,507760.5,67.7014
1070000.0,1339113.5,-269113.5,269113.5,25.150793
800000.0,1637085.0,-837085.0,837085.0,104.63562
1008625.0,1644622.1,-635997.1,635997.1,63.055855
1280000.0,1398676.5,-118676.5,118676.5,9.271602
1400000.0,1317207.0,82793.0,82793.0,5.913786
650000.0,1292097.8,-642097.75,642097.75,98.78427
1290000.0,1522045.6,-232045.62,232045.62,17.988033
700000.0,1269457.9,-569457.9,569457.9,81.35113
480000.0,1427148.9,-947148.9,947148.9,197.32268
650000.0,1323983.0,-673983.0,673983.0,103.6897
900000.0,1343367.2,-443367.25,443367.25,49.263027
650000.0,1181394.4,-531394.4,531394.4,81.75298
1200000.0,1181394.4,18605.625,18605.625,1.5504687
700000.0,1545998.8,-845998.75,845998.75,120.856964
975000.0,1151708.9,-176708.88,176708.88,18.123987
900000.0,1242363.6,-342363.62,342363.62,38.0404
1050000.0,1532227.4,-482227.38,482227.38,45.926414
863200.0,1454788.6,-591588.6,591588.6,68.53436
1511900.0,1331991.9,179908.12,179908.12,11.899473
800000.0,1319410.8,-519410.75,519410.75,64.926346
1620000.0,1173105.9,446894.12,446894.12,27.586058
1200000.0,1370070.2,-170070.25,170070.25,14.172522
600000.0,1354605.2,-754605.25,754605.25,125.76754
1700000.0,1447859.0,252141.0,252141.0,14.831823
800000.0,1274507.0,-474507.0,474507.0,59.313374
1400000.0,1176253.4,223746.62,223746.62,15.981902
1000000.0,1434695.0,-434695.0,434695.0,43.4695
760000.0,1410181.0,-650181.0,650181.0,85.55013
500000.0,1269752.8,-769752.75,769752.75,153.95055
800000.0,1567648.1,-767648.1,767648.1,95.95602
1500000.0,1283459.4,216540.62,216540.62,14.436043
1216000.0,1667302.5,-451302.5,451302.5,37.113693
1328800.0,1100027.0,228773.0,228773.0,17.21651
750000.0,1107167.2,-357167.25,357167.25,47.6223
1500000.0,1322825.9,177174.12,177174.12,11.811608
1148000.0,1141257.0,6743.0,6743.0,0.5873693
560000.0,1600925.4,-1040925.4,1040925.4,185.87953
800000.0,1344009.5,-544009.5,544009.5,68.00119
1800000.0,1254295.2,545704.75,545704.75,30.31693
630000.0,1354784.2,-724784.25,724784.25,115.04512
1200000.0,1192221.2,7778.75,7778.75,0.6482291
700000.0,1286206.2,-586206.25,586206.25,83.74375
1000000.0,1316254.1,-316254.12,316254.12,31.625414
500000.0,1322769.1,-822769.1,822769.1,164.55382
901000.0,1188111.0,-287111.0,287111.0,31.865814
450000.0,1217138.6,-767138.6,767138.6,170.47525
750000.0,1316647.0,-566647.0,566647.0,75.55293
1400000.0,1430723.9,-30723.875,30723.875,2.1945624
1160000.0,1600432.6,-440432.62,440432.62,37.96833
900000.0,1312533.6,-412533.62,412533.62,45.837067
788000.0,1318670.4,-530670.4,530670.4,67.343956
1590000.0,1164265.5,425734.5,425734.5,26.775753
1457410.0,1509137.6,-51727.625,51727.625,3.5492845
693000.0,1426156.5,-733156.5,733156.5,105.794586
650000.0,1240436.8,-590436.75,590436.75,90.836426
1082001.0,1129457.6,-47456.625,47456.625,4.3860054
1485000.0,1762199.8,-277199.75,277199.75,18.66665
1015000.0,1237516.4,-222516.38,222516.38,21.922796
850000.0,1300382.8,-450382.75,450382.75,52.986206
2400000.0,1529309.4,870690.6,870690.6,36.278774
500000.0,1408701.1,-908701.1,908701.1,181.74022
600000.0,1255196.1,-655196.1,655196.1,109.199356
600000.0,1199033.5,-599033.5,599033.5,99.83892
2500000.0,1266400.4,1233599.6,1233599.6,49.343987
720000.0,1533292.1,-813292.1,813292.1,112.95724
900000.0,1276868.9,-376868.88,376868.88,41.87432
770000.0,1312475.6,-542475.6,542475.6,70.45138
2500000.0,1395989.4,1104010.6,1104010.6,44.160427
780000.0,1382953.5,-602953.5,602953.5,77.30173
2500000.0,1215683.0,1284317.0,1284317.0,51.372677
1610000.0,1181394.4,428605.62,428605.62,26.621468
820000.0,1284579.9,-464579.88,464579.88,56.656082
2550000.0,1304700.8,1245299.2,1245299.2,48.835266
1160000.0,1278993.5,-118993.5,118993.5,10.25806
1200000.0,1403213.2,-203213.25,203213.25,16.934439
1050000.0,1409296.9,-359296.88,359296.88,34.21875
3615000.0,1109872.0,2505128.0,2505128.0,69.29815
1150000.0,1459231.5,-309231.5,309231.5,26.889696
550000.0,1363576.5,-813576.5,813576.5,147.923
916000.0,1213468.2,-297468.25,297468.25,32.4747
750000.0,1221281.8,-471281.75,471281.75,62.837566
480000.0,1601751.9,-1121751.9,1121751.9,233.6983
950000.0,1278532.8,-328532.75,328532.75,34.582394
910000.0,1364922.1,-454922.12,454922.12,49.991444
700000.0,1307948.5,-607948.5,607948.5,86.849785
1600000.0,1406620.1,193379.88,193379.88,12.086243
720000.0,1207548.1,-487548.12,487548.12,67.71502
2088000.0,1431810.2,656189.75,656189.75,31.426712
28000000.0,2122717.2,25877282.0,25877282.0,92.41886
735000.0,1548703.9,-813703.9,813703.9,110.70801
650000.0,1270430.9,-620430.9,620430.9,95.450905
1200000.0,1324908.5,-124908.5,124908.5,10.409041
1328800.0,1393763.4,-64963.375,64963.375,4.8888755
500000.0,1609648.6,-1109648.6,1109648.6,221.92972
1000000.0,2030887.9,-1030887.9,1030887.9,103.08878
1520000.0,1186494.6,333505.38,333505.38,21.941143
1150000.0,1272832.0,-122832.0,122832.0,10.681044
1300000.0,1295753.0,4247.0,4247.0,0.3266923
1000000.0,1152407.8,-152407.75,152407.75,15.240775
900000.0,1291761.4,-391761.38,391761.38,43.52904
1000000.0,1118088.9,-118088.875,118088.875,11.8088875
650000.0,1310432.4,-660432.4,660432.4,101.60499
700000.0,1395173.9,-695173.9,695173.9,99.310555
800000.0,1302002.4,-502002.38,502002.38,62.750298
1296500.0,1319851.6,-23351.625,23351.625,1.8011281
2180000.0,1389463.6,790536.4,790536.4,36.263134
696000.0,1308817.4,-612817.4,612817.4,88.04848
800000.0,1691536.2,-891536.25,891536.25,111.44203
950000.0,1893098.6,-943098.6,943098.6,99.27354
1050000.0,1276039.4,-226039.38,226039.38,21.52756
1000000.0,1436235.5,-436235.5,436235.5,43.62355
760000.0,1398185.8,-638185.75,638185.75,83.97181
1006000.0,1331207.4,-325207.38,325207.38,32.326775
1400000.0,1318232.2,81767.75,81767.75,5.8405538
1300000.0,1450648.1,-150648.12,150648.12,11.588317
650500.0,1181394.4,-530894.4,530894.4,81.61328
1800000.0,1676629.4,123370.625,123370.625,6.853924
1250000.0,1353322.0,-103322.0,103322.0,8.265759
900000.0,1474976.2,-574976.25,574976.25,63.88625
1500000.0,1317428.1,182571.88,182571.88,12.171458
500000.0,1392301.5,-892301.5,892301.5,178.4603
1200000.0,1292812.1,-92812.125,92812.125,7.7343435
1300000.0,1898179.4,-598179.4,598179.4,46.013798
500000.0,1288309.6,-788309.6,788309.6,157.66193
1061600.0,1635564.1,-573964.1,573964.1,54.06595
500000.0,1239622.6,-739622.6,739622.6,147.92453
1375000.0,1322661.4,52338.625,52338.625,3.8064454
500000.0,1424594.6,-924594.6,924594.6,184.91893
960000.0,1770949.8,-810949.75,810949.75,84.47393
700000.0,1340976.8,-640976.75,640976.75,91.56811
588000.0,1298873.2,-710873.25,710873.25,120.89682
550000.0,1333915.6,-783915.6,783915.6,142.53012
1058000.0,1157976.0,-99976.0,99976.0,9.449528
900000.0,1327237.8,-427237.75,427237.75,47.470863
636500.0,1481105.8,-844605.75,844605.75,132.69533
900000.0,1833971.6,-933971.6,933971.6,103.77462
15000000.0,1559758.2,13440242.0,13440242.0,89.60161
565000.0,1401649.2,-836649.25,836649.25,148.07951
1000000.0,1444607.0,-444607.0,444607.0,44.460697
700000.0,1412215.9,-712215.9,712215.9,101.74513
600000.0,1347958.8,-747958.75,747958.75,124.65979
1522000.0,1307346.4,214653.62,214653.62,14.103392
980000.0,1130092.4,-150092.38,150092.38,15.315549
940000.0,1262587.1,-322587.12,322587.12,34.31778
620000.0,1181394.4,-561394.4,561394.4,90.54748
600000.0,1146693.0,-546693.0,546693.0,91.1155
1500000.0,1406883.0,93117.0,93117.0,6.2078
1022000.0,1482925.0,-460925.0,460925.0,45.100292
1500000.0,1525244.5,-25244.5,25244.5,1.6829666
1066000.0,1511043.0,-445043.0,445043.0,41.748875
627000.0,1318861.4,-691861.4,691861.4,110.34472
510000.0,1220963.1,-710963.1,710963.1,139.40454
1735200.0,1207727.4,527472.6,527472.6,30.398375
700000.0,1323010.5,-623010.5,623010.5,89.0015
1652000.0,1288571.2,363428.75,363428.75,21.99932
700000.0,1065237.6,-365237.62,365237.62,52.176804
800000.0,1684219.5,-884219.5,884219.5,110.527435
2760000.0,1294742.0,1465258.0,1465258.0,53.089058
1000000.0,1606519.0,-606519.0,606519.0,60.651897
1000000.0,1400631.8,-400631.75,400631.75,40.063175
1000000.0,1709995.5,-709995.5,709995.5,70.99955
800000.0,1327701.8,-527701.75,527701.75,65.96272
1250000.0,1298906.0,-48906.0,48906.0,3.91248
643000.0,1732843.0,-1089843.0,1089843.0,169.49347
1010000.0,1307390.4,-297390.38,297390.38,29.44459
720000.0,1704835.4,-984835.4,984835.4,136.7827
800000.0,1403058.5,-603058.5,603058.5,75.38231
750000.0,1516863.2,-766863.25,766863.25,102.24843
900000.0,1299344.9,-399344.88,399344.88,44.37165
1000000.0,1438517.4,-438517.38,438517.38,43.851738
700000.0,1329550.0,-629550.0,629550.0,89.935715
900000.0,1516202.5,-616202.5,616202.5,68.46694
1350000.0,1272009.9,77990.125,77990.125,5.7770467
900000.0,1314037.2,-414037.25,414037.25,46.00414
800000.0,1350041.9,-550041.9,550041.9,68.75523
700000.0,1312760.0,-612760.0,612760.0,87.53715
700000.0,1440449.6,-740449.6,740449.6,105.77852
1056000.0,1141936.0,-85936.0,85936.0,8.137878
738000.0,1116779.5,-378779.5,378779.5,51.325138
2640000.0,1189723.2,1450276.8,1450276.8,54.934727
1800000.0,1426156.5,373843.5,373843.5,20.769083
1200000.0,1489817.4,-289817.38,289817.38,24.151447
540000.0,1649560.2,-1109560.2,1109560.2,205.47412
750000.0,1648111.5,-898111.5,898111.5,119.7482
1095000.0,1725517.6,-630517.6,630517.6,57.58152
625600.0,1713116.5,-1087516.5,1087516.5,173.83575
1440000.0,1287767.4,152232.62,152232.62,10.57171
838000.0,1310869.6,-472869.62,472869.62,56.428356
1472800.0,1259518.8,213281.25,213281.25,14.481345
1100000.0,1258099.6,-158099.62,158099.62,14.372693
700000.0,1409216.9,-709216.9,709216.9,101.3167
825200.0,1842312.2,-1017112.25,1017112.25,123.256454
1600000.0,1686946.0,-86946.0,86946.0,5.434125
1160000.0,1466566.6,-306566.62,306566.62,26.428158
1225000.0,1125771.5,99228.5,99228.5,8.100286
1320000.0,1350597.4,-30597.375,30597.375,2.317983
1300000.0,1165356.1,134643.88,134643.88,10.357222
850000.0,1308945.5,-458945.5,458945.5,53.993587
936000.0,1372654.5,-436654.5,436654.5,46.651123
1160000.0,1426125.6,-266125.62,266125.62,22.941864
1430000.0,1533230.4,-103230.375,103230.375,7.218907
1718000.0,1496462.1,221537.88,221537.88,12.8951025
722492.0,1267624.2,-545132.25,545132.25,75.45167
1100000.0,1426115.4,-326115.38,326115.38,29.646852
860000.0,1818234.2,-958234.25,958234.25,111.422585
900000.0,1140923.4,-240923.38,240923.38,26.769262
788000.0,1681989.6,-893989.6,893989.6,113.450455
810000.0,1344271.5,-534271.5,534271.5,65.95944
1940000.0,1114398.4,825601.6,825601.6,42.55678
600000.0,1425664.9,-825664.9,825664.9,137.61081
780000.0,1368772.5,-588772.5,588772.5,75.48366
800000.0,1423239.8,-623239.75,623239.75,77.90497
700000.0,1118653.2,-418653.25,418653.25,59.807606
650000.0,1107131.1,-457131.12,457131.12,70.327866
420000.0,1498004.8,-1078004.8,1078004.8,256.66782
1227500.0,1689327.2,-461827.25,461827.25,37.6234
800000.0,1336595.6,-536595.6,536595.6,67.074455
700000.0,1366078.5,-666078.5,666078.5,95.15407
1200000.0,1271305.9,-71305.875,71305.875,5.9421563
500000.0,1366515.5,-866515.5,866515.5,173.3031
1000000.0,1399987.4,-399987.38,399987.38,39.998737
1150000.0,1491076.9,-341076.88,341076.88,29.65886
1140000.0,1939144.8,-799144.75,799144.75,70.10042
832000.0,1155980.8,-323980.75,323980.75,38.939995
650000.0,1243732.8,-593732.75,593732.75,91.3435
1022075.0,1600489.4,-578414.4,578414.4,56.592167
778000.0,1126100.5,-348100.5,348100.5,44.742996
750000.0,1419228.4,-669228.4,669228.4,89.230446
750000.0,1288147.5,-538147.5,538147.5,71.753
1650000.0,1609436.0,40564.0,40564.0,2.4584243
1200000.0,1809149.5,-609149.5,609149.5,50.762455
700000.0,1700718.8,-1000718.75,1000718.75,142.95982
1156000.0,1607809.1,-451809.12,451809.12,39.083836
1500000.0,1320601.6,179398.38,179398.38,11.959891
1747000.0,1311840.9,435159.12,435159.12,24.908936
2000000.0,1380958.6,619041.4,619041.4,30.952068
700000.0,1121477.8,-421477.75,421477.75,60.21111
400000.0,1192982.2,-792982.25,792982.25,198.24556
580000.0,1524893.5,-944893.5,944893.5,162.91267
1000000.0,1170668.2,-170668.25,170668.25,17.066824
755000.0,1164267.2,-409267.25,409267.25,54.20758
1240000.0,1126354.2,113645.75,113645.75,9.16498
850000.0,1145799.1,-295799.12,295799.12,34.799896
620000.0,1309758.1,-689758.1,689758.1,111.251305
1232000.0,1597930.6,-365930.62,365930.62,29.70216
800000.0,1551812.2,-751812.25,751812.25,93.97653
800000.0,1131375.4,-331375.38,331375.38,41.421925
1100000.0,1387534.9,-287534.88,287534.88,26.139534
1000000.0,1292776.4,-292776.38,292776.38,29.277637
550000.0,1479523.2,-929523.25,929523.25,169.00423
1440000.0,1547662.1,-107662.125,107662.125,7.4765363
700000.0,1328260.8,-628260.75,628260.75,89.75153
1100000.0,1358996.0,-258996.0,258996.0,23.545092
1625000.0,1334131.6,290868.38,290868.38,17.899591
920000.0,1126014.1,-206014.12,206014.12,22.39284
725000.0,1283415.8,-558415.75,558415.75,77.022865
1200000.0,1291789.1,-91789.125,91789.125,7.6490936
1200000.0,1429931.1,-229931.12,229931.12,19.160927
900000.0,1959942.2,-1059942.2,1059942.2,117.77136
600000.0,1342013.5,-742013.5,742013.5,123.66892
1699500.0,1330869.2,368630.75,368630.75,21.690542
500000.0,1305146.6,-805146.6,805146.6,161.02933
2500000.0,1263970.6,1236029.4,1236029.4,49.441174
2200000.0,1310649.6,889350.4,889350.4,40.42502
550000.0,1302781.5,-752781.5,752781.5,136.86935
1150000.0,1408086.1,-258086.12,258086.12,22.442272
2250000.0,1239527.4,1010472.6,1010472.6,44.909893
750000.0,1404152.0,-654152.0,654152.0,87.22027
650000.0,1266292.1,-616292.1,616292.1,94.81418
820000.0,1319105.5,-499105.5,499105.5,60.866524
900000.0,1581828.8,-681828.75,681828.75,75.75875
900000.0,1326570.8,-426570.75,426570.75,47.396748
800000.0,1171365.8,-371365.75,371365.75,46.42072
975000.0,1280704.5,-305704.5,305704.5,31.35431
1200000.0,1324132.2,-124132.25,124132.25,10.344354
1104180.0,1594629.6,-490449.62,490449.62,44.41754
1400000.0,1291105.2,108894.75,108894.75,7.778197
900000.0,1366169.6,-466169.62,466169.62,51.796627
500000.0,1182398.4,-682398.4,682398.4,136.47968
10000000.0,1608730.2,8391270.0,8391270.0,83.9127
800000.0,1107303.0,-307303.0,307303.0,38.412876
1700000.0,1453290.1,246709.88,246709.88,14.512345
780000.0,1250857.1,-470857.12,470857.12,60.366295
900000.0,1617444.8,-717444.75,717444.75,79.71608
850000.0,1140321.0,-290321.0,290321.0,34.15541
900000.0,1345371.4,-445371.38,445371.38,49.485706
1600000.0,1310770.0,289230.0,289230.0,18.076874
650000.0,1486108.0,-836108.0,836108.0,128.632
1994000.0,1116589.1,877410.9,877410.9,44.002552
1170000.0,1430807.1,-260807.12,260807.12,22.291206
2350000.0,1692282.5,657717.5,657717.5,27.987978
1160000.0,1247294.8,-87294.75,87294.75,7.5254097
1000000.0,1255330.5,-255330.5,255330.5,25.53305
900000.0,1114957.4,-214957.38,214957.38,23.884153
1000000.0,1245749.5,-245749.5,245749.5,24.574951
605200.0,1117170.6,-511970.62,511970.62,84.59528
650000.0,1386965.0,-736965.0,736965.0,113.37923
800000.0,1589884.1,-789884.1,789884.1,98.73552
1000000.0,1181394.4,-181394.38,181394.38,18.139437
1350000.0,1602578.2,-252578.25,252578.25,18.7095
542660.0,1243733.6,-701073.6,701073.6,129.19205
750000.0,1144451.2,-394451.25,394451.25,52.5935
600000.0,1235081.6,-635081.6,635081.6,105.84694
1170000.0,1391393.2,-221393.25,221393.25,18.9225
882000.0,1348473.5,-466473.5,466473.5,52.88815
800000.0,1396470.6,-596470.6,596470.6,74.55883
800000.0,1281528.4,-481528.38,481528.38,60.191048
1180000.0,1330076.5,-150076.5,150076.5,12.718347
800000.0,1268938.1,-468938.12,468938.12,58.617264
950000.0,1345551.2,-395551.25,395551.25,41.636974
1065000.0,1555325.1,-490325.12,490325.12,46.039917
1200000.0,1324604.9,-124604.875,124604.875,10.383739
729080.0,1316893.6,-587813.6,587813.6,80.62402
1800000.0,1512523.4,287476.62,287476.62,15.970923
1200000.0,1618387.0,-418387.0,418387.0,34.86558
800000.0,1286770.2,-486770.25,486770.25,60.846283
700000.0,1181394.4,-481394.38,481394.38,68.77062
1408000.0,1621242.1,-213242.12,213242.12,15.145037
1250000.0,1433974.5,-183974.5,183974.5,14.71796
500000.0,1435079.8,-935079.75,935079.75,187.01595
702000.0,1291843.5,-589843.5,589843.5,84.02329
720000.0,1627350.4,-907350.4,907350.4,126.02088
1800000.0,1126137.8,673862.25,673862.25,37.43679
550000.0,1149952.0,-599952.0,599952.0,109.082184
961050.0,1217159.2,-256109.25,256109.25,26.6489
490000.0,1294445.2,-804445.25,804445.25,164.1725
900000.0,1288887.1,-388887.12,388887.12,43.209682
775000.0,1141361.5,-366361.5,366361.5,47.272453
900000.0,1638696.6,-738696.6,738696.6,82.0774
700000.0,1408506.2,-708506.25,708506.25,101.21519
910000.0,1696020.2,-786020.25,786020.25,86.37585
850000.0,1332817.4,-482817.38,482817.38,56.802048
1125000.0,1161313.9,-36313.875,36313.875,3.2279
600000.0,1592615.4,-992615.4,992615.4,165.4359
2500000.0,1118519.0,1381481.0,1381481.0,55.25924
1050000.0,1788732.6,-738732.6,738732.6,70.355484
680000.0,1255833.4,-575833.4,575833.4,84.68138
700000.0,1409465.5,-709465.5,709465.5,101.35222
2380000.0,1428396.8,951603.25,951603.25,39.98333
1200000.0,1803612.0,-603612.0,603612.0,50.301
760000.0,1240909.5,-480909.5,480909.5,63.277565
800000.0,1893071.8,-1093071.8,1093071.8,136.63397
1100000.0,1313162.4,-213162.38,213162.38,19.378399
640000.0,1519165.5,-879165.5,879165.5,137.36961
700000.0,1386006.2,-686006.25,686006.25,98.00089
700000.0,1323041.2,-623041.25,623041.25,89.00589
1900000.0,1331747.0,568253.0,568253.0,29.908052
1650000.0,1221990.0,428010.0,428010.0,25.94
3000000.0,1773610.1,1226389.9,1226389.9,40.879665
1170000.0,1527507.1,-357507.12,357507.12,30.556164
770000.0,1156839.8,-386839.75,386839.75,50.23893
670000.0,1489964.5,-819964.5,819964.5,122.38276
2200000.0,1397517.0,802483.0,802483.0,36.476498
2300000.0,1179995.4,1120004.6,1120004.6,48.695854
1055000.0,1306332.0,-251332.0,251332.0,23.822937
8000000.0,1694797.0,6305203.0,6305203.0,78.81504
1555875.0,1835280.2,-279405.25,279405.25,17.958078
800000.0,1750734.2,-950734.25,950734.25,118.84178
1500000.0,1123596.8,376403.25,376403.25,25.09355
600000.0,2049138.1,-1449138.1,1449138.1,241.52303
690000.0,1145188.4,-455188.38,455188.38,65.96933
1376000.0,1532103.9,-156103.88,156103.88,11.344758
1421000.0,1142287.4,278712.62,278712.62,19.613836
730000.0,1182443.4,-452443.38,452443.38,61.978542
700000.0,1596608.4,-896608.4,896608.4,128.08691
1000000.0,1558887.5,-558887.5,558887.5,55.88875
400000.0,1120764.8,-720764.75,720764.75,180.19118
1300000.0,1303658.8,-3658.75,3658.75,0.2814423
818000.0,1310297.6,-492297.62,492297.62,60.183083
800000.0,1173788.0,-373788.0,373788.0,46.7235
800000.0,1276364.0,-476364.0,476364.0,59.545498
960000.0,1317889.6,-357889.62,357889.62,37.28017
900000.0,1241656.0,-341656.0,341656.0,37.961777
1300000.0,1438429.8,-138429.75,138429.75,10.648442
750000.0,1207420.1,-457420.12,457420.12,60.98935
550000.0,1530977.0,-980977.0,980977.0,178.35945
500000.0,1153347.4,-653347.4,653347.4,130.66948
500000.0,1351944.4,-851944.4,851944.4,170.38887
1396500.0,1181394.4,215105.62,215105.62,15.403196
980000.0,1222495.8,-242495.75,242495.75,24.744465
2760000.0,1827108.6,932891.4,932891.4,33.80041
700000.0,1689666.8,-989666.75,989666.75,141.38097
639500.0,1361937.6,-722437.6,722437.6,112.96914
750000.0,1265823.5,-515823.5,515823.5,68.77647
550000.0,1232225.4,-682225.4,682225.4,124.04097
637500.0,1231799.1,-594299.1,594299.1,93.2234
950000.0,1118313.6,-168313.62,168313.62,17.717224
1015000.0,1116835.2,-101835.25,101835.25,10.03303
1400000.0,1562881.4,-162881.38,162881.38,11.634384
1110000.0,1542868.9,-432868.88,432868.88,38.997196
1500000.0,1721036.4,-221036.38,221036.38,14.735758
1650000.0,1456071.2,193928.75,193928.75,11.753258
550000.0,1365057.1,-815057.1,815057.1,148.1922
1000000.0,1162791.8,-162791.75,162791.75,16.279175
700000.0,1389226.6,-689226.6,689226.6,98.460945
840000.0,1310657.6,-470657.62,470657.62,56.030666
1245000.0,1470126.5,-225126.5,225126.5,18.08245
700000.0,1350837.2,-650837.25,650837.25,92.976746
800000.0,1337046.8,-537046.75,537046.75,67.130844
600000.0,1278389.2,-678389.25,678389.25,113.06487
782000.0,1509587.5,-727587.5,727587.5,93.04188
800000.0,1475248.5,-675248.5,675248.5,84.40606
700000.0,1115245.0,-415245.0,415245.0,59.320713
640000.0,1181394.4,-541394.4,541394.4,84.59287
810000.0,1377902.8,-567902.75,567902.75,70.11145
1800000.0,1601748.6,198251.38,198251.38,11.013966
1200000.0,1287741.2,-87741.25,87741.25,7.311771
554500.0,1291821.6,-737321.6,737321.6,132.97054
1000000.0,1441243.5,-441243.5,441243.5,44.12435
600000.0,1202144.4,-602144.4,602144.4,100.3574
1600000.0,1532574.5,67425.5,67425.5,4.2140937
1350000.0,1317431.4,32568.625,32568.625,2.4124908
600000.0,1528745.8,-928745.75,928745.75,154.79095
1947000.0,1465333.5,481666.5,481666.5,24.738907
1000000.0,1649105.0,-649105.0,649105.0,64.9105
610000.0,1507157.8,-897157.75,897157.75,147.07504
2338000.0,1132814.0,1205186.0,1205186.0,51.547737
600000.0,1266228.8,-666228.75,666228.75,111.038124
598000.0,1211595.2,-613595.25,613595.25,102.6079
3000000.0,1590320.0,1409680.0,1409680.0,46.989334
1348480.0,1201546.8,146933.25,146933.25,10.896213
850000.0,1262188.9,-412188.88,412188.88,48.49281
800000.0,1340406.8,-540406.75,540406.75,67.55084
620000.0,1332034.0,-712034.0,712034.0,114.84419
1780000.0,1307942.2,472057.75,472057.75,26.520098
1500000.0,1586310.8,-86310.75,86310.75,5.75405
1020000.0,1310640.0,-290640.0,290640.0,28.494116
600000.0,1523372.0,-923372.0,923372.0,153.89532
920000.0,1610122.0,-690122.0,690122.0,75.01326
900000.0,1300355.2,-400355.25,400355.25,44.483917
580500.0,1709831.4,-1129331.4,1129331.4,194.54459
700000.0,1542297.8,-842297.75,842297.75,120.32825
350000.0,1348497.5,-998497.5,998497.5,285.285
458116.0,1590588.1,-1132472.1,1132472.1,247.20204
1319000.0,1281665.5,37334.5,37334.5,2.8305156
900000.0,1415634.5,-515634.5,515634.5,57.292725
800000.0,1485029.8,-685029.75,685029.75,85.628716
970000.0,1405387.4,-435387.38,435387.38,44.885296
1350000.0,1253216.2,96783.75,96783.75,7.169167
6001775.0,1827108.6,4174666.5,4174666.5,69.5572
800000.0,1278722.1,-478722.12,478722.12,59.840267
800000.0,1530663.4,-730663.4,730663.4,91.332924
1650000.0,1630858.2,19141.75,19141.75,1.1601061
1800000.0,1289099.0,510901.0,510901.0,28.383389
950000.0,1424248.4,-474248.38,474248.38,49.92088
2000000.0,1489688.8,510311.25,510311.25,25.515562
1314000.0,1377430.8,-63430.75,63430.75,4.827302
3100000.0,1213344.2,1886655.8,1886655.8,60.859863
1200000.0,1133265.0,66735.0,66735.0,5.56125
700000.0,1371719.2,-671719.25,671719.25,95.95989
1139000.0,1618897.9,-479897.88,479897.88,42.133263
1000000.0,1663091.8,-663091.75,663091.75,66.30918
850000.0,1560987.2,-710987.25,710987.25,83.64556
650000.0,1252671.9,-602671.9,602671.9,92.71875
500000.0,1614650.6,-1114650.6,1114650.6,222.93011
1160000.0,1199056.8,-39056.75,39056.75,3.3669612
2160000.0,1276856.4,883143.6,883143.6,40.88628
650000.0,1323394.2,-673394.25,673394.25,103.59912
750000.0,1501172.5,-751172.5,751172.5,100.156334
723500.0,1365183.2,-641683.25,641683.25,88.691536
700000.0,1415502.9,-715502.9,715502.9,102.21469
1180800.0,1831191.0,-650391.0,650391.0,55.08054
840000.0,1317475.4,-477475.38,477475.38,56.842308
1100000.0,1199876.9,-99876.875,99876.875,9.079716
800000.0,1783558.8,-983558.75,983558.75,122.94485
1450000.0,1629792.8,-179792.75,179792.75,12.3995
750000.0,1382901.1,-632901.1,632901.1,84.38682
1755000.0,1437667.6,317332.38,317332.38,18.081617
1015000.0,1273596.2,-258596.25,258596.25,25.477463
950000.0,1181394.4,-231394.38,231394.38,24.357302
1780049.0,1408547.2,371501.75,371501.75,20.87031
1000000.0,1126128.5,-126128.5,126128.5,12.612849
1400000.0,1157935.8,242064.25,242064.25,17.290302
650000.0,1259502.8,-609502.75,609502.75,93.76965
1600000.0,1393217.6,206782.38,206782.38,12.923898
3200000.0,1349835.6,1850164.4,1850164.4,57.81764
800000.0,1324744.0,-524744.0,524744.0,65.592995
950000.0,1260502.6,-310502.62,310502.62,32.684486
660000.0,1389207.4,-729207.4,729207.4,110.48597
900000.0,1280713.8,-380713.75,380713.75,42.301525
588000.0,1286201.8,-698201.75,698201.75,118.7418
1400000.0,1520135.0,-120135.0,120135.0,8.581071
800000.0,1426450.8,-626450.75,626450.75,78.30634
1170000.0,1389003.2,-219003.25,219003.25,18.718225
747000.0,1314666.6,-567666.6,567666.6,75.99285
1623200.0,1629587.2,-6387.25,6387.25,0.39349744
1170000.0,1378530.0,-208530.0,208530.0,17.823076
960000.0,1503677.0,-543677.0,543677.0,56.63302
536000.0,1154937.5,-618937.5,618937.5,115.47341
800000.0,1320565.8,-520565.75,520565.75,65.07072
800000.0,1343481.4,-543481.4,543481.4,67.93517
700000.0,1275470.1,-575470.1,575470.1,82.210014
600000.0,1147808.5,-547808.5,547808.5,91.301414
1280000.0,1339569.8,-59569.75,59569.75,4.653887
750000.0,1412741.0,-662741.0,662741.0,88.36546
900000.0,1346115.5,-446115.5,446115.5,49.568386
2500000.0,1311952.0,1188048.0,1188048.0,47.52192
800000.0,1438607.5,-638607.5,638607.5,79.825935
750000.0,1611434.2,-861434.25,861434.25,114.8579
600000.0,1691270.0,-1091270.0,1091270.0,181.87833
800000.0,1405587.8,-605587.75,605587.75,75.69847
4300000.0,1234071.1,3065929.0,3065929.0,71.300674
598000.0,1558305.2,-960305.25,960305.25,160.58617
600000.0,1742375.5,-1142375.5,1142375.5,190.39592
2160000.0,1268938.1,891061.9,891061.9,41.252865
488160.0,1427286.5,-939126.5,939126.5,192.38087
900000.0,1181394.4,-281394.38,281394.38,31.266043
1080000.0,1271928.1,-191928.12,191928.12,17.771124
1036880.0,1301437.9,-264557.88,264557.88,25.514803
940000.0,1141021.1,-201021.12,201021.12,21.385225
1000000.0,1235647.1,-235647.12,235647.12,23.564713
1800000.0,1530964.4,269035.62,269035.62,14.946424
800000.0,1293424.8,-493424.75,493424.75,61.678093
1600000.0,1765328.4,-165328.38,165328.38,10.333023
1025000.0,1134177.1,-109177.125,109177.125,10.651426
1250000.0,1796980.0,-546980.0,546980.0,43.7584
1120000.0,1251862.8,-131862.75,131862.75,11.773459
1086000.0,1750163.8,-664163.75,664163.75,61.15688
850000.0,1340305.9,-490305.88,490305.88,57.683044
920000.0,1332038.2,-412038.25,412038.25,44.786766
800000.0,1564013.8,-764013.75,764013.75,95.501724
11500000.0,1711017.1,9788983.0,9788983.0,85.12159
800000.0,1470551.8,-670551.75,670551.75,83.81897
700000.0,1347522.4,-647522.4,647522.4,92.5032
788000.0,1167581.8,-379581.75,379581.75,48.170273
1150000.0,1320236.1,-170236.12,170236.12,14.803142
2520000.0,1437018.8,1082981.2,1082981.2,42.975445
1450000.0,1123230.1,326769.88,326769.88,22.535852
1200000.0,1149857.5,50142.5,50142.5,4.1785417
500000.0,1396941.2,-896941.25,896941.25,179.38824
1050000.0,1249905.8,-199905.75,199905.75,19.038643
1320000.0,1264200.5,55799.5,55799.5,4.227235
1200000.0,1521056.1,-321056.12,321056.12,26.754677
950000.0,1345450.5,-395450.5,395450.5,41.626366
937000.0,1658283.1,-721283.1,721283.1,76.97792
850000.0,1375490.1,-525490.1,525490.1,61.822365
2326000.0,1406191.6,919808.4,919808.4,39.544643
1100000.0,1566138.2,-466138.25,466138.25,42.376205
878000.0,1599042.8,-721042.75,721042.75,82.12332
1500000.0,1152614.5,347385.5,347385.5,23.159033
790000.0,1210211.0,-420211.0,420211.0,53.19127
680000.0,1630305.5,-950305.5,950305.5,139.75081
600000.0,1447383.2,-847383.25,847383.25,141.23055
850000.0,1330459.1,-480459.12,480459.12,56.524605
667200.0,1267186.9,-599986.9,599986.9,89.92609
1100000.0,1315780.9,-215780.88,215780.88,19.616444
520000.0,1463305.4,-943305.4,943305.4,181.40488
1000000.0,1368342.9,-368342.88,368342.88,36.83429
1625000.0,1340680.8,284319.25,284319.25,17.496569
3040000.0,1713574.2,1326425.8,1326425.8,43.632427
1152000.0,1510161.4,-358161.38,358161.38,31.090397
900000.0,1584706.6,-684706.6,684706.6,76.078514
800000.0,1117480.6,-317480.62,317480.62,39.685078
650000.0,1044341.6,-394341.62,394341.62,60.667946
352000.0,1181394.4,-829394.4,829394.4,235.62341
628000.0,1206769.8,-578769.75,578769.75,92.16079
1200000.0,1393148.8,-193148.75,193148.75,16.09573
1500000.0,1317673.1,182326.88,182326.88,12.155126
925500.0,1456742.9,-531242.9,531242.9,57.40063
650000.0,1304105.5,-654105.5,654105.5,100.63162
800000.0,1362723.2,-562723.25,562723.25,70.34041
4000000.0,1284682.8,2715317.2,2715317.2,67.882935
900000.0,1308868.2,-408868.25,408868.25,45.429806
1520000.0,1339090.1,180909.88,180909.88,11.901966
1920000.0,1424576.8,495423.25,495423.25,25.803295
1125000.0,1311713.1,-186713.12,186713.12,16.596722
6000000.0,1587983.4,4412016.5,4412016.5,73.53361
800000.0,1283043.0,-483043.0,483043.0,60.380375
850000.0,1310424.4,-460424.38,460424.38,54.167576
975000.0,1151846.6,-176846.62,176846.62,18.138115
770000.0,1132493.2,-362493.25,362493.25,47.077045
700000.0,1438520.5,-738520.5,738520.5,105.50293
630000.0,1558777.8,-928777.75,928777.75,147.42505
588000.0,1501676.5,-913676.5,913676.5,155.38716
1130000.0,1800245.1,-670245.1,670245.1,59.31373
1800000.0,1469430.9,330569.12,330569.12,18.36495
750000.0,1132457.1,-382457.12,382457.12,50.99428
1800000.0,1109555.2,690444.75,690444.75,38.35804
800000.0,1690918.9,-890918.9,890918.9,111.36487
1160000.0,1322101.2,-162101.25,162101.25,13.974246
700000.0,1293647.9,-593647.9,593647.9,84.80684
638800.0,1330108.6,-691308.6,691308.6,108.21989
600000.0,1500219.1,-900219.1,900219.1,150.03653
1400000.0,1341146.5,58853.5,58853.5,4.203821
1200000.0,1515131.2,-315131.25,315131.25,26.260937
1150000.0,1126674.6,23325.375,23325.375,2.0282936
800000.0,1312271.9,-512271.88,512271.88,64.03398
1400000.0,1321778.6,78221.375,78221.375,5.587241
2300000.0,1204156.8,1095843.2,1095843.2,47.64536
766800.0,1263720.4,-496920.38,496920.38,64.80443
1000000.0,1304352.1,-304352.12,304352.12,30.435213
800000.0,1304801.9,-504801.88,504801.88,63.100235
1500000.0,1365906.2,134093.75,134093.75,8.939584
1200000.0,1350368.4,-150368.38,150368.38,12.530698
980000.0,1413169.4,-433169.38,433169.38,44.20096
1150000.0,1366040.4,-216040.38,216040.38,18.78612
650000.0,1478890.4,-828890.4,828890.4,127.5216
600000.0,1186163.1,-586163.1,586163.1,97.693855
1701000.0,1294756.5,406243.5,406243.5,23.882627
936000.0,1280163.0,-344163.0,344163.0,36.76955
2410000.0,1345013.9,1064986.1,1064986.1,44.190296
1600000.0,1421170.9,178829.12,178829.12,11.17682
800000.0,1113956.5,-313956.5,313956.5,39.244564
1300000.0,1302099.5,-2099.5,2099.5,0.16149999
10000000.0,1444847.1,8555153.0,8555153.0,85.55153
1015000.0,1140292.2,-125292.25,125292.25,12.344064
1400000.0,1318452.5,81547.5,81547.5,5.8248215
2640000.0,1376457.2,1263542.8,1263542.8,47.86147
670000.0,1226503.6,-556503.6,556503.6,83.06024
906000.0,1128404.1,-222404.12,222404.12,24.547916
610000.0,1355234.9,-745234.9,745234.9,122.16965
1500000.0,1442982.5,57017.5,57017.5,3.8011665
850000.0,1195170.9,-345170.88,345170.88,40.608337
1290000.0,1473711.5,-183711.5,183711.5,14.241202
1100000.0,1127845.8,-27845.75,27845.75,2.531432
850000.0,1292212.5,-442212.5,442212.5,52.025
900000.0,1786221.8,-886221.75,886221.75,98.469086
1160000.0,1511430.1,-351430.12,351430.12,30.2957
800000.0,1330769.9,-530769.9,530769.9,66.34624
650000.0,1308049.9,-658049.9,658049.9,101.23844
550000.0,1347229.2,-797229.25,797229.25,144.95078
800000.0,1282611.4,-482611.38,482611.38,60.32642
1200000.0,1370118.8,-170118.75,170118.75,14.176562
800000.0,1697779.1,-897779.1,897779.1,112.22238
1000000.0,1453893.6,-453893.62,453893.62,45.389362
2400000.0,1203246.8,1196753.2,1196753.2,49.86472
600000.0,1430738.5,-830738.5,830738.5,138.45642
1100000.0,1176867.5,-76867.5,76867.5,6.9879546
1100000.0,1309170.4,-209170.38,209170.38,19.015488
650000.0,1231035.1,-581035.1,581035.1,89.39002
1500000.0,1481016.5,18983.5,18983.5,1.2655667
480000.0,1591170.8,-1111170.8,1111170.8,231.4939
700000.0,1542285.5,-842285.5,842285.5,120.32649
500000.0,1326106.2,-826106.25,826106.25,165.22125
803600.0,1622557.1,-818957.1,818957.1,101.91104
700000.0,1879191.2,-1179191.2,1179191.2,168.4559
1815000.0,1293022.4,521977.62,521977.62,28.759098
450000.0,1404613.6,-954613.6,954613.6,212.13637
1475000.0,1125858.5,349141.5,349141.5,23.67061
881250.0,1578897.0,-697647.0,697647.0,79.16562
1372500.0,1304838.6,67661.375,67661.375,4.9297905
1000000.0,1470803.1,-470803.12,470803.12,47.08031
2540000.0,1171687.5,1368312.5,1368312.5,53.87057
1150000.0,1230706.1,-80706.125,80706.125,7.017924
700000.0,1294254.8,-594254.75,594254.75,84.89354
1200000.0,1425163.9,-225163.88,225163.88,18.763657
1000000.0,1309554.2,-309554.25,309554.25,30.955425
877500.0,1170055.6,-292555.62,292555.62,33.339672
1000000.0,1227032.2,-227032.25,227032.25,22.703224
630000.0,1585510.8,-955510.75,955510.75,151.66837
1150000.0,1136757.9,13242.125,13242.125,1.1514891
1770000.0,1330118.8,439881.25,439881.25,24.852047
2006000.0,1375455.9,630544.1,630544.1,31.432909
1450000.0,1127060.6,322939.38,322939.38,22.27168
1084000.0,1366572.8,-282572.75,282572.75,26.067596
1920000.0,1390129.6,529870.4,529870.4,27.597416
600000.0,1552225.1,-952225.1,952225.1,158.7042
800000.0,1572418.4,-772418.4,772418.4,96.55229
1300000.0,1380782.9,-80782.875,80782.875,6.2140675
1000000.0,1587871.6,-587871.6,587871.6,58.787163
750000.0,1283271.0,-533271.0,533271.0,71.1028
550000.0,1393047.2,-843047.25,843047.25,153.28133
1600000.0,1703032.4,-103032.375,103032.375,6.439523
1160000.0,1279465.0,-119465.0,119465.0,10.298707
680000.0,1290430.5,-610430.5,610430.5,89.76919
787000.0,1181394.4,-394394.38,394394.38,50.113644
1000000.0,1782028.1,-782028.1,782028.1,78.20281
2360000.0,1318871.5,1041128.5,1041128.5,44.115616
500000.0,1181394.4,-681394.4,681394.4,136.27888
1330000.0,1282588.9,47411.125,47411.125,3.5647464
840000.0,1120020.1,-280020.12,280020.12,33.33573
750000.0,1791676.8,-1041676.75,1041676.75,138.89023
1100000.0,1287741.2,-187741.25,187741.25,17.067387
900000.0,1391417.1,-491417.12,491417.12,54.601902
2160000.0,1408483.9,751516.1,751516.1,34.792416
700000.0,1307482.0,-607482.0,607482.0,86.78314
800000.0,1307455.9,-507455.88,507455.88,63.431984
2800000.0,1504723.4,1295276.6,1295276.6,46.25988
600000.0,1536559.4,-936559.4,936559.4,156.09323
3000000.0,1491621.4,1508378.6,1508378.6,50.27929
1500000.0,1307689.4,192310.62,192310.62,12.820709
612500.0,1652243.1,-1039743.1,1039743.1,169.75398
1580000.0,1560836.2,19163.75,19163.75,1.2128955
2400000.0,1407460.2,992539.75,992539.75,41.35582
1350000.0,1337579.1,12420.875,12420.875,0.92006487
495000.0,1638494.4,-1143494.4,1143494.4,231.00896
800000.0,1124983.4,-324983.38,324983.38,40.62292
1306500.0,1127910.5,178589.5,178589.5,13.669308
850000.0,1310403.1,-460403.12,460403.12,54.16507
1320000.0,1297667.0,22333.0,22333.0,1.6918938
820000.0,1357033.2,-537033.25,537033.25,65.49186
784000.0,1125829.8,-341829.75,341829.75,43.60073
500000.0,1140807.4,-640807.4,640807.4,128.16148
1100000.0,1347958.8,-247958.75,247958.75,22.541704
615200.0,1122109.5,-506909.5,506909.5,82.397514
2720000.0,1346772.8,1373227.2,1373227.2,50.486298
1750000.0,1188049.6,561950.4,561950.4,32.11145
1046200.0,1136370.8,-90170.75,90170.75,8.618882
1150000.0,1279595.8,-129595.75,129595.75,11.269196
810000.0,1478437.5,-668437.5,668437.5,82.52315
1223000.0,1201741.9,21258.125,21258.125,1.738195
600000.0,1601219.2,-1001219.25,1001219.25,166.86987
900000.0,1849232.0,-949232.0,949232.0,105.470215
688000.0,1253944.6,-565944.6,565944.6,82.25939
645000.0,1866257.4,-1221257.4,1221257.4,189.34222
1200000.0,1101539.9,98460.125,98460.125,8.20501
710000.0,1181394.4,-471394.38,471394.38,66.39357
810000.0,1550896.5,-740896.5,740896.5,91.468704
660000.0,1181394.4,-521394.38,521394.38,78.99915
800000.0,1320049.6,-520049.62,520049.62,65.0062
800000.0,1312370.5,-512370.5,512370.5,64.04631
1350000.0,1103910.6,246089.38,246089.38,18.228842
2400000.0,1155798.0,1244202.0,1244202.0,51.841747
750000.0,1197392.2,-447392.25,447392.25,59.652298
800000.0,1180518.1,-380518.12,380518.12,47.564766
480000.0,1394651.2,-914651.25,914651.25,190.55234
1100000.0,1239650.5,-139650.5,139650.5,12.6955
1200000.0,1260055.4,-60055.375,60055.375,5.004615
1430000.0,1344530.8,85469.25,85469.25,5.9768705
900000.0,1304066.6,-404066.62,404066.62,44.896294
1542800.0,1345563.1,197236.88,197236.88,12.784346
1110000.0,1303619.6,-193619.62,193619.62,17.44321
650000.0,1487883.2,-837883.25,837883.25,128.90512
1684500.0,1292092.1,392407.88,392407.88,23.295214
780000.0,1181394.4,-401394.38,401394.38,51.460815
500000.0,1417236.2,-917236.25,917236.25,183.44725
850000.0,1412007.0,-562007.0,562007.0,66.11847
1500000.0,1524361.8,-24361.75,24361.75,1.6241167
1010000.0,1307546.8,-297546.75,297546.75,29.460075
840000.0,1627110.1,-787110.1,787110.1,93.70358
600000.0,1526382.2,-926382.25,926382.25,154.39705
1000000.0,1820757.1,-820757.1,820757.1,82.075714
850000.0,1309344.9,-459344.88,459344.88,54.040573
900000.0,1570163.0,-670163.0,670163.0,74.462555
1200000.0,1337928.1,-137928.12,137928.12,11.494011
1008000.0,1157625.6,-149625.62,149625.62,14.843813
850000.0,1359409.9,-509409.88,509409.88,59.930576
700000.0,1305033.2,-605033.25,605033.25,86.43332
1180000.0,1294317.0,-114317.0,114317.0,9.687881
966000.0,1598270.6,-632270.6,632270.6,65.452446
1200000.0,1723139.5,-523139.5,523139.5,43.59496
970000.0,1351022.5,-381022.5,381022.5,39.28067
1796000.0,1558305.2,237694.75,237694.75,13.234674
965000.0,1275605.4,-310605.38,310605.38,32.187088
750000.0,1306021.4,-556021.4,556021.4,74.136185
700000.0,1189872.6,-489872.62,489872.62,69.981804
1400000.0,1274388.6,125611.375,125611.375,8.972241
890000.0,1125490.4,-235490.38,235490.38,26.459593
900000.0,1549234.6,-649234.6,649234.6,72.137184
975000.0,1119240.2,-144240.25,144240.25,14.793871
1862000.0,1633350.2,228649.75,228649.75,12.279793
1200000.0,1339849.2,-139849.25,139849.25,11.654104
1000000.0,1101392.5,-101392.5,101392.5,10.13925
950000.0,1326477.4,-376477.38,376477.38,39.629196
1300000.0,1319412.2,-19412.25,19412.25,1.49325
900000.0,1106220.4,-206220.38,206220.38,22.913376
612500.0,1527275.6,-914775.6,914775.6,149.35112
1300000.0,1474555.5,-174555.5,174555.5,13.427345
1250000.0,1414863.6,-164863.62,164863.62,13.189089
800000.0,1280060.8,-480060.75,480060.75,60.007595
800000.0,1157061.8,-357061.75,357061.75,44.632717
1500000.0,1256638.6,243361.38,243361.38,16.224092
760000.0,1184870.9,-424870.88,424870.88,55.90406
650000.0,1321342.1,-671342.1,671342.1,103.2834
500000.0,1278567.1,-778567.1,778567.1,155.71342
750000.0,1462437.5,-712437.5,712437.5,94.99167
800000.0,1511414.5,-711414.5,711414.5,88.92681
450000.0,1006961.7,-556961.7,556961.7,123.76926
1200000.0,1813773.5,-613773.5,613773.5,51.14779
800000.0,1426934.1,-626934.1,626934.1,78.36677
1698562.0,1419065.8,279496.25,279496.25,16.454876
500000.0,1817977.9,-1317977.9,1317977.9,263.59558
910000.0,1145550.6,-235550.62,235550.62,25.884686
600000.0,1144707.4,-544707.4,544707.4,90.78456
860000.0,1359562.5,-499562.5,499562.5,58.08866
2000000.0,1626119.8,373880.25,373880.25,18.694012
850000.0,1178386.1,-328386.12,328386.12,38.633663
900000.0,1320345.0,-420345.0,420345.0,46.704998
890000.0,1515274.0,-625274.0,625274.0,70.25551
700000.0,1271010.9,-571010.9,571010.9,81.57298
682200.0,1361875.6,-679675.6,679675.6,99.62997
1200000.0,1380460.5,-180460.5,180460.5,15.038376
1900000.0,1387307.9,512692.12,512692.12,26.983795
1200000.0,1413612.8,-213612.75,213612.75,17.801064
1140000.0,1776967.4,-636967.4,636967.4,55.87433
1000000.0,1634793.4,-634793.4,634793.4,63.47934
800000.0,1328216.4,-528216.4,528216.4,66.02705
1944800.0,1642899.8,301900.25,301900.25,15.52346
2800000.0,1484773.5,1315226.5,1315226.5,46.972378
900000.0,1286301.1,-386301.12,386301.12,42.922348
750000.0,1324465.2,-574465.25,574465.25,76.59537
1597000.0,1642712.1,-45712.125,45712.125,2.8623748
620000.0,1204456.0,-584456.0,584456.0,94.2671
1950000.0,1184093.2,765906.75,765906.75,39.27727
750000.0,1849035.2,-1099035.2,1099035.2,146.53802
700000.0,1440206.8,-740206.75,740206.75,105.74383
1600000.0,1566601.1,33398.875,33398.875,2.0874298
600000.0,1392007.6,-792007.6,792007.6,132.00127
1250000.0,1302510.2,-52510.25,52510.25,4.20082
790000.0,1118943.4,-328943.38,328943.38,41.6384
1080000.0,1505719.1,-425719.12,425719.12,39.418438
950000.0,1306060.2,-356060.25,356060.25,37.480026
941600.0,1438408.6,-496808.62,496808.62,52.762177
1000000.0,1271368.4,-271368.38,271368.38,27.136839
1000000.0,1249344.9,-249344.88,249344.88,24.934486
550400.0,1264779.1,-714379.1,714379.1,129.79271
980000.0,1131400.0,-151400.0,151400.0,15.44898
910150.0,1307587.2,-397437.25,397437.25,43.667225
1640000.0,1109992.4,530007.6,530007.6,32.317535
490000.0,1296950.0,-806950.0,806950.0,164.68367
1824000.0,1527591.9,296408.12,296408.12,16.250444
482000.0,1181394.4,-699394.4,699394.4,145.10257
1250000.0,1181394.4,68605.625,68605.625,5.48845
1200000.0,1298020.6,-98020.625,98020.625,8.1683855
756800.0,1464211.4,-707411.4,707411.4,93.47402
1160000.0,1426584.2,-266584.25,266584.25,22.981401
750000.0,1273020.4,-523020.38,523020.38,69.73605
1030000.0,1502189.5,-472189.5,472189.5,45.84364
800000.0,1644166.9,-844166.9,844166.9,105.52086
750000.0,1403058.5,-653058.5,653058.5,87.07446
588000.0,1390899.9,-802899.9,802899.9,136.5476
400000.0,1072280.6,-672280.6,672280.6,168.07016
550000.0,1300404.4,-750404.4,750404.4,136.43715
900000.0,1512977.4,-612977.4,612977.4,68.1086
950000.0,1330456.6,-380456.62,380456.62,40.048065
800000.0,1316624.6,-516624.62,516624.62,64.57808
906000.0,1314963.9,-408963.88,408963.88,45.1395
1300000.0,1314463.5,-14463.5,14463.5,1.112577
820000.0,1793341.4,-973341.4,973341.4,118.70017
1200000.0,1130256.6,69743.375,69743.375,5.811948
1204000.0,2176754.0,-972754.0,972754.0,80.793526
850000.0,1294627.1,-444627.12,444627.12,52.30907
1960000.0,1170111.0,789889.0,789889.0,40.300457
1250000.0,1323562.6,-73562.625,73562.625,5.88501
705000.0,1281388.1,-576388.1,576388.1,81.75718
1012000.0,1796854.5,-784854.5,784854.5,77.554794
1000000.0,1360569.2,-360569.25,360569.25,36.056923
1350000.0,1283424.5,66575.5,66575.5,4.9315186
1000000.0,1117389.5,-117389.5,117389.5,11.73895
1030000.0,1123118.8,-93118.75,93118.75,9.040655
2156000.0,1387053.5,768946.5,768946.5,35.665424
1113000.0,1137901.4,-24901.375,24901.375,2.2373204
700000.0,1322136.0,-622136.0,622136.0,88.87657
900000.0,1201020.1,-301020.12,301020.12,33.446682
593600.0,1258280.9,-664680.9,664680.9,111.97454
1735000.0,1110242.5,624757.5,624757.5,36.00908
500000.0,1640545.5,-1140545.5,1140545.5,228.1091
1000000.0,1220961.1,-220961.12,220961.12,22.096113
619400.0,1160376.8,-540976.75,540976.75,87.33884
685000.0,1708576.4,-1023576.4,1023576.4,149.42722
1200000.0,1237385.4,-37385.375,37385.375,3.115448
1350000.0,1319089.2,30910.75,30910.75,2.2896852
831600.0,1270425.8,-438825.75,438825.75,52.768852
1260000.0,1188139.0,71861.0,71861.0,5.703254
700000.0,1278773.0,-578773.0,578773.0,82.68186
675000.0,1394651.2,-719651.25,719651.25,106.615
685000.0,1637056.6,-952056.6,952056.6,138.98637
950000.0,1575521.0,-625521.0,625521.0,65.844315
3980000.0,1325928.1,2654072.0,2654072.0,66.68523
1800000.0,1293140.5,506859.5,506859.5,28.158861
1160000.0,1559692.4,-399692.38,399692.38,34.456238
800000.0,1121012.5,-321012.5,321012.5,40.126564
1080000.0,1394651.2,-314651.25,314651.25,29.134375
1550000.0,1320517.8,229482.25,229482.25,14.805306
600000.0,1317076.9,-717076.9,717076.9,119.51281
2450000.0,1357428.1,1092571.9,1092571.9,44.594772
700000.0,1248447.2,-548447.25,548447.25,78.34961
1360000.0,1328693.6,31306.375,31306.375,2.3019395
1350000.0,1305385.8,44614.25,44614.25,3.3047595
730000.0,1218513.8,-488513.75,488513.75,66.91969
581500.0,1832930.2,-1251430.2,1251430.2,215.20726
1440000.0,1314239.8,125760.25,125760.25,8.733351
620000.0,1181394.4,-561394.4,561394.4,90.54748
2200000.0,1334356.4,865643.6,865643.6,39.34744
1000000.0,1428805.1,-428805.12,428805.12,42.880512
588000.0,1503231.6,-915231.6,915231.6,155.65164
1020000.0,1297913.9,-277913.88,277913.88,27.246458
900000.0,1221888.0,-321888.0,321888.0,35.76533
800000.0,1181394.4,-381394.38,381394.38,47.674297
900000.0,1103653.0,-203653.0,203653.0,22.62811
578000.0,1413776.6,-835776.6,835776.6,144.59804
900000.0,1306483.5,-406483.5,406483.5,45.164833
824000.0,1316943.0,-492943.0,492943.0,59.82318
1784000.0,1314334.5,469665.5,469665.5,26.32654
850000.0,1410544.6,-560544.6,560544.6,65.94643
800000.0,1633028.2,-833028.25,833028.25,104.128525
800000.0,1203415.9,-403415.88,403415.88,50.426983
820000.0,1307946.8,-487946.75,487946.75,59.5057
750000.0,1312545.1,-562545.1,562545.1,75.00601
11600000.0,1697307.8,9902692.0,9902692.0,85.368034
1500000.0,1382304.6,117695.375,117695.375,7.8463583
1300000.0,1139921.8,160078.25,160078.25,12.313711
900000.0,1103545.0,-203545.0,203545.0,22.61611
970000.0,1419750.5,-449750.5,449750.5,46.36603
1000000.0,1602182.2,-602182.25,602182.25,60.218227
800000.0,1327008.6,-527008.6,527008.6,65.876076
600000.0,1181394.4,-581394.4,581394.4,96.89906
780000.0,1289697.1,-509697.12,509697.12,65.34579
1499600.0,1310869.6,188730.38,188730.38,12.585381
540000.0,1327029.2,-787029.25,787029.25,145.74615
656000.0,1656360.0,-1000360.0,1000360.0,152.49391
990000.0,1310599.9,-320599.88,320599.88,32.383827
600000.0,1625356.6,-1025356.6,1025356.6,170.89278
1420000.0,1143119.8,276880.25,276880.25,19.49861
1500000.0,1730151.2,-230151.25,230151.25,15.343417
500000.0,1590295.1,-1090295.1,1090295.1,218.05902
800000.0,1394146.9,-594146.9,594146.9,74.26836
510000.0,1329022.0,-819022.0,819022.0,160.59254
500000.0,1566203.2,-1066203.2,1066203.2,213.24065
1000000.0,1424171.4,-424171.38,424171.38,42.417137
920000.0,1132690.8,-212690.75,212690.75,23.11856
650000.0,1222580.6,-572580.6,572580.6,88.08933
900000.0,1267797.9,-367797.88,367797.88,40.866432
855000.0,1348233.2,-493233.25,493233.25,57.6881
670000.0,1462082.0,-792082.0,792082.0,118.2212
877500.0,1349134.2,-471634.25,471634.25,53.747494
700000.0,1302625.0,-602625.0,602625.0,86.08929
700000.0,1120445.0,-420445.0,420445.0,60.063572
939000.0,1181394.4,-242394.38,242394.38,25.814098
790000.0,1279528.2,-489528.25,489528.25,61.965603
65000000.0,3274182.8,61725816.0,61725816.0,94.96279
584000.0,1325019.5,-741019.5,741019.5,126.8869
896000.0,1725598.1,-829598.1,829598.1,92.58907
1390000.0,1181394.4,208605.62,208605.62,15.007599
580000.0,1150003.8,-570003.75,570003.75,98.276505
750000.0,1186526.0,-436526.0,436526.0,58.203465
700000.0,1197178.4,-497178.38,497178.38,71.02548
1200000.0,1291769.9,-91769.875,91769.875,7.6474895
750000.0,1259858.4,-509858.38,509858.38,67.98112
1000000.0,1181394.4,-181394.38,181394.38,18.139437
1000000.0,1192011.0,-192011.0,192011.0,19.2011
800000.0,1334400.5,-534400.5,534400.5,66.800064
950000.0,1301015.2,-351015.25,351015.25,36.948975
550000.0,1294410.8,-744410.75,744410.75,135.34741
1218000.0,1162215.5,55784.5,55784.5,4.580008
863200.0,1305156.6,-441956.62,441956.62,51.199795
700000.0,1121032.0,-421032.0,421032.0,60.14743
540000.0,1511073.8,-971073.75,971073.75,179.82848
670000.0,1249933.8,-579933.75,579933.75,86.557274
800000.0,1113921.8,-313921.75,313921.75,39.24022
800000.0,1160435.2,-360435.25,360435.25,45.054405
1080000.0,1318823.9,-238823.88,238823.88,22.113321
884000.0,1222551.4,-338551.38,338551.38,38.29767
630000.0,1377613.5,-747613.5,747613.5,118.66881
1600000.0,1388259.1,211740.88,211740.88,13.233805
1050000.0,1256904.1,-206904.12,206904.12,19.705156
700000.0,1152722.5,-452722.5,452722.5,64.674644
688000.0,1673114.8,-985114.75,985114.75,143.18529
1550000.0,1131742.1,418257.88,418257.88,26.984379
1200000.0,1164649.6,35350.375,35350.375,2.9458647
985000.0,1281805.5,-296805.5,296805.5,30.132538
950000.0,1301582.0,-351582.0,351582.0,37.008633
650000.0,1370696.9,-720696.9,720696.9,110.87644
798000.0,1329409.1,-531409.1,531409.1,66.59262
1500000.0,1437809.6,62190.375,62190.375,4.146025
650000.0,1322103.2,-672103.25,672103.25,103.400505
750000.0,1642536.2,-892536.25,892536.25,119.00484
1200000.0,1132249.1,67750.875,67750.875,5.645906
670000.0,1300216.4,-630216.4,630216.4,94.06214
800000.0,1397109.6,-597109.6,597109.6,74.6387
544000.0,1370873.4,-826873.4,826873.4,151.99878
1170000.0,1391917.4,-221917.38,221917.38,18.967299
1050000.0,1304054.4,-254054.38,254054.38,24.195654
1000000.0,1253275.2,-253275.25,253275.25,25.327524
820000.0,1305242.6,-485242.62,485242.62,59.175934
900000.0,1378378.2,-478378.25,478378.25,53.15314
1305000.0,1275920.6,29079.375,29079.375,2.2283046
600000.0,1433527.6,-833527.6,833527.6,138.92128
800000.0,1390634.1,-590634.1,590634.1,73.82926
650000.0,1503615.8,-853615.75,853615.75,131.3255
750000.0,1429940.1,-679940.1,679940.1,90.65868
1030000.0,1199729.8,-169729.75,169729.75,16.478617
490000.0,1461095.0,-971095.0,971095.0,198.18265
1100000.0,1165726.6,-65726.625,65726.625,5.9751477
825000.0,1293173.6,-468173.62,468173.62,56.748318
1200000.0,1357590.5,-157590.5,157590.5,13.132543
800000.0,1118701.0,-318701.0,318701.0,39.837627
500000.0,1123042.5,-623042.5,623042.5,124.608505
1115000.0,1181394.4,-66394.375,66394.375,5.954653
740000.0,1294640.1,-554640.1,554640.1,74.95137
1920000.0,1296085.6,623914.4,623914.4,32.49554
1250000.0,1303870.5,-53870.5,53870.5,4.30964
1100000.0,1119238.9,-19238.875,19238.875,1.7489886
768000.0,1319130.9,-551130.9,551130.9,71.76183
800000.0,1118789.8,-318789.75,318789.75,39.848717
600000.0,1740307.2,-1140307.2,1140307.2,190.05121
550000.0,1563105.6,-1013105.6,1013105.6,184.20102
1525000.0,1286276.8,238723.25,238723.25,15.653984
1369000.0,1613505.4,-244505.38,244505.38,17.860144
800000.0,1411128.9,-611128.9,611128.9,76.391106
700000.0,1251572.0,-551572.0,551572.0,78.796
1000000.0,1361291.1,-361291.12,361291.12,36.129112
4600000.0,1344409.5,3255590.5,3255590.5,70.77371
1200000.0,1181394.4,18605.625,18605.625,1.5504687
1200000.0,1326911.5,-126911.5,126911.5,10.575958
750000.0,1216850.2,-466850.25,466850.25,62.246696
600000.0,1392028.4,-792028.4,792028.4,132.00473
676000.0,1352213.8,-676213.75,676213.75,100.03162
600000.0,1280155.4,-680155.4,680155.4,113.35922
2600000.0,1329225.8,1270774.2,1270774.2,48.875935
800000.0,1281458.2,-481458.25,481458.25,60.182278
700000.0,1550199.5,-850199.5,850199.5,121.45708
600000.0,1612685.4,-1012685.4,1012685.4,168.7809
1100000.0,1220249.9,-120249.875,120249.875,10.931807
1250000.0,1101541.5,148458.5,148458.5,11.87668
1020000.0,1233938.0,-213938.0,213938.0,20.974314
700000.0,1168737.4,-468737.38,468737.38,66.96248
1157000.0,1412728.1,-255728.12,255728.12,22.10269
910000.0,1181394.4,-271394.38,271394.38,29.823557
1020000.0,1487381.2,-467381.25,467381.25,45.82169
1675000.0,1227146.6,447853.38,447853.38,26.737514
650000.0,1428089.2,-778089.25,778089.25,119.70603
800000.0,1378977.8,-578977.75,578977.75,72.372215
2025000.0,1641820.0,383180.0,383180.0,18.922468
1023000.0,1287705.9,-264705.88,264705.88,25.875452
700000.0,1122333.9,-422333.88,422333.88,60.333412
550000.0,1300508.9,-750508.9,750508.9,136.45616
872000.0,1401807.9,-529807.9,529807.9,60.757786
815000.0,1238808.2,-423808.25,423808.25,52.00101
1130000.0,1274907.4,-144907.38,144907.38,12.823662
500000.0,1204021.6,-704021.6,704021.6,140.80432
600000.0,1342679.9,-742679.9,742679.9,123.779976
1200000.0,1174994.4,25005.625,25005.625,2.083802
600000.0,1274141.0,-674141.0,674141.0,112.35683
500000.0,1366213.0,-866213.0,866213.0,173.2426
1000000.0,1628104.0,-628104.0,628104.0,62.8104
592800.0,1274003.1,-681203.1,681203.1,114.91281
887000.0,1168687.0,-281687.0,281687.0,31.75727
1140000.0,1856008.9,-716008.9,716008.9,62.8078
1418400.0,1214445.4,203954.62,203954.62,14.379204
1000000.0,1477047.5,-477047.5,477047.5,47.70475
1102500.0,1181394.4,-78894.375,78894.375,7.1559525
900000.0,1369303.8,-469303.75,469303.75,52.14486
863500.0,1677692.2,-814192.25,814192.25,94.28978
630000.0,1404465.4,-774465.4,774465.4,122.931015
1200000.0,1249666.4,-49666.375,49666.375,4.1388645
1440000.0,1325484.8,114515.25,114515.25,7.952448
900000.0,1369869.4,-469869.38,469869.38,52.20771
750000.0,1193050.2,-443050.25,443050.25,59.073364
1300000.0,1211254.5,88745.5,88745.5,6.8265767
1100000.0,1551558.0,-451558.0,451558.0,41.050728
1200000.0,1517309.5,-317309.5,317309.5,26.44246
642500.0,1454142.9,-811642.9,811642.9,126.32574
640000.0,1499442.8,-859442.75,859442.75,134.28793
721000.0,1427907.0,-706907.0,706907.0,98.04536
1200000.0,1118421.6,81578.375,81578.375,6.798198
330000.0,1259483.9,-929483.9,929483.9,281.66177
2400000.0,1181514.4,1218485.6,1218485.6,50.770233
1002000.0,1331897.2,-329897.25,329897.25,32.923878
780000.0,1162050.9,-382050.88,382050.88,48.980885
1311000.0,1392744.1,-81744.125,81744.125,6.2352495
600000.0,1181394.4,-581394.4,581394.4,96.89906
500000.0,1355234.9,-855234.9,855234.9,171.04697
507000.0,1414265.5,-907265.5,907265.5,178.94783
1000000.0,1320434.5,-320434.5,320434.5,32.04345
600001.0,1222551.4,-622550.4,622550.4,103.758224
662000.0,1369417.4,-707417.4,707417.4,106.86063
670000.0,1348233.2,-678233.25,678233.25,101.22884
800000.0,1215300.8,-415300.75,415300.75,51.912594
7290000.0,1788454.8,5501545.0,5501545.0,75.46701
1400000.0,1400452.8,-452.75,452.75,0.032339286
900000.0,1593404.4,-693404.4,693404.4,77.04493
1000000.0,1810416.2,-810416.25,810416.25,81.041626
1530000.0,1355234.9,174765.12,174765.12,11.422558
1200000.0,1361133.0,-161133.0,161133.0,13.42775
940000.0,1520253.8,-580253.75,580253.75,61.729122
900000.0,1324600.2,-424600.25,424600.25,47.177807
650000.0,1231852.2,-581852.25,581852.25,89.51573
1400000.0,1228205.2,171794.75,171794.75,12.271053
1050000.0,1245446.6,-195446.62,195446.62,18.613964
1680000.0,1334054.5,345945.5,345945.5,20.591993
1087000.0,1788101.1,-701101.1,701101.1,64.498726
800000.0,1113095.5,-313095.5,313095.5,39.136936
1300000.0,1233294.9,66705.125,66705.125,5.1311636
15000000.0,2057663.0,12942337.0,12942337.0,86.28225
1280000.0,1408899.6,-128899.625,128899.625,10.070283
2250000.0,1213694.5,1036305.5,1036305.5,46.05802
540000.0,1171388.1,-631388.1,631388.1,116.92373
2400000.0,1270689.5,1129310.5,1129310.5,47.054604
2400000.0,1784435.1,615564.9,615564.9,25.648537
668000.0,1190905.9,-522905.88,522905.88,78.27932
1530000.0,1335433.0,194567.0,194567.0,12.716797
950000.0,1289869.4,-339869.38,339869.38,35.775723
1000000.0,1116899.2,-116899.25,116899.25,11.689925
688000.0,1595722.9,-907722.9,907722.9,131.93646
528000.0,1162834.4,-634834.4,634834.4,120.23379
550000.0,1189928.0,-639928.0,639928.0,116.35054
1152000.0,1542393.8,-390393.75,390393.75,33.888348
1200000.0,1116677.2,83322.75,83322.75,6.9435625
1300000.0,1116732.1,183267.88,183267.88,14.097528
1310000.0,1181394.4,128605.625,128605.625,9.817224
2100000.0,1313401.1,786598.9,786598.9,37.457092
1470000.0,1426131.8,43868.25,43868.25,2.9842348
1148000.0,1321490.0,-173490.0,173490.0,15.112369
1000000.0,1328749.5,-328749.5,328749.5,32.87495
2100000.0,1479868.9,620131.1,620131.1,29.530054
1380000.0,1428295.2,-48295.25,48295.25,3.4996557
930000.0,1355234.9,-425234.88,425234.88,45.724182
1200000.0,1440064.6,-240064.62,240064.62,20.005386
1215000.0,1550896.5,-335896.5,335896.5,27.645802
800000.0,1325490.0,-525490.0,525490.0,65.68625
800000.0,1308009.5,-508009.5,508009.5,63.501186
1350000.0,1215077.9,134922.12,134922.12,9.994231
700000.0,1119878.9,-419878.88,419878.88,59.9827
2900000.0,1344516.1,1555483.9,1555483.9,53.637375
750000.0,1424773.1,-674773.1,674773.1,89.96975
700000.0,1286070.9,-586070.9,586070.9,83.72441
900000.0,1267580.0,-367580.0,367580.0,40.842224
900000.0,1393674.5,-493674.5,493674.5,54.852722
663000.0,1155909.5,-492909.5,492909.5,74.34533
2600000.0,1311677.2,1288322.8,1288322.8,49.550877
650000.0,1306714.4,-656714.4,656714.4,101.03298
870000.0,1150292.0,-280292.0,280292.0,32.21747
1100000.0,1140616.0,-40616.0,40616.0,3.6923635
1500000.0,1144099.1,355900.88,355900.88,23.726727
700000.0,1374378.6,-674378.6,674378.6,96.339806
800000.0,1118572.4,-318572.38,318572.38,39.82155
720000.0,1466465.2,-746465.25,746465.25,103.675735
880000.0,1339306.0,-459306.0,459306.0,52.193863
1250000.0,1452505.4,-202505.38,202505.38,16.20043
693000.0,1257714.5,-564714.5,564714.5,81.48838
1000000.0,1300053.8,-300053.75,300053.75,30.005375
1156000.0,1584957.9,-428957.88,428957.88,37.107082
700000.0,1244597.2,-544597.25,544597.25,77.79961
1320000.0,1434799.1,-114799.125,114799.125,8.696903
1200000.0,1327384.6,-127384.625,127384.625,10.615385
1080000.0,1145407.5,-65407.5,65407.5,6.05625
1400000.0,1307804.9,92195.125,92195.125,6.5853662
820000.0,1426422.2,-606422.25,606422.25,73.95393
1020000.0,1133201.6,-113201.625,113201.625,11.098199
800000.0,1118520.9,-318520.88,318520.88,39.81511
1200000.0,1303501.8,-103501.75,103501.75,8.625146
950000.0,1165045.5,-215045.5,215045.5,22.63637
700000.0,1455772.0,-755772.0,755772.0,107.96742
800000.0,1344245.0,-544245.0,544245.0,68.030624
1800000.0,1578930.5,221069.5,221069.5,12.281639
810000.0,1478437.5,-668437.5,668437.5,82.52315
520000.0,1468471.0,-948471.0,948471.0,182.39827
500000.0,1181394.4,-681394.4,681394.4,136.27888
1500000.0,1192852.6,307147.38,307147.38,20.476492
800000.0,1490684.9,-690684.9,690684.9,86.33561
700000.0,1255473.0,-555473.0,555473.0,79.35329
700000.0,1225004.1,-525004.1,525004.1,75.00059
1520000.0,1118313.6,401686.38,401686.38,26.426735
780000.0,1491454.2,-711454.25,711454.25,91.21208
500000.0,1181394.4,-681394.4,681394.4,136.27888
750000.0,1564881.5,-814881.5,814881.5,108.65086
500000.0,1294816.8,-794816.75,794816.75,158.96335
816400.0,1365979.5,-549579.5,549579.5,67.31743
1150000.0,1138965.2,11034.75,11034.75,0.9595435
700000.0,1602078.1,-902078.1,902078.1,128.8683
533000.0,1208953.9,-675953.9,675953.9,126.82061
1500000.0,1334610.8,165389.25,165389.25,11.02595
800000.0,1163311.1,-363311.12,363311.12,45.41389
1280000.0,1532303.6,-252303.62,252303.62,19.71122
800000.0,1217674.5,-417674.5,417674.5,52.209312
476000.0,1125420.4,-649420.4,649420.4,136.43285
900000.0,1299967.1,-399967.12,399967.12,44.440792
700000.0,1343339.8,-643339.75,643339.75,91.90568
2148000.0,1317083.6,830916.4,830916.4,38.683258
1147500.0,1497088.1,-349588.12,349588.12,30.465199
1080000.0,1181394.4,-101394.375,101394.375,9.388368
730000.0,1150626.8,-420626.75,420626.75,57.620102
750000.0,1125645.4,-375645.38,375645.38,50.086052
1200000.0,1412801.5,-212801.5,212801.5,17.733458
910000.0,1242778.4,-332778.38,332778.38,36.569054
996000.0,1257370.6,-261370.62,261370.62,26.24203
1050000.0,1304674.6,-254674.62,254674.62,24.254726
550000.0,1297235.2,-747235.25,747235.25,135.86096
1000000.0,1181394.4,-181394.38,181394.38,18.139437
1584000.0,1434552.9,149447.12,149447.12,9.434793
550000.0,1181394.4,-631394.4,631394.4,114.79897
410000.0,1145165.1,-735165.1,735165.1,179.30856
550000.0,1377654.0,-827654.0,827654.0,150.48254
1600000.0,1407905.9,192094.12,192094.12,12.005882
1200000.0,1525129.0,-325129.0,325129.0,27.094084
1832800.0,1929224.1,-96424.125,96424.125,5.2610283
1090000.0,1270387.0,-180387.0,180387.0,16.549265
700000.0,1252195.0,-552195.0,552195.0,78.885
1350000.0,1300250.6,49749.375,49749.375,3.6851387
1000000.0,1306591.8,-306591.75,306591.75,30.659176
650000.0,1504186.1,-854186.1,854186.1,131.41324
1500000.0,1386128.8,113871.25,113871.25,7.591417
1100000.0,1346437.8,-246437.75,246437.75,22.403433
1152000.0,1379346.5,-227346.5,227346.5,19.73494
497500.0,1155767.9,-658267.9,658267.9,132.31514
860000.0,1126823.5,-266823.5,266823.5,31.025988
800000.0,1412121.5,-612121.5,612121.5,76.51518
1150000.0,1121936.9,28063.125,28063.125,2.4402716
2160000.0,1379225.1,780774.9,780774.9,36.146984
616000.0,1427974.2,-811974.25,811974.25,131.814
900000.0,1388207.8,-488207.75,488207.75,54.245304
750000.0,1432089.1,-682089.1,682089.1,90.94521
2280000.0,1506037.6,773962.4,773962.4,33.945717
700000.0,1121988.2,-421988.25,421988.25,60.284035
750000.0,1669879.9,-919879.9,919879.9,122.65065
1800000.0,1230793.9,569206.1,569206.1,31.622562
700000.0,1170864.5,-470864.5,470864.5,67.26636
1000000.0,1737313.9,-737313.9,737313.9,73.731384
1800000.0,1348820.1,451179.88,451179.88,25.065548
960000.0,1401431.0,-441431.0,441431.0,45.982395
800000.0,1378780.4,-578780.4,578780.4,72.34755
1000000.0,1289276.4,-289276.38,289276.38,28.927635
780000.0,1331219.4,-551219.4,551219.4,70.66915
1000000.0,1539900.1,-539900.1,539900.1,53.990013
2850000.0,1166861.9,1683138.1,1683138.1,59.05748
1150000.0,1391315.6,-241315.62,241315.62,20.983967
600000.0,1772255.2,-1172255.2,1172255.2,195.37587
450000.0,1293926.6,-843926.6,843926.6,187.53926
500000.0,1899303.1,-1399303.1,1399303.1,279.86063
700000.0,1069829.8,-369829.75,369829.75,52.832825
1600000.0,1776560.8,-176560.75,176560.75,11.035047
800000.0,1470324.8,-670324.75,670324.75,83.790596
600000.0,1181394.4,-581394.4,581394.4,96.89906
550000.0,1502758.1,-952758.1,952758.1,173.22876
863500.0,1556243.9,-692743.9,692743.9,80.22511
670000.0,1676827.4,-1006827.4,1006827.4,150.27274
670000.0,1416334.4,-746334.4,746334.4,111.39319
1100000.0,1345578.8,-245578.75,245578.75,22.325342
1100000.0,1134594.4,-34594.375,34594.375,3.1449432
5442500.0,1322098.9,4120401.0,4120401.0,75.70787
600000.0,1525583.0,-925583.0,925583.0,154.26382
1000000.0,1545439.6,-545439.6,545439.6,54.54396
843000.0,1433386.8,-590386.75,590386.75,70.03401
1400000.0,1293976.0,106024.0,106024.0,7.5731425
1845000.0,1528163.5,316836.5,316836.5,17.17271
800000.0,1485306.9,-685306.9,685306.9,85.66336
1700000.0,1243652.6,456347.38,456347.38,26.843962
860000.0,1310561.5,-450561.5,450561.5,52.390873
750000.0,1207316.4,-457316.38,457316.38,60.975517
1520000.0,1288930.2,231069.75,231069.75,15.201958
900000.0,1885630.6,-985630.6,985630.6,109.51451
950000.0,1395204.2,-445204.25,445204.25,46.863605
584000.0,1417236.2,-833236.25,833236.25,142.67744
588000.0,1518479.9,-930479.9,930479.9,158.24487
946400.0,1181394.4,-234994.38,234994.38,24.830345
1240000.0,1268293.0,-28293.0,28293.0,2.2816935
1015000.0,1174837.9,-159837.88,159837.88,15.747574
846000.0,1324492.1,-478492.12,478492.12,56.559353
610000.0,1214040.1,-604040.1,604040.1,99.02297
883200.0,1304720.0,-421520.0,421520.0,47.726448
750000.0,1237756.9,-487756.88,487756.88,65.034256
800000.0,1217316.6,-417316.62,417316.62,52.164577
1408600.0,1267619.4,140980.62,140980.62,10.008563
650000.0,1194675.2,-544675.25,544675.25,83.79619
1180000.0,1437047.1,-257047.12,257047.12,21.783655
2460000.0,1674530.6,785469.4,785469.4,31.929647
500000.0,1563139.9,-1063139.9,1063139.9,212.62799
880000.0,1167994.4,-287994.38,287994.38,32.726635
1000000.0,1441339.9,-441339.88,441339.88,44.133987
1008000.0,1427148.9,-419148.88,419148.88,41.58223
900000.0,1441446.0,-541446.0,541446.0,60.160667
600000.0,1319761.9,-719761.9,719761.9,119.96031
915000.0,1185718.9,-270718.88,270718.88,29.586761
1015000.0,1272729.5,-257729.5,257729.5,25.39207
1130000.0,1170691.2,-40691.25,40691.25,3.6009955
800000.0,1323487.0,-523487.0,523487.0,65.435875
700000.0,1181394.4,-481394.38,481394.38,68.77062
750000.0,1226500.5,-476500.5,476500.5,63.5334
700000.0,1341722.6,-641722.6,641722.6,91.67466
700000.0,1645006.9,-945006.9,945006.9,135.00098
1380000.0,1309638.6,70361.375,70361.375,5.0986505
700000.0,1261685.8,-561685.75,561685.75,80.24082
750000.0,1269374.2,-519374.25,519374.25,69.2499
1160000.0,1434465.2,-274465.25,274465.25,23.660797
1200000.0,1390500.4,-190500.38,190500.38,15.875031
500000.0,1040182.9,-540182.9,540182.9,108.036575
1400000.0,1326685.5,73314.5,73314.5,5.23675
500000.0,1164328.8,-664328.75,664328.75,132.86575
1500000.0,1135071.5,364928.5,364928.5,24.328568
700000.0,1279585.8,-579585.75,579585.75,82.797966
1260000.0,1347451.6,-87451.625,87451.625,6.9406056
1100000.0,1313173.0,-213173.0,213173.0,19.379364
904800.0,1270202.6,-365402.62,365402.62,40.384907
600000.0,1269512.4,-669512.4,669512.4,111.58539
723000.0,1315969.2,-592969.25,592969.25,82.01511
950000.0,1320450.8,-370450.75,370450.75,38.994816
780000.0,1403452.8,-623452.75,623452.75,79.92984
396000.0,1292990.2,-896990.25,896990.25,226.5127
1750000.0,1554478.4,195521.62,195521.62,11.172665
1170000.0,1391742.6,-221742.62,221742.62,18.95236
800000.0,1376061.4,-576061.4,576061.4,72.007675
1500000.0,1327279.8,172720.25,172720.25,11.514683
1350000.0,1388076.1,-38076.125,38076.125,2.820454
700000.0,1323217.8,-623217.75,623217.75,89.031105
700000.0,1357914.2,-657914.25,657914.25,93.98775
660000.0,1602578.2,-942578.25,942578.25,142.81488
1000000.0,1191465.4,-191465.38,191465.38,19.146538
960000.0,1355784.2,-395784.25,395784.25,41.227524
660000.0,1119813.2,-459813.25,459813.25,69.66867
936000.0,1441916.5,-505916.5,505916.5,54.05091
1100000.0,1854327.0,-754327.0,754327.0,68.57518
500000.0,1262515.6,-762515.6,762515.6,152.50313
4200000.0,1374870.0,2825130.0,2825130.0,67.265
700000.0,1437530.5,-737530.5,737530.5,105.361496
700000.0,1773848.6,-1073848.6,1073848.6,153.40694
1500000.0,1233287.4,266712.62,266712.62,17.780842
580000.0,1310876.0,-730876.0,730876.0,126.0131
675000.0,1343130.6,-668130.6,668130.6,98.982315
2059800.0,1635120.5,424679.5,424679.5,20.617512
1200000.0,1419243.4,-219243.38,219243.38,18.27028
1600000.0,1663872.4,-63872.375,63872.375,3.9920232
1360000.0,1265850.6,94149.375,94149.375,6.922748
1250000.0,1321541.2,-71541.25,71541.25,5.7233
650000.0,1249320.8,-599320.75,599320.75,92.20319
1100000.0,1322414.9,-222414.88,222414.88,20.219534
1200000.0,1288892.5,-88892.5,88892.5,7.4077086
1000000.0,1122857.2,-122857.25,122857.25,12.285725
540000.0,1290846.9,-750846.9,750846.9,139.04572
1200000.0,1296950.0,-96950.0,96950.0,8.079166
1400000.0,1618636.5,-218636.5,218636.5,15.616892
630000.0,1261135.8,-631135.75,631135.75,100.18028
1900000.0,1320682.9,579317.1,579317.1,30.490376
1379000.0,1116916.5,262083.5,262083.5,19.00533
1400000.0,1125137.8,274862.25,274862.25,19.633017
1000000.0,1301231.8,-301231.75,301231.75,30.123175
577000.0,1321687.6,-744687.6,744687.6,129.06198
980000.0,1119137.5,-139137.5,139137.5,14.197704
800000.0,1290048.5,-490048.5,490048.5,61.25606
1300000.0,1541094.1,-241094.12,241094.12,18.545702
2610000.0,1410139.2,1199860.8,1199860.8,45.971676
700000.0,1732331.5,-1032331.5,1032331.5,147.47594
800000.0,1115719.2,-315719.25,315719.25,39.464905
1200000.0,1350999.5,-150999.5,150999.5,12.583292
550000.0,1274588.8,-724588.75,724588.75,131.74341
1000000.0,1251603.2,-251603.25,251603.25,25.160324
600000.0,1140573.0,-540573.0,540573.0,90.095505
900000.0,1183682.6,-283682.62,283682.62,31.520292
1050000.0,1233890.2,-183890.25,183890.25,17.513357
800000.0,1322612.9,-522612.88,522612.88,65.32661
1050000.0,1413459.4,-363459.38,363459.38,34.61518
1000000.0,1250937.0,-250937.0,250937.0,25.093702
1000000.0,1551812.2,-551812.25,551812.25,55.181225
3385000.0,1431448.4,1953551.6,1953551.6,57.712013
1176000.0,1233121.1,-57121.125,57121.125,4.8572383
955000.0,1389696.0,-434696.0,434696.0,45.517906
2412000.0,1495215.2,916784.75,916784.75,38.00932
700000.0,1517871.9,-817871.9,817871.9,116.83884
1150000.0,1181394.4,-31394.375,31394.375,2.7299457
1868750.0,1413924.1,454825.88,454825.88,24.338509
750000.0,1292917.8,-542917.75,542917.75,72.38903
800000.0,1319809.8,-519809.75,519809.75,64.97622
1000000.0,1150344.2,-150344.25,150344.25,15.034426
1493000.0,1343979.2,149020.75,149020.75,9.981297
1200000.0,1142646.9,57353.125,57353.125,4.779427
675000.0,1276381.0,-601381.0,601381.0,89.09348
688000.0,1412020.8,-724020.75,724020.75,105.23558
800000.0,1151497.6,-351497.62,351497.62,43.937202
1000000.0,1429738.9,-429738.88,429738.88,42.97389
900000.0,1301196.0,-401196.0,401196.0,44.57733
705000.0,1281490.1,-576490.1,576490.1,81.771645
700000.0,1147758.5,-447758.5,447758.5,63.9655
2040000.0,1605355.8,434644.25,434644.25,21.30609
650000.0,1203951.2,-553951.25,553951.25,85.22327
1200000.0,1426649.5,-226649.5,226649.5,18.887459
2700000.0,1296042.8,1403957.2,1403957.2,51.998417
550000.0,1277379.1,-727379.1,727379.1,132.25075
880000.0,1268513.5,-388513.5,388513.5,44.14926
702000.0,1371402.5,-669402.5,669402.5,95.35648
1400000.0,1363397.5,36602.5,36602.5,2.6144643
588000.0,1433331.9,-845331.9,845331.9,143.76392
1150000.0,1214494.0,-64494.0,64494.0,5.608174
1210000.0,1681952.8,-471952.75,471952.75,39.00436
1015280.0,1386164.8,-370884.75,370884.75,36.530293
900000.0,1283627.0,-383627.0,383627.0,42.62522
800000.0,1296458.4,-496458.38,496458.38,62.057297
500000.0,1342199.8,-842199.75,842199.75,168.43994
1700000.0,1319161.8,380838.25,380838.25,22.402248
440000.0,1181394.4,-741394.4,741394.4,168.49872
2277000.0,1216021.0,1060979.0,1060979.0,46.595474
1280000.0,1322861.5,-42861.5,42861.5,3.3485546
1100000.0,1120013.5,-20013.5,20013.5,1.819409
600000.0,1392028.4,-792028.4,792028.4,132.00473
2560000.0,1328165.4,1231834.6,1231834.6,48.11854
965000.0,1289863.6,-324863.62,324863.62,33.664623
800000.0,1004156.1,-204156.12,204156.12,25.519518
1520000.0,1374331.9,145668.12,145668.12,9.583429
1260000.0,1238303.1,21696.875,21696.875,1.7219743
650000.0,1279015.0,-629015.0,629015.0,96.77154
1700000.0,1243196.5,456803.5,456803.5,26.870792
9000000.0,1427966.0,7572034.0,7572034.0,84.133705
500000.0,1372843.6,-872843.6,872843.6,174.56873
800000.0,1315494.9,-515494.88,515494.88,64.43686
800000.0,1504053.8,-704053.75,704053.75,88.006714
850000.0,1316498.2,-466498.25,466498.25,54.882145
1200000.0,1641720.2,-441720.25,441720.25,36.81002
720000.0,1422366.0,-702366.0,702366.0,97.550835
1404000.0,1329422.4,74577.625,74577.625,5.3117967
590000.0,1703947.6,-1113947.6,1113947.6,188.80469
600000.0,1272458.4,-672458.4,672458.4,112.0764
1300000.0,1362311.6,-62311.625,62311.625,4.793202
2592000.0,1168757.5,1423242.5,1423242.5,54.909046
765000.0,1155900.2,-390900.25,390900.25,51.098072
1000000.0,1276964.8,-276964.75,276964.75,27.696476
454500.0,1248547.8,-794047.75,794047.75,174.70798
725000.0,1128835.9,-403835.88,403835.88,55.7015
790000.0,1126549.0,-336549.0,336549.0,42.60114
1000000.0,1545509.2,-545509.25,545509.25,54.550926
1000000.0,1472751.4,-472751.38,472751.38,47.27514
1600000.0,1579236.6,20763.375,20763.375,1.2977109
1207600.0,1379024.6,-171424.62,171424.62,14.195481
1920000.0,1167803.2,752196.75,752196.75,39.176914
1170000.0,1238892.0,-68892.0,68892.0,5.888205
7000000.0,1816208.8,5183791.0,5183791.0,74.05416
1000000.0,1218279.5,-218279.5,218279.5,21.82795
5000000.0,1549209.1,3450791.0,3450791.0,69.015816
600000.0,1223917.9,-623917.9,623917.9,103.98631
1600000.0,1619144.6,-19144.625,19144.625,1.196539
1700000.0,1323049.9,376950.12,376950.12,22.173538
850000.0,1265761.1,-415761.12,415761.12,48.913074
4300000.0,1100955.1,3199045.0,3199045.0,74.39639
1800000.0,1302023.1,497976.88,497976.88,27.665382
1590000.0,1168121.5,421878.5,421878.5,26.53324
800000.0,1307209.6,-507209.62,507209.62,63.401203
1120000.0,1108875.4,11124.625,11124.625,0.99327004
1680000.0,1262690.8,417309.25,417309.25,24.839836
600000.0,1355268.6,-755268.6,755268.6,125.878105
1274000.0,1401751.4,-127751.375,127751.375,10.02758
550000.0,1181394.4,-631394.4,631394.4,114.79897
900000.0,1171929.2,-271929.25,271929.25,30.214361
800000.0,1238038.9,-438038.88,438038.88,54.75486
560000.0,1166244.4,-606244.4,606244.4,108.25793
1770000.0,1181736.4,588263.6,588263.6,33.235233
920000.0,1707795.1,-787795.1,787795.1,85.629906
1800000.0,1578818.4,221181.62,221181.62,12.287868
600000.0,1236184.9,-636184.9,636184.9,106.03081
500000.0,2034328.9,-1534328.9,1534328.9,306.86575
1600000.0,1352705.5,247294.5,247294.5,15.455906
900000.0,1282876.9,-382876.88,382876.88,42.541878
602501.0,1156612.1,-554111.1,554111.1,91.9685
1600000.0,1859541.5,-259541.5,259541.5,16.221344
800000.0,1434842.9,-634842.9,634842.9,79.35536
600000.0,1429474.9,-829474.9,829474.9,138.2458
1261400.0,1359407.1,-98007.125,98007.125,7.7697105
890000.0,1219955.4,-329955.38,329955.38,37.07364
1015000.0,1219250.0,-204250.0,204250.0,20.123152
688000.0,1492917.5,-804917.5,804917.5,116.99382
550000.0,1167980.9,-617980.9,617980.9,112.36015
700000.0,1269697.1,-569697.1,569697.1,81.3853
700000.0,1415216.4,-715216.4,715216.4,102.17377
1000000.0,1378766.8,-378766.75,378766.75,37.876675
620000.0,1727293.6,-1107293.6,1107293.6,178.59575
565000.0,1326186.1,-761186.1,761186.1,134.7232
650000.0,1293490.9,-643490.9,643490.9,98.9986
1440000.0,1327496.1,112503.875,112503.875,7.812769
1200000.0,1594163.6,-394163.62,394163.62,32.84697
890000.0,1125605.0,-235605.0,235605.0,26.472473
600000.0,1644750.2,-1044750.25,1044750.25,174.12505
500000.0,1497871.8,-997871.75,997871.75,199.57436
400000.0,1142249.4,-742249.4,742249.4,185.56235
800000.0,1251782.4,-451782.38,451782.38,56.472797
960000.0,1350513.2,-390513.25,390513.25,40.678463
1150000.0,1110762.0,39238.0,39238.0,3.4120002
500000.0,1294084.5,-794084.5,794084.5,158.8169
960000.0,1127705.5,-167705.5,167705.5,17.469322
1000000.0,1414514.9,-414514.88,414514.88,41.45149
950000.0,1171634.9,-221634.88,221634.88,23.329987
787000.0,1799130.5,-1012130.5,1012130.5,128.60617
1250000.0,1318865.6,-68865.625,68865.625,5.5092497
610000.0,1388060.8,-778060.75,778060.75,127.55095
991600.0,1396912.9,-405312.88,405312.88,40.874634
600000.0,1181394.4,-581394.4,581394.4,96.89906
2560000.0,1326051.4,1233948.6,1233948.6,48.20112
1200000.0,1310970.9,-110970.875,110970.875,9.247573
700000.0,1398092.9,-698092.9,698092.9,99.727554
550000.0,1348323.5,-798323.5,798323.5,145.14973
1233600.0,1631991.9,-398391.88,398391.88,32.29506
900000.0,1316866.5,-416866.5,416866.5,46.3185
1200000.0,1181394.4,18605.625,18605.625,1.5504687
650000.0,1261885.8,-611885.75,611885.75,94.13627
850000.0,1310334.0,-460334.0,460334.0,54.15694
500000.0,1353103.6,-853103.6,853103.6,170.62073
1200000.0,1130317.0,69683.0,69683.0,5.8069167
600000.0,1310114.9,-710114.9,710114.9,118.352486
950000.0,1362907.0,-412907.0,412907.0,43.463894
1560000.0,1263663.0,296337.0,296337.0,18.995962
810000.0,1288994.5,-478994.5,478994.5,59.13512
760000.0,1609568.9,-849568.9,849568.9,111.78538
1300000.0,1309424.1,-9424.125,9424.125,0.7249327
11000000.0,1559944.6,9440055.0,9440055.0,85.81869
500000.0,1131863.8,-631863.75,631863.75,126.37276
1420000.0,1351188.6,68811.375,68811.375,4.8458714
670000.0,1355234.9,-685234.9,685234.9,102.27386
500000.0,1512608.6,-1012608.6,1012608.6,202.52173
3700000.0,1795586.0,1904414.0,1904414.0,51.47065
900000.0,1483337.5,-583337.5,583337.5,64.81528
500000.0,1206230.9,-706230.9,706230.9,141.24617
1440000.0,1571377.6,-131377.62,131377.62,9.123446
960000.0,1456742.9,-496742.88,496742.88,51.74405
588500.0,1300534.5,-712034.5,712034.5,120.991425
1456000.0,1433067.5,22932.5,22932.5,1.5750343
1000000.0,1337494.2,-337494.25,337494.25,33.749424
680000.0,1218174.4,-538174.4,538174.4,79.143295
1459600.0,1320605.0,138995.0,138995.0,9.522815
700000.0,1312661.5,-612661.5,612661.5,87.52307
1100000.0,1142050.6,-42050.625,42050.625,3.8227842
704000.0,1181394.4,-477394.38,477394.38,67.81171
810000.0,1280186.2,-470186.25,470186.25,58.047688
550000.0,1348657.2,-798657.25,798657.25,145.2104
1200000.0,1759858.4,-559858.4,559858.4,46.654865
1460000.0,1282552.2,177447.75,177447.75,12.153955
800000.0,1154159.5,-354159.5,354159.5,44.269936
1000000.0,1401562.0,-401562.0,401562.0,40.1562
2140000.0,1268992.6,871007.4,871007.4,40.70128
950000.0,1116776.1,-166776.12,166776.12,17.555382
1020000.0,1336827.4,-316827.38,316827.38,31.061506
2600000.0,1389137.6,1210862.4,1210862.4,46.57163
660000.0,1181394.4,-521394.38,521394.38,78.99915
500000.0,1353317.6,-853317.6,853317.6,170.66353
1450000.0,1321353.5,128646.5,128646.5,8.872172
1250000.0,1433201.8,-183201.75,183201.75,14.65614
900000.0,1152795.4,-252795.38,252795.38,28.088375
700000.0,1707517.0,-1007517.0,1007517.0,143.931
2250000.0,1120344.8,1129655.2,1129655.2,50.2069
652000.0,1304517.1,-652517.1,652517.1,100.07931
500000.0,1181394.4,-681394.4,681394.4,136.27888
740000.0,1149111.2,-409111.25,409111.25,55.285305
700000.0,1329631.8,-629631.75,629631.75,89.94739
600000.0,1821635.2,-1221635.2,1221635.2,203.60587
1310000.0,1260905.1,49094.875,49094.875,3.7477005
3700000.0,1344334.6,2355665.5,2355665.5,63.666637
1200000.0,1462672.8,-262672.75,262672.75,21.889397
640000.0,1126657.0,-486657.0,486657.0,76.04015
890000.0,1117230.5,-227230.5,227230.5,25.531515
2437500.0,1335468.1,1102031.9,1102031.9,45.211567
750000.0,1181394.4,-431394.38,431394.38,57.519253
1300000.0,1452424.2,-152424.25,152424.25,11.724942
1032000.0,1483463.6,-451463.62,451463.62,43.746475
600000.0,1382489.9,-782489.9,782489.9,130.41498
750000.0,1337380.2,-587380.25,587380.25,78.31737
1130000.0,1400083.0,-270083.0,270083.0,23.901152
500000.0,1683545.1,-1183545.1,1183545.1,236.70901
724000.0,1407684.6,-683684.6,683684.6,94.43158
1350000.0,1489497.1,-139497.12,139497.12,10.33312
945000.0,1426156.5,-481156.5,481156.5,50.916035
700000.0,1785715.9,-1085715.9,1085715.9,155.10226
900000.0,1144190.6,-244190.62,244190.62,27.13229
2000000.0,1198932.4,801067.6,801067.6,40.053383
1150000.0,1311048.6,-161048.62,161048.62,14.004228
550000.0,1855266.4,-1305266.4,1305266.4,237.32117
9500000.0,1295298.8,8204701.0,8204701.0,86.36528
900000.0,1385979.9,-485979.88,485979.88,53.99776
1400000.0,1456777.0,-56777.0,56777.0,4.0555
720000.0,1548374.8,-828374.75,828374.75,115.05205
650000.0,1043921.4,-393921.38,393921.38,60.60329
750000.0,1575981.1,-825981.1,825981.1,110.13081
1250000.0,1157247.5,92752.5,92752.5,7.4202003
540000.0,1355426.0,-815426.0,815426.0,151.00482
5000000.0,1707892.4,3292107.5,3292107.5,65.84215
780500.0,1240010.0,-459510.0,459510.0,58.873795
750000.0,1160997.8,-410997.75,410997.75,54.799698
950000.0,1118972.0,-168972.0,168972.0,17.786526
1200000.0,1526860.9,-326860.88,326860.88,27.238407
540000.0,1405394.5,-865394.5,865394.5,160.25824
800000.0,1336295.0,-536295.0,536295.0,67.03687
2412000.0,1644602.9,767397.1,767397.1,31.8158
5980000.0,1146331.0,4833669.0,4833669.0,80.83059
700000.0,1927000.4,-1227000.4,1227000.4,175.28577
710000.0,1255786.1,-545786.1,545786.1,76.871284
550000.0,1775978.2,-1225978.2,1225978.2,222.90514
910000.0,1241767.1,-331767.12,331767.12,36.457928
1800000.0,1286303.2,513696.75,513696.75,28.538708
500000.0,1382857.2,-882857.25,882857.25,176.57146
850000.0,1314261.2,-464261.25,464261.25,54.618973
1100000.0,1434068.9,-334068.88,334068.88,30.369898
1300000.0,1343084.6,-43084.625,43084.625,3.3142018
550000.0,1328007.2,-778007.25,778007.25,141.45587
600000.0,1341052.9,-741052.9,741052.9,123.50881
1750000.0,1276760.1,473239.88,473239.88,27.042278
1000000.0,1562873.4,-562873.4,562873.4,56.28734
1015000.0,1175309.8,-160309.75,160309.75,15.7940645
1000000.0,1270669.0,-270669.0,270669.0,27.066902
800000.0,1120013.5,-320013.5,320013.5,40.001686
1678000.0,1267186.9,410813.12,410813.12,24.482307
1000000.0,1497252.1,-497252.12,497252.12,49.725212
800000.0,1195081.6,-395081.62,395081.62,49.3852
1200000.0,1278082.5,-78082.5,78082.5,6.506875
1000000.0,1148436.5,-148436.5,148436.5,14.84365
1300000.0,1286200.0,13800.0,13800.0,1.0615385
700000.0,1323041.2,-623041.25,623041.25,89.00589
2500000.0,1325166.2,1174833.8,1174833.8,46.99335
2000000.0,1385700.2,614299.75,614299.75,30.714989
1517500.0,1697924.8,-180424.75,180424.75,11.889605
1200000.0,1376425.2,-176425.25,176425.25,14.702104
1150000.0,1309007.1,-159007.12,159007.12,13.826707
1380000.0,1275424.1,104575.875,104575.875,7.577962
807200.0,1310613.8,-503413.75,503413.75,62.36543
1200000.0,1299715.6,-99715.625,99715.625,8.309635
1000000.0,1315758.5,-315758.5,315758.5,31.57585
1600000.0,1735560.8,-135560.75,135560.75,8.472547
900000.0,1322919.2,-422919.25,422919.25,46.991028
950000.0,1425382.2,-475382.25,475382.25,50.040237
800000.0,1406010.2,-606010.25,606010.25,75.75128
930000.0,1264417.6,-334417.62,334417.62,35.95888
600000.0,1140809.5,-540809.5,540809.5,90.13492
1379600.0,1269625.2,109974.75,109974.75,7.9714956
480000.0,1711971.9,-1231971.9,1231971.9,256.66083
825000.0,2118710.8,-1293710.8,1293710.8,156.81342
936000.0,1157782.6,-221782.62,221782.62,23.694725
2400000.0,1204793.9,1195206.1,1195206.1,49.800255
738000.0,1735410.1,-997410.1,997410.1,135.15042
2658000.0,1339155.0,1318845.0,1318845.0,49.617947
1202400.0,1383316.5,-180916.5,180916.5,15.046282
1650000.0,1181394.4,468605.62,468605.62,28.400341
2046800.0,1701022.5,345777.5,345777.5,16.893566
1280000.0,1477520.8,-197520.75,197520.75,15.431309
1500000.0,1308017.1,191982.88,191982.88,12.798858
2000000.0,1380608.5,619391.5,619391.5,30.969576
800000.0,1271571.1,-471571.12,471571.12,58.94639
2720000.0,1327895.6,1392104.4,1392104.4,51.18031
1300000.0,1187030.4,112969.625,112969.625,8.689971
2300000.0,1407620.4,892379.6,892379.6,38.799114
612000.0,1298485.6,-686485.6,686485.6,112.17085
900000.0,1511310.8,-611310.75,611310.75,67.923416
1192000.0,1264217.0,-72217.0,72217.0,6.058473
800000.0,1325795.6,-525795.6,525795.6,65.72445
880000.0,1244269.5,-364269.5,364269.5,41.39426
1015000.0,1609610.4,-594610.4,594610.4,58.582306
1550000.0,1323292.5,226707.5,226707.5,14.62629
700000.0,1292602.4,-592602.4,592602.4,84.657486
1342500.0,1273058.8,69441.25,69441.25,5.1725326
1123255.0,1340921.4,-217666.38,217666.38,19.37818
700000.0,1282944.1,-582944.1,582944.1,83.27773
580500.0,1651948.9,-1071448.9,1071448.9,184.57344
1507000.0,1329309.6,177690.38,177690.38,11.791
1020000.0,1256039.0,-236039.0,236039.0,23.141079
970000.0,1335713.1,-365713.12,365713.12,37.702385
700000.0,1304496.1,-604496.1,604496.1,86.35659
1200000.0,1335106.2,-135106.25,135106.25,11.258854
774000.0,1390165.5,-616165.5,616165.5,79.60795
500000.0,1181394.4,-681394.4,681394.4,136.27888
810000.0,1423178.9,-613178.9,613178.9,75.701096
800000.0,1270255.6,-470255.62,470255.62,58.78195
1300000.0,1453172.9,-153172.88,153172.88,11.782529
800000.0,1118546.4,-318546.38,318546.38,39.818295
1025000.0,1312979.1,-287979.12,287979.12,28.095526
450000.0,1316838.6,-866838.6,866838.6,192.6308
667521.0,1167606.4,-500085.38,500085.38,74.9168
665000.0,1726330.8,-1061330.8,1061330.8,159.59862
500000.0,1272174.2,-772174.25,772174.25,154.43484
780000.0,1341804.9,-561804.9,561804.9,72.02627
650000.0,1269818.5,-619818.5,619818.5,95.35669
612500.0,1681401.5,-1068901.5,1068901.5,174.51453
915000.0,1228643.5,-313643.5,313643.5,34.277977
925000.0,1150740.9,-225740.88,225740.88,24.404419
2152800.0,1222795.6,930004.4,930004.4,43.199757
600000.0,1092926.9,-492926.88,492926.88,82.15448
900000.0,1257788.0,-357788.0,357788.0,39.75422
10000000.0,1349076.1,8650924.0,8650924.0,86.50924
845000.0,1881021.6,-1036021.6,1036021.6,122.60611
850000.0,1294059.2,-444059.25,444059.25,52.242268
750000.0,1426127.6,-676127.6,676127.6,90.15035
1100000.0,1462680.5,-362680.5,362680.5,32.970955
800000.0,1559109.9,-759109.9,759109.9,94.88873
650000.0,1538256.4,-888256.4,888256.4,136.65483
1200000.0,1109914.4,90085.625,90085.625,7.507136
1050000.0,1268444.2,-218444.25,218444.25,20.804214
615000.0,1306816.2,-691816.25,691816.25,112.49045
1600000.0,1601995.9,-1995.875,1995.875,0.12474218
900000.0,1275828.8,-375828.75,375828.75,41.758747
1600000.0,1314235.0,285765.0,285765.0,17.860313
1220000.0,1301163.1,-81163.125,81163.125,6.652715
700000.0,1298671.1,-598671.1,598671.1,85.524445
848000.0,1316775.8,-468775.75,468775.75,55.28016
750000.0,1095484.8,-345484.75,345484.75,46.064632
2207250.0,1582135.6,625114.4,625114.4,28.32096
1500000.0,1153142.9,346857.12,346857.12,23.123808
680000.0,1503243.5,-823243.5,823243.5,121.06522
620000.0,1418618.0,-798618.0,798618.0,128.80936
750000.0,1388768.5,-638768.5,638768.5,85.16913
1000000.0,1647926.0,-647926.0,647926.0,64.792595
700000.0,1507381.6,-807381.6,807381.6,115.34023
700000.0,1181394.4,-481394.38,481394.38,68.77062
710000.0,1451620.2,-741620.25,741620.25,104.45355
850000.0,1314873.9,-464873.88,464873.88,54.691048
800000.0,1768602.8,-968602.75,968602.75,121.07535
550000.0,1616188.8,-1066188.8,1066188.8,193.8525
1000000.0,1434135.0,-434135.0,434135.0,43.413498
750000.0,1406473.1,-656473.1,656473.1,87.52975
935000.0,1277237.2,-342237.25,342237.25,36.602913
1452400.0,1296202.4,156197.62,156197.62,10.75445
950000.0,1233315.0,-283315.0,283315.0,29.822632
468000.0,1381516.0,-913516.0,913516.0,195.19572
1000000.0,1118972.0,-118972.0,118972.0,11.897201
4700000.0,1425646.4,3274353.5,3274353.5,69.66709
650000.0,1489258.5,-839258.5,839258.5,129.11668
1080000.0,1283046.0,-203046.0,203046.0,18.800554
1000000.0,1577047.2,-577047.25,577047.25,57.704723
1500000.0,1311500.2,188499.75,188499.75,12.56665
2160000.0,1322928.2,837071.75,837071.75,38.753323
950000.0,1229027.4,-279027.38,279027.38,29.371304
1650000.0,1112264.4,537735.6,537735.6,32.59004
1000000.0,1343437.0,-343437.0,343437.0,34.3437
2400000.0,1431748.2,968251.75,968251.75,40.343822
850000.0,1493987.9,-643987.9,643987.9,75.76328
1100000.0,1181394.4,-81394.375,81394.375,7.399489
900000.0,1682710.4,-782710.4,782710.4,86.96782
500000.0,1179690.5,-679690.5,679690.5,135.9381
1102000.0,1713116.5,-611116.5,611116.5,55.45522
624000.0,1395253.2,-771253.25,771253.25,123.598274
2330000.0,1433780.8,896219.25,896219.25,38.464348
853000.0,1580926.4,-727926.4,727926.4,85.33721
630000.0,1742414.9,-1112414.9,1112414.9,176.57379
900000.0,1260502.6,-360502.62,360502.62,40.055847
800000.0,1612707.9,-812707.9,812707.9,101.588486
1200000.0,1354865.9,-154865.88,154865.88,12.905489
700000.0,1232538.2,-532538.25,532538.25,76.0769
1078000.0,1411762.9,-333762.88,333762.88,30.961306
872500.0,1600221.6,-727721.6,727721.6,83.40649
1080000.0,1424171.4,-344171.38,344171.38,31.867718
1040000.0,1443586.9,-403586.88,403586.88,38.80643
1500000.0,1309322.1,190677.88,190677.88,12.711859
950000.0,1421999.8,-471999.75,471999.75,49.684185
1700000.0,1224846.2,475153.75,475153.75,27.950222
1480000.0,1304453.1,175546.88,175546.88,11.861275
1050000.0,1310385.6,-260385.62,260385.62,24.798632
10000000.0,1615448.5,8384551.5,8384551.5,83.84551
800000.0,1338202.8,-538202.75,538202.75,67.275345
8800000.0,1478601.2,7321399.0,7321399.0,83.197716
800000.0,1290939.4,-490939.38,490939.38,61.367424
700000.0,1308578.6,-608578.6,608578.6,86.939804
800000.0,1151517.9,-351517.88,351517.88,43.939735
1070000.0,1420435.8,-350435.75,350435.75,32.751007
1655000.0,1296602.2,358397.75,358397.75,21.655455
850000.0,1219902.8,-369902.75,369902.75,43.51797
640000.0,1600072.8,-960072.75,960072.75,150.01137
1400000.0,1318921.8,81078.25,81078.25,5.7913036
600000.0,1181394.4,-581394.4,581394.4,96.89906
700000.0,1224893.0,-524893.0,524893.0,74.98471
1280000.0,1436661.9,-156661.88,156661.88,12.239209
1800000.0,1557901.2,242098.75,242098.75,13.449931
740000.0,1348233.2,-608233.25,608233.25,82.19369
1190000.0,1425464.1,-235464.12,235464.12,19.786901
743500.0,1234490.9,-490990.88,490990.88,66.03778
775650.0,1158824.9,-383174.88,383174.88,49.400486
950000.0,1246082.5,-296082.5,296082.5,31.16658
700000.0,1156294.9,-456294.88,456294.88,65.18498
1800000.0,1114981.5,685018.5,685018.5,38.056583
1050000.0,1452331.4,-402331.38,402331.38,38.317276
1000000.0,1243404.5,-243404.5,243404.5,24.340448
1050000.0,1283910.4,-233910.38,233910.38,22.277178
970000.0,1528150.0,-558150.0,558150.0,57.54124
1800000.0,1344370.2,455629.75,455629.75,25.312763
800000.0,1155611.1,-355611.12,355611.12,44.451393
600000.0,1168175.2,-568175.25,568175.25,94.69587
950000.0,1294415.2,-344415.25,344415.25,36.254234
700000.0,1210237.0,-510237.0,510237.0,72.89101
675000.0,1381800.9,-706800.9,706800.9,104.71124
2580000.0,1368741.6,1211258.4,1211258.4,46.947998
1472150.0,1835280.2,-363130.25,363130.25,24.66666
1000000.0,1354341.8,-354341.75,354341.75,35.434174
1630000.0,1910446.1,-280446.12,280446.12,17.205282
1800000.0,1307226.5,492773.5,492773.5,27.376307
650000.0,1583848.1,-933848.1,933848.1,143.66895
800000.0,1146307.5,-346307.5,346307.5,43.288437
940000.0,1118763.9,-178763.88,178763.88,19.017433
950000.0,1193787.2,-243787.25,243787.25,25.661818
600000.0,1181394.4,-581394.4,581394.4,96.89906
800000.0,1181394.4,-381394.38,381394.38,47.674297
600000.0,1181394.4,-581394.4,581394.4,96.89906
800000.0,1398919.5,-598919.5,598919.5,74.86494
890000.0,1139732.9,-249732.88,249732.88,28.059874
1400000.0,1265223.1,134776.88,134776.88,9.62692
950000.0,1116727.1,-166727.12,166727.12,17.550224
896000.0,1289840.4,-393840.38,393840.38,43.9554
500000.0,1262588.5,-762588.5,762588.5,152.5177
750000.0,1142687.6,-392687.62,392687.62,52.35835
700000.0,1822449.0,-1122449.0,1122449.0,160.34985
1198562.0,1425495.2,-226933.25,226933.25,18.933794
750000.0,1419270.4,-669270.4,669270.4,89.23605
540000.0,1590005.4,-1050005.4,1050005.4,194.44545
567521.0,1167362.9,-599841.9,599841.9,105.69509
1000000.0,1281573.8,-281573.75,281573.75,28.157373
1365800.0,1338158.5,27641.5,27641.5,2.023832
1061600.0,1167760.5,-106160.5,106160.5,10.000047
1000000.0,1380104.0,-380104.0,380104.0,38.0104
1800000.0,1280044.6,519955.38,519955.38,28.88641
1450000.0,1142216.0,307784.0,307784.0,21.226482
700000.0,1201877.9,-501877.88,501877.88,71.69684
952000.0,1189040.8,-237040.75,237040.75,24.899239
1440000.0,1390165.5,49834.5,49834.5,3.4607291
500000.0,1924120.1,-1424120.1,1424120.1,284.824
1720000.0,1279048.2,440951.75,440951.75,25.63673
600000.0,1076115.1,-476115.12,476115.12,79.35252
530000.0,1248561.8,-718561.75,718561.75,135.5777
1550000.0,1318473.0,231527.0,231527.0,14.937226
900000.0,1312981.4,-412981.38,412981.38,45.88682
980000.0,1163218.5,-183218.5,183218.5,18.695766
588000.0,1478102.0,-890102.0,890102.0,151.3779
750000.0,1256943.9,-506943.88,506943.88,67.59252
1170000.0,1528729.2,-358729.25,358729.25,30.66062
678138.0,1269078.0,-590940.0,590940.0,87.141556
1701000.0,1349440.1,351559.88,351559.88,20.667835
550000.0,1461304.1,-911304.1,911304.1,165.69167
1000000.0,1309554.2,-309554.25,309554.25,30.955425
1085000.0,1181014.1,-96014.125,96014.125,8.849228
990000.0,1271422.1,-281422.12,281422.12,28.426477
1050000.0,1160035.1,-110035.125,110035.125,10.479536
650000.0,1206088.2,-556088.25,556088.25,85.55204
1720000.0,1161266.1,558733.9,558733.9,32.484528
1000000.0,1253827.5,-253827.5,253827.5,25.382751
918000.0,1344803.1,-426803.12,426803.12,46.492714
859000.0,1153852.5,-294852.5,294852.5,34.32509
840000.0,1314597.8,-474597.75,474597.75,56.499733
1505000.0,1126358.9,378641.12,378641.12,25.158878
1200000.0,1297887.1,-97887.125,97887.125,8.157261
2300000.0,1316341.0,983659.0,983659.0,42.767784
840000.0,1141086.2,-301086.25,301086.25,35.8436
900000.0,1114782.6,-214782.62,214782.62,23.864737
1000000.0,1345577.4,-345577.38,345577.38,34.55774
735000.0,1257892.2,-522892.25,522892.25,71.1418
750000.0,1568423.9,-818423.9,818423.9,109.123184
4536000.0,1151223.6,3384776.5,3384776.5,74.62029
910000.0,1429537.4,-519537.38,519537.38,57.09202
1000000.0,1493291.1,-493291.12,493291.12,49.329113
87833.0,1162261.1,-1074428.1,1074428.1,1223.2625
650000.0,1415216.4,-765216.4,765216.4,117.7256
600000.0,1249163.8,-649163.75,649163.75,108.193954
950000.0,1524738.0,-574738.0,574738.0,60.498737
1600000.0,1601142.2,-1142.25,1142.25,0.07139063
2060000.0,1356767.1,703232.9,703232.9,34.137516
1600000.0,1774931.2,-174931.25,174931.25,10.933204
1000000.0,1326155.9,-326155.88,326155.88,32.615585
500000.0,1378299.8,-878299.75,878299.75,175.65996
864000.0,1404640.4,-540640.4,540640.4,62.57412
1000000.0,1269818.5,-269818.5,269818.5,26.981852
500000.0,1331290.8,-831290.75,831290.75,166.25815
927500.0,1304838.6,-377338.62,377338.62,40.68341
920000.0,1751496.4,-831496.4,831496.4,90.38004
700000.0,1257042.2,-557042.25,557042.25,79.57746
580000.0,1463224.5,-883224.5,883224.5,152.28008
1300000.0,1354202.8,-54202.75,54202.75,4.169442
1300000.0,1309066.2,-9066.25,9066.25,0.69740385
1181000.0,1310579.0,-129579.0,129579.0,10.971973
600000.0,1131791.6,-531791.6,531791.6,88.63194
2600000.0,1261827.4,1338172.6,1338172.6,51.468174
630000.0,1664558.5,-1034558.5,1034558.5,164.21564
1680000.0,1527835.6,152164.38,152164.38,9.057404
800000.0,1224861.6,-424861.62,424861.62,53.107704
600000.0,1347534.0,-747534.0,747534.0,124.589005
850000.0,1346696.0,-496696.0,496696.0,58.434826
1650000.0,1387065.1,262934.88,262934.88,15.935447
1100000.0,1559157.8,-459157.75,459157.75,41.74161
900000.0,1156955.8,-256955.75,256955.75,28.55064
900000.0,1338611.8,-438611.75,438611.75,48.73464
1160000.0,1374281.8,-214281.75,214281.75,18.472565
1500000.0,1305986.5,194013.5,194013.5,12.934234
1200000.0,1250348.2,-50348.25,50348.25,4.195688
1780000.0,1287641.0,492359.0,492359.0,27.660618
1764000.0,1355042.8,408957.25,408957.25,23.183517
550000.0,1283435.8,-733435.75,733435.75,133.35196
1500000.0,1238261.8,261738.25,261738.25,17.449217
850000.0,1637180.0,-787180.0,787180.0,92.60941
550000.0,1828604.2,-1278604.2,1278604.2,232.4735
1300000.0,1201652.6,98347.375,98347.375,7.5651827
1675000.0,1185403.1,489596.88,489596.88,29.229664
750000.0,1114527.1,-364527.12,364527.12,48.60362
800000.0,1314871.0,-514871.0,514871.0,64.35887
756000.0,1154400.9,-398400.88,398400.88,52.69853
850000.0,1392449.1,-542449.1,542449.1,63.817543
850000.0,1324559.8,-474559.75,474559.75,55.830555
1022500.0,1728522.6,-706022.6,706022.6,69.04867
1200000.0,1367242.8,-167242.75,167242.75,13.936895
500000.0,1881598.1,-1381598.1,1381598.1,276.3196
1200000.0,1300942.4,-100942.375,100942.375,8.411865
1030000.0,1776384.5,-746384.5,746384.5,72.464516
688000.0,1393660.1,-705660.1,705660.1,102.56687
1400000.0,1191029.9,208970.12,208970.12,14.926438
612000.0,1355234.9,-743234.9,743234.9,121.4436
1550000.0,1672666.5,-122666.5,122666.5,7.913968
500000.0,1217047.1,-717047.1,717047.1,143.40942
650000.0,1263027.4,-613027.4,613027.4,94.311905
900000.0,1167452.8,-267452.75,267452.75,29.716972
950000.0,1304722.4,-354722.38,354722.38,37.3392
576000.0,1393754.1,-817754.1,817754.1,141.9712
1348000.0,1356417.5,-8417.5,8417.5,0.62444365
1280000.0,1340201.6,-60201.625,60201.625,4.703252
1100000.0,1326318.6,-226318.62,226318.62,20.57442
1000000.0,1599139.0,-599139.0,599139.0,59.9139
700000.0,1239001.4,-539001.4,539001.4,77.0002
600000.0,1297189.1,-697189.1,697189.1,116.19818
1400000.0,1268140.5,131859.5,131859.5,9.418536
800000.0,1470606.8,-670606.75,670606.75,83.82584
594000.0,1241641.2,-647641.25,647641.25,109.03051
924400.0,1256904.2,-332504.25,332504.25,35.969738
1150000.0,1437062.1,-287062.12,287062.12,24.961926
1164000.0,1713041.1,-549041.1,549041.1,47.16848
1300000.0,1499772.8,-199772.75,199772.75,15.367134
2000000.0,1153568.9,846431.1,846431.1,42.321556
900000.0,1416059.0,-516059.0,516059.0,57.33989
720000.0,1241022.2,-521022.25,521022.25,72.3642
580000.0,1488509.0,-908509.0,908509.0,156.63948
1200000.0,1175651.9,24348.125,24348.125,2.0290105
950000.0,1261379.8,-311379.75,311379.75,32.776814
1000000.0,1274990.4,-274990.38,274990.38,27.499039
1050000.0,1654628.9,-604628.9,604628.9,57.583702
1000000.0,1621118.6,-621118.6,621118.6,62.111862
1000000.0,1475616.0,-475616.0,475616.0,47.5616
2437500.0,1294493.8,1143006.2,1143006.2,46.892567
864000.0,1366856.4,-502856.38,502856.38,58.200966
2160000.0,1312396.9,847603.1,847603.1,39.240883
843601.0,1157008.4,-313407.38,313407.38,37.15114
1440000.0,1311092.2,128907.75,128907.75,8.951927
1095000.0,1689429.2,-594429.25,594429.25,54.285778
800000.0,1315376.9,-515376.88,515376.88,64.422104
1321000.0,1727401.2,-406401.25,406401.25,30.764666
650000.0,1181394.4,-531394.4,531394.4,81.75298
856000.0,1513683.2,-657683.25,657683.25,76.83216
600000.0,1239450.6,-639450.6,639450.6,106.5751
950000.0,1323062.4,-373062.38,373062.38,39.269726
770000.0,1275344.8,-505344.75,505344.75,65.62919
368000.0,1167581.8,-799581.75,799581.75,217.27765
910000.0,1278478.6,-368478.62,368478.62,40.492157
800000.0,1495802.5,-695802.5,695802.5,86.97531
450000.0,1500725.9,-1050725.9,1050725.9,233.49464
1460000.0,1153721.1,306278.88,306278.88,20.978004
970000.0,1632048.0,-662048.0,662048.0,68.25237
825000.0,2080828.0,-1255828.0,1255828.0,152.22157
750000.0,1299460.9,-549460.9,549460.9,73.26145
900000.0,1124985.1,-224985.12,224985.12,24.998348
844000.0,1280076.9,-436076.88,436076.88,51.667873
1300000.0,1311167.1,-11167.125,11167.125,0.8590097
1800000.0,2097431.2,-297431.25,297431.25,16.523958
1180000.0,1108747.6,71252.375,71252.375,6.0383368
7000000.0,1456543.8,5543456.0,5543456.0,79.19223
540000.0,1401976.2,-861976.25,861976.25,159.62523
910000.0,1278869.9,-368869.88,368869.88,40.535152
706000.0,1181394.4,-475394.38,475394.38,67.33631
800000.0,1277458.5,-477458.5,477458.5,59.68231
700000.0,1198933.2,-498933.25,498933.25,71.27618
1500000.0,1280037.0,219963.0,219963.0,14.6642
800000.0,1266228.8,-466228.75,466228.75,58.278595
1485000.0,1382775.4,102224.625,102224.625,6.8838134
1500000.0,1344445.2,155554.75,155554.75,10.3703165
780000.0,1125744.4,-345744.38,345744.38,44.326202
1050000.0,1181394.4,-131394.38,131394.38,12.513749
1050000.0,1323307.5,-273307.5,273307.5,26.029285
500000.0,1565466.5,-1065466.5,1065466.5,213.0933
800000.0,1242245.5,-442245.5,442245.5,55.280685
1200000.0,1581998.6,-381998.62,381998.62,31.83322
700000.0,1356168.9,-656168.9,656168.9,93.73841
1584000.0,1356840.5,227159.5,227159.5,14.340878
1580000.0,1573923.9,6076.125,6076.125,0.38456488
1700000.0,1772833.1,-72833.125,72833.125,4.2843013
1285600.0,1268899.6,16700.375,16700.375,1.2990335
945000.0,1487068.6,-542068.6,542068.6,57.36176
1000000.0,1237536.8,-237536.75,237536.75,23.753674
500000.0,1182621.8,-682621.75,682621.75,136.52435
1880000.0,1181394.4,698605.6,698605.6,37.159874
1100000.0,1608797.4,-508797.38,508797.38,46.254307
700000.0,1239655.5,-539655.5,539655.5,77.09364
817000.0,1639525.5,-822525.5,822525.5,100.67631
1796548.0,1268057.0,528491.0,528491.0,29.417027
1500000.0,1123332.5,376667.5,376667.5,25.111166
1150000.0,1717936.8,-567936.75,567936.75,49.385803
750000.0,1399389.5,-649389.5,649389.5,86.585266
1600000.0,1181394.4,418605.62,418605.62,26.162851
580000.0,1217038.5,-637038.5,637038.5,109.83423
1580000.0,1152722.5,427277.5,427277.5,27.042881
609650.0,1140719.4,-531069.4,531069.4,87.110535
1099000.0,1375930.5,-276930.5,276930.5,25.198408
1000000.0,1340981.5,-340981.5,340981.5,34.098152
1000000.0,1183849.0,-183849.0,183849.0,18.384901
610000.0,1319701.8,-709701.75,709701.75,116.34454
1000000.0,1309265.0,-309265.0,309265.0,30.926498
800000.0,1391850.2,-591850.25,591850.25,73.98128
650000.0,1377528.5,-727528.5,727528.5,111.92746
650000.0,1277532.9,-627532.9,627532.9,96.54352
900000.0,1334287.8,-434287.75,434287.75,48.254196
772500.0,1523698.0,-751198.0,751198.0,97.242455
756000.0,1450224.0,-694224.0,694224.0,91.828575
1073600.0,1295379.9,-221779.88,221779.88,20.657589
750000.0,1239489.1,-489489.12,489489.12,65.26521
1000000.0,1429205.4,-429205.38,429205.38,42.92054
1000000.0,1181319.2,-181319.25,181319.25,18.131926
800000.0,1181394.4,-381394.38,381394.38,47.674297
2856000.0,1384904.4,1471095.6,1471095.6,51.50895
653400.0,1459017.5,-805617.5,805617.5,123.29623
1160000.0,1516840.1,-356840.12,356840.12,30.76208
750000.0,1304388.2,-554388.25,554388.25,73.918434
1100000.0,1385560.1,-285560.12,285560.12,25.96001
1000000.0,1591068.5,-591068.5,591068.5,59.10685
1600000.0,1472177.4,127822.625,127822.625,7.988914
2800000.0,1230991.1,1569008.9,1569008.9,56.03603
900000.0,1138016.6,-238016.62,238016.62,26.446291
800000.0,1419228.4,-619228.4,619228.4,77.40355
6300000.0,1678097.5,4621902.5,4621902.5,73.36353
700000.0,1185479.5,-485479.5,485479.5,69.35421
2000000.0,1625543.9,374456.12,374456.12,18.722807
700000.0,1559193.4,-859193.4,859193.4,122.74191
1200000.0,1543046.8,-343046.75,343046.75,28.587229
1500000.0,1354532.1,145467.88,145467.88,9.697858
770000.0,1368792.5,-598792.5,598792.5,77.76526
864000.0,1478890.4,-614890.4,614890.4,71.16787
1160000.0,1414876.2,-254876.25,254876.25,21.97209
750000.0,1695483.1,-945483.1,945483.1,126.06442
900000.0,1157668.9,-257668.88,257668.88,28.629875
2000000.0,1120969.6,879030.4,879030.4,43.95152
560000.0,1264941.6,-704941.6,704941.6,125.88243
900000.0,1296018.4,-396018.38,396018.38,44.00204
780000.0,1376213.0,-596213.0,596213.0,76.43756
2250000.0,1147726.8,1102273.2,1102273.2,48.98992
1360000.0,1496131.5,-136131.5,136131.5,10.009668
1000000.0,1239865.9,-239865.88,239865.88,23.986588
2000000.0,1627018.0,372982.0,372982.0,18.6491
2920000.0,1328438.0,1591562.0,1591562.0,54.50555
775000.0,1261718.0,-486718.0,486718.0,62.802322
900000.0,1237630.6,-337630.62,337630.62,37.514515
1000000.0,1269818.5,-269818.5,269818.5,26.981852
700000.0,1336136.2,-636136.25,636136.25,90.87661
949500.0,1401258.9,-451758.88,451758.88,47.578606
650000.0,1329437.6,-679437.6,679437.6,104.52887
590000.0,1383721.4,-793721.4,793721.4,134.52904
1050000.0,1432511.9,-382511.88,382511.88,36.429703
800000.0,1305264.6,-505264.62,505264.62,63.158077
1600000.0,1556798.5,43201.5,43201.5,2.7000937
1800000.0,1390262.1,409737.88,409737.88,22.763214
788000.0,1323628.6,-535628.6,535628.6,67.973175
580500.0,1856125.2,-1275625.2,1275625.2,219.74594
600000.0,1242645.8,-642645.75,642645.75,107.10763
650000.0,1658128.9,-1008128.9,1008128.9,155.09674
1352000.0,1728329.0,-376329.0,376329.0,27.834984
1200000.0,1359844.4,-159844.38,159844.38,13.320364
1800000.0,1311763.8,488236.25,488236.25,27.124235
801653.0,1961688.5,-1160035.5,1160035.5,144.70544
720000.0,1392467.9,-672467.9,672467.9,93.398315
1600000.0,1354421.6,245578.38,245578.38,15.348649
875000.0,1372544.6,-497544.62,497544.62,56.86224
1200000.0,1325595.6,-125595.625,125595.625,10.466302
1500000.0,1438980.4,61019.625,61019.625,4.067975
900000.0,1426078.9,-526078.9,526078.9,58.45321
800000.0,1220428.0,-420428.0,420428.0,52.553497
2000000.0,1416566.5,583433.5,583433.5,29.171675
500000.0,1741197.5,-1241197.5,1241197.5,248.23949
1050000.0,1437941.8,-387941.75,387941.75,36.946835
1050000.0,1277636.9,-227636.88,227636.88,21.679703
2200000.0,1312254.6,887745.4,887745.4,40.352062
600000.0,1421116.6,-821116.6,821116.6,136.85277
1000000.0,1342870.4,-342870.38,342870.38,34.287037
600000.0,1350886.4,-750886.4,750886.4,125.14772
770000.0,1338416.5,-568416.5,568416.5,73.82032
700000.0,1432508.1,-732508.1,732508.1,104.64401
756000.0,1347451.6,-591451.6,591451.6,78.234344
1480000.0,1370646.2,109353.75,109353.75,7.388767
500000.0,1551812.2,-1051812.2,1051812.2,210.36246
1200000.0,1232064.2,-32064.25,32064.25,2.672021
730000.0,1250216.8,-520216.75,520216.75,71.262566
1500000.0,1833408.4,-333408.38,333408.38,22.227224
1600000.0,1631755.6,-31755.625,31755.625,1.9847267
600000.0,1189867.4,-589867.4,589867.4,98.311226
670000.0,1181394.4,-511394.38,511394.38,76.32752
1032000.0,1711971.9,-679971.9,679971.9,65.88875
670000.0,1355234.9,-685234.9,685234.9,102.27386
1200000.0,1304649.5,-104649.5,104649.5,8.720791
1245000.0,1545506.5,-300506.5,300506.5,24.137068
800000.0,1138018.2,-338018.25,338018.25,42.25228
1099560.0,1399564.8,-300004.75,300004.75,27.284073
2400000.0,1291989.5,1108010.5,1108010.5,46.167107
350000.0,1181394.4,-831394.4,831394.4,237.54124
2660000.0,1235240.6,1424759.4,1424759.4,53.562386
800000.0,1313762.6,-513762.62,513762.62,64.22033
1120000.0,1132788.4,-12788.375,12788.375,1.1418191
800000.0,1376297.2,-576297.25,576297.25,72.037155
3000000.0,1776779.9,1223220.1,1223220.1,40.774006
700000.0,1170138.1,-470138.12,470138.12,67.16259
400000.0,1267193.6,-867193.6,867193.6,216.7984
793000.0,1310869.6,-517869.62,517869.62,65.30512
910000.0,1278478.6,-368478.62,368478.62,40.492157
520000.0,1269388.6,-749388.6,749388.6,144.11319
1000000.0,1263451.5,-263451.5,263451.5,26.345148
710000.0,1278443.4,-568443.4,568443.4,80.06245
955000.0,1328834.6,-373834.62,373834.62,39.144985
700000.0,1736033.6,-1036033.6,1036033.6,148.0048
600000.0,1302688.9,-702688.9,702688.9,117.114815
1000000.0,1289577.5,-289577.5,289577.5,28.957752
1012500.0,1580172.6,-567672.6,567672.6,56.06643
500000.0,1181394.4,-681394.4,681394.4,136.27888
1400000.0,1619911.6,-219911.62,219911.62,15.707973
1250000.0,1340211.1,-90211.125,90211.125,7.2168903
1700000.0,1219733.6,480266.38,480266.38,28.250963
500000.0,1360776.8,-860776.75,860776.75,172.15535
588500.0,1199046.0,-610546.0,610546.0,103.74614
950000.0,1421999.8,-471999.75,471999.75,49.684185
865000.0,1259458.6,-394458.62,394458.62,45.60215
700002.0,1309099.9,-609097.9,609097.9,87.01373
970000.0,1349867.0,-379867.0,379867.0,39.161545
540000.0,1361684.6,-821684.6,821684.6,152.16382
2000000.0,1240620.6,759379.4,759379.4,37.96897
1400000.0,1210328.0,189672.0,189672.0,13.548
600000.0,1475577.6,-875577.6,875577.6,145.9296
700000.0,1123388.2,-423388.25,423388.25,60.484035
814008.0,1304560.2,-490552.25,490552.25,60.263813
800000.0,1585113.6,-785113.6,785113.6,98.139206
800000.0,1374741.1,-574741.1,574741.1,71.84264
1336000.0,1207764.5,128235.5,128235.5,9.598465
2320000.0,1205087.8,1114912.2,1114912.2,48.056564
1120000.0,1549162.5,-429162.5,429162.5,38.31808
702000.0,1291769.9,-589769.9,589769.9,84.0128
588000.0,1470902.5,-882902.5,882902.5,150.15349
655000.0,1279745.2,-624745.25,624745.25,95.38096
769000.0,1572766.2,-803766.25,803766.25,104.520966
550000.0,1553923.5,-1003923.5,1003923.5,182.53156
789500.0,1394332.2,-604832.25,604832.25,76.609535
1200000.0,1296950.0,-96950.0,96950.0,8.079166
700000.0,1306279.1,-606279.1,606279.1,86.6113
765000.0,1448607.2,-683607.25,683607.25,89.36042
1160000.0,1307427.9,-147427.88,147427.88,12.7093
850000.0,1308669.8,-458669.75,458669.75,53.961147
1600000.0,1384880.0,215120.0,215120.0,13.445001
1000000.0,1266924.5,-266924.5,266924.5,26.69245
1090000.0,1407684.6,-317684.62,317684.62,29.145378
500000.0,1521318.8,-1021318.75,1021318.75,204.26376
1079126.0,1126882.0,-47756.0,47756.0,4.425433
770000.0,1308297.0,-538297.0,538297.0,69.9087
650000.0,1311490.2,-661490.25,661490.25,101.76773
650000.0,1280170.5,-630170.5,630170.5,96.94931
1150000.0,1303166.4,-153166.38,153166.38,13.318816
1370000.0,1318877.6,51122.375,51122.375,3.7315602
720000.0,1323064.1,-603064.1,603064.1,83.75891
800000.0,1181394.4,-381394.38,381394.38,47.674297
800000.0,1181394.4,-381394.38,381394.38,47.674297
553800.0,1158334.1,-604534.1,604534.1,109.16109
850000.0,1495998.1,-645998.1,645998.1,75.99978
650000.0,1264161.5,-614161.5,614161.5,94.48639
18750000.0,1787328.4,16962672.0,16962672.0,90.46758
1352800.0,1321034.6,31765.375,31765.375,2.3481205
1800000.0,1571013.9,228986.12,228986.12,12.721452
810000.0,1473822.8,-663822.75,663822.75,81.95342
540000.0,1378353.9,-838353.9,838353.9,155.25072
800000.0,1439361.5,-639361.5,639361.5,79.92018
660000.0,1212217.8,-552217.75,552217.75,83.66936
709000.0,1687970.0,-978970.0,978970.0,138.07758
900000.0,1465844.6,-565844.6,565844.6,62.871624
1470000.0,1359187.0,110813.0,110813.0,7.538299
593000.0,1291160.6,-698160.6,698160.6,117.73367
810000.0,1389268.4,-579268.4,579268.4,71.51461
1000000.0,1386399.9,-386399.88,386399.88,38.639988
2330000.0,1574567.1,755432.9,755432.9,32.422012
600000.0,1251652.8,-651652.75,651652.75,108.608795
768000.0,1360003.0,-592003.0,592003.0,77.083725
714000.0,1424203.8,-710203.75,710203.75,99.468315
640000.0,1793502.2,-1153502.2,1153502.2,180.23473
1490600.0,1100292.8,390307.25,390307.25,26.184574
540000.0,1173288.1,-633288.1,633288.1,117.27558
1704000.0,1132836.5,571163.5,571163.5,33.518986
600000.0,1262371.6,-662371.6,662371.6,110.39528
1160000.0,1516719.4,-356719.38,356719.38,30.751669
1350000.0,1253208.4,96791.625,96791.625,7.16975
800000.0,1209011.8,-409011.75,409011.75,51.12647
6600000.0,1409887.9,5190112.0,5190112.0,78.63806
800000.0,1251251.5,-451251.5,451251.5,56.406437
1050000.0,1319487.4,-269487.38,269487.38,25.665464
1800000.0,1111960.1,688039.9,688039.9,38.224438
700000.0,1450014.4,-750014.4,750014.4,107.14491
800000.0,1400663.0,-600663.0,600663.0,75.08287
1690300.0,1326532.4,363767.62,363767.62,21.520891
2625000.0,1299549.1,1325450.9,1325450.9,50.493366
1100000.0,1117480.6,-17480.625,17480.625,1.5891478
1262500.0,1340237.4,-77737.375,77737.375,6.157416
700000.0,1170791.8,-470791.75,470791.75,67.25596
862801.0,1184703.1,-321902.12,321902.12,37.308964
850000.0,1621174.8,-771174.75,771174.75,90.72644
1570000.0,1167890.8,402109.25,402109.25,25.612053
1800000.0,1640616.6,159383.38,159383.38,8.854632
1000000.0,1435815.6,-435815.62,435815.62,43.581562
750000.0,1248467.0,-498467.0,498467.0,66.462265
1080000.0,1215920.6,-135920.62,135920.62,12.585243
1000000.0,1305265.9,-305265.88,305265.88,30.526587
750000.0,1221281.8,-471281.75,471281.75,62.837566
950000.0,1258997.0,-308997.0,308997.0,32.526
6706000.0,1483873.0,5222127.0,5222127.0,77.87245
800000.0,1322230.5,-522230.5,522230.5,65.27881
1000000.0,1220001.5,-220001.5,220001.5,22.00015
1298000.0,1358226.8,-60226.75,60226.75,4.639965
1200000.0,1483924.5,-283924.5,283924.5,23.660376
642500.0,1181394.4,-538894.4,538894.4,83.87461
2400000.0,1439451.9,960548.1,960548.1,40.02284
1481000.0,1270519.8,210480.25,210480.25,14.212036
500000.0,1610503.4,-1110503.4,1110503.4,222.10066
800000.0,1282816.4,-482816.38,482816.38,60.352047
1200000.0,1827771.4,-627771.4,627771.4,52.31428
500000.0,1211701.6,-711701.6,711701.6,142.34033
1100000.0,1358996.0,-258996.0,258996.0,23.545092
694400.0,1395097.9,-700697.9,700697.9,100.90696
1260000.0,1351255.5,-91255.5,91255.5,7.2425
1200000.0,1118421.6,81578.375,81578.375,6.798198
1690000.0,1354202.8,335797.25,335797.25,19.86966
2400000.0,1607375.5,792624.5,792624.5,33.02602
500000.0,1338781.4,-838781.4,838781.4,167.75627
800000.0,1320898.2,-520898.25,520898.25,65.11228
500000.0,1382632.5,-882632.5,882632.5,176.5265
1500000.0,1373373.8,126626.25,126626.25,8.44175
990000.0,1107703.4,-117703.375,117703.375,11.88923
1080000.0,1302777.0,-222777.0,222777.0,20.6275
1160000.0,1448148.1,-288148.12,288148.12,24.840355
700000.0,1220153.6,-520153.62,520153.62,74.30766
840000.0,1327298.8,-487298.75,487298.75,58.011757
810000.0,1279272.2,-469272.25,469272.25,57.934845
1371000.0,1142909.9,228090.12,228090.12,16.63677
1000000.0,1428805.1,-428805.12,428805.12,42.880512
2400000.0,1319498.6,1080501.4,1080501.4,45.02089
1600000.0,1320107.1,279892.88,279892.88,17.493305
1800000.0,1326612.1,473387.88,473387.88,26.299328
925000.0,1123224.6,-198224.62,198224.62,21.42969
1000000.0,1589610.1,-589610.1,589610.1,58.96101
1170000.0,1391568.0,-221568.0,221568.0,18.937435
1680000.0,1333347.4,346652.62,346652.62,20.634085
990000.0,1142474.2,-152474.25,152474.25,15.40144
1400000.0,1333653.5,66346.5,66346.5,4.7390356
1800000.0,1398595.6,401404.38,401404.38,22.300243
2110000.0,1116994.4,993005.6,993005.6,47.06188
1250000.0,1250644.0,-644.0,644.0,0.05152
471000.0,1134407.5,-663407.5,663407.5,140.85086
750000.0,1352156.4,-602156.4,602156.4,80.28751
800000.0,1221089.0,-421089.0,421089.0,52.636124
800000.0,1232407.0,-432407.0,432407.0,54.050873
2300000.0,1170684.2,1129315.8,1129315.8,49.100685
600000.0,1305569.8,-705569.75,705569.75,117.594955
680000.0,1232121.4,-552121.4,552121.4,81.19432
980000.0,1259622.9,-279622.88,279622.88,28.532946
980000.0,1173265.6,-193265.62,193265.62,19.720982
900000.0,1309538.8,-409538.75,409538.75,45.504303
1440000.0,1386280.1,53719.875,53719.875,3.730547
800000.0,1134175.4,-334175.38,334175.38,41.771923
1160000.0,1414726.9,-254726.88,254726.88,21.959213
700000.0,1146331.0,-446331.0,446331.0,63.761574
1050000.0,1425012.5,-375012.5,375012.5,35.715477
1590000.0,1253254.9,336745.12,336745.12,21.178938
1000000.0,1406099.8,-406099.75,406099.75,40.609974
1040000.0,1308503.0,-268503.0,268503.0,25.817596
1200000.0,1372740.5,-172740.5,172740.5,14.395041
2100000.0,1309396.5,790603.5,790603.5,37.647785
700000.0,1615300.0,-915300.0,915300.0,130.75714
1218000.0,1162215.5,55784.5,55784.5,4.580008
1800000.0,1193804.0,606196.0,606196.0,33.677555
900000.0,1218729.9,-318729.88,318729.88,35.41443
1125000.0,1279355.0,-154355.0,154355.0,13.720444
1625000.0,1329368.6,295631.38,295631.38,18.1927
1600000.0,1302623.4,297376.62,297376.62,18.58604
1160000.0,1416783.1,-256783.12,256783.12,22.136477
1050000.0,1204966.5,-154966.5,154966.5,14.758714
1440000.0,1295603.8,144396.25,144396.25,10.027517
1200000.0,1398259.6,-198259.62,198259.62,16.521635
1495000.0,1181394.4,313605.62,313605.62,20.976965
1450000.0,1386428.5,63571.5,63571.5,4.384241
792500.0,1273796.2,-481296.25,481296.25,60.731388
700000.0,1690626.0,-990626.0,990626.0,141.51799
1300000.0,1605155.4,-305155.38,305155.38,23.473492
800000.0,1414471.2,-614471.25,614471.25,76.80891
1800000.0,1763813.1,36186.875,36186.875,2.010382
1230000.0,1256564.2,-26564.25,26564.25,2.1596951
1160000.0,1409345.4,-249345.38,249345.38,21.49529
925000.0,1095332.9,-170332.88,170332.88,18.414364
1200000.0,1207618.0,-7618.0,7618.0,0.63483334
580500.0,1380517.9,-800017.9,800017.9,137.8153
503000.0,1675821.6,-1172821.6,1172821.6,233.16533
1300000.0,1338817.0,-38817.0,38817.0,2.985923
1440000.0,1196061.0,243939.0,243939.0,16.940208
1071400.0,1187655.0,-116255.0,116255.0,10.850756
900000.0,1331379.9,-431379.88,431379.88,47.931095
600000.0,1228665.2,-628665.25,628665.25,104.77754
1000000.0,1198424.8,-198424.75,198424.75,19.842476
1350000.0,1128127.0,221873.0,221873.0,16.435038
1075200.0,1641549.9,-566349.9,566349.9,52.673912
1850000.0,1156014.4,693985.6,693985.6,37.512737
2000000.0,1147125.6,852874.4,852874.4,42.64372
1750000.0,1382220.4,367779.62,367779.62,21.015978
1000000.0,1754135.6,-754135.6,754135.6,75.41356
600000.0,1181394.4,-581394.4,581394.4,96.89906
850000.0,1682860.4,-832860.4,832860.4,97.983574
1020000.0,1425563.4,-405563.38,405563.38,39.761116
920000.0,1312686.2,-392686.25,392686.25,42.68329
720000.0,1392648.8,-672648.75,672648.75,93.42344
1400000.0,1375181.4,24818.625,24818.625,1.772759
1160000.0,1139138.9,20861.125,20861.125,1.7983729
588500.0,1295895.1,-707395.1,707395.1,120.20308
910000.0,1189040.8,-279040.75,279040.75,30.663818
800000.0,1283064.4,-483064.38,483064.38,60.383045
1000000.0,2028275.8,-1028275.75,1028275.75,102.827576
1034400.0,1282930.4,-248530.38,248530.38,24.026525
1300000.0,1606084.1,-306084.12,306084.12,23.544933
465000.0,1135258.8,-670258.75,670258.75,144.14166
838000.0,1599814.8,-761814.75,761814.75,90.90868
618000.0,1342064.1,-724064.1,724064.1,117.162476
1100000.0,1265163.4,-165163.38,165163.38,15.014853
2600000.0,1346995.5,1253004.5,1253004.5,48.192482
800000.0,1333008.1,-533008.1,533008.1,66.626015
730000.0,1289890.9,-559890.9,559890.9,76.69738
800000.0,1259865.9,-459865.88,459865.88,57.48323
700000.0,1323394.2,-623394.25,623394.25,89.05632
1530000.0,1277379.1,252620.88,252620.88,16.511168
500000.0,1487917.1,-987917.1,987917.1,197.58342
1300000.0,1109450.9,190549.12,190549.12,14.657625
900000.0,1525240.8,-625240.75,625240.75,69.47119
800000.0,1807427.5,-1007427.5,1007427.5,125.92844
720000.0,1168997.8,-448997.75,448997.75,62.360798
1350000.0,1387024.5,-37024.5,37024.5,2.7425556
1000000.0,1313741.0,-313741.0,313741.0,31.3741
1950000.0,1592378.2,357621.75,357621.75,18.339577
800000.0,1331297.6,-531297.6,531297.6,66.4122
1315000.0,1326700.2,-11700.25,11700.25,0.8897528
600000.0,1167261.2,-567261.25,567261.25,94.54354
1250000.0,1291452.5,-41452.5,41452.5,3.3162003
935000.0,1167581.8,-232581.75,232581.75,24.875053
1100000.0,1290939.4,-190939.38,190939.38,17.358124
1055000.0,1156252.6,-101252.625,101252.625,9.597405
1500000.0,1529541.8,-29541.75,29541.75,1.96945
565000.0,1381648.6,-816648.6,816648.6,144.53958
800000.0,1212772.8,-412772.75,412772.75,51.596596
700000.0,1436021.9,-736021.9,736021.9,105.14598
750000.0,1156815.0,-406815.0,406815.0,54.242004
800000.0,1281088.8,-481088.75,481088.75,60.136093
550000.0,1270861.9,-720861.9,720861.9,131.0658
1450000.0,1807176.2,-357176.25,357176.25,24.632845
1295000.0,2166764.2,-871764.25,871764.25,67.3177
650000.0,1323217.8,-673217.75,673217.75,103.57196
904800.0,1181394.4,-276594.38,276594.38,30.56967
1130000.0,1329039.1,-199039.12,199039.12,17.614082
1000000.0,1266989.1,-266989.12,266989.12,26.698912
1390000.0,1123872.4,266127.62,266127.62,19.145872
1350000.0,1396235.4,-46235.375,46235.375,3.4248426
1206000.0,1341543.8,-135543.75,135543.75,11.239117
922500.0,1350641.1,-428141.12,428141.12,46.41096
1620000.0,1261913.4,358086.62,358086.62,22.104113
798400.0,1412684.8,-614284.75,614284.75,76.939476
1152000.0,1358817.8,-206817.75,206817.75,17.952929
1000000.0,1480412.4,-480412.38,480412.38,48.041237
840000.0,1528062.6,-688062.6,688062.6,81.91222
1600000.0,1417799.9,182200.12,182200.12,11.387507
1833650.0,1347550.2,486099.75,486099.75,26.509953
800000.0,1280957.6,-480957.62,480957.62,60.1197
1400000.0,1163300.5,236699.5,236699.5,16.907108
1320000.0,1385469.9,-65469.875,65469.875,4.959839
1008000.0,1649031.1,-641031.1,641031.1,63.59436
950000.0,1118815.4,-168815.38,168815.38,17.77004
1000000.0,1355980.8,-355980.75,355980.75,35.598076
830001.0,1152034.2,-322033.25,322033.25,38.79914
500000.0,1256127.0,-756127.0,756127.0,151.2254
600000.0,1379532.1,-779532.1,779532.1,129.92203
1170000.0,1390443.2,-220443.25,220443.25,18.841305
1445000.0,1132470.8,312529.25,312529.25,21.628323
870000.0,1147383.2,-277383.25,277383.25,31.883133
805000.0,1300195.0,-495195.0,495195.0,61.514908
458500.0,1267186.9,-808686.9,808686.9,176.37665
900000.0,1758133.0,-858133.0,858133.0,95.348114
550000.0,1368856.5,-818856.5,818856.5,148.883
1400000.0,1479868.9,-79868.875,79868.875,5.70492
700000.0,1359773.0,-659773.0,659773.0,94.25328
2600000.0,1327861.6,1272138.4,1272138.4,48.9284
500000.0,1512240.1,-1012240.1,1012240.1,202.44803
750000.0,1196423.6,-446423.62,446423.62,59.523148
600000.0,1229122.2,-629122.25,629122.25,104.853714
1600000.0,1620239.4,-20239.375,20239.375,1.264961
600000.0,1272154.0,-672154.0,672154.0,112.025665
1330000.0,1299467.5,30532.5,30532.5,2.2956767
1170000.0,1378530.0,-208530.0,208530.0,17.823076
1000000.0,1633135.5,-633135.5,633135.5,63.31355
1300000.0,1114708.2,185291.75,185291.75,14.253211
1200000.0,1403058.5,-203058.5,203058.5,16.921541
2800000.0,1103836.6,1696163.4,1696163.4,60.577263
700000.0,1109203.5,-409203.5,409203.5,58.45764
1800000.0,1305735.2,494264.75,494264.75,27.459154
520000.0,1315123.9,-795123.9,795123.9,152.90843
2800000.0,1299324.4,1500675.6,1500675.6,53.595562
688000.0,1364924.2,-676924.25,676924.25,98.39015
1000000.0,1788081.1,-788081.1,788081.1,78.80811
660000.0,1949521.5,-1289521.5,1289521.5,195.38205
851000.0,1181394.4,-330394.38,330394.38,38.824253
1500000.0,1422839.4,77160.625,77160.625,5.144042
1625000.0,1333085.6,291914.38,291914.38,17.963963
600000.0,1143383.8,-543383.75,543383.75,90.56396
1920000.0,1539891.2,380108.75,380108.75,19.79733
650000.0,1181394.4,-531394.4,531394.4,81.75298
580500.0,1731350.2,-1150850.2,1150850.2,198.25154
1500000.0,1311103.0,188897.0,188897.0,12.593134
2000000.0,1821651.9,178348.12,178348.12,8.917406
884400.0,1708273.8,-823873.75,823873.75,93.156235
1150000.0,1283753.9,-133753.88,133753.88,11.630772
1002000.0,1602892.4,-600892.4,600892.4,59.9693
950000.0,1316941.0,-366941.0,366941.0,38.62537
630000.0,1409465.5,-779465.5,779465.5,123.724686
720000.0,1409216.9,-689216.9,689216.9,95.72456
1050000.0,1249574.8,-199574.75,199574.75,19.00712
1500000.0,1554841.9,-54841.875,54841.875,3.656125
960000.0,1315581.5,-355581.5,355581.5,37.039738
800000.0,1525764.6,-725764.6,725764.6,90.72057
1230000.0,1240081.8,-10081.75,10081.75,0.81965446
1600000.0,1436026.9,163973.12,163973.12,10.248321
1000000.0,1358125.0,-358125.0,358125.0,35.8125
790000.0,1153197.0,-363197.0,363197.0,45.974304
1600000.0,1204690.2,395309.75,395309.75,24.70686
810000.0,1274233.0,-464233.0,464233.0,57.312714
1000000.0,1306163.0,-306163.0,306163.0,30.6163
1641600.0,1248342.5,393257.5,393257.5,23.955744
994200.0,1820674.1,-826474.1,826474.1,83.12957
900000.0,1224239.0,-324239.0,324239.0,36.026554
1920000.0,1343782.5,576217.5,576217.5,30.01133
2500000.0,1301135.9,1198864.1,1198864.1,47.954567
1150000.0,1321327.9,-171327.88,171327.88,14.898077
705000.0,1303714.6,-598714.6,598714.6,84.92406
1050000.0,1426234.6,-376234.62,376234.62,35.831867
500000.0,1228643.5,-728643.5,728643.5,145.7287
700000.0,1089423.8,-389423.75,389423.75,55.631966
508000.0,1371424.6,-863424.6,863424.6,169.96548
750000.0,1201238.2,-451238.25,451238.25,60.1651
2040000.0,1442984.8,597015.25,597015.25,29.265455
1200000.0,1437448.8,-237448.75,237448.75,19.787397
900000.0,1279676.0,-379676.0,379676.0,42.186222
941000.0,1658283.1,-717283.1,717283.1,76.225624
800000.0,1282791.9,-482791.88,482791.88,60.34898
2400000.0,1431748.2,968251.75,968251.75,40.343822
8000000.0,1762357.6,6237642.5,6237642.5,77.97053
600000.0,1426943.8,-826943.75,826943.75,137.82396
950000.0,1295553.8,-345553.75,345553.75,36.37408
500000.0,1781265.2,-1281265.2,1281265.2,256.25305
620000.0,1425325.9,-805325.9,805325.9,129.89127
500000.0,1238385.9,-738385.9,738385.9,147.67717
1550000.0,1300615.2,249384.75,249384.75,16.089338
1500000.0,1317428.1,182571.88,182571.88,12.171458
1080000.0,1311094.4,-231094.38,231094.38,21.397629
625000.0,1305440.4,-680440.4,680440.4,108.87046
650000.0,1186538.1,-536538.1,536538.1,82.54433
1000000.0,1110031.5,-110031.5,110031.5,11.00315
710000.0,1644778.1,-934778.1,934778.1,131.65889
1960000.0,1318069.5,641930.5,641930.5,32.751556
900000.0,1288754.6,-388754.62,388754.62,43.194958
1100000.0,1152828.6,-52828.625,52828.625,4.8026023
700000.0,1686659.1,-986659.1,986659.1,140.9513
1540000.0,1195766.0,344234.0,344234.0,22.352858
2340000.0,1217619.0,1122381.0,1122381.0,47.965
850000.0,1411204.9,-561204.9,561204.9,66.0241
1947500.0,1309437.8,638062.25,638062.25,32.763145
1320000.0,1295758.0,24242.0,24242.0,1.8365152
935000.0,1167581.8,-232581.75,232581.75,24.875053
1160000.0,1162154.9,-2154.875,2154.875,0.18576509
8325001.0,1603788.8,6721212.0,6721212.0,80.735275
900000.0,1582772.9,-682772.9,682772.9,75.863655
2152000.0,1171693.0,980307.0,980307.0,45.5533
100000.0,1189101.0,-1089101.0,1089101.0,1089.1011
670000.0,1181394.4,-511394.38,511394.38,76.32752
957000.0,1339553.5,-382553.5,382553.5,39.974243
800000.0,1488287.1,-688287.1,688287.1,86.03589
650000.0,1698729.2,-1048729.2,1048729.2,161.34297
1800000.0,1153560.1,646439.9,646439.9,35.913326
800000.0,1322713.9,-522713.88,522713.88,65.33923
1300000.0,1116700.5,183299.5,183299.5,14.099961
1100000.0,1114508.1,-14508.125,14508.125,1.3189205
700000.0,1783558.8,-1083558.8,1083558.8,154.79411
1000000.0,1475981.1,-475981.12,475981.12,47.59811
1280000.0,1464847.5,-184847.5,184847.5,14.441212
700000.0,1362386.5,-662386.5,662386.5,94.62664
800000.0,1279515.4,-479515.38,479515.38,59.93942
700000.0,1470928.0,-770928.0,770928.0,110.132576
895000.0,1141875.9,-246875.88,246875.88,27.583897
1240000.0,1374378.6,-134378.62,134378.62,10.836986
1100000.0,1342945.1,-242945.12,242945.12,22.08592
2020000.0,1316076.8,703923.25,703923.25,34.847687
980000.0,1355887.1,-375887.12,375887.12,38.35583
1100000.0,1307363.8,-207363.75,207363.75,18.85125
1600000.0,1782696.6,-182696.62,182696.62,11.418539
980000.0,1297516.6,-317516.62,317516.62,32.399654
900000.0,1894687.9,-994687.9,994687.9,110.520874
900000.0,1181394.4,-281394.38,281394.38,31.266043
612500.0,1517863.0,-905363.0,905363.0,147.81436
800000.0,1309058.5,-509058.5,509058.5,63.632317
1322000.0,1667694.6,-345694.62,345694.62,26.149364
5000000.0,1947905.0,3052095.0,3052095.0,61.041897
650000.0,1312564.8,-662564.75,662564.75,101.93304
1200000.0,1181394.4,18605.625,18605.625,1.5504687
2000000.0,1357736.6,642263.4,642263.4,32.113167
650000.0,1448942.9,-798942.9,798942.9,122.91429
1090000.0,1796854.5,-706854.5,706854.5,64.84904
1360000.0,1341670.1,18329.875,18329.875,1.3477849
1400000.0,1106045.9,293954.12,293954.12,20.996723
1279260.0,1308063.4,-28803.375,28803.375,2.2515652
1000000.0,1313284.8,-313284.75,313284.75,31.328476
1000000.0,1339712.9,-339712.88,339712.88,33.97129
1242001.0,1127480.9,114520.125,114520.125,9.220614
500000.0,1236821.8,-736821.75,736821.75,147.36435
1600000.0,1868741.0,-268741.0,268741.0,16.796312
1120000.0,1600406.8,-480406.75,480406.75,42.89346
1200000.0,1121240.9,78759.125,78759.125,6.5632606
600000.0,1618725.0,-1018725.0,1018725.0,169.7875
1166000.0,1191972.1,-25972.125,25972.125,2.227455
1500000.0,1373672.0,126328.0,126328.0,8.421866
980000.0,1299325.1,-319325.12,319325.12,32.584198
700000.0,1235647.9,-535647.9,535647.9,76.521126
5160000.0,1233132.4,3926867.5,3926867.5,76.10208
800000.0,1365474.0,-565474.0,565474.0,70.68425
1100000.0,1145407.5,-45407.5,45407.5,4.1279545
1073500.0,1159501.5,-86001.5,86001.5,8.011318
700000.0,1231188.0,-531188.0,531188.0,75.884
800000.0,1530760.0,-730760.0,730760.0,91.345
1100000.0,1389237.9,-289237.88,289237.88,26.294353
800000.0,1121512.1,-321512.12,321512.12,40.189014
550000.0,1323976.6,-773976.6,773976.6,140.72302
3951000.0,1584123.4,2366876.5,2366876.5,59.905754
1340000.0,1157217.6,182782.38,182782.38,13.640475
620000.0,1263494.5,-643494.5,643494.5,103.78944
1100000.0,1305815.1,-205815.12,205815.12,18.710466
850000.0,1265688.6,-415688.62,415688.62,48.904545
1200000.0,1398994.2,-198994.25,198994.25,16.582853
10000000.0,1938302.1,8061698.0,8061698.0,80.61698
975000.0,1289326.8,-314326.75,314326.75,32.23864
400000.0,1308331.4,-908331.4,908331.4,227.08286
676800.0,1376812.5,-700012.5,700012.5,103.42975
850000.0,1116795.2,-266795.25,266795.25,31.387678
740000.0,1142291.8,-402291.75,402291.75,54.36375
850000.0,1310988.4,-460988.38,460988.38,54.233925
600000.0,1917358.6,-1317358.6,1317358.6,219.55977
2700000.0,1280155.4,1419844.6,1419844.6,52.586834
1560000.0,1866741.9,-306741.88,306741.88,19.662941
550000.0,1270978.6,-720978.6,720978.6,131.08702
900000.0,1404746.1,-504746.12,504746.12,56.082905
1040000.0,1320218.1,-280218.12,280218.12,26.94405
1700000.0,1312977.1,387022.88,387022.88,22.766052
750000.0,1421453.4,-671453.4,671453.4,89.527115
882000.0,1338998.6,-456998.62,456998.62,51.8139
768000.0,1392467.9,-624467.9,624467.9,81.31092
500000.0,1509004.9,-1009004.9,1009004.9,201.80096
1625000.0,1382619.0,242381.0,242381.0,14.915754
830000.0,1288128.1,-458128.12,458128.12,55.19616
2051400.0,1264427.2,786972.75,786972.75,38.362713
660000.0,1409465.5,-749465.5,749465.5,113.55538
810000.0,1194807.1,-384807.12,384807.12,47.507053
1000000.0,1690666.8,-690666.75,690666.75,69.06667
1000000.0,1326600.1,-326600.12,326600.12,32.660015
800000.0,1139369.4,-339369.38,339369.38,42.42117
950000.0,1445204.0,-495204.0,495204.0,52.126736
720000.0,1247031.1,-527031.1,527031.1,73.19877
900000.0,1786752.1,-886752.1,886752.1,98.528015
700000.0,1285408.2,-585408.25,585408.25,83.62975
970000.0,1268172.2,-298172.25,298172.25,30.739407
1000000.0,1309189.9,-309189.88,309189.88,30.91899
864000.0,1274359.1,-410359.12,410359.12,47.49527
1087151.0,1043359.06,43791.938,43791.938,4.028137
1100000.0,1125767.2,-25767.25,25767.25,2.3424773
750000.0,1213607.5,-463607.5,463607.5,61.81433
1600000.0,1387410.2,212589.75,212589.75,13.286859
650000.0,1250085.6,-600085.6,600085.6,92.32086
2400000.0,1318209.5,1081790.5,1081790.5,45.074604
811500.0,1333990.1,-522490.12,522490.12,64.38572
850000.0,1352840.2,-502840.25,502840.25,59.157677
2500000.0,1484799.6,1015200.4,1015200.4,40.608017
600000.0,1149413.8,-549413.75,549413.75,91.56896
550000.0,1181394.4,-631394.4,631394.4,114.79897
774000.0,1423178.9,-649178.9,649178.9,83.873245
2250000.0,1393276.4,856723.6,856723.6,38.076607
1520000.0,1994366.9,-474366.88,474366.88,31.208347
450000.0,1136684.2,-686684.25,686684.25,152.5965
1000000.0,1321177.5,-321177.5,321177.5,32.117752
640000.0,1566801.4,-926801.4,926801.4,144.81271
900000.0,1625736.4,-725736.4,725736.4,80.637375
1205600.0,1181394.4,24205.625,24205.625,2.0077658
1100000.0,1292241.2,-192241.25,192241.25,17.476477
650000.0,1210189.8,-560189.75,560189.75,86.183044
1000000.0,1284317.8,-284317.75,284317.75,28.431776
860000.0,1517052.9,-657052.9,657052.9,76.4015
890000.0,1142734.0,-252734.0,252734.0,28.397078
590000.0,1162879.6,-572879.6,572879.6,97.09824
1800000.0,1145913.6,654086.4,654086.4,36.33813
1200000.0,1598477.5,-398477.5,398477.5,33.206455
820000.0,1116144.9,-296144.88,296144.88,36.11523
1400000.0,1191716.0,208284.0,208284.0,14.877428
815000.0,1272104.0,-457104.0,457104.0,56.08638
600000.0,1296375.5,-696375.5,696375.5,116.062584
480000.0,1631357.8,-1151357.8,1151357.8,239.86621
710000.0,1366861.0,-656861.0,656861.0,92.51563
700000.0,1311776.2,-611776.25,611776.25,87.39661
793000.0,1181394.4,-388394.38,388394.38,48.97785
700000.0,1262010.0,-562010.0,562010.0,80.28714
670500.0,1823343.6,-1152843.6,1152843.6,171.93791
1000000.0,1396512.0,-396512.0,396512.0,39.6512
1015000.0,1238385.9,-223385.88,223385.88,22.008461
2030000.0,1279003.5,750996.5,750996.5,36.9949
980000.0,1125398.6,-145398.62,145398.62,14.836595
1294860.0,1211231.9,83628.125,83628.125,6.458469
800000.0,1223168.5,-423168.5,423168.5,52.896065
1160000.0,1382436.4,-222436.38,222436.38,19.175549
900000.0,1313014.6,-413014.62,413014.62,45.890514
2468000.0,1325138.8,1142861.2,1142861.2,46.307182
1800000.0,1112774.4,687225.6,687225.6,38.1792
1090000.0,1510291.0,-420291.0,420291.0,38.558807
784000.0,1394735.5,-610735.5,610735.5,77.89994
570000.0,1204434.4,-634434.4,634434.4,111.30427
800000.0,1201861.5,-401861.5,401861.5,50.232685
400000.0,1544467.9,-1144467.9,1144467.9,286.11694
400000.0,1181394.4,-781394.4,781394.4,195.3486
2910000.0,1289695.5,1620304.5,1620304.5,55.68057
1200000.0,1461912.8,-261912.75,261912.75,21.826063
835000.0,1160868.8,-325868.75,325868.75,39.0262
1528000.0,1344090.4,183909.62,183909.62,12.035971
1100000.0,1112103.1,-12103.125,12103.125,1.1002841
632500.0,1462787.6,-830287.6,830287.6,131.27077
680000.0,1167311.2,-487311.25,487311.25,71.66342
1320000.0,1144622.2,175377.75,175377.75,13.286193
685000.0,1304370.4,-619370.4,619370.4,90.41903
526000.0,1239287.5,-713287.5,713287.5,135.60599
1200000.0,1425995.5,-225995.5,225995.5,18.832958
900000.0,1439753.6,-539753.6,539753.6,59.972626
1900000.0,1112531.2,787468.75,787468.75,41.445724
1752000.0,1349687.2,402312.75,402312.75,22.963057
830000.0,1181394.4,-351394.38,351394.38,42.336674
7000000.0,1705970.2,5294030.0,5294030.0,75.629005
540000.0,1426156.5,-886156.5,886156.5,164.10306
800000.0,1360316.6,-560316.6,560316.6,70.03957
1530000.0,1466732.1,63267.875,63267.875,4.135155
1760000.0,1309043.6,450956.38,450956.38,25.62252
1100000.0,1590054.2,-490054.25,490054.25,44.550385
1600000.0,1107756.4,492243.62,492243.62,30.765226
1200000.0,1144486.4,55513.625,55513.625,4.6261353
1550000.0,1413802.8,136197.25,136197.25,8.78692
631000.0,1181394.4,-550394.4,550394.4,87.22574
900000.0,1319632.4,-419632.38,419632.38,46.62582
1108000.0,1191745.1,-83745.125,83745.125,7.558224
1050000.0,1271121.4,-221121.38,221121.38,21.05918
800000.0,1339844.2,-539844.25,539844.25,67.48053
687441.0,1262950.1,-575509.1,575509.1,83.717606
1380000.0,1319382.0,60618.0,60618.0,4.3926086
1400000.0,1506410.2,-106410.25,106410.25,7.6007323
1390000.0,1286475.8,103524.25,103524.25,7.4477882
1527000.0,1264816.2,262183.75,262183.75,17.169859
1350000.0,1309964.2,40035.75,40035.75,2.965611
1400000.0,1796728.9,-396728.88,396728.88,28.337776
830000.0,1238543.8,-408543.75,408543.75,49.222137
1400000.0,1321312.9,78687.125,78687.125,5.620509
1600000.0,1513579.2,86420.75,86420.75,5.401297
1200000.0,1347327.1,-147327.12,147327.12,12.277261
1090000.0,1589564.4,-499564.38,499564.38,45.831593
650000.0,1198629.5,-548629.5,548629.5,84.40454
750000.0,1197179.4,-447179.38,447179.38,59.623917
600000.0,1158277.1,-558277.1,558277.1,93.04619
720000.0,1631005.2,-911005.25,911005.25,126.5285
1250000.0,1101420.2,148579.75,148579.75,11.88638
800000.0,1126821.0,-326821.0,326821.0,40.852623
2817200.0,1721723.6,1095476.4,1095476.4,38.88529
1000000.0,1413459.4,-413459.38,413459.38,41.345936
628000.0,1378218.4,-750218.4,750218.4,119.461525
800000.0,1167572.8,-367572.75,367572.75,45.946594
800000.0,1315149.6,-515149.62,515149.62,64.39371
2400000.0,1176771.1,1223228.9,1223228.9,50.967873
850000.0,1296632.0,-446632.0,446632.0,52.54494
1220000.0,1123926.4,96073.625,96073.625,7.8748875
700000.0,1197178.4,-497178.38,497178.38,71.02548
1996000.0,1665104.5,330895.5,330895.5,16.57793
800000.0,1399502.9,-599502.9,599502.9,74.93786
1100000.0,1875206.4,-775206.4,775206.4,70.473305
1270000.0,1354202.8,-84202.75,84202.75,6.6301374
1181000.0,1456054.4,-275054.38,275054.38,23.289957
800000.0,1366169.6,-566169.6,566169.6,70.7712
759500.0,1372134.5,-612634.5,612634.5,80.66287
980000.0,1364091.4,-384091.38,384091.38,39.192997
1980000.0,1374445.8,605554.25,605554.25,30.58355
5000000.0,1537160.4,3462839.5,3462839.5,69.25679
927500.0,1302635.6,-375135.62,375135.62,40.44589
1200000.0,1308072.5,-108072.5,108072.5,9.0060425
1140000.0,1459599.0,-319599.0,319599.0,28.035
1006500.0,1802619.8,-796119.75,796119.75,79.09784
710000.0,1317376.8,-607376.75,607376.75,85.54602
1580000.0,1594450.4,-14450.375,14450.375,0.91458064
2800000.0,1164027.8,1635972.2,1635972.2,58.427578
1550000.0,1328496.0,221504.0,221504.0,14.29058
1100000.0,1373889.1,-273889.12,273889.12,24.899012
700000.0,1441498.0,-741498.0,741498.0,105.92829
1633200.0,1292509.9,340690.12,340690.12,20.860281
800000.0,1284968.1,-484968.12,484968.12,60.621017
1500000.0,1726051.1,-226051.12,226051.12,15.070075
620000.0,1181394.4,-561394.4,561394.4,90.54748
2400000.0,1431748.2,968251.75,968251.75,40.343822
825000.0,1353530.0,-528530.0,528530.0,64.06424
500000.0,1145671.5,-645671.5,645671.5,129.1343
800000.0,1313382.9,-513382.88,513382.88,64.17286
