Actual_Income,PSO_Predicted_Income,Residual,Absolute_Error,Percentage_Error
700000.0,1272604.2,-572604.25,572604.25,81.80061
1627600.0,1176132.0,451468.0,451468.0,27.738264
1000000.0,1125845.9,-125845.875,125845.875,12.584588
855500.0,1155255.1,-299755.12,299755.12,35.038586
800000.0,1248908.2,-448908.25,448908.25,56.11353
1000000.0,1233261.8,-233261.75,233261.75,23.326176
1170000.0,1438484.5,-268484.5,268484.5,22.947393
800000.0,1268971.0,-468971.0,468971.0,58.621376
800000.0,1161166.1,-361166.12,361166.12,45.145763
1000000.0,1327868.9,-327868.88,327868.88,32.78689
1330000.0,1250054.1,79945.875,79945.875,6.0109677
1350000.0,1359868.9,-9868.875,9868.875,0.7310278
1388200.0,1252052.9,136147.12,136147.12,9.807458
800000.0,1200983.8,-400983.75,400983.75,50.12297
693300.0,1294123.5,-600823.5,600823.5,86.66141
9668000.0,1274713.5,8393286.0,8393286.0,86.815125
1345000.0,1291383.6,53616.375,53616.375,3.9863474
750000.0,1106979.0,-356979.0,356979.0,47.5972
807500.0,1153321.8,-345821.75,345821.75,42.826225
1500000.0,1272280.6,227719.38,227719.38,15.181292
650000.0,1157988.9,-507988.88,507988.88,78.15213
1000000.0,1296922.9,-296922.88,296922.88,29.692286
2660000.0,1162418.6,1497581.4,1497581.4,56.30005
1080000.0,1395140.6,-315140.62,315140.62,29.179686
1120000.0,1040307.3,79692.69,79692.69,7.1154184
1400000.0,1148941.9,251058.12,251058.12,17.932724
700000.0,1029670.6,-329670.62,329670.62,47.095802
760000.0,1175547.1,-415547.12,415547.12,54.677254
1000000.0,1195289.5,-195289.5,195289.5,19.52895
1200000.0,1500398.9,-300398.88,300398.88,25.03324
524500.0,1113109.4,-588609.4,588609.4,112.222946
800000.0,1289357.5,-489357.5,489357.5,61.16969
2200000.0,1284772.2,915227.75,915227.75,41.60126
1500000.0,1291713.9,208286.12,208286.12,13.885741
800000.0,1232735.9,-432735.88,432735.88,54.091984
700000.0,1359352.0,-659352.0,659352.0,94.193146
6400000.0,1177755.8,5222244.0,5222244.0,81.59756
850000.0,1257728.9,-407728.88,407728.88,47.9681
1170000.0,1417757.8,-247757.75,247757.75,21.175877
1322000.0,1141599.9,180400.12,180400.12,13.646001
1288000.0,1295553.5,-7553.5,7553.5,0.5864519
650000.0,1251979.2,-601979.25,601979.25,92.6122
1060000.0,1144854.6,-84854.625,84854.625,8.005154
500000.0,1122490.9,-622490.9,622490.9,124.49818
700000.0,1221556.4,-521556.38,521556.38,74.50806
1300000.0,1115247.6,184752.38,184752.38,14.211721
780000.0,1268921.5,-488921.5,488921.5,62.68224
1500000.0,1128743.0,371257.0,371257.0,24.750467
1350000.0,1148574.8,201425.25,201425.25,14.920388
1327000.0,1215512.4,111487.625,111487.625,8.401479
2596000.0,1221806.4,1374193.6,1374193.6,52.93504
900000.0,1269966.9,-369966.88,369966.88,41.10743
6300000.0,1056994.8,5243005.0,5243005.0,83.2223
700000.0,1271369.5,-571369.5,571369.5,81.624214
1400000.0,1211111.0,188889.0,188889.0,13.492071
1160000.0,842010.44,317989.56,317989.56,27.412895
630000.0,1274718.6,-644718.6,644718.6,102.33629
2100000.0,1217271.6,882728.4,882728.4,42.034687
940000.0,1168511.0,-228511.0,228511.0,24.30968
750000.0,1217338.6,-467338.62,467338.62,62.311817
600000.0,1120642.8,-520642.75,520642.75,86.77379
598000.0,1198119.5,-600119.5,600119.5,100.35443
590000.0,1265432.9,-675432.9,675432.9,114.48015
1300000.0,1248550.2,51449.75,51449.75,3.957673
580500.0,1280825.8,-700325.75,700325.75,120.641815
1050000.0,1261240.4,-211240.38,211240.38,20.118132
600000.0,1186289.5,-586289.5,586289.5,97.71492
1155000.0,1270439.0,-115439.0,115439.0,9.994719
600000.0,1271952.6,-671952.6,671952.6,111.99211
650000.0,1128614.6,-478614.62,478614.62,73.63302
3362000.0,1266022.6,2095977.4,2095977.4,62.34317
1000000.0,1266153.9,-266153.88,266153.88,26.615387
588000.0,1341669.9,-753669.9,753669.9,128.17516
2002100.0,1248785.0,753315.0,753315.0,37.626244
1300000.0,1341356.0,-41356.0,41356.0,3.1812305
1045000.0,1343305.6,-298305.62,298305.62,28.545994
705000.0,1151271.8,-446271.75,446271.75,63.300957
700000.0,1139285.0,-439285.0,439285.0,62.755
650000.0,1275673.0,-625673.0,625673.0,96.257385
1150000.0,1288011.2,-138011.25,138011.25,12.000978
910000.0,1264565.0,-354565.0,354565.0,38.96319
688000.0,1208917.2,-520917.25,520917.25,75.71472
940000.0,1124243.1,-184243.12,184243.12,19.600332
800000.0,1363156.0,-563156.0,563156.0,70.3945
1350000.0,1232806.6,117193.375,117193.375,8.680991
2054550.0,1256746.4,797803.6,797803.6,38.831062
910000.0,1377625.6,-467625.62,467625.62,51.38743
1200000.0,1292307.0,-92307.0,92307.0,7.69225
650000.0,1302149.2,-652149.25,652149.25,100.33065
650000.0,1283886.0,-633886.0,633886.0,97.52092
2200000.0,1070834.4,1129165.6,1129165.6,51.32571
1200000.0,1382827.6,-182827.62,182827.62,15.235636
1100000.0,1261973.2,-161973.25,161973.25,14.72484
800000.0,1268936.5,-468936.5,468936.5,58.61706
800000.0,1141411.2,-341411.25,341411.25,42.676407
800000.0,1271428.1,-471428.12,471428.12,58.928513
1100000.0,1106618.1,-6618.125,6618.125,0.60164773
1160000.0,1418588.4,-258588.38,258588.38,22.2921
1300000.0,1288806.2,11193.75,11193.75,0.86105776
800000.0,1294283.4,-494283.38,494283.38,61.785423
600000.0,1186404.9,-586404.9,586404.9,97.734146
793000.0,1118821.6,-325821.62,325821.62,41.087215
1200000.0,1248902.8,-48902.75,48902.75,4.075229
1600000.0,1290091.4,309908.62,309908.62,19.36929
650000.0,1145595.6,-495595.62,495595.62,76.24548
610000.0,1091994.1,-481994.12,481994.12,79.01543
1080000.0,1209550.6,-129550.625,129550.625,11.995428
956000.0,1260288.1,-304288.12,304288.12,31.8293
1001480.0,1046981.0,-45501.0,45501.0,4.543376
1130000.0,1123997.1,6002.875,6002.875,0.5312279
700000.0,1371375.9,-671375.9,671375.9,95.91084
1420800.0,1277192.1,143607.88,143607.88,10.107536
750000.0,1429285.9,-679285.9,679285.9,90.57145
600000.0,1457284.0,-857284.0,857284.0,142.88066
2856000.0,1273831.5,1582168.5,1582168.5,55.39806
1000000.0,1231625.4,-231625.38,231625.38,23.162539
850000.0,1144812.8,-294812.75,294812.75,34.683853
588000.0,1092816.9,-504816.88,504816.88,85.85321
800000.0,1275152.9,-475152.88,475152.88,59.394108
950000.0,1220236.4,-270236.38,270236.38,28.445934
1500000.0,1347979.2,152020.75,152020.75,10.134716
1800000.0,1253046.9,546953.1,546953.1,30.386284
2185000.0,1155025.0,1029975.0,1029975.0,47.138443
1050000.0,1285316.0,-235316.0,235316.0,22.411047
1500000.0,1198789.6,301210.38,301210.38,20.080692
700000.0,1286807.2,-586807.25,586807.25,83.829605
780000.0,1026698.0,-246698.0,246698.0,31.62795
850000.0,1269649.2,-419649.25,419649.25,49.3705
1200000.0,1441361.5,-241361.5,241361.5,20.113459
1100000.0,1214884.2,-114884.25,114884.25,10.444023
1600000.0,1175231.2,424768.75,424768.75,26.548046
1500000.0,1093862.6,406137.38,406137.38,27.075825
1500000.0,1155951.2,344048.75,344048.75,22.936584
1160000.0,1233257.2,-73257.25,73257.25,6.3152804
1583100.0,1145960.8,437139.25,437139.25,27.612865
700000.0,1228862.0,-528862.0,528862.0,75.55171
1240000.0,1184090.0,55910.0,55910.0,4.508871
1200000.0,1253994.2,-53994.25,53994.25,4.499521
1620000.0,1104842.9,515157.12,515157.12,31.799824
1500000.0,1224756.8,275243.25,275243.25,18.34955
1374000.0,1199334.5,174665.5,174665.5,12.712191
1100000.0,1260393.6,-160393.62,160393.62,14.58124
760000.0,1164842.0,-404842.0,404842.0,53.268684
738000.0,1313459.4,-575459.4,575459.4,77.975525
1680000.0,1206009.5,473990.5,473990.5,28.213722
1300000.0,1318547.9,-18547.875,18547.875,1.4267596
1060000.0,1102469.2,-42469.25,42469.25,4.006533
730000.0,1345031.2,-615031.25,615031.25,84.250854
450000.0,1196986.4,-746986.4,746986.4,165.99696
661001.0,1270937.0,-609936.0,609936.0,92.2746
600000.0,1331275.4,-731275.4,731275.4,121.879234
1350000.0,1279495.6,70504.375,70504.375,5.222546
1044000.0,1112552.2,-68552.25,68552.25,6.5663075
1900000.0,1242000.8,657999.25,657999.25,34.63154
1260000.0,1278853.8,-18853.75,18853.75,1.4963293
900000.0,1174456.8,-274456.75,274456.75,30.495193
800000.0,1052558.4,-252558.38,252558.38,31.569798
650000.0,1302204.8,-652204.75,652204.75,100.339195
696000.0,1420548.0,-724548.0,724548.0,104.10173
670000.0,1225056.9,-555056.9,555056.9,82.844315
1000000.0,1212880.0,-212880.0,212880.0,21.288
800000.0,1222000.9,-422000.88,422000.88,52.75011
900000.0,1265851.8,-365851.75,365851.75,40.650196
2000000.0,985409.5,1014590.5,1014590.5,50.729527
1200000.0,1241729.4,-41729.375,41729.375,3.4774477
670000.0,1026682.2,-356682.2,356682.2,53.236145
1000000.0,1208819.2,-208819.25,208819.25,20.881926
900000.0,1209143.2,-309143.25,309143.25,34.34925
580000.0,1583871.8,-1003871.75,1003871.75,173.08134
800000.0,1246609.9,-446609.88,446609.88,55.826233
917000.0,1123694.0,-206694.0,206694.0,22.54024
850000.0,1279010.0,-429010.0,429010.0,50.471764
620000.0,1361914.1,-741914.1,741914.1,119.663574
700000.0,1357457.2,-657457.25,657457.25,93.92246
900000.0,1300750.8,-400750.75,400750.75,44.527863
705000.0,1318085.2,-613085.25,613085.25,86.96245
1125000.0,1223974.1,-98974.125,98974.125,8.7977
2382000.0,1343436.6,1038563.4,1038563.4,43.60048
800000.0,1098033.6,-298033.62,298033.62,37.254204
900000.0,1259033.9,-359033.88,359033.88,39.892654
1050000.0,1274905.8,-224905.75,224905.75,21.419596
740000.0,1259057.1,-519057.12,519057.12,70.14285
975000.0,1063444.9,-88444.875,88444.875,9.071269
500000.0,1154170.0,-654170.0,654170.0,130.834
1040000.0,1409825.5,-369825.5,369825.5,35.560143
600000.0,1122650.5,-522650.5,522650.5,87.10841
800000.0,1189684.2,-389684.25,389684.25,48.71053
1020000.0,1198905.1,-178905.12,178905.12,17.539719
950000.0,1191302.0,-241302.0,241302.0,25.40021
1092000.0,1453226.1,-361226.12,361226.12,33.079315
979000.0,1255193.5,-276193.5,276193.5,28.211796
1318600.0,1242391.1,76208.875,76208.875,5.7795296
1050000.0,1287575.5,-237575.5,237575.5,22.626238
1045000.0,1174249.4,-129249.375,129249.375,12.3683605
1073600.0,1174224.8,-100624.75,100624.75,9.372648
700000.0,1315357.2,-615357.25,615357.25,87.90818
600000.0,1258066.9,-658066.9,658066.9,109.67782
630000.0,1372049.8,-742049.75,742049.75,117.78568
1260500.0,1292040.0,-31540.0,31540.0,2.5021818
985000.0,1231289.1,-246289.12,246289.12,25.003973
1535000.0,1178745.2,356254.75,356254.75,23.208778
500000.0,1054172.1,-554172.1,554172.1,110.83442
400000.0,1490183.0,-1090183.0,1090183.0,272.54575
700000.0,1196515.4,-496515.38,496515.38,70.93077
800000.0,1317336.5,-517336.5,517336.5,64.66706
1100000.0,1338530.4,-238530.38,238530.38,21.68458
588000.0,1127109.0,-539109.0,539109.0,91.6852
600000.0,1576772.5,-976772.5,976772.5,162.79541
1100000.0,1265509.1,-165509.12,165509.12,15.046284
656000.0,1123307.1,-467307.12,467307.12,71.23584
650000.0,1338252.2,-688252.25,688252.25,105.88496
700000.0,1261278.4,-561278.4,561278.4,80.182625
700000.0,1243953.8,-543953.75,543953.75,77.70768
550000.0,1124530.9,-574530.9,574530.9,104.46016
800000.0,1147982.8,-347982.75,347982.75,43.49784
1151000.0,1279280.5,-128280.5,128280.5,11.145135
1100000.0,1283195.1,-183195.12,183195.12,16.654102
2200000.0,1237939.1,962060.9,962060.9,43.730038
1020000.0,1269853.1,-249853.12,249853.12,24.495405
700000.0,1298125.0,-598125.0,598125.0,85.44643
4350000.0,1383733.2,2966266.8,2966266.8,68.19004
800000.0,1475935.2,-675935.25,675935.25,84.491905
840000.0,1278005.1,-438005.12,438005.12,52.143467
1400000.0,1272599.9,127400.125,127400.125,9.100009
1620400.0,1289360.5,331039.5,331039.5,20.429493
700000.0,1176778.1,-476778.12,476778.12,68.11116
1500000.0,1190440.6,309559.38,309559.38,20.637291
800000.0,1271960.8,-471960.75,471960.75,58.99509
1200000.0,1272214.1,-72214.125,72214.125,6.0178437
900000.0,1421824.8,-521824.75,521824.75,57.980526
675000.0,1118139.9,-443139.88,443139.88,65.65035
1050000.0,1196896.1,-146896.12,146896.12,13.990108
1600000.0,1272671.6,327328.38,327328.38,20.458023
1000000.0,1392589.2,-392589.25,392589.25,39.258923
2130500.0,1269963.1,860536.9,860536.9,40.39131
800000.0,1244548.4,-444548.38,444548.38,55.568546
908000.0,1194303.5,-286303.5,286303.5,31.531223
750000.0,1268511.4,-518511.38,518511.38,69.13485
1500000.0,1254067.6,245932.38,245932.38,16.39549
1350000.0,1133356.2,216643.75,216643.75,16.047686
700000.0,1213193.5,-513193.5,513193.5,73.313354
730000.0,1261737.2,-531737.25,531737.25,72.84072
560000.0,1248106.9,-688106.9,688106.9,122.87623
1750000.0,1290488.9,459511.12,459511.12,26.257778
795000.0,1272364.8,-477364.75,477364.75,60.04588
2000000.0,1101673.9,898326.1,898326.1,44.916306
830700.0,1234977.9,-404277.88,404277.88,48.667133
1026000.0,1188881.8,-162881.75,162881.75,15.875414
1250000.0,1052385.4,197614.62,197614.62,15.80917
700000.0,1212084.1,-512084.12,512084.12,73.15487
750000.0,1202824.9,-452824.88,452824.88,60.37665
625000.0,1151744.8,-526744.75,526744.75,84.27916
1200000.0,875250.7,324749.3,324749.3,27.062443
1200000.0,1254627.6,-54627.625,54627.625,4.5523024
620000.0,1087713.0,-467713.0,467713.0,75.437584
1000000.0,1279186.6,-279186.62,279186.62,27.918663
580000.0,1310632.4,-730632.4,730632.4,125.9711
1800000.0,1322941.0,477059.0,477059.0,26.503277
800000.0,1287330.4,-487330.38,487330.38,60.916298
1500000.0,1141663.1,358336.88,358336.88,23.889124
620000.0,1247065.9,-627065.9,627065.9,101.139656
1400000.0,1229135.6,170864.38,170864.38,12.204597
725000.0,1206380.1,-481380.12,481380.12,66.397255
1300000.0,1142608.9,157391.12,157391.12,12.10701
750000.0,1212955.9,-462955.88,462955.88,61.72745
604000.0,1224147.1,-620147.1,620147.1,102.67336
1000000.0,1186909.2,-186909.25,186909.25,18.690924
900000.0,1274769.4,-374769.38,374769.38,41.64104
1500000.0,1240838.8,259161.25,259161.25,17.277416
800000.0,977088.9,-177088.88,177088.88,22.13611
1240000.0,1186892.2,53107.75,53107.75,4.282883
3725000.0,1117205.9,2607794.0,2607794.0,70.00789
650000.0,1430622.6,-780622.6,780622.6,120.09579
650000.0,1393649.1,-743649.1,743649.1,114.40756
837016.0,1244299.0,-407283.0,407283.0,48.658924
1340000.0,1290636.1,49363.875,49363.875,3.6838715
900000.0,1253963.6,-353963.62,353963.62,39.329292
2000000.0,1104997.5,895002.5,895002.5,44.750126
1020000.0,1097826.0,-77826.0,77826.0,7.63
650000.0,1226678.9,-576678.9,576678.9,88.719826
900000.0,1234937.5,-334937.5,334937.5,37.21528
1200000.0,1246910.8,-46910.75,46910.75,3.909229
500000.0,1259796.6,-759796.6,759796.6,151.95932
1000000.0,1250040.0,-250040.0,250040.0,25.004
2020800.0,1214542.8,806257.25,806257.25,39.897926
800000.0,1315431.1,-515431.12,515431.12,64.42889
1250000.0,1262722.5,-12722.5,12722.5,1.0178
1112000.0,1359805.5,-247805.5,247805.5,22.284668
1000000.0,1248455.2,-248455.25,248455.25,24.845526
1150000.0,1257947.2,-107947.25,107947.25,9.386718
2915360.0,1205512.2,1709847.8,1709847.8,58.649628
1408000.0,1248816.6,159183.38,159183.38,11.305637
1500000.0,1163986.6,336013.38,336013.38,22.400892
680000.0,1214726.0,-534726.0,534726.0,78.63618
885000.0,1125665.6,-240665.62,240665.62,27.193855
1820000.0,1389507.8,430492.25,430492.25,23.653421
810000.0,1163742.4,-353742.38,353742.38,43.671898
864522.0,1251788.1,-387266.12,387266.12,44.795403
640000.0,1115752.9,-475752.88,475752.88,74.33639
650000.0,1176189.2,-526189.25,526189.25,80.952194
1800000.0,1219531.5,580468.5,580468.5,32.24825
1500000.0,1274177.1,225822.88,225822.88,15.054857
1320000.0,1258288.6,61711.375,61711.375,4.675104
585090.0,1258727.9,-673637.9,673637.9,115.13406
840000.0,1132799.0,-292799.0,292799.0,34.85702
801600.0,1191602.4,-390002.38,390002.38,48.652992
1000000.0,1188585.1,-188585.12,188585.12,18.858513
700000.0,1204711.4,-504711.38,504711.38,72.10162
1000000.0,1255797.9,-255797.88,255797.88,25.579786
1600000.0,1098701.2,501298.75,501298.75,31.331173
700000.0,1225196.5,-525196.5,525196.5,75.028076
1440000.0,1252070.5,187929.5,187929.5,13.050659
700000.0,1122000.0,-422000.0,422000.0,60.285717
665000.0,1273578.2,-608578.25,608578.25,91.515526
650000.0,1134746.0,-484746.0,484746.0,74.57631
804000.0,1271735.2,-467735.25,467735.25,58.17603
713700.0,1118983.8,-405283.75,405283.75,56.786285
2000000.0,1226645.4,773354.6,773354.6,38.667732
750000.0,870005.5,-120005.5,120005.5,16.000732
548000.0,1229534.5,-681534.5,681534.5,124.36761
750000.0,1231794.9,-481794.88,481794.88,64.23932
800000.0,1241343.4,-441343.38,441343.38,55.16792
750000.0,1214943.4,-464943.38,464943.38,61.992447
900000.0,1241729.4,-341729.38,341729.38,37.969933
600000.0,1241871.0,-641871.0,641871.0,106.9785
577000.0,1270747.8,-693747.75,693747.75,120.23358
1880000.0,1254955.2,625044.75,625044.75,33.247063
1500000.0,1181318.0,318682.0,318682.0,21.245466
650000.0,1169348.5,-519348.5,519348.5,79.89977
910000.0,1829428.2,-919428.25,919428.25,101.03607
1600000.0,1316712.0,283288.0,283288.0,17.7055
810000.0,1070876.5,-260876.5,260876.5,32.206978
1450000.0,1285457.2,164542.75,164542.75,11.347775
1230000.0,1322996.4,-92996.375,92996.375,7.560681
780000.0,1042937.5,-262937.5,262937.5,33.709938
550000.0,1465490.6,-915490.6,915490.6,166.45284
1100000.0,1118125.1,-18125.125,18125.125,1.6477386
720000.0,1278848.6,-558848.6,558848.6,77.61787
1050000.0,1329613.9,-279613.88,279613.88,26.629892
1900000.0,1339916.5,560083.5,560083.5,29.478079
730000.0,1294101.0,-564101.0,564101.0,77.27411
1080000.0,1244551.0,-164551.0,164551.0,15.236203
1147500.0,1287038.2,-139538.25,139538.25,12.160196
1290000.0,1235015.5,54984.5,54984.5,4.2623644
1435000.0,1207159.6,227840.38,227840.38,15.877378
720000.0,1287752.2,-567752.25,567752.25,78.85448
800000.0,1193852.9,-393852.88,393852.88,49.23161
900000.0,1257662.0,-357662.0,357662.0,39.740223
1800000.0,1282539.1,517460.88,517460.88,28.747828
745000.0,1143962.4,-398962.38,398962.38,53.551994
1160000.0,1188030.5,-28030.5,28030.5,2.4164224
700000.0,1104678.4,-404678.38,404678.38,57.811195
1052000.0,1182291.8,-130291.75,130291.75,12.385147
1600000.0,1256491.1,343508.88,343508.88,21.469303
730000.0,1294464.6,-564464.6,564464.6,77.32392
1362000.0,1326193.1,35806.875,35806.875,2.6289923
1275000.0,1122394.8,152605.25,152605.25,11.969039
3360000.0,1161943.8,2198056.2,2198056.2,65.418335
1250000.0,1278361.6,-28361.625,28361.625,2.26893
1200000.0,1200629.5,-629.5,629.5,0.052458335
1200000.0,1197092.6,2907.375,2907.375,0.24228124
1000000.0,1265508.1,-265508.12,265508.12,26.550812
2640000.0,1250491.5,1389508.5,1389508.5,52.632896
3168000.0,1388768.8,1779231.2,1779231.2,56.1626
1909000.0,1394613.1,514386.88,514386.88,26.945358
1200000.0,1057433.1,142566.88,142566.88,11.880573
1400000.0,1176116.0,223884.0,223884.0,15.9917145
1320000.0,1213859.8,106140.25,106140.25,8.040928
1000000.0,1215527.8,-215527.75,215527.75,21.552774
854101.0,1277469.6,-423368.62,423368.62,49.56892
976000.0,1279971.1,-303971.12,303971.12,31.144583
1585000.0,1037342.3,547657.7,547657.7,34.552536
2250000.0,1245051.5,1004948.5,1004948.5,44.664375
924000.0,1404093.2,-480093.25,480093.25,51.958145
1110000.0,1208281.8,-98281.75,98281.75,8.854212
810000.0,1285404.4,-475404.38,475404.38,58.691902
1211000.0,1233879.2,-22879.25,22879.25,1.8892857
1500000.0,1226930.1,273069.88,273069.88,18.204659
800000.0,1298521.6,-498521.62,498521.62,62.3152
995000.0,1258227.8,-263227.75,263227.75,26.455051
817000.0,1170601.1,-353601.12,353601.12,43.28043
1392000.0,1177549.5,214450.5,214450.5,15.405926
1030000.0,1224356.8,-194356.75,194356.75,18.869587
1600000.0,1242738.8,357261.25,357261.25,22.328829
910000.0,1254254.0,-344254.0,344254.0,37.83011
800000.0,1060465.6,-260465.62,260465.62,32.558205
1400000.0,1210766.6,189233.38,189233.38,13.516669
850000.0,1291922.4,-441922.38,441922.38,51.990868
800000.0,1554644.8,-754644.75,754644.75,94.33059
740000.0,1465637.5,-725637.5,725637.5,98.05912
700000.0,1250736.5,-550736.5,550736.5,78.67664
657500.0,1213600.0,-556100.0,556100.0,84.57795
850000.0,1209664.9,-359664.88,359664.88,42.313515
500000.0,1267520.6,-767520.6,767520.6,153.50412
500000.0,1277800.6,-777800.6,777800.6,155.56012
705600.0,1266991.8,-561391.75,561391.75,79.562325
900000.0,1204820.9,-304820.88,304820.88,33.868988
500000.0,1186153.4,-686153.4,686153.4,137.23067
1000000.0,1242253.1,-242253.12,242253.12,24.225313
662500.0,1105578.6,-443078.62,443078.62,66.87979
1200000.0,1428420.4,-228420.38,228420.38,19.03503
650000.0,1278810.4,-628810.4,628810.4,96.74005
961380.0,1278182.4,-316802.38,316802.38,32.952877
720000.0,1318836.8,-598836.75,598836.75,83.171776
580000.0,1018896.2,-438896.2,438896.2,75.67175
720000.0,1271890.9,-551890.9,551890.9,76.651505
1620000.0,1317856.4,302143.62,302143.62,18.65084
750000.0,1161431.5,-411431.5,411431.5,54.857533
1050000.0,1273857.5,-223857.5,223857.5,21.319761
720000.0,1225273.5,-505273.5,505273.5,70.17687
1200000.0,1382407.2,-182407.25,182407.25,15.200604
1490000.0,1286119.1,203880.88,203880.88,13.68328
900000.0,1208100.5,-308100.5,308100.5,34.233387
720000.0,1224932.5,-504932.5,504932.5,70.12952
1800000.0,1264361.5,535638.5,535638.5,29.757694
810000.0,1261374.1,-451374.12,451374.12,55.7252
1150000.0,1151021.5,-1021.5,1021.5,0.08882609
938000.0,1117253.8,-179253.75,179253.75,19.110207
2063600.0,1241592.9,822007.1,822007.1,39.83365
650000.0,1325162.6,-675162.6,675162.6,103.87118
650000.0,1255701.8,-605701.75,605701.75,93.18488
900000.0,1127417.0,-227417.0,227417.0,25.268555
743000.0,1148431.0,-405431.0,405431.0,54.566757
508000.0,1225275.6,-717275.6,717275.6,141.19598
900000.0,1229352.2,-329352.25,329352.25,36.594696
650000.0,1531470.2,-881470.25,881470.25,135.61081
1650000.0,1264996.8,385003.25,385003.25,23.33353
1500000.0,1311599.6,188400.38,188400.38,12.560025
1000000.0,1224367.8,-224367.75,224367.75,22.436775
850000.0,1398568.6,-548568.6,548568.6,64.53748
1350000.0,1199350.8,150649.25,150649.25,11.159204
1400000.0,1262560.2,137439.75,137439.75,9.817125
720000.0,1035363.8,-315363.8,315363.8,43.80053
1300000.0,1283749.5,16250.5,16250.5,1.2500385
700000.0,1242338.6,-542338.6,542338.6,77.47695
1000000.0,1218216.0,-218216.0,218216.0,21.8216
1350000.0,1220755.9,129244.125,129244.125,9.573639
900000.0,1259607.5,-359607.5,359607.5,39.956387
500000.0,1517430.2,-1017430.25,1017430.25,203.48605
600000.0,1246973.6,-646973.6,646973.6,107.82894
735000.0,1119469.4,-384469.38,384469.38,52.308758
680000.0,1245091.0,-565091.0,565091.0,83.101616
1300000.0,1170535.4,129464.625,129464.625,9.9588175
1000000.0,1158672.4,-158672.38,158672.38,15.867238
1050000.0,1035034.56,14965.4375,14965.4375,1.4252797
830000.0,1302313.0,-472313.0,472313.0,56.90518
600000.0,1309425.9,-709425.9,709425.9,118.23765
1000000.0,1150385.5,-150385.5,150385.5,15.038549
756000.0,1371856.4,-615856.4,615856.4,81.46249
1300000.0,1229861.0,70139.0,70139.0,5.3953075
550000.0,1263977.1,-713977.1,713977.1,129.81401
1340000.0,1178637.5,161362.5,161362.5,12.041978
2400000.0,1382668.1,1017331.9,1017331.9,42.38883
800000.0,1235698.0,-435698.0,435698.0,54.46225
1200000.0,1473532.4,-273532.38,273532.38,22.794365
650000.0,1255848.1,-605848.1,605848.1,93.2074
550000.0,1118806.6,-568806.6,568806.6,103.41939
1200000.0,1182815.5,17184.5,17184.5,1.4320416
1257000.0,1273318.4,-16318.375,16318.375,1.2982
800000.0,1414980.5,-614980.5,614980.5,76.87257
1262580.0,1238252.2,24327.75,24327.75,1.9268284
5047360.0,1249011.6,3798348.5,3798348.5,75.25416
1200000.0,1059381.2,140618.75,140618.75,11.718229
800000.0,1269973.0,-469973.0,469973.0,58.746624
1800000.0,1220211.9,579788.1,579788.1,32.210453
850000.0,1208100.5,-358100.5,358100.5,42.12947
1920000.0,1154977.4,765022.6,765022.6,39.84493
1200000.0,1244093.5,-44093.5,44093.5,3.6744583
900000.0,1241729.4,-341729.38,341729.38,37.969933
1250000.0,1250932.2,-932.25,932.25,0.07458
1174000.0,1309367.1,-135367.12,135367.12,11.530419
1900000.0,1362796.2,537203.75,537203.75,28.27388
1000000.0,1294924.0,-294924.0,294924.0,29.4924
900000.0,1168026.4,-268026.38,268026.38,29.78071
950000.0,1555441.0,-605441.0,605441.0,63.730633
875000.0,1316642.6,-441642.62,441642.62,50.473446
800000.0,1376884.2,-576884.25,576884.25,72.110535
3543600.0,1137727.1,2405873.0,2405873.0,67.89347
800000.0,1500603.6,-700603.6,700603.6,87.575455
800000.0,1257132.5,-457132.5,457132.5,57.14156
480000.0,1205753.8,-725753.75,725753.75,151.1987
900000.0,1226774.2,-326774.25,326774.25,36.30825
2000000.0,1167392.8,832607.25,832607.25,41.630363
650000.0,1518033.8,-868033.75,868033.75,133.54366
750000.0,1145653.1,-395653.12,395653.12,52.753754
873000.0,1259376.9,-386376.88,386376.88,44.25852
920000.0,1383031.2,-463031.25,463031.25,50.329483
4260000.0,1246407.4,3013592.5,3013592.5,70.74161
1000000.0,1222927.9,-222927.88,222927.88,22.292788
1600000.0,1267666.0,332334.0,332334.0,20.770874
2580000.0,1113217.4,1466782.6,1466782.6,56.852043
700000.0,1163415.4,-463415.38,463415.38,66.202194
1100000.0,1313742.5,-213742.5,213742.5,19.431137
1280000.0,1259631.1,20368.875,20368.875,1.5913182
790000.0,1129859.0,-339859.0,339859.0,43.020126
600000.0,1104024.6,-504024.62,504024.62,84.004105
2413700.0,1219923.0,1193777.0,1193777.0,49.458385
1675000.0,1441284.9,233715.12,233715.12,13.953142
2500000.0,1551671.1,948328.9,948328.9,37.933155
1160000.0,1509994.5,-349994.5,349994.5,30.17194
912000.0,1140401.2,-228401.25,228401.25,25.043997
1200000.0,1184834.9,15165.125,15165.125,1.2637604
894000.0,1263879.6,-369879.62,369879.62,41.373558
1100000.0,1213175.4,-113175.375,113175.375,10.288671
1000000.0,1310848.8,-310848.75,310848.75,31.084875
800000.0,1288233.0,-488233.0,488233.0,61.029125
1260000.0,1115504.2,144495.75,144495.75,11.4679165
710000.0,1205582.4,-495582.38,495582.38,69.80034
1780000.0,1216636.9,563363.1,563363.1,31.649612
2039500.0,1248609.9,790890.1,790890.1,38.778625
760000.0,1441101.8,-681101.75,681101.75,89.61865
1500000.0,1281093.2,218906.75,218906.75,14.593783
875000.0,1206326.4,-331326.38,331326.38,37.86587
3500000.0,1235038.4,2264961.5,2264961.5,64.71319
500000.0,1261874.4,-761874.4,761874.4,152.37488
800000.0,1287188.0,-487188.0,487188.0,60.898502
800000.0,1371977.8,-571977.75,571977.75,71.49722
603000.0,1061051.0,-458051.0,458051.0,75.96203
1340000.0,1141987.6,198012.38,198012.38,14.777043
1000000.0,1555830.9,-555830.9,555830.9,55.583088
550000.0,1233306.1,-683306.1,683306.1,124.23748
500000.0,1441289.6,-941289.6,941289.6,188.25792
500000.0,1371327.8,-871327.75,871327.75,174.26555
1650000.0,1168481.4,481518.62,481518.62,29.182947
626400.0,1275428.0,-649028.0,649028.0,103.61239
1044000.0,1223293.0,-179293.0,179293.0,17.173658
3200000.0,1236715.1,1963284.9,1963284.9,61.352654
1060000.0,1223132.6,-163132.62,163132.62,15.38987
1325000.0,1282449.6,42550.375,42550.375,3.2113488
800000.0,1248517.1,-448517.12,448517.12,56.06464
750000.0,1482627.4,-732627.4,732627.4,97.68365
1000000.0,1261967.2,-261967.25,261967.25,26.196724
600000.0,1198290.1,-598290.1,598290.1,99.71502
1300000.0,1271060.1,28939.875,28939.875,2.2261443
700000.0,1272088.5,-572088.5,572088.5,81.72693
1500000.0,1251295.8,248704.25,248704.25,16.580284
1000000.0,1116254.1,-116254.125,116254.125,11.625413
1400000.0,1368834.2,31165.75,31165.75,2.226125
700000.0,1253939.6,-553939.6,553939.6,79.13423
1200000.0,1259002.2,-59002.25,59002.25,4.9168544
870000.0,1080945.5,-210945.5,210945.5,24.246609
650000.0,1173851.1,-523851.12,523851.12,80.59248
900000.0,1232766.1,-332766.12,332766.12,36.974014
1000000.0,1216491.1,-216491.12,216491.12,21.649113
1500000.0,1284826.8,215173.25,215173.25,14.344883
864000.0,1113039.2,-249039.25,249039.25,28.823986
860000.0,1218341.8,-358341.75,358341.75,41.667645
1400000.0,1315723.1,84276.875,84276.875,6.019777
990000.0,1144089.6,-154089.62,154089.62,15.564609
620000.0,1317064.6,-697064.6,697064.6,112.42977
1360000.0,1215795.0,144205.0,144205.0,10.603309
800000.0,1274718.6,-474718.62,474718.62,59.33983
13840000.0,1456083.2,12383917.0,12383917.0,89.479164
7000000.0,1305594.9,5694405.0,5694405.0,81.34865
624000.0,1168774.9,-544774.9,544774.9,87.303665
1500000.0,1295016.5,204983.5,204983.5,13.665567
750000.0,1334641.0,-584641.0,584641.0,77.95213
1800000.0,1360261.2,439738.75,439738.75,24.429932
500000.0,1340906.2,-840906.25,840906.25,168.18126
1380000.0,1284241.4,95758.625,95758.625,6.9390306
620000.0,1360646.4,-740646.4,740646.4,119.45909
500000.0,1267364.4,-767364.4,767364.4,153.47287
1050000.0,1473218.5,-423218.5,423218.5,40.306522
500000.0,1221589.8,-721589.75,721589.75,144.31795
2247800.0,1089304.4,1158495.6,1158495.6,51.539085
610000.0,1259817.1,-649817.1,649817.1,106.5274
1344000.0,1218194.1,125805.875,125805.875,9.360557
802600.0,1547836.0,-745236.0,745236.0,92.85273
6450000.0,1043197.2,5406803.0,5406803.0,83.82641
1180000.0,1271418.4,-91418.375,91418.375,7.74732
1408000.0,1214988.6,193011.38,193011.38,13.708194
1200000.0,1236349.5,-36349.5,36349.5,3.029125
1200000.0,1428420.4,-228420.38,228420.38,19.03503
350000.0,1281563.4,-931563.4,931563.4,266.16095
750000.0,1213195.1,-463195.12,463195.12,61.759354
850000.0,1316637.8,-466637.75,466637.75,54.89856
1863000.0,1214590.0,648410.0,648410.0,34.804615
1600000.0,1262389.2,337610.75,337610.75,21.100672
800000.0,1212964.5,-412964.5,412964.5,51.62056
1000000.0,1553119.4,-553119.4,553119.4,55.311935
1780000.0,1279965.4,500034.62,500034.62,28.091833
1200000.0,1299537.6,-99537.625,99537.625,8.294802
702000.0,1462241.6,-760241.6,760241.6,108.296524
825000.0,1322467.6,-497467.62,497467.62,60.299103
1982500.0,1281947.0,700553.0,700553.0,35.336845
1100000.0,1206720.2,-106720.25,106720.25,9.70184
3850000.0,1256618.9,2593381.0,2593381.0,67.36054
1000000.0,1348685.5,-348685.5,348685.5,34.86855
1060000.0,1264876.5,-204876.5,204876.5,19.32797
600000.0,1188426.5,-588426.5,588426.5,98.07108
2700000.0,1182756.4,1517243.6,1517243.6,56.19421
570000.0,1278581.0,-708581.0,708581.0,124.31246
688000.0,1341669.9,-653669.9,653669.9,95.010155
986000.0,1100169.9,-114169.875,114169.875,11.579095
1160000.0,1103300.6,56699.375,56699.375,4.887877
1800000.0,1147951.6,652048.4,652048.4,36.22491
700000.0,1262726.0,-562726.0,562726.0,80.38943
620000.0,1318612.0,-698612.0,698612.0,112.67935
850000.0,1263607.1,-413607.12,413607.12,48.65966
700000.0,1274772.8,-574772.75,574772.75,82.11039
700000.0,1211656.6,-511656.62,511656.62,73.0938
772000.0,1358378.6,-586378.6,586378.6,75.95578
5760000.0,1166212.1,4593788.0,4593788.0,79.753265
1000000.0,1229826.0,-229826.0,229826.0,22.982601
1200000.0,1279761.4,-79761.375,79761.375,6.6467814
919000.0,1271019.5,-352019.5,352019.5,38.304623
730000.0,1206434.8,-476434.75,476434.75,65.26504
800000.0,1159154.1,-359154.12,359154.12,44.894264
760000.0,1273017.0,-513017.0,513017.0,67.502235
1936000.0,1129275.0,806725.0,806725.0,41.669678
1400000.0,1248496.9,151503.12,151503.12,10.821651
8000000.0,1236209.0,6763791.0,6763791.0,84.547386
700000.0,1250434.0,-550434.0,550434.0,78.63343
2300000.0,1282086.4,1017913.6,1017913.6,44.257114
1265000.0,1291044.1,-26044.125,26044.125,2.058824
1265000.0,1269216.6,-4216.625,4216.625,0.33333004
1015000.0,1146857.6,-131857.62,131857.62,12.990899
800000.0,1272500.6,-472500.62,472500.62,59.062576
1150000.0,1199649.6,-49649.625,49649.625,4.317359
1500000.0,1279987.0,220013.0,220013.0,14.667533
614000.0,1144702.1,-530702.1,530702.1,86.43357
920000.0,1397408.1,-477408.12,477408.12,51.892185
1320000.0,1355000.1,-35000.125,35000.125,2.6515245
1160000.0,1351270.6,-191270.62,191270.62,16.488848
800000.0,1261903.1,-461903.12,461903.12,57.737892
650000.0,1184768.1,-534768.1,534768.1,82.27202
1350000.0,1387502.0,-37502.0,37502.0,2.777926
775000.0,1125566.8,-350566.75,350566.75,45.234417
1000000.0,1261632.8,-261632.75,261632.75,26.163275
800000.0,1090607.5,-290607.5,290607.5,36.32594
1217800.0,1025679.94,192120.06,192120.06,15.775995
1600000.0,1236699.9,363300.12,363300.12,22.706259
676000.0,1272818.9,-596818.9,596818.9,88.28682
820000.0,1265710.0,-445710.0,445710.0,54.354877
650000.0,1313150.1,-663150.1,663150.1,102.0231
850000.0,1279154.8,-429154.75,429154.75,50.488792
1920000.0,1348126.4,571873.6,571873.6,29.785084
680000.0,1172234.4,-492234.38,492234.38,72.387405
2100000.0,1209389.5,890610.5,890610.5,42.410027
1000000.0,1558028.8,-558028.75,558028.75,55.802876
700000.0,1217441.0,-517441.0,517441.0,73.92014
900000.0,1209738.9,-309738.88,309738.88,34.41543
1290000.0,1460891.2,-170891.25,170891.25,13.247384
700000.0,1275301.4,-575301.4,575301.4,82.18591
500000.0,1227289.5,-727289.5,727289.5,145.4579
900000.0,1260201.2,-360201.25,360201.25,40.02236
810000.0,1382394.1,-572394.1,572394.1,70.66595
705000.0,1318459.2,-613459.25,613459.25,87.015495
1480000.0,1171089.0,308911.0,308911.0,20.872364
1600000.0,1290999.0,309001.0,309001.0,19.312563
900000.0,1188250.6,-288250.62,288250.62,32.027847
771100.0,1307431.8,-536331.75,536331.75,69.55411
825000.0,1186767.5,-361767.5,361767.5,43.850605
650000.0,1340252.9,-690252.9,690252.9,106.19276
500000.0,1076099.5,-576099.5,576099.5,115.2199
790000.0,1166600.4,-376600.38,376600.38,47.670933
700000.0,1218027.0,-518027.0,518027.0,74.00386
600000.0,1144424.8,-544424.75,544424.75,90.73746
1200000.0,1417820.4,-217820.38,217820.38,18.151697
745000.0,1353790.1,-608790.1,608790.1,81.7168
800000.0,1202879.5,-402879.5,402879.5,50.359936
500000.0,1405797.0,-905797.0,905797.0,181.1594
550000.0,1198119.5,-648119.5,648119.5,117.839905
1100000.0,1848571.9,-748571.9,748571.9,68.05199
1152000.0,1274785.1,-122785.125,122785.125,10.658431
1400000.0,1102098.9,297901.12,297901.12,21.27865
1100000.0,1267470.8,-167470.75,167470.75,15.224613
600000.0,1315463.6,-715463.6,715463.6,119.243935
730000.0,1271923.0,-541923.0,541923.0,74.23603
700000.0,1444980.9,-744980.9,744980.9,106.425835
800000.0,1247850.1,-447850.12,447850.12,55.981266
980000.0,1131437.6,-151437.62,151437.62,15.452819
612500.0,1093246.0,-480746.0,480746.0,78.48914
900000.0,1247881.0,-347881.0,347881.0,38.653446
965000.0,1247898.4,-282898.38,282898.38,29.315895
750000.0,1250785.6,-500785.62,500785.62,66.771416
889000.0,1255809.5,-366809.5,366809.5,41.26091
550000.0,1877105.1,-1327105.1,1327105.1,241.29184
1000000.0,1382809.9,-382809.88,382809.88,38.280987
850000.0,1212489.4,-362489.38,362489.38,42.64581
588000.0,1252471.5,-664471.5,664471.5,113.005356
1200000.0,1260217.9,-60217.875,60217.875,5.0181565
800000.0,1225597.0,-425597.0,425597.0,53.199623
970000.0,1082073.5,-112073.5,112073.5,11.553969
1100000.0,1256191.6,-156191.62,156191.62,14.199239
1000000.0,1265887.0,-265887.0,265887.0,26.5887
4700000.0,1329967.9,3370032.0,3370032.0,71.702805
560000.0,1336374.6,-776374.6,776374.6,138.63834
1760000.0,1279562.2,480437.75,480437.75,27.297598
750000.0,1313357.2,-563357.25,563357.25,75.114296
1050000.0,1203704.1,-153704.12,153704.12,14.638488
815000.0,1213711.4,-398711.38,398711.38,48.921642
1680000.0,1035407.25,644592.75,644592.75,38.368614
650000.0,1264133.4,-614133.4,614133.4,94.482056
1000000.0,1285264.2,-285264.25,285264.25,28.526424
580000.0,1251858.8,-671858.75,671858.75,115.837715
1300000.0,1846606.6,-546606.6,546606.6,42.04666
650000.0,1647456.9,-997456.9,997456.9,153.4549
2200000.0,868828.4,1331171.6,1331171.6,60.507797
1020000.0,1217792.8,-197792.75,197792.75,19.391445
750000.0,1147824.0,-397824.0,397824.0,53.043198
590000.0,1106720.5,-516720.5,516720.5,87.57974
1300000.0,1101854.9,198145.12,198145.12,15.241933
1500000.0,1273191.1,226808.88,226808.88,15.120591
700000.0,1675056.2,-975056.25,975056.25,139.29375
1139200.0,1158967.9,-19767.875,19767.875,1.7352419
1600000.0,1228869.4,371130.62,371130.62,23.195665
700000.0,1263199.2,-563199.25,563199.25,80.45704
1020000.0,1346637.5,-326637.5,326637.5,32.023285
1020000.0,1229216.2,-209216.25,209216.25,20.511398
3200000.0,1230374.8,1969625.2,1969625.2,61.55079
1520000.0,1147861.9,372138.12,372138.12,24.48277
673500.0,1137974.0,-464474.0,464474.0,68.96422
6500000.0,1183389.8,5316610.0,5316610.0,81.794
700000.0,1211163.1,-511163.12,511163.12,73.0233
600000.0,1267117.6,-667117.6,667117.6,111.186264
1465250.0,1847996.9,-382746.88,382746.88,26.12161
1350000.0,1142629.9,207370.12,207370.12,15.36075
630000.0,1222428.0,-592428.0,592428.0,94.036194
1700000.0,876309.44,823690.56,823690.56,48.452385
550000.0,1292503.8,-742503.75,742503.75,135.00069
1020000.0,1287251.9,-267251.88,267251.88,26.201164
1290000.0,1263224.6,26775.375,26775.375,2.0756104
900000.0,1186343.2,-286343.25,286343.25,31.815916
600000.0,1279153.6,-679153.6,679153.6,113.192276
700000.0,1294247.8,-594247.75,594247.75,84.89253
540000.0,1247394.5,-707394.5,707394.5,130.99898
1232500.0,1271510.5,-39010.5,39010.5,3.1651523
600000.0,1212259.8,-612259.75,612259.75,102.0433
1200000.0,1441260.8,-241260.75,241260.75,20.105062
1862000.0,1273593.5,588406.5,588406.5,31.600779
650000.0,1179187.8,-529187.75,529187.75,81.4135
650000.0,1149316.9,-499316.88,499316.88,76.817986
1729325.0,1176189.4,553135.6,553135.6,31.985638
1500000.0,1198509.6,301490.38,301490.38,20.099358
1200000.0,1285265.8,-85265.75,85265.75,7.1054792
800000.0,1293682.5,-493682.5,493682.5,61.71031
588000.0,1092816.9,-504816.88,504816.88,85.85321
1216000.0,1294526.9,-78526.875,78526.875,6.457802
1940000.0,1742417.9,197582.12,197582.12,10.184646
500000.0,1239997.4,-739997.4,739997.4,147.99948
500000.0,1313454.5,-813454.5,813454.5,162.6909
500000.0,1188549.4,-688549.4,688549.4,137.70988
1472800.0,1246415.5,226384.5,226384.5,15.371028
750000.0,1231696.9,-481696.88,481696.88,64.22625
650000.0,1279229.5,-629229.5,629229.5,96.80454
1065000.0,1247424.5,-182424.5,182424.5,17.12906
1300000.0,1097297.5,202702.5,202702.5,15.592501
850000.0,1212988.9,-362988.88,362988.88,42.704575
750000.0,1253300.1,-503300.12,503300.12,67.10668
1408000.0,1062122.2,345877.75,345877.75,24.565182
759000.0,1215858.6,-456858.62,456858.62,60.19218
1400000.0,1241334.1,158665.88,158665.88,11.333277
550000.0,1183280.6,-633280.6,633280.6,115.14193
850000.0,1285718.2,-435718.25,435718.25,51.26097
500000.0,1218027.0,-718027.0,718027.0,143.6054
800000.0,1148752.9,-348752.88,348752.88,43.59411
700000.0,1246048.6,-546048.6,546048.6,78.00695
1065400.0,1847069.1,-781669.1,781669.1,73.36861
1600000.0,1181474.1,418525.88,418525.88,26.157867
800000.0,1390866.9,-590866.9,590866.9,73.85835
950000.0,1259518.6,-309518.62,309518.62,32.58091
650000.0,1267554.1,-617554.1,617554.1,95.00832
1360000.0,1270230.1,89769.875,89769.875,6.6007266
1450000.0,1117124.1,332875.88,332875.88,22.956957
700000.0,1270616.2,-570616.25,570616.25,81.51661
1539000.0,1510150.1,28849.875,28849.875,1.8745859
940000.0,1241903.6,-301903.62,301903.62,32.117405
1500000.0,1272141.0,227859.0,227859.0,15.190599
2385000.0,1089298.9,1295701.1,1295701.1,54.327087
600000.0,1181424.5,-581424.5,581424.5,96.90408
700000.0,1236228.5,-536228.5,536228.5,76.60407
700000.0,1236502.1,-536502.1,536502.1,76.643166
500000.0,1260411.4,-760411.4,760411.4,152.08228
1600000.0,1296224.6,303775.38,303775.38,18.985962
1014000.0,1215855.2,-201855.25,201855.25,19.90683
1050000.0,1139580.8,-89580.75,89580.75,8.5315
2000000.0,1264403.8,735596.25,735596.25,36.77981
800000.0,1178200.8,-378200.75,378200.75,47.275093
1170000.0,1278855.6,-108855.625,108855.625,9.3039
2390000.0,1121349.6,1268650.4,1268650.4,53.081608
850000.0,1478665.6,-628665.6,628665.6,73.96066
1180000.0,1281499.1,-101499.125,101499.125,8.601621
750000.0,1218324.5,-468324.5,468324.5,62.443268
1600000.0,1566855.1,33144.875,33144.875,2.0715547
700000.0,1289279.5,-589279.5,589279.5,84.182785
900000.0,1256756.9,-356756.88,356756.88,39.639652
1000000.0,1402942.9,-402942.88,402942.88,40.294285
1056000.0,1061728.5,-5728.5,5728.5,0.5424716
640000.0,1186819.6,-546819.6,546819.6,85.44057
1540000.0,1290841.8,249158.25,249158.25,16.179108
2400000.0,1282325.5,1117674.5,1117674.5,46.56977
580000.0,1315964.9,-735964.9,735964.9,126.890495
800000.0,1277161.1,-477161.12,477161.12,59.64514
1000000.0,1223453.8,-223453.75,223453.75,22.345375
1100000.0,1204088.4,-104088.375,104088.375,9.46258
650000.0,1290351.8,-640351.75,640351.75,98.515656
910000.0,1214548.2,-304548.25,304548.25,33.46684
1280000.0,1274785.1,5214.875,5214.875,0.40741208
776000.0,1131803.9,-355803.88,355803.88,45.851017
700000.0,1214675.4,-514675.38,514675.38,73.525055
900000.0,1261973.1,-361973.12,361973.12,40.219234
4834000.0,1205567.1,3628433.0,3628433.0,75.06067
1993000.0,1248733.2,744266.75,744266.75,37.34404
500000.0,1175557.9,-675557.9,675557.9,135.11157
1000000.0,1061484.4,-61484.375,61484.375,6.1484375
1700000.0,1298610.6,401389.38,401389.38,23.611141
600000.0,1115989.0,-515989.0,515989.0,85.99817
855600.0,1262759.2,-407159.25,407159.25,47.58757
783000.0,1239171.4,-456171.38,456171.38,58.259434
1350000.0,1279495.6,70504.375,70504.375,5.222546
757000.0,1233982.8,-476982.75,476982.75,63.00961
1400000.0,1263170.8,136829.25,136829.25,9.773519
1561600.0,1205642.6,355957.38,355957.38,22.794401
1101500.0,1084549.0,16951.0,16951.0,1.5389014
1400000.0,1211111.0,188889.0,188889.0,13.492071
1200000.0,1265642.4,-65642.375,65642.375,5.470198
945000.0,1265489.4,-320489.38,320489.38,33.91422
900000.0,1215822.1,-315822.12,315822.12,35.091347
700000.0,1227284.4,-527284.4,527284.4,75.32634
1000000.0,1245356.0,-245356.0,245356.0,24.535599
900000.0,1097937.6,-197937.62,197937.62,21.993069
620000.0,1275012.2,-655012.25,655012.25,105.64713
1288000.0,1197880.2,90119.75,90119.75,6.9968753
650000.0,1099482.5,-449482.5,449482.5,69.15115
7000000.0,1108125.1,5891875.0,5891875.0,84.16965
2221200.0,1292425.4,928774.6,928774.6,41.81409
610000.0,1245887.4,-635887.4,635887.4,104.24383
700000.0,1160821.4,-460821.38,460821.38,65.83163
577000.0,1270747.8,-693747.75,693747.75,120.23358
816400.0,1275555.0,-459155.0,459155.0,56.241425
900000.0,1220160.4,-320160.38,320160.38,35.573376
788000.0,1215765.1,-427765.12,427765.12,54.284912
877250.0,1286555.2,-409305.25,409305.25,46.657764
650000.0,1243797.6,-593797.6,593797.6,91.353485
650000.0,1326214.9,-676214.9,676214.9,104.03305
800000.0,1464570.6,-664570.6,664570.6,83.07133
1500000.0,1216895.1,283104.88,283104.88,18.87366
1160000.0,1299444.4,-139444.38,139444.38,12.021067
800000.0,1226408.8,-426408.75,426408.75,53.301094
900000.0,1292740.5,-392740.5,392740.5,43.637833
950000.0,1291731.6,-341731.62,341731.62,35.97175
2000000.0,1262242.9,737757.1,737757.1,36.887856
550000.0,1127873.8,-577873.75,577873.75,105.067955
1100000.0,1209296.6,-109296.625,109296.625,9.936057
1125000.0,1030240.44,94759.56,94759.56,8.423072
506372.0,1128469.2,-622097.25,622097.25,122.853806
448000.0,1475601.6,-1027601.6,1027601.6,229.37537
900000.0,1271910.5,-371910.5,371910.5,41.323387
1150000.0,1263469.1,-113469.125,113469.125,9.86688
540000.0,1255714.5,-715714.5,715714.5,132.53972
400000.0,1135190.9,-735190.9,735190.9,183.79771
700000.0,1175884.9,-475884.88,475884.88,67.98356
950000.0,1271940.5,-321940.5,321940.5,33.888474
1600000.0,1468638.5,131361.5,131361.5,8.2100935
1250000.0,1276893.0,-26893.0,26893.0,2.1514401
1824000.0,1193545.4,630454.6,630454.6,34.5644
2480000.0,1231471.1,1248528.9,1248528.9,50.343906
810000.0,1069804.8,-259804.75,259804.75,32.07466
1800000.0,1270986.2,529013.75,529013.75,29.389652
1100000.0,1269633.8,-169633.75,169633.75,15.42125
839000.0,1113186.4,-274186.38,274186.38,32.680138
800000.0,1318086.6,-518086.62,518086.62,64.760826
1100000.0,1131480.6,-31480.625,31480.625,2.8618748
725000.0,1147115.2,-422115.25,422115.25,58.222794
2600000.0,1220266.8,1379733.2,1379733.2,53.066666
750000.0,1402845.1,-652845.1,652845.1,87.04601
900000.0,1093440.6,-193440.62,193440.62,21.493402
1000000.0,1264384.0,-264384.0,264384.0,26.4384
1800000.0,1294473.5,505526.5,505526.5,28.084806
700000.0,1119659.6,-419659.62,419659.62,59.951378
1500000.0,1162106.8,337893.25,337893.25,22.526217
800000.0,1322535.8,-522535.75,522535.75,65.31697
680000.0,1172249.2,-492249.25,492249.25,72.389595
3560000.0,1117205.9,2442794.0,2442794.0,68.617805
1296000.0,1219449.2,76550.75,76550.75,5.9066935
692500.0,1289964.2,-597464.25,597464.25,86.27642
1200000.0,1278855.0,-78855.0,78855.0,6.5712495
1400000.0,1092517.6,307482.38,307482.38,21.963028
700000.0,1250434.0,-550434.0,550434.0,78.63343
738819.0,1260123.0,-521304.0,521304.0,70.5591
1730000.0,1169066.0,560934.0,560934.0,32.42393
775000.0,1248867.8,-473867.75,473867.75,61.144226
600000.0,1071126.5,-471126.5,471126.5,78.52109
1220000.0,1169134.5,50865.5,50865.5,4.169303
810000.0,1242494.4,-432494.38,432494.38,53.394363
1558500.0,701030.25,857469.75,857469.75,55.018913
1200000.0,1225536.8,-25536.75,25536.75,2.1280625
1600000.0,1236191.4,363808.62,363808.62,22.738039
1400000.0,1209047.0,190953.0,190953.0,13.639501
1200000.0,1265318.9,-65318.875,65318.875,5.4432397
500000.0,1404125.5,-904125.5,904125.5,180.8251
600000.0,1291529.1,-691529.1,691529.1,115.25485
1350000.0,1279490.5,70509.5,70509.5,5.222926
796000.0,1299992.1,-503992.12,503992.12,63.315594
1250000.0,1272777.0,-22777.0,22777.0,1.82216
1000000.0,1469444.4,-469444.38,469444.38,46.944435
1100000.0,1188994.1,-88994.125,88994.125,8.090375
788000.0,1234471.9,-446471.88,446471.88,56.65887
2880000.0,1089322.8,1790677.2,1790677.2,62.176292
600000.0,1189940.8,-589940.75,589940.75,98.323456
900000.0,1282166.8,-382166.75,382166.75,42.46297
1034000.0,1153360.1,-119360.125,119360.125,11.543532
700000.0,1458914.1,-758914.1,758914.1,108.416306
1036000.0,998991.3,37008.688,37008.688,3.5722673
2088730.0,1291850.2,796879.75,796879.75,38.1514
600000.0,1199362.6,-599362.6,599362.6,99.893776
808000.0,1113095.2,-305095.25,305095.25,37.75931
700000.0,1026227.0,-326227.0,326227.0,46.60386
700000.0,1225102.6,-525102.6,525102.6,75.01466
450000.0,1312177.5,-862177.5,862177.5,191.595
750000.0,1136512.0,-386512.0,386512.0,51.53493
3200000.0,1073691.8,2126308.2,2126308.2,66.447136
650000.0,1238463.2,-588463.25,588463.25,90.53281
700000.0,1398618.0,-698618.0,698618.0,99.802574
400000.0,1421167.2,-1021167.25,1021167.25,255.29182
1000000.0,1290675.9,-290675.88,290675.88,29.067589
1200000.0,1381716.6,-181716.62,181716.62,15.143052
600000.0,1237034.4,-637034.4,637034.4,106.17239
1900000.0,1184339.1,715660.9,715660.9,37.666363
890000.0,1177828.9,-287828.88,287828.88,32.340324
700000.0,1369647.9,-669647.9,669647.9,95.66399
1300000.0,1276619.0,23381.0,23381.0,1.7985384
1900000.0,1246356.8,653643.25,653643.25,34.402275
1400000.0,1246788.0,153212.0,153212.0,10.943714
1400000.0,1287135.0,112865.0,112865.0,8.061786
818000.0,1067864.8,-249864.75,249864.75,30.545813
1190000.0,1263002.9,-73002.875,73002.875,6.1346955
900000.0,1219107.1,-319107.12,319107.12,35.45635
700000.0,1102368.8,-402368.75,402368.75,57.481247
830000.0,1230581.9,-400581.88,400581.88,48.262875
1030000.0,1319961.5,-289961.5,289961.5,28.151602
1020000.0,1225331.2,-205331.25,205331.25,20.130516
500000.0,999083.7,-499083.7,499083.7,99.81674
700000.0,1204078.1,-504078.12,504078.12,72.01116
1000000.0,1212973.1,-212973.12,212973.12,21.297312
6300000.0,1159406.2,5140594.0,5140594.0,81.59673
630000.0,1176467.4,-546467.4,546467.4,86.74085
900000.0,1233362.6,-333362.62,333362.62,37.04029
1220700.0,1325972.5,-105272.5,105272.5,8.623945
500000.0,1245607.5,-745607.5,745607.5,149.1215
1000000.0,1268273.5,-268273.5,268273.5,26.82735
1020000.0,1200631.0,-180631.0,180631.0,17.708921
600000.0,1225889.5,-625889.5,625889.5,104.31491
965000.0,1232739.6,-267739.62,267739.62,27.745039
882000.0,1263908.8,-381908.75,381908.75,43.300312
1116000.0,1100141.4,15858.625,15858.625,1.4210237
1150000.0,1179830.5,-29830.5,29830.5,2.5939565
750000.0,1352790.0,-602790.0,602790.0,80.372
1408600.0,1156587.6,252012.38,252012.38,17.890982
1440000.0,1264307.4,175692.62,175692.62,12.200877
650000.0,1553673.8,-903673.75,903673.75,139.02672
450000.0,1262856.8,-812856.75,812856.75,180.63483
1700000.0,1185078.6,514921.38,514921.38,30.289492
950000.0,1116653.2,-166653.25,166653.25,17.542448
859200.0,1182429.6,-323229.62,323229.62,37.619835
975000.0,1252690.2,-277690.25,277690.25,28.48105
1530000.0,1159602.0,370398.0,370398.0,24.209019
656400.0,1200818.9,-544418.9,544418.9,82.94011
1170000.0,1258656.4,-88656.375,88656.375,7.577468
600000.0,1144210.8,-544210.75,544210.75,90.7018
1600000.0,1234042.5,365957.5,365957.5,22.872343
5000000.0,1148870.2,3851129.8,3851129.8,77.02259
900000.0,1222342.1,-322342.12,322342.12,35.815792
498500.0,1263225.4,-764725.4,764725.4,153.4053
785000.0,1237501.5,-452501.5,452501.5,57.6435
710000.0,1268366.5,-558366.5,558366.5,78.643166
2500000.0,1284972.0,1215028.0,1215028.0,48.60112
364000.0,1191396.4,-827396.4,827396.4,227.3067
904000.0,1244098.8,-340098.75,340098.75,37.621544
740000.0,1114392.6,-374392.62,374392.62,50.593597
1000000.0,1274589.5,-274589.5,274589.5,27.45895
1535200.0,1552609.5,-17409.5,17409.5,1.1340215
480000.0,1231192.9,-751192.9,751192.9,156.49852
600000.0,1125057.5,-525057.5,525057.5,87.50958
1000000.0,1198338.8,-198338.75,198338.75,19.833874
950000.0,1274520.6,-324520.62,324520.62,34.160065
1470000.0,1176667.4,293332.62,293332.62,19.954601
1800000.0,1244933.6,555066.4,555066.4,30.83702
960000.0,1285807.1,-325807.12,325807.12,33.93824
1200000.0,1392333.1,-192333.12,192333.12,16.02776
1530000.0,1215760.9,314239.12,314239.12,20.538504
1440000.0,1371310.0,68690.0,68690.0,4.7701387
700000.0,1220540.2,-520540.25,520540.25,74.36289
1650000.0,1302440.0,347560.0,347560.0,21.064243
684000.0,1198625.4,-514625.38,514625.38,75.237625
2475000.0,1210100.1,1264899.9,1264899.9,51.107067
800000.0,1262089.8,-462089.75,462089.75,57.761215
1150000.0,1142023.8,7976.25,7976.25,0.69358695
2400000.0,1382792.1,1017207.9,1017207.9,42.383663
650000.0,1237570.5,-587570.5,587570.5,90.39546
800000.0,1216445.4,-416445.38,416445.38,52.055676
650000.0,1145622.9,-495622.88,495622.88,76.24967
625000.0,1142632.2,-517632.25,517632.25,82.82116
1700000.0,1205241.4,494758.62,494758.62,29.103449
756000.0,1279942.6,-523942.62,523942.62,69.30458
970000.0,1283212.0,-313212.0,313212.0,32.289898
1600000.0,1047047.25,552952.75,552952.75,34.559547
600000.0,1241519.4,-641519.4,641519.4,106.9199
800000.0,1032296.25,-232296.25,232296.25,29.037031
1200000.0,1264563.9,-64563.875,64563.875,5.380323
1500000.0,1554656.8,-54656.75,54656.75,3.643783
920000.0,1147742.1,-227742.12,227742.12,24.75458
2620001.0,1266941.2,1353059.8,1353059.8,51.643486
870000.0,1080945.5,-210945.5,210945.5,24.246609
904800.0,1279307.8,-374507.75,374507.75,41.391216
645500.0,1242430.0,-596930.0,596930.0,92.4756
600000.0,1281436.0,-681436.0,681436.0,113.57267
738000.0,1018200.4,-280200.38,280200.38,37.96753
1198000.0,1492338.4,-294338.38,294338.38,24.569147
854000.0,1247020.1,-393020.12,393020.12,46.02109
800000.0,1185468.9,-385468.88,385468.88,48.18361
970800.0,1125550.1,-154750.12,154750.12,15.940474
950000.0,1095566.8,-145566.75,145566.75,15.322817
120000.0,1232765.0,-1112765.0,1112765.0,927.3042
800000.0,1224609.1,-424609.12,424609.12,53.07614
460000.0,1142737.9,-682737.9,682737.9,148.42128
938000.0,1242815.0,-304815.0,304815.0,32.49627
700000.0,1848876.5,-1148876.5,1148876.5,164.12521
606000.0,1276488.5,-670488.5,670488.5,110.64167
960000.0,1239686.4,-279686.38,279686.38,29.133997
580000.0,1294901.8,-714901.75,714901.75,123.25893
670000.0,1116233.1,-446233.12,446233.12,66.60196
850000.0,1420633.5,-570633.5,570633.5,67.133354
1280000.0,1237612.5,42387.5,42387.5,3.3115234
486500.0,1222734.2,-736234.25,736234.25,151.33282
560000.0,1235153.6,-675153.6,675153.6,120.56315
900000.0,1203409.1,-303409.12,303409.12,33.712124
850000.0,1152842.0,-302842.0,302842.0,35.62847
810000.0,1026216.3,-216216.31,216216.31,26.69337
1620000.0,1162896.9,457103.12,457103.12,28.216244
1000000.0,1288474.9,-288474.88,288474.88,28.847488
717500.0,1151375.0,-433875.0,433875.0,60.470383
990000.0,1277764.0,-287764.0,287764.0,29.06707
500000.0,1389655.2,-889655.25,889655.25,177.93105
803682.0,1256170.6,-452488.62,452488.62,56.301945
900000.0,1214986.2,-314986.25,314986.25,34.998474
900000.0,1216596.9,-316596.88,316596.88,35.17743
1125000.0,1030240.44,94759.56,94759.56,8.423072
650000.0,1090338.5,-440338.5,440338.5,67.744385
1000000.0,1275670.4,-275670.38,275670.38,27.567038
1850000.0,1191367.1,658632.9,658632.9,35.601776
1097600.0,1390394.1,-292794.12,292794.12,26.67585
800000.0,1275645.6,-475645.62,475645.62,59.455704
900000.0,1221508.0,-321508.0,321508.0,35.72311
2280000.0,1177233.1,1102766.9,1102766.9,48.366966
1000000.0,1066410.0,-66410.0,66410.0,6.641
1000000.0,1246223.9,-246223.88,246223.88,24.622389
900000.0,1216066.4,-316066.38,316066.38,35.11849
1150000.0,1051796.6,98203.375,98203.375,8.539424
950000.0,1343138.1,-393138.12,393138.12,41.38296
458950.0,1267763.1,-808813.1,808813.1,176.2312
700000.0,1210788.1,-510788.12,510788.12,72.969734
1200000.0,1203074.6,-3074.625,3074.625,0.25621876
1110000.0,1101056.4,8943.625,8943.625,0.80573195
550000.0,1278621.1,-728621.1,728621.1,132.47656
850000.0,1335602.4,-485602.38,485602.38,57.129692
1378000.0,1203436.8,174563.25,174563.25,12.6678705
500000.0,1246124.6,-746124.6,746124.6,149.22493
1920000.0,1146211.9,773788.1,773788.1,40.301468
1925000.0,1132776.0,792224.0,792224.0,41.154495
1500000.0,1262084.8,237915.25,237915.25,15.861016
583500.0,1256946.6,-673446.6,673446.6,115.415016
1250000.0,1193193.8,56806.25,56806.25,4.5445
1800000.0,1253704.6,546295.4,546295.4,30.349743
1200000.0,1226793.1,-26793.125,26793.125,2.2327604
736251.0,1232140.6,-495889.62,495889.62,67.35334
688000.0,1127901.2,-439901.25,439901.25,63.939137
1015000.0,1356174.0,-341174.0,341174.0,33.6132
1087571.0,1101002.4,-13431.375,13431.375,1.2349883
835000.0,1497342.0,-662342.0,662342.0,79.322395
1352000.0,1316388.1,35611.875,35611.875,2.6340144
1400000.0,1219491.6,180508.38,180508.38,12.893455
1050000.0,1267699.1,-217699.12,217699.12,20.733252
1344000.0,1250669.9,93330.125,93330.125,6.9442058
850000.0,1261479.4,-411479.38,411479.38,48.409336
720000.0,1265659.0,-545659.0,545659.0,75.78597
1000000.0,1346441.9,-346441.88,346441.88,34.644188
1400000.0,1279480.8,120519.25,120519.25,8.608518
1000000.0,1248885.6,-248885.62,248885.62,24.888563
1348000.0,1197449.6,150550.38,150550.38,11.168426
1350000.0,1217794.5,132205.5,132205.5,9.793
800000.0,1255729.4,-455729.38,455729.38,56.966175
850000.0,1184398.4,-334398.38,334398.38,39.340984
485400.0,1316641.6,-831241.6,831241.6,171.2488
945000.0,1242355.1,-297355.12,297355.12,31.46615
650000.0,1282481.8,-632481.75,632481.75,97.304886
530000.0,1244774.5,-714774.5,714774.5,134.86311
700000.0,1210571.1,-510571.12,510571.12,72.938736
1000000.0,1247075.2,-247075.25,247075.25,24.707525
918250.0,1246335.4,-328085.38,328085.38,35.729416
1221000.0,1259183.5,-38183.5,38183.5,3.1272318
800000.0,1195832.2,-395832.25,395832.25,49.47903
1320000.0,1210704.6,109295.375,109295.375,8.279952
900000.0,1234794.8,-334794.75,334794.75,37.199417
750500.0,1278893.2,-528393.25,528393.25,70.405495
1430000.0,1220754.1,209245.88,209245.88,14.632578
1200000.0,1203950.4,-3950.375,3950.375,0.3291979
772000.0,1270140.2,-498140.25,498140.25,64.52594
2008000.0,1255342.1,752657.9,752657.9,37.482964
142500.0,1048029.5,-905529.5,905529.5,635.4593
1160000.0,1162949.1,-2949.125,2949.125,0.2542349
1340800.0,1372464.0,-31664.0,31664.0,2.3615751
950000.0,1230844.1,-280844.12,280844.12,29.562538
1650000.0,1158602.9,491397.12,491397.12,29.781643
1400000.0,1253410.6,146589.38,146589.38,10.47067
600000.0,1228102.6,-628102.6,628102.6,104.68377
1520000.0,1235559.4,284440.62,284440.62,18.713198
965000.0,1231108.2,-266108.25,266108.25,27.575985
1920000.0,1244715.2,675284.75,675284.75,35.17108
700000.0,1270932.8,-570932.75,570932.75,81.56182
750000.0,1216063.2,-466063.25,466063.25,62.141766
1130000.0,1307514.5,-177514.5,177514.5,15.709249
640000.0,1204954.5,-564954.5,564954.5,88.27414
1040000.0,1334522.4,-294522.38,294522.38,28.31946
650000.0,1131132.2,-481132.25,481132.25,74.02035
750000.0,1338464.6,-588464.6,588464.6,78.46195
1200000.0,1293890.6,-93890.625,93890.625,7.824219
900000.0,1070118.8,-170118.75,170118.75,18.902082
568000.0,1218295.4,-650295.4,650295.4,114.488625
1890000.0,848518.4,1041481.6,1041481.6,55.104847
900000.0,1248950.2,-348950.25,348950.25,38.772247
830000.0,1168262.1,-338262.12,338262.12,40.754475
850000.0,1138686.4,-288686.38,288686.38,33.9631
700000.0,1206271.2,-506271.25,506271.25,72.32446
1500000.0,1130620.6,369379.38,369379.38,24.625292
1675000.0,1149081.8,525918.25,525918.25,31.398106
1000000.0,1268495.1,-268495.12,268495.12,26.849512
600000.0,1214637.4,-614637.4,614637.4,102.43956
1710000.0,1171845.1,538154.9,538154.9,31.471046
800000.0,1220872.0,-420872.0,420872.0,52.609
600000.0,1284458.6,-684458.6,684458.6,114.07644
675000.0,1181191.6,-506191.62,506191.62,74.99135
2400000.0,1135125.8,1264874.2,1264874.2,52.703094
4834000.0,1215431.9,3618568.0,3618568.0,74.8566
420000.0,1149753.2,-729753.25,729753.25,173.75076
1300000.0,1132065.2,167934.75,167934.75,12.918058
1650000.0,1169079.5,480920.5,480920.5,29.146698
900000.0,1421824.8,-521824.75,521824.75,57.980526
1300000.0,1203821.5,96178.5,96178.5,7.398346
9000000.0,1275370.9,7724629.0,7724629.0,85.82921
500000.0,1110241.2,-610241.25,610241.25,122.04825
705000.0,1232739.6,-527739.6,527739.6,74.85669
500000.0,1146837.4,-646837.4,646837.4,129.36748
800000.0,1318086.6,-518086.62,518086.62,64.760826
1200000.0,1287442.9,-87442.875,87442.875,7.2869062
500000.0,1121747.8,-621747.75,621747.75,124.34955
1300000.0,1200624.6,99375.375,99375.375,7.64426
1453000.0,1203696.4,249303.62,249303.62,17.157854
900000.0,1420509.5,-520509.5,520509.5,57.83439
859280.0,1169838.9,-310558.88,310558.88,36.141758
790000.0,1071753.9,-281753.88,281753.88,35.665047
745000.0,1293207.2,-548207.25,548207.25,73.58487
3222000.0,1189561.2,2032438.8,2032438.8,63.080036
1000000.0,1265831.8,-265831.75,265831.75,26.583174
825000.0,1194401.4,-369401.38,369401.38,44.775925
936000.0,1119259.2,-183259.25,183259.25,19.57898
804000.0,1175916.0,-371916.0,371916.0,46.25821
850000.0,1161206.4,-311206.38,311206.38,36.612514
890000.0,1227112.5,-337112.5,337112.5,37.87781
940000.0,1391317.2,-451317.25,451317.25,48.012474
640000.0,1214850.8,-574850.75,574850.75,89.820435
700000.0,1245970.1,-545970.1,545970.1,77.99573
875000.0,1251384.2,-376384.25,376384.25,43.015343
935000.0,1245022.8,-310022.75,310022.75,33.157513
1000000.0,1477202.8,-477202.75,477202.75,47.720276
650000.0,1018866.44,-368866.44,368866.44,56.748684
605000.0,1263544.4,-658544.4,658544.4,108.85031
1100000.0,1165179.2,-65179.25,65179.25,5.9253864
2200000.0,1223679.9,976320.1,976320.1,44.37819
890000.0,1148921.1,-258921.12,258921.12,29.09226
650000.0,1147977.9,-497977.88,497977.88,76.61198
890000.0,1207919.4,-317919.38,317919.38,35.72128
580500.0,1069249.1,-488749.12,488749.12,84.19451
800000.0,1267333.2,-467333.25,467333.25,58.41666
500000.0,1169754.1,-669754.1,669754.1,133.95084
1643000.0,1241272.6,401727.38,401727.38,24.450844
1300000.0,1144585.1,155414.88,155414.88,11.95499
829200.0,1173031.8,-343831.75,343831.75,41.46548
600000.0,1359584.4,-759584.4,759584.4,126.59739
1218800.0,1282404.5,-63604.5,63604.5,5.2186165
2280000.0,1184035.2,1095964.8,1095964.8,48.06863
760000.0,1285684.9,-525684.9,525684.9,69.16906
1621320.0,1257832.6,363487.38,363487.38,22.419224
1050000.0,1242272.4,-192272.38,192272.38,18.311653
680000.0,1241729.4,-561729.4,561729.4,82.60726
750000.0,1282233.0,-532233.0,532233.0,70.9644
1800000.0,1233709.4,566290.6,566290.6,31.460588
821000.0,1387704.8,-566704.75,566704.75,69.02615
1438000.0,1273402.8,164597.25,164597.25,11.446262
700000.0,1248826.9,-548826.9,548826.9,78.40384
660000.0,1158921.4,-498921.38,498921.38,75.59415
780000.0,1249992.0,-469992.0,469992.0,60.255386
680000.0,1284512.4,-604512.4,604512.4,88.89888
1620000.0,1221861.2,398138.75,398138.75,24.576466
1320000.0,1218634.2,101365.75,101365.75,7.679223
875000.0,1223984.6,-348984.62,348984.62,39.883957
842743.0,1209405.1,-366662.12,366662.12,43.50818
1282000.0,1203681.4,78318.625,78318.625,6.109097
950000.0,1542433.4,-592433.4,592433.4,62.36141
500000.0,1162664.2,-662664.25,662664.25,132.53285
16300000.0,1099793.8,15200206.0,15200206.0,93.25279
650000.0,1227813.5,-577813.5,577813.5,88.89439
540000.0,1276778.6,-736778.6,736778.6,136.44049
1250000.0,1035513.44,214486.56,214486.56,17.158926
520000.0,1304858.2,-784858.25,784858.25,150.93428
550000.0,1065591.1,-515591.12,515591.12,93.74384
500000.0,1269260.6,-769260.6,769260.6,153.85213
1125000.0,1242925.4,-117925.375,117925.375,10.482255
720000.0,1123547.2,-403547.25,403547.25,56.048225
850000.0,1154790.5,-304790.5,304790.5,35.857708
1400000.0,1220156.5,179843.5,179843.5,12.845964
600000.0,1200292.1,-600292.1,600292.1,100.04868
700000.0,1263810.8,-563810.75,563810.75,80.544395
600000.0,1240606.0,-640606.0,640606.0,106.76767
1100000.0,1264246.9,-164246.88,164246.88,14.931534
1150000.0,1142866.2,7133.75,7133.75,0.6203261
600000.0,1442132.2,-842132.25,842132.25,140.35538
1000000.0,1274768.6,-274768.62,274768.62,27.476862
850000.0,1351628.5,-501628.5,501628.5,59.015118
790000.0,1290321.8,-500321.75,500321.75,63.331867
750000.0,1313357.2,-563357.25,563357.25,75.114296
1200000.0,875377.25,324622.75,324622.75,27.051895
800000.0,1286911.4,-486911.38,486911.38,60.863922
900000.0,1143270.1,-243270.12,243270.12,27.030014
900000.0,1228417.2,-328417.25,328417.25,36.490807
1500000.0,1035628.44,464371.56,464371.56,30.958103
1000000.0,1272695.8,-272695.75,272695.75,27.269575
630000.0,1252471.5,-622471.5,622471.5,98.805
720000.0,1247691.8,-527691.75,527691.75,73.29052
600000.0,1132038.5,-532038.5,532038.5,88.67309
850000.0,1291732.0,-441732.0,441732.0,51.96847
1776000.0,1193543.8,582456.25,582456.25,32.79596
750000.0,1160228.0,-410228.0,410228.0,54.697067
970000.0,1131323.2,-161323.25,161323.25,16.631264
1200000.0,1207555.5,-7555.5,7555.5,0.629625
1050000.0,1242546.9,-192546.88,192546.88,18.3378
1200000.0,1248922.6,-48922.625,48922.625,4.076885
1916000.0,1280548.6,635451.4,635451.4,33.16552
882000.0,1241498.6,-359498.62,359498.62,40.75948
1397500.0,1506439.1,-108939.125,108939.125,7.795286
1120000.0,1243870.1,-123870.125,123870.125,11.059833
620000.0,1176503.2,-556503.25,556503.25,89.75859
2250000.0,1150651.2,1099348.8,1099348.8,48.859943
750000.0,1381905.6,-631905.6,631905.6,84.25409
700000.0,1247029.6,-547029.6,547029.6,78.14709
1147500.0,1287048.2,-139548.25,139548.25,12.161068
1450000.0,1245884.2,204115.75,204115.75,14.076948
950000.0,1276625.5,-326625.5,326625.5,34.38163
1460000.0,1382373.5,77626.5,77626.5,5.3168836
1600000.0,1277172.5,322827.5,322827.5,20.17672
811500.0,1282980.1,-471480.12,471480.12,58.09983
930000.0,1118720.0,-188720.0,188720.0,20.292473
588000.0,1235152.1,-647152.1,647152.1,110.05988
900000.0,1241729.4,-341729.38,341729.38,37.969933
1060000.0,1316083.4,-256083.38,256083.38,24.158808
960000.0,1054989.6,-94989.625,94989.625,9.8947525
2760000.0,1244052.1,1515947.9,1515947.9,54.92565
950000.0,1410476.0,-460476.0,460476.0,48.471157
690000.0,1200793.1,-510793.12,510793.12,74.02799
1300000.0,1242815.0,57185.0,57185.0,4.398846
1430000.0,1267334.9,162665.12,162665.12,11.375184
1080000.0,1253529.2,-173529.25,173529.25,16.067522
910000.0,1069109.1,-159109.12,159109.12,17.484518
530000.0,1475910.0,-945910.0,945910.0,178.47359
5000000.0,1498393.6,3501606.5,3501606.5,70.032135
680000.0,1297212.9,-617212.9,617212.9,90.766594
930000.0,1405696.6,-475696.62,475696.62,51.150173
1350000.0,1296899.5,53100.5,53100.5,3.9333706
800000.0,1115989.0,-315989.0,315989.0,39.498623
2275000.0,1231550.8,1043449.25,1043449.25,45.865902
950000.0,1257797.6,-307797.62,307797.62,32.39975
2137500.0,1269261.1,868238.9,868238.9,40.61936
900000.0,1237606.2,-337606.25,337606.25,37.511806
784000.0,1181846.1,-397846.12,397846.12,50.745678
1710000.0,1233847.0,476153.0,476153.0,27.845203
2161000.0,1260528.6,900471.4,900471.4,41.669197
5280000.0,1184620.2,4095379.8,4095379.8,77.56401
600000.0,1360935.2,-760935.25,760935.25,126.82254
950000.0,1117558.0,-167558.0,167558.0,17.637686
1500000.0,1555417.0,-55417.0,55417.0,3.6944666
650000.0,1122150.2,-472150.25,472150.25,72.6385
640000.0,1110313.4,-470313.38,470313.38,73.486465
700000.0,1285924.9,-585924.9,585924.9,83.70355
1700000.0,1322941.0,377059.0,377059.0,22.179941
980000.0,1217533.0,-237533.0,237533.0,24.238062
980000.0,1320687.8,-340687.75,340687.75,34.764057
710000.0,1270422.6,-560422.6,560422.6,78.93276
1350000.0,1068158.0,281842.0,281842.0,20.877186
1500000.0,1083879.5,416120.5,416120.5,27.741367
1345000.0,1274609.8,70390.25,70390.25,5.233476
750000.0,1334629.9,-584629.9,584629.9,77.95065
898000.0,1130637.9,-232637.88,232637.88,25.906223
900000.0,1247919.4,-347919.38,347919.38,38.657707
588000.0,1127901.2,-539901.25,539901.25,91.81994
950000.0,1218012.8,-268012.75,268012.75,28.211868
542000.0,1311372.5,-769372.5,769372.5,141.95064
690000.0,948478.44,-258478.44,258478.44,37.460644
1885000.0,1257371.1,627628.9,627628.9,33.295963
600000.0,1284476.6,-684476.6,684476.6,114.07944
780000.0,1111173.4,-331173.38,331173.38,42.458126
2400000.0,1291805.5,1108194.5,1108194.5,46.17477
1450000.0,1391435.5,58564.5,58564.5,4.038931
650000.0,1202797.1,-552797.1,552797.1,85.045715
1008000.0,1371701.6,-363701.62,363701.62,36.081512
1300000.0,1225447.0,74553.0,74553.0,5.734846
600000.0,1221098.6,-621098.6,621098.6,103.51643
959000.0,1281494.9,-322494.88,322494.88,33.628246
860000.0,1300936.2,-440936.25,440936.25,51.27166
1350000.0,1305976.2,44023.75,44023.75,3.2610185
700000.0,1343510.1,-643510.1,643510.1,91.93002
950000.0,1202858.4,-252858.38,252858.38,26.616673
570000.0,1212654.5,-642654.5,642654.5,112.74641
900000.0,1364567.1,-464567.12,464567.12,51.61857
1000000.0,1342285.1,-342285.12,342285.12,34.22851
950000.0,1346150.6,-396150.62,396150.62,41.700066
622500.0,1092089.5,-469589.5,469589.5,75.43606
15105000.0,1237227.6,13867772.0,13867772.0,91.80915
1265000.0,1559445.6,-294445.62,294445.62,23.276333
950000.0,1075410.4,-125410.375,125410.375,13.201092
400000.0,1330283.9,-930283.9,930283.9,232.57095
5000000.0,1147575.5,3852424.5,3852424.5,77.04849
1270000.0,1314073.1,-44073.125,44073.125,3.4703248
700000.0,1163895.5,-463895.5,463895.5,66.27079
3295000.0,1241220.1,2053779.9,2053779.9,62.330193
850000.0,1206757.1,-356757.12,356757.12,41.971428
1428000.0,1132778.8,295221.25,295221.25,20.673756
900800.0,1223501.1,-322701.12,322701.12,35.823837
714850.0,1189367.2,-474517.25,474517.25,66.379974
900000.0,1024208.1,-124208.125,124208.125,13.800902
750000.0,1147974.6,-397974.62,397974.62,53.063286
760000.0,1002530.6,-242530.62,242530.62,31.911924
850000.0,1166866.2,-316866.25,316866.25,37.27838
550000.0,1310152.5,-760152.5,760152.5,138.20955
10844000.0,1392346.6,9451653.0,9451653.0,87.1602
800000.0,1141514.8,-341514.75,341514.75,42.689342
800000.0,1241729.4,-441729.38,441729.38,55.21617
800000.0,1203610.1,-403610.12,403610.12,50.451267
900000.0,1263703.0,-363703.0,363703.0,40.411446
900000.0,1287614.6,-387614.62,387614.62,43.068295
1350000.0,1274859.8,75140.25,75140.25,5.565944
1530000.0,1264241.1,265758.88,265758.88,17.36986
1900000.0,1185661.5,714338.5,714338.5,37.596764
2040000.0,1035385.56,1004614.44,1004614.44,49.245804
1600000.0,1270242.1,329757.88,329757.88,20.609867
700000.0,1258618.2,-558618.25,558618.25,79.80261
900000.0,1422160.5,-522160.5,522160.5,58.017834
765600.0,1171140.0,-405540.0,405540.0,52.97022
1050000.0,1194667.8,-144667.75,144667.75,13.777881
900000.0,1117821.6,-217821.62,217821.62,24.202404
500000.0,2360134.8,-1860134.8,1860134.8,372.02695
800000.0,1273342.4,-473342.38,473342.38,59.167797
2400000.0,1198898.9,1201101.1,1201101.1,50.04588
1008000.0,1214570.9,-206570.88,206570.88,20.493143
2000000.0,1226768.6,773231.4,773231.4,38.661568
558800.0,1376233.6,-817433.6,817433.6,146.28375
850000.0,1292676.2,-442676.25,442676.25,52.07956
780000.0,1281342.2,-501342.25,501342.25,64.27464
1000000.0,1554650.5,-554650.5,554650.5,55.46505
960000.0,1264190.4,-304190.38,304190.38,31.686497
1300000.0,1279163.8,20836.25,20836.25,1.6027884
2388000.0,1029525.0,1358475.0,1358475.0,56.88756
1000000.0,1310698.1,-310698.12,310698.12,31.069813
1500000.0,1302873.5,197126.5,197126.5,13.141767
1600000.0,1140949.1,459050.88,459050.88,28.690681
600000.0,1359303.8,-759303.75,759303.75,126.55063
800000.0,1217923.9,-417923.88,417923.88,52.240486
624000.0,1364975.6,-740975.6,740975.6,118.74609
1530000.0,1265447.9,264552.12,264552.12,17.290989
1200000.0,877014.9,322985.12,322985.12,26.915428
720000.0,1070773.6,-350773.62,350773.62,48.71856
750000.0,1318075.5,-568075.5,568075.5,75.7434
1050000.0,1299541.8,-249541.75,249541.75,23.76588
1100000.0,1237634.6,-137634.62,137634.62,12.5122385
840000.0,1110395.8,-270395.75,270395.75,32.189972
950000.0,1360895.4,-410895.38,410895.38,43.252144
693000.0,1116710.5,-423710.5,423710.5,61.141483
1400000.0,843463.6,556536.4,556536.4,39.752598
650000.0,1453461.0,-803461.0,803461.0,123.60939
600000.0,1272040.5,-672040.5,672040.5,112.006744
650000.0,1244340.4,-594340.4,594340.4,91.43698
500000.0,1227302.0,-727302.0,727302.0,145.4604
1300000.0,1382792.1,-82792.125,82792.125,6.368625
1000000.0,1299450.5,-299450.5,299450.5,29.94505
800000.0,1040171.7,-240171.69,240171.69,30.021461
620000.0,1154109.9,-534109.9,534109.9,86.14675
1800000.0,1203628.1,596371.9,596371.9,33.13177
1350000.0,1144657.5,205342.5,205342.5,15.210555
725000.0,1340675.4,-615675.4,615675.4,84.92074
800000.0,1103472.5,-303472.5,303472.5,37.934063
1250000.0,1244811.2,5188.75,5188.75,0.4151
1280000.0,1218512.5,61487.5,61487.5,4.803711
1008000.0,1180541.4,-172541.38,172541.38,17.117199
7500000.0,1103919.1,6396081.0,6396081.0,85.28108
800000.0,1115989.0,-315989.0,315989.0,39.498623
800000.0,1111063.0,-311063.0,311063.0,38.882874
1056000.0,1283594.5,-227594.5,227594.5,21.55251
1000000.0,1263221.0,-263221.0,263221.0,26.3221
1020000.0,1491626.5,-471626.5,471626.5,46.237892
400000.0,1260185.1,-860185.1,860185.1,215.04628
800000.0,1034657.25,-234657.25,234657.25,29.332155
900000.0,1277779.0,-377779.0,377779.0,41.975445
792000.0,1274730.5,-482730.5,482730.5,60.95082
920000.0,1226145.6,-306145.62,306145.62,33.2767
900000.0,1244290.0,-344290.0,344290.0,38.254444
850000.0,1238080.2,-388080.25,388080.25,45.656498
1650000.0,1419047.4,230952.62,230952.62,13.9971285
650000.0,1284566.8,-634566.75,634566.75,97.625656
851200.0,1390097.0,-538897.0,538897.0,63.310265
700000.0,1213192.1,-513192.12,513192.12,73.313156
1401680.0,1257900.4,143779.62,143779.62,10.257665
780000.0,1116343.1,-336343.12,336343.12,43.120914
3000000.0,1269867.1,1730132.9,1730132.9,57.671093
1080000.0,1130737.4,-50737.375,50737.375,4.697905
550000.0,1313905.6,-763905.6,763905.6,138.89194
5000000.0,1289321.6,3710678.5,3710678.5,74.21357
65000000.0,1234862.6,63765136.0,63765136.0,98.10021
1020000.0,1491626.5,-471626.5,471626.5,46.237892
700000.0,1250707.5,-550707.5,550707.5,78.6725
700000.0,1264421.2,-564421.25,564421.25,80.63161
1060000.0,1102064.8,-42064.75,42064.75,3.9683726
1380000.0,1282759.4,97240.625,97240.625,7.0464225
2000000.0,1202347.1,797652.9,797652.9,39.882645
1020000.0,1294051.6,-274051.62,274051.62,26.867807
4950000.0,1228982.4,3721017.5,3721017.5,75.17207
2000000.0,1282117.1,717882.9,717882.9,35.894142
1000000.0,1349431.6,-349431.62,349431.62,34.943165
2660000.0,1219781.6,1440218.4,1440218.4,54.143547
1812000.0,1228396.2,583603.75,583603.75,32.207714
650000.0,1147769.8,-497769.75,497769.75,76.57996
1400000.0,1263098.2,136901.75,136901.75,9.778696
1720000.0,1184312.2,535687.75,535687.75,31.144636
500000.0,1088212.5,-588212.5,588212.5,117.6425
800000.0,1237493.1,-437493.12,437493.12,54.68664
806000.0,1219871.2,-413871.25,413871.25,51.34879
610000.0,1306546.2,-696546.25,696546.25,114.18791
700000.0,1284761.4,-584761.4,584761.4,83.53734
1030000.0,1256828.2,-226828.25,226828.25,22.022161
1587200.0,1004339.1,582860.9,582860.9,36.722584
1100000.0,1223126.5,-123126.5,123126.5,11.193318
1520000.0,1274878.6,245121.38,245121.38,16.126406
1500000.0,2000294.5,-500294.5,500294.5,33.352966
700000.0,1495443.1,-795443.1,795443.1,113.63473
500000.0,1218672.4,-718672.4,718672.4,143.73448
950000.0,1142804.4,-192804.38,192804.38,20.295197
700000.0,871182.1,-171182.12,171182.12,24.45459
800000.0,1227350.0,-427350.0,427350.0,53.41875
694900.0,1174192.2,-479292.25,479292.25,68.97284
612000.0,1198299.5,-586299.5,586299.5,95.800575
600000.0,1149378.6,-549378.6,549378.6,91.5631
1279500.0,1295298.0,-15798.0,15798.0,1.234701
700000.0,1212084.1,-512084.12,512084.12,73.15487
1050000.0,1422033.2,-372033.25,372033.25,35.431736
624500.0,1244258.9,-619758.9,619758.9,99.24081
650000.0,1244184.8,-594184.75,594184.75,91.41304
700000.0,1168563.8,-468563.75,468563.75,66.937675
889200.0,1234936.8,-345736.75,345736.75,38.881775
1200000.0,1212352.8,-12352.75,12352.75,1.0293958
705000.0,1246331.5,-541331.5,541331.5,76.78461
900000.0,1315615.8,-415615.75,415615.75,46.179527
720000.0,1233234.4,-513234.38,513234.38,71.282555
1620000.0,1256662.1,363337.88,363337.88,22.428265
550000.0,1209374.6,-659374.6,659374.6,119.88629
1500000.0,1019353.06,480646.94,480646.94,32.04313
1280000.0,1280899.2,-899.25,899.25,0.07025391
950000.0,1342636.0,-392636.0,392636.0,41.330105
1000000.0,1215983.6,-215983.62,215983.62,21.598362
1291500.0,1259490.5,32009.5,32009.5,2.4784746
800000.0,1251980.4,-451980.38,451980.38,56.497543
1110000.0,1178745.2,-68745.25,68745.25,6.193266
900000.0,1263733.9,-363733.88,363733.88,40.414875
880000.0,1391317.2,-511317.25,511317.25,58.104237
700000.0,1212084.1,-512084.12,512084.12,73.15487
1000000.0,1350302.8,-350302.75,350302.75,35.030277
1160000.0,1278362.1,-118362.125,118362.125,10.203631
600000.0,1342272.6,-742272.6,742272.6,123.7121
818969.0,1316392.5,-497423.5,497423.5,60.73777
600000.0,1222075.8,-622075.75,622075.75,103.67929
860000.0,1241107.9,-381107.88,381107.88,44.31487
1400000.0,1119413.9,280586.12,280586.12,20.041866
1000000.0,1388235.4,-388235.38,388235.38,38.823536
800000.0,1477077.1,-677077.1,677077.1,84.634636
750000.0,873797.4,-123797.375,123797.375,16.506317
750000.0,1319384.5,-569384.5,569384.5,75.91794
1400000.0,1202466.0,197534.0,197534.0,14.109571
956000.0,1241729.4,-285729.38,285729.38,29.88801
600000.0,1371682.6,-771682.6,771682.6,128.61377
900000.0,1233935.0,-333935.0,333935.0,37.10389
1400000.0,1285759.4,114240.625,114240.625,8.160045
1067000.0,1243503.4,-176503.38,176503.38,16.542023
935000.0,1275925.8,-340925.75,340925.75,36.462646
2000000.0,1075513.9,924486.1,924486.1,46.224304
1000000.0,1220556.1,-220556.12,220556.12,22.055613
730000.0,1327421.4,-597421.4,597421.4,81.83854
1400000.0,1315902.5,84097.5,84097.5,6.006964
600000.0,1342236.6,-742236.6,742236.6,123.7061
580500.0,1231434.2,-650934.25,650934.25,112.13337
650000.0,1278810.4,-628810.4,628810.4,96.74005
804000.0,1464920.5,-660920.5,660920.5,82.20404
2280000.0,1098706.8,1181293.2,1181293.2,51.811104
800000.0,1074245.6,-274245.62,274245.62,34.2807
1480000.0,1262258.5,217741.5,217741.5,14.712264
1080000.0,1219003.6,-139003.62,139003.62,12.870707
600000.0,1234867.4,-634867.4,634867.4,105.811226
841000.0,1273126.5,-432126.5,432126.5,51.382465
1030000.0,1220392.9,-190392.88,190392.88,18.484745
712000.0,961097.7,-249097.69,249097.69,34.98563
1250000.0,1279215.1,-29215.125,29215.125,2.3372102
2160000.0,1207133.2,952866.75,952866.75,44.1142
850000.0,1274062.0,-424062.0,424062.0,49.88965
3250000.0,1263749.9,1986250.1,1986250.1,61.11539
750000.0,1442148.9,-692148.9,692148.9,92.286514
850000.0,1117960.8,-267960.75,267960.75,31.524796
1600000.0,1229324.1,370675.88,370675.88,23.167242
600000.0,1412406.9,-812406.9,812406.9,135.40114
1000000.0,1198903.8,-198903.75,198903.75,19.890375
800000.0,1248550.2,-448550.25,448550.25,56.068783
1100000.0,1284115.2,-184115.25,184115.25,16.737751
1008000.0,1259566.2,-251566.25,251566.25,24.95697
750000.0,1230502.4,-480502.38,480502.38,64.066986
927500.0,1318085.2,-390585.25,390585.25,42.111618
800000.0,1265828.4,-465828.38,465828.38,58.228546
1100000.0,1071212.0,28788.0,28788.0,2.617091
1440000.0,1226213.9,213786.12,213786.12,14.846259
900000.0,1360853.5,-460853.5,460853.5,51.205944
570000.0,999799.3,-429799.3,429799.3,75.40339
2400000.0,1204081.5,1195918.5,1195918.5,49.829937
720400.0,1198233.2,-477833.25,477833.25,66.32888
1160000.0,1257817.2,-97817.25,97817.25,8.432522
700000.0,1223742.2,-523742.25,523742.25,74.82032
1770000.0,1178051.1,591948.9,591948.9,33.44344
765000.0,1230848.2,-465848.25,465848.25,60.8952
1400000.0,1108519.0,291481.0,291481.0,20.82007
1200000.0,1237632.5,-37632.5,37632.5,3.1360416
1600000.0,1217462.6,382537.38,382537.38,23.908585
1370500.0,1272860.2,97639.75,97639.75,7.124389
2000000.0,1217609.2,782390.75,782390.75,39.119537
790000.0,1164077.5,-374077.5,374077.5,47.35158
800000.0,1381551.8,-581551.75,581551.75,72.69397
1080000.0,1204238.4,-124238.375,124238.375,11.503553
2250000.0,1428475.2,821524.75,821524.75,36.51221
600000.0,1111987.6,-511987.62,511987.62,85.331276
588000.0,1214188.0,-626188.0,626188.0,106.49456
1082000.0,1245022.8,-163022.75,163022.75,15.066798
1000000.0,1350302.8,-350302.75,350302.75,35.030277
1100000.0,1257064.4,-157064.38,157064.38,14.278581
750000.0,1271556.2,-521556.25,521556.25,69.54083
560000.0,1197917.5,-637917.5,637917.5,113.91383
1200000.0,1359628.8,-159628.75,159628.75,13.302396
600000.0,1270278.4,-670278.4,670278.4,111.713066
2100000.0,1268182.5,831817.5,831817.5,39.610355
1150000.0,1204715.5,-54715.5,54715.5,4.7578697
1200000.0,1088526.8,111473.25,111473.25,9.289437
717360.0,1284553.4,-567193.4,567193.4,79.06677
750000.0,1241764.2,-491764.25,491764.25,65.568565
1620000.0,1105893.1,514106.88,514106.88,31.734991
1680000.0,1191241.2,488758.75,488758.75,29.092783
670000.0,1281524.2,-611524.25,611524.25,91.27228
1500000.0,1252578.6,247421.38,247421.38,16.494759
2172000.0,1034664.4,1137335.6,1137335.6,52.36352
800000.0,1278472.1,-478472.12,478472.12,59.809017
1000000.0,1345725.5,-345725.5,345725.5,34.57255
1700000.0,1296111.6,403888.38,403888.38,23.75814
2000000.0,1163500.0,836500.0,836500.0,41.825
1300000.0,1287480.5,12519.5,12519.5,0.9630385
920000.0,1253527.2,-333527.25,333527.25,36.25296
650000.0,1122643.1,-472643.12,472643.12,72.714325
500000.0,1262509.9,-762509.9,762509.9,152.50198
770000.0,1269376.9,-499376.88,499376.88,64.85414
1100000.0,1431721.4,-331721.38,331721.38,30.156487
2278000.0,1172712.8,1105287.2,1105287.2,48.520073
1100000.0,1219800.2,-119800.25,119800.25,10.890932
1260000.0,1218554.0,41446.0,41446.0,3.289365
1200000.0,1260236.5,-60236.5,60236.5,5.019708
600000.0,1093866.4,-493866.38,493866.38,82.311066
1000000.0,1241729.4,-241729.38,241729.38,24.172937
700000.0,1137833.8,-437833.75,437833.75,62.547676
1000000.0,1357267.0,-357267.0,357267.0,35.7267
840000.0,1291280.8,-451280.75,451280.75,53.7239
900000.0,1223742.2,-323742.25,323742.25,35.971363
1800000.0,1249264.5,550735.5,550735.5,30.596416
1600000.0,1262389.2,337610.75,337610.75,21.100672
2450000.0,1234736.4,1215263.6,1215263.6,49.602596
1000000.0,1198353.0,-198353.0,198353.0,19.8353
900000.0,1360853.5,-460853.5,460853.5,51.205944
640000.0,1145621.9,-505621.88,505621.88,79.00342
900000.0,1239711.8,-339711.75,339711.75,37.74575
800000.0,1459248.5,-659248.5,659248.5,82.40606
688000.0,1127901.2,-439901.25,439901.25,63.939137
800000.0,1219336.0,-419336.0,419336.0,52.417
1128000.0,1103171.2,24828.75,24828.75,2.2011302
1224000.0,1267488.0,-43488.0,43488.0,3.5529413
3000000.0,1229320.1,1770679.9,1770679.9,59.022667
850000.0,1673214.4,-823214.4,823214.4,96.84875
1500000.0,1284826.8,215173.25,215173.25,14.344883
1700000.0,1278957.6,421042.38,421042.38,24.767199
1374625.0,1113859.4,260765.62,260765.62,18.969946
1000000.0,1300936.2,-300936.25,300936.25,30.093626
1558000.0,1270798.9,287201.12,287201.12,18.433962
1147500.0,1276740.1,-129240.125,129240.125,11.262755
680000.0,1249955.6,-569955.6,569955.6,83.817
1400000.0,1229050.4,170949.62,170949.62,12.210688
690000.0,1118272.2,-428272.25,428272.25,62.068443
1320000.0,1240958.9,79041.125,79041.125,5.987964
960000.0,1313390.8,-353390.75,353390.75,36.811535
1200000.0,1151787.6,48212.375,48212.375,4.017698
1768800.0,1286619.2,482180.75,482180.75,27.260334
1260000.0,1268528.1,-8528.125,8528.125,0.6768353
1560000.0,1231744.4,328255.62,328255.62,21.042027
1000000.0,1219857.5,-219857.5,219857.5,21.98575
400000.0,1380740.2,-980740.25,980740.25,245.18506
650000.0,1338252.2,-688252.25,688252.25,105.88496
800000.0,1253155.6,-453155.62,453155.62,56.64445
900000.0,1221911.0,-321911.0,321911.0,35.76789
1200000.0,1093015.8,106984.25,106984.25,8.915355
450000.0,1196904.5,-746904.5,746904.5,165.97878
650000.0,1174812.4,-524812.4,524812.4,80.740364
1200000.0,1141602.0,58398.0,58398.0,4.8665
1170000.0,1314294.0,-144294.0,144294.0,12.33282
1318600.0,1290636.1,27963.875,27963.875,2.1207247
3465000.0,1300280.9,2164719.0,2164719.0,62.47385
1280000.0,1307177.4,-27177.375,27177.375,2.1232324
700000.0,1618429.2,-918429.25,918429.25,131.20418
900000.0,1248103.4,-348103.38,348103.38,38.67815
2856000.0,1229780.4,1626219.6,1626219.6,56.94046
2560000.0,1289143.6,1270856.4,1270856.4,49.64283
900000.0,1149392.4,-249392.38,249392.38,27.710264
905775.0,1074446.9,-168671.88,168671.88,18.62183
1000000.0,1103780.8,-103780.75,103780.75,10.378075
500000.0,1239634.8,-739634.75,739634.75,147.92696
500000.0,1188549.4,-688549.4,688549.4,137.70988
1656000.0,1134011.8,521988.25,521988.25,31.521029
695000.0,1141127.1,-446127.12,446127.12,64.190956
750000.0,1168381.5,-418381.5,418381.5,55.784203
1420000.0,1171153.0,248847.0,248847.0,17.524437
893500.0,1266854.5,-373354.5,373354.5,41.785618
788000.0,1311293.2,-523293.25,523293.25,66.40777
790000.0,1210402.1,-420402.12,420402.12,53.215454
675000.0,1316804.1,-641804.1,641804.1,95.08209
700000.0,1263886.0,-563886.0,563886.0,80.55514
936000.0,1385817.4,-449817.38,449817.38,48.05741
700000.0,1228567.2,-528567.25,528567.25,75.509605
558720.0,1136895.2,-578175.25,578175.25,103.48212
600000.0,1218493.1,-618493.1,618493.1,103.08219
1400000.0,1411583.8,-11583.75,11583.75,0.8274107
950000.0,1250562.0,-300562.0,300562.0,31.638107
5870000.0,1151077.5,4718922.5,4718922.5,80.3905
800000.0,1235557.5,-435557.5,435557.5,54.444687
2300000.0,1202473.8,1097526.2,1097526.2,47.718533
2120000.0,1162928.4,957071.6,957071.6,45.14489
800000.0,1263697.8,-463697.75,463697.75,57.96222
1400000.0,1235292.8,164707.25,164707.25,11.764804
1000000.0,1228098.0,-228098.0,228098.0,22.809801
588000.0,1341592.9,-753592.9,753592.9,128.16205
950000.0,1249394.2,-299394.25,299394.25,31.515184
500000.0,1220512.1,-720512.1,720512.1,144.10243
850000.0,1294565.1,-444565.12,444565.12,52.30178
588000.0,1284247.6,-696247.6,696247.6,118.409454
601500.0,1269116.8,-667616.75,667616.75,110.99198
850000.0,1270691.9,-420691.88,420691.88,49.49316
500000.0,1227252.4,-727252.4,727252.4,145.45047
1000000.0,1288231.5,-288231.5,288231.5,28.823149
705793.0,1176265.1,-470472.12,470472.12,66.65866
927500.0,1076099.5,-148599.5,148599.5,16.02151
600000.0,1316322.0,-716322.0,716322.0,119.38699
745000.0,1314643.2,-569643.25,569643.25,76.46218
1907200.0,1072284.0,834916.0,834916.0,43.777054
1200000.0,1224246.8,-24246.75,24246.75,2.0205624
1100000.0,1145394.0,-45394.0,45394.0,4.126727
570000.0,1347030.5,-777030.5,777030.5,136.32114
760000.0,1211800.1,-451800.12,451800.12,59.447384
1000000.0,1233955.6,-233955.62,233955.62,23.395561
900000.0,1274443.6,-374443.62,374443.62,41.604847
7290000.0,1250442.2,6039558.0,6039558.0,82.84716
1000000.0,1314877.2,-314877.25,314877.25,31.487724
620000.0,1310343.5,-690343.5,690343.5,111.34572
720000.0,1106923.1,-386923.12,386923.12,53.739323
1200000.0,1270325.9,-70325.875,70325.875,5.86049
500000.0,1185884.9,-685884.9,685884.9,137.17697
1200000.0,877014.9,322985.12,322985.12,26.915428
2500000.0,1264387.0,1235613.0,1235613.0,49.42452
1440000.0,1221305.8,218694.25,218694.25,15.187101
920000.0,1335828.4,-415828.38,415828.38,45.198734
1000000.0,1209886.4,-209886.38,209886.38,20.988638
1500000.0,1286558.4,213441.62,213441.62,14.229443
800000.0,1253251.6,-453251.62,453251.62,56.656456
2923250.0,1084520.0,1838730.0,1838730.0,62.900196
1500000.0,1207472.5,292527.5,292527.5,19.501833
850000.0,1186713.0,-336713.0,336713.0,39.613297
650000.0,1122130.0,-472130.0,472130.0,72.63538
290000.0,1308990.1,-1018990.1,1018990.1,351.37592
2186800.0,1169305.5,1017494.5,1017494.5,46.528923
1755000.0,1355064.1,399935.88,399935.88,22.78837
500000.0,1050996.0,-550996.0,550996.0,110.1992
1100000.0,1255641.0,-155641.0,155641.0,14.149181
775000.0,1275166.1,-500166.12,500166.12,64.53757
2400000.0,1192327.0,1207673.0,1207673.0,50.319706
1250000.0,1191663.1,58336.875,58336.875,4.66695
1400000.0,1099945.4,300054.62,300054.62,21.432472
580000.0,1236167.1,-656167.1,656167.1,113.13226
1200000.0,1554647.8,-354647.75,354647.75,29.55398
1800000.0,1269325.2,530674.75,530674.75,29.48193
3400000.0,1267110.9,2132889.0,2132889.0,62.73203
2060000.0,1140588.5,919411.5,919411.5,44.631626
2780000.0,1279965.5,1500034.5,1500034.5,53.958076
1600000.0,1218532.5,381467.5,381467.5,23.841719
1044250.0,1274290.1,-230040.12,230040.12,22.029219
700000.0,1193808.1,-493808.12,493808.12,70.544014
1023000.0,1177828.9,-154828.88,154828.88,15.134788
970000.0,1196717.2,-226717.25,226717.25,23.372913
650000.0,1279105.8,-629105.75,629105.75,96.7855
1500000.0,1359747.2,140252.75,140252.75,9.3501835
900000.0,1329297.5,-429297.5,429297.5,47.699722
780000.0,1325277.0,-545277.0,545277.0,69.90731
550000.0,1109759.8,-559759.75,559759.75,101.774506
1000000.0,1162865.6,-162865.62,162865.62,16.286562
1229000.0,1243788.9,-14788.875,14788.875,1.2033259
850000.0,1146053.0,-296053.0,296053.0,34.829765
1680000.0,1353915.6,326084.38,326084.38,19.409784
1812000.0,1247334.0,564666.0,564666.0,31.162584
840000.0,1247122.4,-407122.38,407122.38,48.46695
1200000.0,1251325.8,-51325.75,51325.75,4.277146
850000.0,1276270.5,-426270.5,426270.5,50.14947
1250000.0,1224298.4,25701.625,25701.625,2.05613
1000000.0,1261518.1,-261518.12,261518.12,26.151812
690000.0,1250008.1,-560008.1,560008.1,81.1606
850000.0,1101115.2,-251115.25,251115.25,29.54297
1900000.0,1137682.1,762317.9,762317.9,40.121994
750000.0,1226403.4,-476403.38,476403.38,63.52045
800000.0,1280058.4,-480058.38,480058.38,60.007298
435000.0,1178630.9,-743630.9,743630.9,170.94963
900000.0,2649343.8,-1749343.8,1749343.8,194.37154
2560000.0,1063697.6,1496302.4,1496302.4,58.44931
1200000.0,1170790.0,29210.0,29210.0,2.4341667
500000.0,1143830.0,-643830.0,643830.0,128.766
840000.0,1186223.1,-346223.12,346223.12,41.217037
750000.0,1258547.9,-508547.88,508547.88,67.80638
780000.0,1235687.8,-455687.75,455687.75,58.421505
1171760.0,1208317.5,-36557.5,36557.5,3.1198795
700000.0,1189428.2,-489428.25,489428.25,69.91832
1012000.0,1274802.2,-262802.25,262802.25,25.968603
737250.0,1332838.6,-595588.6,595588.6,80.785164
1200000.0,1321948.8,-121948.75,121948.75,10.162396
1015000.0,1225988.5,-210988.5,210988.5,20.787045
1000000.0,1115960.9,-115960.875,115960.875,11.596087
1800000.0,1240697.0,559303.0,559303.0,31.07239
600000.0,1180550.6,-580550.6,580550.6,96.75844
660000.0,1210439.2,-550439.25,550439.25,83.39989
1700000.0,1226863.4,473136.62,473136.62,27.831566
5000000.0,1106734.9,3893265.0,3893265.0,77.8653
1000000.0,1271529.4,-271529.38,271529.38,27.152937
960000.0,1164742.9,-204742.88,204742.88,21.327383
1260000.0,1290714.4,-30714.375,30714.375,2.4376488
1340000.0,1264190.4,75809.625,75809.625,5.657435
800000.0,1314594.1,-514594.12,514594.12,64.324265
2560000.0,1372775.0,1187225.0,1187225.0,46.375977
876000.0,1387747.6,-511747.62,511747.62,58.41868
1190000.0,1287296.0,-97296.0,97296.0,8.176134
936000.0,1393111.8,-457111.75,457111.75,48.836727
1150000.0,1492937.4,-342937.38,342937.38,29.820642
1350000.0,1266229.4,83770.625,83770.625,6.205231
971000.0,1248238.6,-277238.62,277238.62,28.551868
1300000.0,882848.94,417151.06,417151.06,32.088543
700000.0,1121739.9,-421739.88,421739.88,60.248554
3000000.0,1203373.1,1796626.9,1796626.9,59.887566
1125000.0,1030240.44,94759.56,94759.56,8.423072
759600.0,1144671.5,-385071.5,385071.5,50.69398
600000.0,1186404.9,-586404.9,586404.9,97.734146
800000.0,1238472.4,-438472.38,438472.38,54.809044
942000.0,1281361.5,-339361.5,339361.5,36.02564
756000.0,1272420.0,-516420.0,516420.0,68.309525
1650000.0,1350929.0,299071.0,299071.0,18.125515
580500.0,1514292.8,-933792.75,933792.75,160.86008
1350000.0,1766200.9,-416200.88,416200.88,30.829695
1170000.0,1267926.6,-97926.625,97926.625,8.369797
550000.0,1356815.5,-806815.5,806815.5,146.69373
700000.0,1227747.4,-527747.4,527747.4,75.39249
2000000.0,1065102.1,934897.9,934897.9,46.744896
1420000.0,1268842.5,151157.5,151157.5,10.644894
1000000.0,1208209.1,-208209.12,208209.12,20.820913
2808000.0,1273413.8,1534586.2,1534586.2,54.65051
990000.0,1264424.2,-274424.25,274424.25,27.71962
2750000.0,1262754.6,1487245.4,1487245.4,54.08165
900000.0,1234449.4,-334449.38,334449.38,37.16104
1150000.0,1198518.9,-48518.875,48518.875,4.2190323
1248000.0,1122854.4,125145.625,125145.625,10.027694
2540000.0,1038224.6,1501775.4,1501775.4,59.12501
1850000.0,1208352.4,641647.6,641647.6,34.683655
1000000.0,1241240.1,-241240.12,241240.12,24.124012
600000.0,1126392.5,-526392.5,526392.5,87.732086
800000.0,1381486.8,-581486.75,581486.75,72.685844
700000.0,976492.5,-276492.5,276492.5,39.498928
1800000.0,1322941.0,477059.0,477059.0,26.503277
1530000.0,1278810.4,251189.62,251189.62,16.417622
730000.0,1236597.9,-506597.88,506597.88,69.396965
1200000.0,1268611.5,-68611.5,68611.5,5.717625
665000.0,1198006.0,-533006.0,533006.0,80.151276
63000000.0,1219587.6,61780412.0,61780412.0,98.06415
700000.0,1145524.1,-445524.12,445524.12,63.646305
1461200.0,1283980.2,177219.75,177219.75,12.12837
600000.0,1284548.8,-684548.75,684548.75,114.09145
700000.0,1024602.0,-324602.0,324602.0,46.37171
500000.0,1376235.4,-876235.4,876235.4,175.24707
700000.0,1270932.8,-570932.75,570932.75,81.56182
2180000.0,1203123.2,976876.75,976876.75,44.81086
1800000.0,1257102.2,542897.75,542897.75,30.160988
800000.0,1283936.6,-483936.62,483936.62,60.49208
1010000.0,1166689.5,-156689.5,156689.5,15.513812
1170000.0,1049357.8,120642.25,120642.25,10.311303
700000.0,1281856.1,-581856.1,581856.1,83.1223
900000.0,1252082.5,-352082.5,352082.5,39.120277
800000.0,1275949.0,-475949.0,475949.0,59.493626
1050000.0,1313209.4,-263209.38,263209.38,25.067558
560000.0,1227482.8,-667482.75,667482.75,119.19335
740000.0,1141293.5,-401293.5,401293.5,54.228855
1000000.0,1152535.5,-152535.5,152535.5,15.25355
785000.0,1104219.2,-319219.25,319219.25,40.66487
1250000.0,1214642.4,35357.625,35357.625,2.82861
850000.0,1239925.1,-389925.12,389925.12,45.873543
742500.0,1101629.2,-359129.25,359129.25,48.367577
900000.0,1205049.8,-305049.75,305049.75,33.894417
1000000.0,1068975.6,-68975.625,68975.625,6.897563
600000.0,1242238.0,-642238.0,642238.0,107.039665
810000.0,1207628.8,-397628.75,397628.75,49.08997
1000000.0,1398759.5,-398759.5,398759.5,39.87595
1200000.0,1279694.5,-79694.5,79694.5,6.641208
550000.0,1026682.2,-476682.2,476682.2,86.66949
832000.0,1149647.6,-317647.62,317647.62,38.178802
1010000.0,1270132.8,-260132.75,260132.75,25.755718
850000.0,1216941.5,-366941.5,366941.5,43.169586
692400.0,1128952.2,-436552.25,436552.25,63.049145
577000.0,1364975.6,-787975.6,787975.6,136.56422
1000000.0,1184190.9,-184190.88,184190.88,18.419086
1300000.0,1283851.6,16148.375,16148.375,1.2421827
2360000.0,1382771.0,977229.0,977229.0,41.40801
540000.0,1280330.0,-740330.0,740330.0,137.09814
688000.0,1359977.1,-671977.1,671977.1,97.67109
1000000.0,1278095.0,-278095.0,278095.0,27.809502
1530000.0,1216890.5,313109.5,313109.5,20.464674
500000.0,1091103.5,-591103.5,591103.5,118.220695
500000.0,1269953.4,-769953.4,769953.4,153.99068
1245000.0,1393068.9,-148068.88,148068.88,11.893083
820000.0,1280962.8,-460962.75,460962.75,56.21497
765000.0,1203755.6,-438755.62,438755.62,57.353676
650000.0,1380636.2,-730636.25,730636.25,112.40557
1800000.0,1201657.4,598342.6,598342.6,33.241257
910000.0,1226547.2,-316547.25,316547.25,34.78541
1840000.0,1220421.2,619578.75,619578.75,33.67276
598000.0,1357731.0,-759731.0,759731.0,127.04532
1234500.0,1295482.8,-60982.75,60982.75,4.939874
600000.0,1135239.8,-535239.75,535239.75,89.20663
1015000.0,1184945.6,-169945.62,169945.62,16.743412
1020000.0,1214804.8,-194804.75,194804.75,19.098505
1404000.0,1154908.0,249092.0,249092.0,17.741594
1097000.0,1269974.1,-172974.12,172974.12,15.767924
1260000.0,1252561.1,7438.875,7438.875,0.59038687
900000.0,1242240.1,-342240.12,342240.12,38.02668
1800000.0,1274226.4,525773.6,525773.6,29.209646
840000.0,1138901.8,-298901.75,298901.75,35.58354
980000.0,1248456.8,-268456.75,268456.75,27.393547
2500000.0,869985.3,1630014.8,1630014.8,65.20059
1000000.0,1220238.8,-220238.75,220238.75,22.023874
900000.0,1270912.6,-370912.62,370912.62,41.212513
843000.0,1102047.6,-259047.62,259047.62,30.729256
600000.0,1244719.2,-644719.25,644719.25,107.4532
900000.0,1359500.0,-459500.0,459500.0,51.055557
719200.0,1258460.5,-539260.5,539260.5,74.980606
5000000.0,1213325.4,3786674.5,3786674.5,75.73349
700000.0,1117852.0,-417852.0,417852.0,59.693146
1500000.0,1257712.4,242287.62,242287.62,16.152508
2500000.0,1335725.8,1164274.2,1164274.2,46.57097
860000.0,1232274.4,-372274.38,372274.38,43.28772
750000.0,1187453.2,-437453.25,437453.25,58.327103
800000.0,1683921.4,-883921.4,883921.4,110.490166
1862000.0,1333427.0,528573.0,528573.0,28.387379
1460000.0,1162765.8,297234.25,297234.25,20.358511
669200.0,1326349.6,-657149.6,657149.6,98.19929
500000.0,1284408.8,-784408.75,784408.75,156.88174
1400000.0,1217705.1,182294.88,182294.88,13.021062
1267140.0,1175397.2,91742.75,91742.75,7.2401433
1200000.0,1148448.2,51551.75,51551.75,4.295979
1400000.0,1276116.2,123883.75,123883.75,8.848839
1238800.0,1278265.2,-39465.25,39465.25,3.1857643
900000.0,1194065.5,-294065.5,294065.5,32.673943
1100000.0,1204119.1,-104119.125,104119.125,9.465375
700000.0,1263614.9,-563614.9,563614.9,80.51641
560000.0,3370507.5,-2810507.5,2810507.5,501.87634
700000.0,1161725.4,-461725.38,461725.38,65.96076
980000.0,1399109.6,-419109.62,419109.62,42.76629
900000.0,1204820.9,-304820.88,304820.88,33.868988
1800000.0,1323124.4,476875.62,476875.62,26.49309
1012500.0,1274698.0,-262198.0,262198.0,25.8961
500000.0,1211846.0,-711846.0,711846.0,142.3692
800000.0,1269668.6,-469668.62,469668.62,58.70858
1700000.0,2161989.8,-461989.75,461989.75,27.175867
1000000.0,1350302.8,-350302.75,350302.75,35.030277
1020000.0,1279474.9,-259474.88,259474.88,25.438713
1130000.0,1197656.8,-67656.75,67656.75,5.9873233
1298835.0,1169243.2,129591.75,129591.75,9.977537
1485000.0,1253397.1,231602.88,231602.88,15.596153
1098400.0,1279840.1,-181440.12,181440.12,16.518583
800000.0,1305989.1,-505989.12,505989.12,63.248642
1426500.0,1235903.5,190596.5,190596.5,13.361129
604500.0,1270747.8,-666247.75,666247.75,110.21468
1170000.0,1258833.0,-88833.0,88833.0,7.592564
724000.0,1183951.1,-459951.12,459951.12,63.529163
1545000.0,1270762.2,274237.75,274237.75,17.750015
1000000.0,1342007.9,-342007.88,342007.88,34.200787
900000.0,1110589.9,-210589.88,210589.88,23.398874
1500000.0,1246665.0,253335.0,253335.0,16.889
580000.0,1290550.4,-710550.4,710550.4,122.50868
2630000.0,1061509.4,1568490.6,1568490.6,59.638428
1500000.0,1272993.4,227006.62,227006.62,15.133774
650000.0,1027019.4,-377019.38,377019.38,58.00298
1900000.0,1245540.8,654459.25,654459.25,34.445225
1400000.0,1130447.6,269552.38,269552.38,19.25374
1400000.0,1178208.4,221791.62,221791.62,15.842258
970000.0,1315384.5,-345384.5,345384.5,35.60665
780000.0,1162702.8,-382702.75,382702.75,49.064453
1600000.0,1217329.2,382670.75,382670.75,23.916922
700000.0,1254241.5,-554241.5,554241.5,79.17735
430000.0,1267335.5,-837335.5,837335.5,194.72919
875000.0,1316642.6,-441642.62,441642.62,50.473446
1850000.0,1273285.9,576714.1,576714.1,31.173737
1900000.0,1231211.5,668788.5,668788.5,35.199394
1394000.0,1185294.8,208705.25,208705.25,14.971683
520000.0,1312704.1,-792704.1,792704.1,152.4431
600000.0,1225853.4,-625853.4,625853.4,104.30889
1350000.0,1223678.5,126321.5,126321.5,9.357148
1100000.0,1491626.5,-391626.5,391626.5,35.60241
882000.0,1245005.1,-363005.12,363005.12,41.157043
770000.0,1275064.9,-505064.88,505064.88,65.59284
1300000.0,1305624.9,-5624.875,5624.875,0.4326827
1000000.0,1554650.5,-554650.5,554650.5,55.46505
1000000.0,1391468.9,-391468.88,391468.88,39.14689
1400000.0,1287737.2,112262.75,112262.75,8.018768
1800000.0,1302606.9,497393.12,497393.12,27.632952
540000.0,1278477.4,-738477.4,738477.4,136.75507
882000.0,1327584.6,-445584.62,445584.62,50.5198
750000.0,1432343.8,-682343.75,682343.75,90.979164
1200000.0,1398829.2,-198829.25,198829.25,16.569105
700000.0,1365491.2,-665491.25,665491.25,95.070175
1320000.0,1274774.8,45225.25,45225.25,3.4261556
960000.0,1116225.1,-156225.12,156225.12,16.27345
850000.0,1208970.0,-358970.0,358970.0,42.231766
1125000.0,1218180.4,-93180.375,93180.375,8.282701
900000.0,1254463.2,-354463.25,354463.25,39.384808
1130000.0,1262996.9,-132996.88,132996.88,11.769635
2200000.0,1216361.9,983638.1,983638.1,44.710823
700000.0,1265567.2,-565567.25,565567.25,80.79533
1000000.0,1359215.1,-359215.12,359215.12,35.921513
588000.0,1264281.5,-676281.5,676281.5,115.01386
700000.0,1210176.6,-510176.62,510176.62,72.88237
780000.0,1265873.1,-485873.12,485873.12,62.291424
640000.0,1284497.0,-644497.0,644497.0,100.70265
2200000.0,1554650.5,645349.5,645349.5,29.334068
800000.0,1300724.1,-500724.12,500724.12,62.590515
1160000.0,1233257.2,-73257.25,73257.25,6.3152804
750000.0,1222742.0,-472742.0,472742.0,63.03227
600000.0,343214.16,256785.84,256785.84,42.79764
1600000.0,1079950.4,520049.62,520049.62,32.5031
1800000.0,1392954.5,407045.5,407045.5,22.613638
588000.0,1242815.0,-654815.0,654815.0,111.3631
2500000.0,1252736.6,1247263.4,1247263.4,49.890537
1600000.0,1155434.5,444565.5,444565.5,27.785343
700000.0,1169841.0,-469841.0,469841.0,67.12014
950000.0,1179299.8,-229299.75,229299.75,24.136816
750000.0,1336094.6,-586094.6,586094.6,78.14595
828000.0,1144482.4,-316482.38,316482.38,38.22251
500000.0,1187493.4,-687493.4,687493.4,137.49867
2160000.0,1089312.8,1070687.2,1070687.2,49.56885
900000.0,1274727.8,-374727.75,374727.75,41.636417
842400.0,1319003.2,-476603.25,476603.25,56.576836
1652800.0,1059139.2,593660.75,593660.75,35.918488
454500.0,1308327.6,-853827.6,853827.6,187.86086
970000.0,1360106.0,-390106.0,390106.0,40.217113
1300000.0,2566712.2,-1266712.2,1266712.2,97.4394
800000.0,1314086.1,-514086.12,514086.12,64.260765
1500000.0,1088705.0,411295.0,411295.0,27.419666
1600000.0,1274840.5,325159.5,325159.5,20.32247
650000.0,1135760.5,-485760.5,485760.5,74.73238
330000.0,1237544.9,-907544.9,907544.9,275.01358
1200000.0,1286143.8,-86143.75,86143.75,7.1786456
720000.0,1165317.5,-445317.5,445317.5,61.849655
800000.0,1122651.9,-322651.88,322651.88,40.331482
1330500.0,1164584.8,165915.25,165915.25,12.470142
580500.0,1261248.0,-680748.0,680748.0,117.26926
949660.0,1345957.8,-396297.75,396297.75,41.730488
600000.0,1307414.5,-707414.5,707414.5,117.90242
710000.0,1208152.8,-498152.75,498152.75,70.16236
900000.0,1232260.6,-332260.62,332260.62,36.917847
700000.0,1213192.1,-513192.12,513192.12,73.313156
700000.0,1214033.4,-514033.38,514033.38,73.43334
1020000.0,1260575.9,-240575.88,240575.88,23.585869
700000.0,1150896.6,-450896.62,450896.62,64.4138
900000.0,1552810.9,-652810.9,652810.9,72.534546
800000.0,1239696.2,-439696.25,439696.25,54.962032
850000.0,1258567.0,-408567.0,408567.0,48.066704
770000.0,1027968.7,-257968.69,257968.69,33.502426
1015000.0,1269848.6,-254848.62,254848.62,25.108238
625000.0,1224889.2,-599889.25,599889.25,95.98228
950000.0,1231710.8,-281710.75,281710.75,29.653763
650000.0,1227307.5,-577307.5,577307.5,88.81654
1500000.0,1268046.1,231953.88,231953.88,15.463593
980000.0,1117923.1,-137923.12,137923.12,14.073788
850000.0,1274873.1,-424873.12,424873.12,49.985077
1150000.0,1150899.5,-899.5,899.5,0.078217395
1950000.0,1257014.8,692985.25,692985.25,35.537704
500000.0,1251001.0,-751001.0,751001.0,150.2002
1675000.0,1149081.8,525918.25,525918.25,31.398106
1100000.0,1021477.25,78522.75,78522.75,7.138432
550000.0,1228158.1,-678158.1,678158.1,123.30148
1485000.0,1220804.1,264195.88,264195.88,17.790968
830000.0,1094913.8,-264913.75,264913.75,31.917318
600000.0,944335.4,-344335.38,344335.38,57.38923
758900.0,1241461.9,-482561.88,482561.88,63.587017
800000.0,1254060.6,-454060.62,454060.62,56.757576
650000.0,1178762.6,-528762.6,528762.6,81.3481
660000.0,1182044.6,-522044.62,522044.62,79.09767
650000.0,1332549.5,-682549.5,682549.5,105.007614
670000.0,1251223.0,-581223.0,581223.0,86.7497
1000000.0,1290407.1,-290407.12,290407.12,29.040712
1200000.0,1411752.8,-211752.75,211752.75,17.646063
750000.0,1352690.8,-602690.75,602690.75,80.358765
588000.0,1082497.0,-494497.0,494497.0,84.09813
881750.0,1382627.5,-500877.5,500877.5,56.80493
870000.0,1379530.0,-509530.0,509530.0,58.566666
750000.0,1093845.9,-343845.88,343845.88,45.846115
1600000.0,1289458.5,310541.5,310541.5,19.408844
700000.0,1088771.2,-388771.25,388771.25,55.53875
1000000.0,1307703.1,-307703.12,307703.12,30.770313
1050000.0,1030559.5,19440.5,19440.5,1.8514762
2300000.0,1224913.0,1075087.0,1075087.0,46.742912
500000.0,1271760.8,-771760.75,771760.75,154.35216
850000.0,1254579.8,-404579.75,404579.75,47.59762
974250.0,1182039.4,-207789.38,207789.38,21.328136
500000.0,1227764.0,-727764.0,727764.0,145.5528
960000.0,1787992.1,-827992.1,827992.1,86.249176
1500000.0,1192485.9,307514.12,307514.12,20.500942
540000.0,1224907.1,-684907.1,684907.1,126.834656
800000.0,1236033.5,-436033.5,436033.5,54.504185
600000.0,1031203.06,-431203.06,431203.06,71.86718
1000000.0,1231521.8,-231521.75,231521.75,23.152176
500000.0,1288075.9,-788075.9,788075.9,157.61517
700000.0,1122520.4,-422520.38,422520.38,60.360058
1350000.0,1262749.1,87250.875,87250.875,6.463028
670000.0,1236997.2,-566997.25,566997.25,84.62646
2440000.0,1240407.2,1199592.8,1199592.8,49.163635
800000.0,1122650.5,-322650.5,322650.5,40.331314
600000.0,1171925.2,-571925.25,571925.25,95.32088
950000.0,1125644.1,-175644.12,175644.12,18.488855
1920000.0,1246357.9,673642.1,673642.1,35.085526
720000.0,1248679.9,-528679.9,528679.9,73.42776
800000.0,1030236.94,-230236.94,230236.94,28.779617
1300000.0,1231871.5,68128.5,68128.5,5.240654
1250000.0,1965697.5,-715697.5,715697.5,57.2558
600000.0,1128183.2,-528183.25,528183.25,88.03054
741000.0,1246878.1,-505878.12,505878.12,68.26965
1560000.0,1277393.6,282606.38,282606.38,18.115793
1075000.0,1124241.4,-49241.375,49241.375,4.580593
1625000.0,1370647.8,254352.25,254352.25,15.652447
2811800.0,1193739.5,1618060.5,1618060.5,57.545364
800000.0,1209224.6,-409224.62,409224.62,51.153076
700000.0,1233227.0,-533227.0,533227.0,76.175285
1500000.0,1278918.0,221082.0,221082.0,14.7388
2097600.0,1176304.4,921295.6,921295.6,43.921417
600000.0,1140017.2,-540017.25,540017.25,90.00288
800000.0,1322140.9,-522140.88,522140.88,65.26761
2200000.0,1325493.4,874506.6,874506.6,39.7503
1402800.0,1272666.9,130133.125,130133.125,9.27667
782000.0,1267902.4,-485902.38,485902.38,62.135853
500000.0,1324948.9,-824948.9,824948.9,164.98978
600000.0,1281206.0,-681206.0,681206.0,113.53433
1400000.0,3748958.5,-2348958.5,2348958.5,167.78275
650000.0,2360306.0,-1710306.0,1710306.0,263.124
700000.0,1218027.0,-518027.0,518027.0,74.00386
1415600.0,1103286.8,312313.25,312313.25,22.062252
817000.0,1340820.1,-523820.12,523820.12,64.115074
1000000.0,1147380.2,-147380.25,147380.25,14.738025
1500000.0,1284826.8,215173.25,215173.25,14.344883
1000000.0,1217980.0,-217980.0,217980.0,21.798
1500000.0,1193545.8,306454.25,306454.25,20.430283
1260000.0,1225650.2,34349.75,34349.75,2.7261705
1600000.0,1283829.1,316170.88,316170.88,19.760681
650000.0,1226411.6,-576411.6,576411.6,88.67871
742000.0,1108796.9,-366796.88,366796.88,49.43354
1286000.0,1250791.4,35208.625,35208.625,2.7378402
1200000.0,1296728.4,-96728.375,96728.375,8.0606985
1100000.0,1095777.5,4222.5,4222.5,0.38386366
1530000.0,1179187.8,350812.25,350812.25,22.928905
900000.0,1141332.0,-241332.0,241332.0,26.814667
1400000.0,1477871.2,-77871.25,77871.25,5.562232
1500000.0,1162463.6,337536.38,337536.38,22.502426
650000.0,1453461.0,-803461.0,803461.0,123.60939
850000.0,1275292.8,-425292.75,425292.75,50.03444
3521500.0,1492205.9,2029294.1,2029294.1,57.625843
740000.0,1344387.6,-604387.6,604387.6,81.674
800000.0,1466266.1,-666266.1,666266.1,83.283264
630000.0,1371856.4,-741856.4,741856.4,117.75498
1550000.0,1282844.9,267155.12,267155.12,17.235813
900000.0,1411936.5,-511936.5,511936.5,56.881832
1200000.0,1248922.6,-48922.625,48922.625,4.076885
800000.0,1246582.1,-446582.12,446582.12,55.822765
1500000.0,1412535.4,87464.625,87464.625,5.830975
900000.0,1532627.8,-632627.75,632627.75,70.29197
1854000.0,1141374.6,712625.4,712625.4,38.437183
810400.0,1185911.1,-375511.12,375511.12,46.336517
1280000.0,1249194.2,30805.75,30805.75,2.4066992
490000.0,1397362.8,-907362.75,907362.75,185.17607
936000.0,1278852.4,-342852.38,342852.38,36.629528
3200000.0,1475731.5,1724268.5,1724268.5,53.883392
2125000.0,1135072.5,989927.5,989927.5,46.584824
845000.0,1393893.1,-548893.1,548893.1,64.95777
4158000.0,1247616.1,2910384.0,2910384.0,69.994804
1000000.0,1347929.1,-347929.12,347929.12,34.79291
1976000.0,1199933.5,776066.5,776066.5,39.27462
600000.0,1238290.1,-638290.1,638290.1,106.38169
1479000.0,1225381.0,253619.0,253619.0,17.148006
850000.0,1272836.1,-422836.12,422836.12,49.745426
800000.0,1381910.2,-581910.25,581910.25,72.73878
700000.0,1267800.1,-567800.1,567800.1,81.1143
650000.0,1270604.1,-620604.1,620604.1,95.477554
720000.0,3180299.0,-2460299.0,2460299.0,341.7082
1400000.0,1306604.4,93395.625,93395.625,6.671116
953000.0,1260385.6,-307385.62,307385.62,32.254524
798000.0,1204161.0,-406161.0,406161.0,50.897366
1216000.0,1297204.0,-81204.0,81204.0,6.6779604
640000.0,1350869.5,-710869.5,710869.5,111.073364
1920000.0,1207580.9,712419.1,712419.1,37.105164
950000.0,1232715.6,-282715.62,282715.62,29.759539
1420000.0,1184048.1,235951.88,235951.88,16.61633
1479000.0,1276632.0,202368.0,202368.0,13.682758
600000.0,1289912.2,-689912.25,689912.25,114.98537
3250000.0,1239414.6,2010585.4,2010585.4,61.864166
811000.0,1276696.6,-465696.62,465696.62,57.42252
387000.0,1219294.0,-832294.0,832294.0,215.06305
800000.0,1312219.9,-512219.88,512219.88,64.02748
1375000.0,1317600.9,57399.125,57399.125,4.174482
1083600.0,1175729.6,-92129.625,92129.625,8.50218
705000.0,1151271.8,-446271.75,446271.75,63.300957
1015000.0,1225908.4,-210908.38,210908.38,20.77915
1300000.0,1248550.2,51449.75,51449.75,3.957673
1532000.0,1304283.9,227716.12,227716.12,14.8639765
1400000.0,1290396.4,109603.625,109603.625,7.8288302
700000.0,1099825.2,-399825.25,399825.25,57.11789
1300000.0,1137531.2,162468.75,162468.75,12.497597
5800000.0,1103274.9,4696725.0,4696725.0,80.97802
1520000.0,1258754.2,261245.75,261245.75,17.18722
1050000.0,1142741.0,-92741.0,92741.0,8.832477
1610000.0,1029973.94,580026.06,580026.06,36.026463
2342000.0,1248656.1,1093343.9,1093343.9,46.684196
1200000.0,1317190.6,-117190.625,117190.625,9.765885
500000.0,1218392.4,-718392.4,718392.4,143.67847
700000.0,1186393.5,-486393.5,486393.5,69.48479
630000.0,1171611.0,-541611.0,541611.0,85.97
1692500.0,1248736.1,443763.88,443763.88,26.21943
650000.0,1278810.4,-628810.4,628810.4,96.74005
1160000.0,1220514.0,-60514.0,60514.0,5.216724
588000.0,1225207.5,-637207.5,637207.5,108.36862
5000000.0,1213343.9,3786656.0,3786656.0,75.733116
1400000.0,1248393.6,151606.38,151606.38,10.829027
900000.0,1265613.0,-365613.0,365613.0,40.62367
1700000.0,1220891.2,479108.75,479108.75,28.182867
900000.0,1422160.5,-522160.5,522160.5,58.017834
1823400.0,1409767.4,413632.62,413632.62,22.684689
800000.0,1255686.5,-455686.5,455686.5,56.960815
1170000.0,1417868.5,-247868.5,247868.5,21.18534
2790000.0,1230253.8,1559746.2,1559746.2,55.904884
800000.0,1227214.6,-427214.62,427214.62,53.40183
700000.0,1235617.9,-535617.9,535617.9,76.51684
650000.0,1370090.8,-720090.75,720090.75,110.783195
702000.0,1371856.4,-669856.4,669856.4,95.421135
1600000.0,1241729.4,358270.62,358270.62,22.391914
1600000.0,1352347.1,247652.88,247652.88,15.478304
550000.0,1272233.0,-722233.0,722233.0,131.3151
1200000.0,1439583.4,-239583.38,239583.38,19.96528
749000.0,1177591.1,-428591.12,428591.12,57.221775
2560000.0,1241729.4,1318270.6,1318270.6,51.494946
1170000.0,1437106.5,-267106.5,267106.5,22.829617
1310000.0,1299595.4,10404.625,10404.625,0.79424614
800000.0,1381551.8,-581551.75,581551.75,72.69397
500000.0,1262539.5,-762539.5,762539.5,152.5079
600000.0,1430622.6,-830622.6,830622.6,138.4371
1100000.0,1247047.6,-147047.62,147047.62,13.367966
1000000.0,1248090.5,-248090.5,248090.5,24.809052
850000.0,1270914.5,-420914.5,420914.5,49.519356
1500000.0,1198395.6,301604.38,301604.38,20.106958
1000000.0,1222327.1,-222327.12,222327.12,22.232714
800000.0,1256321.4,-456321.38,456321.38,57.040173
1350000.0,1244213.8,105786.25,105786.25,7.8360186
595000.0,1342305.6,-747305.6,747305.6,125.59759
1170000.0,1417868.5,-247868.5,247868.5,21.18534
2000000.0,1258193.9,741806.1,741806.1,37.09031
901250.0,1233362.6,-332112.62,332112.62,36.850224
630000.0,1100086.9,-470086.88,470086.88,74.61697
1300000.0,1040204.44,259795.56,259795.56,19.984274
960000.0,1296557.8,-336557.75,336557.75,35.058098
850000.0,1266108.0,-416108.0,416108.0,48.95388
950000.0,1176181.2,-226181.25,226181.25,23.808552
950000.0,1143004.1,-193004.12,193004.12,20.316223
1000000.0,1236750.2,-236750.25,236750.25,23.675024
1060000.0,1319163.0,-259163.0,259163.0,24.449339
1133000.0,1113704.9,19295.125,19295.125,1.703012
1400000.0,1212203.4,187796.62,187796.62,13.414044
700000.0,1217321.1,-517321.12,517321.12,73.903015
500000.0,1168902.5,-668902.5,668902.5,133.7805
800000.0,873515.6,-73515.625,73515.625,9.189453
1500000.0,1231779.6,268220.38,268220.38,17.881357
890000.0,1260344.9,-370344.88,370344.88,41.611786
1400000.0,1274909.9,125090.125,125090.125,8.935009
980000.0,1131214.4,-151214.38,151214.38,15.4300375
550000.0,1180224.8,-630224.75,630224.75,114.58632
861480.0,1052364.5,-190884.5,190884.5,22.157742
1800000.0,1270614.6,529385.4,529385.4,29.4103
1000000.0,1347929.1,-347929.12,347929.12,34.79291
1700000.0,1206075.2,493924.75,493924.75,29.054398
1600000.0,1174280.9,425719.12,425719.12,26.607445
500000.0,1348814.2,-848814.25,848814.25,169.76285
800000.0,1442232.8,-642232.75,642232.75,80.27909
588000.0,1152012.4,-564012.4,564012.4,95.92047
2765000.0,1018307.56,1746692.5,1746692.5,63.171516
900000.0,1257450.9,-357450.88,357450.88,39.716766
1049500.0,1200732.9,-151232.88,151232.88,14.409993
1197000.0,1160689.8,36310.25,36310.25,3.0334377
600000.0,1104024.6,-504024.62,504024.62,84.004105
600000.0,1404518.2,-804518.25,804518.25,134.08636
1500000.0,1332041.0,167959.0,167959.0,11.197267
750000.0,1206601.8,-456601.75,456601.75,60.880234
800000.0,1246456.2,-446456.25,446456.25,55.80703
1450000.0,1214674.9,235325.12,235325.12,16.22932
1400000.0,1274909.9,125090.125,125090.125,8.935009
1800000.0,1354812.1,445187.88,445187.88,24.73266
808100.0,1277919.4,-469819.38,469819.38,58.138763
650000.0,1437373.8,-787373.75,787373.75,121.13442
910000.0,1162974.8,-252974.75,252974.75,27.799425
700000.0,1124623.2,-424623.25,424623.25,60.660465
2500000.0,1274746.6,1225253.4,1225253.4,49.01013
1000000.0,1382809.9,-382809.88,382809.88,38.280987
500000.0,1661681.5,-1161681.5,1161681.5,232.3363
775000.0,1316638.1,-541638.1,541638.1,69.88879
6350000.0,1197210.9,5152789.0,5152789.0,81.14628
750000.0,1260296.9,-510296.88,510296.88,68.03958
1200000.0,1335618.1,-135618.12,135618.12,11.301511
800000.0,1229333.0,-429333.0,429333.0,53.666626
1000000.0,1271921.2,-271921.25,271921.25,27.192125
840000.0,1205551.5,-365551.5,365551.5,43.518036
700000.0,1018127.94,-318127.94,318127.94,45.44685
1080000.0,1371450.5,-291450.5,291450.5,26.986158
500000.0,1259181.9,-759181.9,759181.9,151.83636
700000.0,1210571.1,-510571.12,510571.12,72.938736
500000.0,1225911.5,-725911.5,725911.5,145.1823
580000.0,1175043.8,-595043.75,595043.75,102.59376
910000.0,1273050.8,-363050.75,363050.75,39.895687
1260000.0,1390098.6,-130098.625,130098.625,10.325288
448000.0,1113104.9,-665104.9,665104.9,148.4609
2000000.0,1233948.5,766051.5,766051.5,38.302574
560000.0,1391403.1,-831403.1,831403.1,148.46484
1050000.0,1126264.2,-76264.25,76264.25,7.263262
1100000.0,1236095.6,-136095.62,136095.62,12.37233
650000.0,1286289.0,-636289.0,636289.0,97.89062
1000000.0,1382809.9,-382809.88,382809.88,38.280987
1300000.0,1163562.1,136437.88,136437.88,10.495221
400000.0,1227272.1,-827272.1,827272.1,206.81804
750000.0,1458614.5,-708614.5,708614.5,94.48193
2304000.0,1179734.0,1124266.0,1124266.0,48.796265
554500.0,1342476.2,-787976.25,787976.25,142.10573
790000.0,1088939.4,-298939.38,298939.38,37.840427
1520000.0,1401854.6,118145.375,118145.375,7.7727222
1200000.0,1389212.1,-189212.12,189212.12,15.767677
945000.0,1205380.5,-260380.5,260380.5,27.553493
1250000.0,1246057.5,3942.5,3942.5,0.3154
480000.0,1274257.0,-794257.0,794257.0,165.4702
2387600.0,1234401.4,1153198.6,1153198.6,48.29949
900000.0,1233347.1,-333347.12,333347.12,37.03857
700000.0,1283860.9,-583860.9,583860.9,83.4087
1000000.0,1210285.1,-210285.12,210285.12,21.028513
1500000.0,1116579.0,383421.0,383421.0,25.561401
640000.0,1244827.5,-604827.5,604827.5,94.504295
1200000.0,1105265.9,94734.125,94734.125,7.8945107
490000.0,1184742.9,-694742.9,694742.9,141.78426
1300000.0,1181282.9,118717.125,118717.125,9.132087
750000.0,1272850.8,-522850.75,522850.75,69.71343
750000.0,1247693.6,-497693.62,497693.62,66.35915
850000.0,1231327.8,-381327.75,381327.75,44.862087
880000.0,1274767.4,-394767.38,394767.38,44.85993
800000.0,1205753.8,-405753.75,405753.75,50.71922
1417000.0,1234848.1,182151.88,182151.88,12.854755
1600000.0,1271847.9,328152.12,328152.12,20.509508
1200000.0,1267760.5,-67760.5,67760.5,5.646708
1280000.0,1847114.1,-567114.1,567114.1,44.305794
600000.0,1253869.5,-653869.5,653869.5,108.97825
654400.0,1215554.9,-561154.9,561154.9,85.75105
1260000.0,1253544.2,6455.75,6455.75,0.5123611
1200000.0,1241729.4,-41729.375,41729.375,3.4774477
1320000.0,1111252.8,208747.25,208747.25,15.814185
1362500.0,1164551.2,197948.75,197948.75,14.528349
1000000.0,1203365.0,-203365.0,203365.0,20.3365
1250000.0,1425634.1,-175634.12,175634.12,14.05073
950000.0,1278338.8,-328338.75,328338.75,34.561974
492000.0,1260359.1,-768359.1,768359.1,156.17056
1600000.0,1224354.6,375645.38,375645.38,23.477837
780000.0,1208970.0,-428970.0,428970.0,54.996155
976400.0,1149492.5,-173092.5,173092.5,17.727623
850000.0,1142572.5,-292572.5,292572.5,34.42029
800000.0,1184958.5,-384958.5,384958.5,48.119812
600000.0,1198665.4,-598665.4,598665.4,99.777565
625000.0,1232176.5,-607176.5,607176.5,97.14824
680000.0,1209919.9,-529919.9,529919.9,77.9294
1712000.0,1119598.2,592401.75,592401.75,34.60291
959660.0,1262289.0,-302629.0,302629.0,31.535023
700000.0,1258079.8,-558079.75,558079.75,79.72568
1000000.0,1357106.9,-357106.88,357106.88,35.710686
950000.0,1258520.4,-308520.38,308520.38,32.47583
780000.0,1327192.1,-547192.1,547192.1,70.15284
2160000.0,1252495.6,907504.4,907504.4,42.01409
800000.0,1216422.5,-416422.5,416422.5,52.052814
812000.0,1119891.1,-307891.12,307891.12,37.917625
4085369.0,1213851.5,2871517.5,2871517.5,70.287834
800000.0,1225528.4,-425528.38,425528.38,53.191048
669200.0,1275393.0,-606193.0,606193.0,90.584724
1200000.0,1245962.0,-45962.0,45962.0,3.8301666
800000.0,1022354.75,-222354.75,222354.75,27.794344
700000.0,1257832.8,-557832.75,557832.75,79.69039
600000.0,1134158.4,-534158.4,534158.4,89.0264
650000.0,1183304.4,-533304.4,533304.4,82.04682
1000000.0,1382809.9,-382809.88,382809.88,38.280987
600000.0,1281620.8,-681620.75,681620.75,113.60346
800000.0,1274761.9,-474761.88,474761.88,59.345234
700000.0,1122651.9,-422651.88,422651.88,60.378838
765000.0,1266178.5,-501178.5,501178.5,65.51353
600000.0,1225597.0,-625597.0,625597.0,104.26617
565000.0,1172325.2,-607325.25,607325.25,107.491196
870000.0,1225381.0,-355381.0,355381.0,40.848392
1800000.0,1172546.0,627454.0,627454.0,34.858555
850000.0,1780475.2,-930475.25,930475.25,109.467674
1564000.0,1103614.6,460385.38,460385.38,29.436407
1300000.0,1299387.4,612.625,612.625,0.047125
700000.0,1256696.2,-556696.25,556696.25,79.52803
1500000.0,1289118.4,210881.62,210881.62,14.058775
700000.0,1217299.9,-517299.88,517299.88,73.89999
1650000.0,1181509.6,468490.38,468490.38,28.393354
600000.0,1080235.1,-480235.12,480235.12,80.039185
928000.0,1453704.6,-525704.6,525704.6,56.649208
2856000.0,1362123.6,1493876.4,1493876.4,52.3066
850000.0,1109086.8,-259086.75,259086.75,30.480793
800000.0,1442232.8,-642232.75,642232.75,80.27909
620000.0,1271119.8,-651119.75,651119.75,105.01932
500000.0,1154554.6,-654554.6,654554.6,130.91092
1586000.0,1338676.5,247323.5,247323.5,15.594168
700000.0,1256598.4,-556598.4,556598.4,79.51405
670000.0,1260227.0,-590227.0,590227.0,88.09358
1310000.0,1214198.8,95801.25,95801.25,7.3130727
720000.0,1224932.5,-504932.5,504932.5,70.12952
700000.0,1194481.2,-494481.25,494481.25,70.640175
450000.0,1250441.1,-800441.1,800441.1,177.87581
850000.0,1278276.9,-428276.88,428276.88,50.385517
3700000.0,1211170.1,2488830.0,2488830.0,67.26568
700000.0,1183508.6,-483508.62,483508.62,69.072655
700000.0,1032089.25,-332089.25,332089.25,47.441322
1160000.0,1290273.1,-130273.125,130273.125,11.230442
940000.0,1036546.6,-96546.625,96546.625,10.270918
1031899.0,1081691.5,-49792.5,49792.5,4.825327
1000000.0,1351698.6,-351698.62,351698.62,35.169865
1200000.0,1294193.2,-94193.25,94193.25,7.8494377
1292000.0,1233105.8,58894.25,58894.25,4.558378
1120000.0,1199454.1,-79454.125,79454.125,7.094118
599800.0,1189494.0,-589694.0,589694.0,98.31511
1950000.0,1203005.1,746994.9,746994.9,38.307426
860000.0,1210704.1,-350704.12,350704.12,40.77955
600000.0,1193587.6,-593587.6,593587.6,98.931274
600000.0,1016417.75,-416417.75,416417.75,69.402954
986000.0,1647486.9,-661486.9,661486.9,67.08792
770000.0,1284198.4,-514198.38,514198.38,66.779015
2361875.0,1365589.2,996285.75,996285.75,42.181984
1200000.0,1039265.9,160734.12,160734.12,13.39451
800000.0,1061229.5,-261229.5,261229.5,32.653687
800000.0,1207336.5,-407336.5,407336.5,50.917065
640000.0,1021538.7,-381538.7,381538.7,59.61542
1020000.0,1225664.4,-205664.38,205664.38,20.163174
1020000.0,1271370.9,-251370.88,251370.88,24.644203
1725000.0,1236060.0,488940.0,488940.0,28.344349
770000.0,1205793.0,-435793.0,435793.0,56.596493
2400000.0,1382217.4,1017782.6,1017782.6,42.407608
420000.0,1284355.6,-864355.6,864355.6,205.79897
1105000.0,1298952.9,-193952.88,193952.88,17.552298
3334800.0,1192441.2,2142358.8,2142358.8,64.24249
2156000.0,1141489.6,1014510.4,1014510.4,47.05521
690000.0,1174087.0,-484087.0,484087.0,70.15753
2040000.0,1178690.6,861309.4,861309.4,42.22105
1320000.0,1274757.1,45242.875,45242.875,3.4274907
550000.0,1338147.9,-788147.9,788147.9,143.29962
400000.0,1176117.8,-776117.75,776117.75,194.02943
450000.0,1222388.1,-772388.1,772388.1,171.6418
1170000.0,1417757.8,-247757.75,247757.75,21.175877
1375000.0,1258806.5,116193.5,116193.5,8.450437
2388840.0,1247073.0,1141767.0,1141767.0,47.795876
1240000.0,1278005.1,-38005.125,38005.125,3.0649295
1600000.0,1256285.5,343714.5,343714.5,21.482157
1140000.0,1281502.1,-141502.12,141502.12,12.412467
582000.0,1298145.1,-716145.1,716145.1,123.04899
682000.0,1385957.6,-703957.6,703957.6,103.21959
1200000.0,1243665.5,-43665.5,43665.5,3.6387916
1400000.0,1279464.6,120535.375,120535.375,8.60967
1000000.0,1208471.4,-208471.38,208471.38,20.847137
1265000.0,1255312.6,9687.375,9687.375,0.76580036
900000.0,1180541.4,-280541.38,280541.38,31.171265
1200000.0,1474002.8,-274002.75,274002.75,22.83356
4700000.0,1004605.2,3695394.8,3695394.8,78.62542
1380000.0,1307635.4,72364.625,72364.625,5.243813
790000.0,1270575.8,-480575.75,480575.75,60.832375
600000.0,1475838.0,-875838.0,875838.0,145.973
708000.0,1278621.1,-570621.1,570621.1,80.5962
540000.0,1143257.1,-603257.1,603257.1,111.71428
1850000.0,1248673.5,601326.5,601326.5,32.504135
970000.0,1173965.4,-203965.38,203965.38,21.027357
1200000.0,1230285.6,-30285.625,30285.625,2.523802
1625000.0,1271274.9,353725.12,353725.12,21.7677
650000.0,1228863.8,-578863.75,578863.75,89.05596
650000.0,1204958.2,-554958.25,554958.25,85.3782
700000.0,1331267.4,-631267.4,631267.4,90.18105
1300000.0,1293594.6,6405.375,6405.375,0.49272114
1000000.0,1115989.0,-115989.0,115989.0,11.5989
1375000.0,1251028.9,123971.125,123971.125,9.016082
720000.0,1255811.2,-535811.25,535811.25,74.41823
1425000.0,1149081.8,275918.25,275918.25,19.362684
1000000.0,1216493.5,-216493.5,216493.5,21.649351
1360000.0,1548666.4,-188666.38,188666.38,13.872528
850000.0,1245315.1,-395315.12,395315.12,46.507664
700000.0,1254327.0,-554327.0,554327.0,79.18957
700000.0,1118914.2,-418914.25,418914.25,59.844894
1575000.0,1286231.5,288768.5,288768.5,18.334507
670000.0,1154684.0,-484684.0,484684.0,72.3409
1868700.0,1168451.0,700249.0,700249.0,37.472523
975000.0,1405635.0,-430635.0,430635.0,44.16769
750000.0,1381789.6,-631789.6,631789.6,84.23862
1500000.0,1255330.4,244669.62,244669.62,16.311308
1360000.0,1269956.4,90043.625,90043.625,6.620855
670000.0,1404305.8,-734305.75,734305.75,109.59787
886000.0,1391227.4,-505227.38,505227.38,57.023407
700000.0,1402806.1,-702806.1,702806.1,100.40088
1100000.0,1030466.94,69533.06,69533.06,6.3211875
2200000.0,1332550.6,867449.4,867449.4,39.429516
1025000.0,989903.4,35096.625,35096.625,3.424061
1000000.0,1294364.2,-294364.25,294364.25,29.436424
400000.0,1232542.1,-832542.1,832542.1,208.13553
1090000.0,1134027.6,-44027.625,44027.625,4.039232
404500.0,1342257.1,-937757.1,937757.1,231.83118
535000.0,1206382.5,-671382.5,671382.5,125.49206
1100000.0,1214687.4,-114687.375,114687.375,10.426125
1290000.0,1228275.1,61724.875,61724.875,4.784874
900000.0,1281407.9,-381407.88,381407.88,42.37865
1287000.0,1249471.5,37528.5,37528.5,2.9159675
630000.0,1241232.1,-611232.1,611232.1,97.02097
800000.0,1279702.8,-479702.75,479702.75,59.962845
992500.0,1227640.4,-235140.38,235140.38,23.691727
530000.0,1259421.5,-729421.5,729421.5,137.6267
1600000.0,1248762.1,351237.88,351237.88,21.952366
660000.0,1106720.5,-446720.5,446720.5,67.68492
700000.0,1263102.5,-563102.5,563102.5,80.443214
750000.0,1673791.5,-923791.5,923791.5,123.1722
900000.0,977458.5,-77458.5,77458.5,8.606501
750000.0,1475621.4,-725621.4,725621.4,96.74951
770000.0,1193926.0,-423926.0,423926.0,55.055325
2156000.0,1144867.2,1011132.75,1011132.75,46.89855
770000.0,1141937.4,-371937.38,371937.38,48.30356
850000.0,1315957.9,-465957.88,465957.88,54.81857
1300000.0,1281211.8,18788.25,18788.25,1.44525
1000000.0,1235746.6,-235746.62,235746.62,23.574661
8000000.0,1236860.1,6763140.0,6763140.0,84.53925
490000.0,1109245.4,-619245.4,619245.4,126.3766
850000.0,1245462.0,-395462.0,395462.0,46.52494
890000.0,1277160.1,-387160.12,387160.12,43.501137
850000.0,1284364.0,-434364.0,434364.0,51.10165
907500.0,994874.44,-87374.44,87374.44,9.628037
680000.0,1211236.4,-531236.4,531236.4,78.123
580000.0,1359247.6,-779247.6,779247.6,134.35304
800000.0,1136058.8,-336058.75,336058.75,42.007343
900000.0,1253766.6,-353766.62,353766.62,39.307404
1500000.0,1225603.0,274397.0,274397.0,18.293133
750000.0,1402845.1,-652845.1,652845.1,87.04601
1200000.0,1192637.5,7362.5,7362.5,0.61354166
1379000.0,1411380.4,-32380.375,32380.375,2.3481054
10000000.0,1140089.1,8859911.0,8859911.0,88.599106
800000.0,1612976.6,-812976.6,812976.6,101.62208
7500000.0,1315391.6,6184608.5,6184608.5,82.46145
700000.0,1108760.8,-408760.75,408760.75,58.39439
900000.0,1244320.6,-344320.62,344320.62,38.257847
1145200.0,1246613.4,-101413.375,101413.375,8.855516
600000.0,1133891.5,-533891.5,533891.5,88.98192
9000000.0,1216489.4,7783510.5,7783510.5,86.48345
420000.0,1667523.0,-1247523.0,1247523.0,297.02927
570000.0,1216021.9,-646021.9,646021.9,113.33717
980000.0,1226720.8,-246720.75,246720.75,25.175587
468000.0,1119259.2,-651259.25,651259.25,139.15796
1936000.0,1068361.6,867638.4,867638.4,44.816032
840000.0,1089067.6,-249067.62,249067.62,29.65091
800000.0,1125856.6,-325856.62,325856.62,40.73208
1445500.0,1227380.0,218120.0,218120.0,15.089588
1712500.0,1255373.6,457126.38,457126.38,26.693512
448000.0,1233106.4,-785106.4,785106.4,175.24695
3600000.0,1260453.4,2339546.5,2339546.5,64.987404
1320800.0,1334420.2,-13620.25,13620.25,1.0312121
1707410.0,1261436.9,445973.12,445973.12,26.119862
600000.0,1083785.1,-483785.12,483785.12,80.63086
2300000.0,1184253.2,1115746.8,1115746.8,48.510727
1500000.0,1082700.9,417299.12,417299.12,27.81994
700000.0,1271984.0,-571984.0,571984.0,81.712
800000.0,1141602.0,-341602.0,341602.0,42.70025
650000.0,1199547.1,-549547.1,549547.1,84.545715
500000.0,1263069.9,-763069.9,763069.9,152.61397
950000.0,1221150.1,-271150.12,271150.12,28.54212
1100000.0,1275738.2,-175738.25,175738.25,15.976204
980800.0,1195702.4,-214902.38,214902.38,21.910927
700000.0,1193709.2,-493709.25,493709.25,70.52989
950000.0,1381221.6,-431221.62,431221.62,45.39175
1125000.0,1165420.6,-40420.625,40420.625,3.5929446
590000.0,1075731.9,-485731.88,485731.88,82.32744
1050000.0,1241729.4,-191729.38,191729.38,18.259941
600000.0,1307529.1,-707529.1,707529.1,117.92152
907000.0,1387751.8,-480751.75,480751.75,53.004604
750000.0,1283207.6,-533207.6,533207.6,71.09435
1200000.0,1057110.4,142889.62,142889.62,11.907469
1125000.0,1030240.44,94759.56,94759.56,8.423072
1700000.0,1061949.1,638050.9,638050.9,37.532406
1200000.0,1293660.0,-93660.0,93660.0,7.8050003
1550000.0,1266938.6,283061.38,283061.38,18.262024
700000.0,1315468.8,-615468.75,615468.75,87.9241
800000.0,1218397.1,-418397.12,418397.12,52.299644
890000.0,1281371.5,-391371.5,391371.5,43.974323
1150000.0,1184413.6,-34413.625,34413.625,2.992489
600000.0,1278373.6,-678373.6,678373.6,113.06227
850000.0,1179227.0,-329227.0,329227.0,38.73259
800000.0,1259308.5,-459308.5,459308.5,57.41356
1600000.0,1260558.4,339441.62,339441.62,21.215101
900000.0,1412076.5,-512076.5,512076.5,56.89739
1780000.0,1214193.9,565806.1,565806.1,31.786861
505800.0,1256810.9,-751010.9,751010.9,148.47981
1200000.0,1237898.1,-37898.125,37898.125,3.1581771
635000.0,1151271.8,-516271.75,516271.75,81.302635
820000.0,1154860.4,-334860.38,334860.38,40.83663
1920000.0,1280525.2,639474.75,639474.75,33.305977
550000.0,1340165.1,-790165.1,790165.1,143.66638
1080000.0,1018091.6,61908.375,61908.375,5.732257
589800.0,1277463.6,-687663.6,687663.6,116.59268
700000.0,1218599.2,-518599.25,518599.25,74.0856
2500000.0,1304281.4,1195718.6,1195718.6,47.828747
1342000.0,1262009.4,79990.625,79990.625,5.960553
1264500.0,1351584.9,-87084.875,87084.875,6.886902
3000000.0,1181466.9,1818533.1,1818533.1,60.617767
1000000.0,1116126.0,-116126.0,116126.0,11.6126
800000.0,1211583.9,-411583.88,411583.88,51.447983
1700000.0,1308518.5,391481.5,391481.5,23.028322
940000.0,1126545.4,-186545.38,186545.38,19.845253
1746000.0,1399316.5,346683.5,346683.5,19.855871
1218000.0,1228459.4,-10459.375,10459.375,0.8587336
1300000.0,1273223.1,26776.875,26776.875,2.0597596
650000.0,1319767.1,-669767.1,669767.1,103.0411
3200000.0,1205753.8,1994246.2,1994246.2,62.320198
1500000.0,1215047.0,284953.0,284953.0,18.996866
900000.0,1381504.5,-481504.5,481504.5,53.500496
1100000.0,1217664.5,-117664.5,117664.5,10.696773
700000.0,1123522.1,-423522.12,423522.12,60.503162
900000.0,1225872.9,-325872.88,325872.88,36.208096
700000.0,1121349.6,-421349.62,421349.62,60.192806
1343000.0,1252692.8,90307.25,90307.25,6.7242928
800000.0,1214642.0,-414642.0,414642.0,51.83025
850000.0,1017981.06,-167981.06,167981.06,19.762478
808000.0,763762.7,44237.312,44237.312,5.474915
2000000.0,1301936.8,698063.25,698063.25,34.903164
1250000.0,1106458.0,143542.0,143542.0,11.48336
1675000.0,1149081.8,525918.25,525918.25,31.398106
700000.0,1175137.1,-475137.12,475137.12,67.87673
610000.0,1018127.94,-408127.94,408127.94,66.90622
1600000.0,1278051.2,321948.75,321948.75,20.121796
600000.0,1274045.9,-674045.9,674045.9,112.34097
1030000.0,1159613.5,-129613.5,129613.5,12.583836
1280000.0,1241729.4,38270.625,38270.625,2.9898927
812000.0,1225381.0,-413381.0,413381.0,50.90899
750000.0,1217118.9,-467118.88,467118.88,62.282516
2700000.0,1063205.2,1636794.8,1636794.8,60.622032
1184000.0,1231461.8,-47461.75,47461.75,4.0085936
600000.0,1178118.9,-578118.9,578118.9,96.35314
1600000.0,1261890.0,338110.0,338110.0,21.131874
501000.0,1304084.2,-803084.25,803084.25,160.29626
650000.0,1247699.4,-597699.4,597699.4,91.95375
990600.0,1100395.4,-109795.375,109795.375,11.083724
700000.0,1273204.6,-573204.6,573204.6,81.886375
758000.0,1113100.0,-355100.0,355100.0,46.846966
670000.0,1359760.8,-689760.75,689760.75,102.94937
750000.0,1258888.6,-508888.62,508888.62,67.851814
1400000.0,1230491.5,169508.5,169508.5,12.10775
1300000.0,1280385.9,19614.125,19614.125,1.5087789
887000.0,1314627.9,-427627.88,427627.88,48.210583
880000.0,1235855.5,-355855.5,355855.5,40.438126
866000.0,1278099.8,-412099.75,412099.75,47.586575
858750.0,1167146.2,-308396.25,308396.25,35.912228
1356000.0,1212506.2,143493.75,143493.75,10.582135
1100000.0,1175097.2,-75097.25,75097.25,6.827023
1500000.0,1226825.0,273175.0,273175.0,18.211668
1268300.0,1141255.1,127044.875,127044.875,10.016942
1150000.0,1106455.2,43544.75,43544.75,3.7865002
800000.0,1232754.2,-432754.25,432754.25,54.09428
700000.0,1118602.0,-418602.0,418602.0,59.800285
750000.0,1294891.1,-544891.1,544891.1,72.652145
1050000.0,1247180.0,-197180.0,197180.0,18.779049
1408000.0,1062122.2,345877.75,345877.75,24.565182
670000.0,1142281.5,-472281.5,472281.5,70.48978
1000000.0,1152535.5,-152535.5,152535.5,15.25355
1019500.0,1246601.6,-227101.62,227101.62,22.275785
810000.0,1437364.6,-627364.6,627364.6,77.45242
850000.0,1241729.4,-391729.38,391729.38,46.085808
1400000.0,1388662.0,11338.0,11338.0,0.80985713
3000000.0,1265154.9,1734845.1,1734845.1,57.82817
800000.0,1281575.0,-481575.0,481575.0,60.196877
1105000.0,1186298.5,-81298.5,81298.5,7.357331
600000.0,1275012.5,-675012.5,675012.5,112.50208
1200000.0,1382827.6,-182827.62,182827.62,15.235636
800000.0,1182449.6,-382449.62,382449.62,47.806202
528600.0,1284261.4,-755661.4,755661.4,142.95523
800000.0,1175229.8,-375229.75,375229.75,46.903717
5000000.0,1258931.4,3741068.5,3741068.5,74.82137
1560000.0,1233234.0,326766.0,326766.0,20.946539
950000.0,1204632.1,-254632.12,254632.12,26.803381
3000000.0,1241729.4,1758270.6,1758270.6,58.60902
1400000.0,1296508.2,103491.75,103491.75,7.3922677
1000000.0,1236498.8,-236498.75,236498.75,23.649874
582800.0,1224182.4,-641382.4,641382.4,110.05188
750000.0,1476979.1,-726979.1,726979.1,96.93055
695000.0,1213771.1,-518771.12,518771.12,74.643326
468000.0,1119259.2,-651259.25,651259.25,139.15796
940000.0,1226335.9,-286335.88,286335.88,30.461264
700000.0,1126422.2,-426422.25,426422.25,60.917465
700000.0,1218027.0,-518027.0,518027.0,74.00386
860000.0,1404133.6,-544133.6,544133.6,63.27135
1425000.0,1209986.9,215013.12,215013.12,15.08864
1400000.0,1342008.1,57991.875,57991.875,4.142277
700000.0,1190992.5,-490992.5,490992.5,70.141785
774000.0,1145753.9,-371753.88,371753.88,48.030216
1750000.0,1290489.5,459510.5,459510.5,26.257742
1200000.0,1416054.6,-216054.62,216054.62,18.00455
1100000.0,1257312.4,-157312.38,157312.38,14.301126
1240000.0,1180479.5,59520.5,59520.5,4.8000402
600000.0,1272524.4,-672524.4,672524.4,112.087395
1600000.0,1222377.2,377622.75,377622.75,23.601421
10000000.0,1239810.5,8760190.0,8760190.0,87.6019
1050000.0,1220505.8,-170505.75,170505.75,16.238644
500000.0,1380628.0,-880628.0,880628.0,176.1256
1400000.0,1298181.0,101819.0,101819.0,7.272786
465000.0,1271062.4,-806062.4,806062.4,173.34674
10000000.0,1225857.6,8774142.0,8774142.0,87.741425
994000.0,1042956.56,-48956.562,48956.562,4.9252076
720000.0,1297581.4,-577581.4,577581.4,80.219635
560000.0,1333029.2,-773029.25,773029.25,138.04094
600000.0,1208583.0,-608583.0,608583.0,101.4305
1055000.0,1327467.0,-272467.0,272467.0,25.826254
850000.0,1212349.4,-362349.38,362349.38,42.629337
1600000.0,1097971.1,502028.88,502028.88,31.376806
1300000.0,1225947.2,74052.75,74052.75,5.6963654
1200000.0,1309984.5,-109984.5,109984.5,9.165375
960000.0,1202150.4,-242150.38,242150.38,25.223997
1100000.0,1357730.1,-257730.12,257730.12,23.43001
2000000.0,1133858.2,866141.75,866141.75,43.307087
914000.0,1332556.2,-418556.25,418556.25,45.7939
870000.0,1245197.0,-375197.0,375197.0,43.12609
850000.0,1269970.4,-419970.38,419970.38,49.40828
880000.0,750008.4,129991.625,129991.625,14.771776
2150000.0,1129600.1,1020399.9,1020399.9,47.46046
1760000.0,1129398.0,630602.0,630602.0,35.82966
900000.0,1241333.9,-341333.88,341333.88,37.925987
750000.0,1110658.8,-360658.75,360658.75,48.087833
12000000.0,1554544.6,10445455.0,10445455.0,87.04546
600000.0,1115989.0,-515989.0,515989.0,85.99817
800000.0,1392433.5,-592433.5,592433.5,74.054184
840000.0,1332768.6,-492768.62,492768.62,58.662933
900000.0,1203732.0,-303732.0,303732.0,33.748
1000000.0,1219032.0,-219032.0,219032.0,21.9032
600000.0,1277200.9,-677200.9,677200.9,112.866806
970000.0,1411706.4,-441706.38,441706.38,45.53674
810000.0,1026216.3,-216216.31,216216.31,26.69337
850000.0,1147649.2,-297649.25,297649.25,35.01756
8000000.0,787631.4,7212368.5,7212368.5,90.15461
1458000.0,1218387.1,239612.88,239612.88,16.434353
1200000.0,1147768.0,52232.0,52232.0,4.352667
736000.0,1547836.0,-811836.0,811836.0,110.30381
1000000.0,1248542.8,-248542.75,248542.75,24.854275
800000.0,1289357.5,-489357.5,489357.5,61.16969
950000.0,1087014.6,-137014.62,137014.62,14.422592
600000.0,2741749.2,-2141749.2,2141749.2,356.9582
5670000.0,1163267.1,4506733.0,4506733.0,79.483826
1295000.0,1175574.4,119425.625,119425.625,9.222056
540000.0,1202592.4,-662592.4,662592.4,122.702286
980000.0,1178887.8,-198887.75,198887.75,20.294668
772582.0,1275850.5,-503268.5,503268.5,65.14111
750000.0,1242891.0,-492891.0,492891.0,65.7188
1020000.0,1270566.6,-250566.62,250566.62,24.565355
1450000.0,1347146.1,102853.875,102853.875,7.093371
561600.0,1218104.0,-656504.0,656504.0,116.89886
1248500.0,1288591.0,-40091.0,40091.0,3.2111332
868000.0,1220073.4,-352073.38,352073.38,40.56145
700000.0,1357569.0,-657569.0,657569.0,93.93843
2640000.0,1289601.6,1350398.4,1350398.4,51.151455
650000.0,1393085.9,-743085.9,743085.9,114.3209
670000.0,1218168.9,-548168.9,548168.9,81.81625
624000.0,1327888.5,-703888.5,703888.5,112.80265
1200000.0,1166309.4,33690.625,33690.625,2.807552
710000.0,1307114.2,-597114.25,597114.25,84.1006
1450000.0,1196748.4,253251.62,253251.62,17.46563
1200000.0,1138393.9,61606.125,61606.125,5.133844
454500.0,1231185.6,-776685.6,776685.6,170.88792
420000.0,1292181.6,-872181.6,872181.6,207.6623
1824800.0,1847396.6,-22596.625,22596.625,1.238307
2000000.0,1272185.6,727814.4,727814.4,36.39072
1000000.0,1275648.5,-275648.5,275648.5,27.56485
2865000.0,1188770.8,1676229.2,1676229.2,58.507126
700000.0,1192058.9,-492058.88,492058.88,70.29412
500000.0,1227242.5,-727242.5,727242.5,145.4485
1064000.0,1209900.0,-145900.0,145900.0,13.712406
1800000.0,1116311.1,683688.9,683688.9,37.982716
600000.0,1284243.5,-684243.5,684243.5,114.04058
803682.0,1256220.9,-452538.88,452538.88,56.308197
920000.0,1227174.2,-307174.25,307174.25,33.388504
1800000.0,1111306.8,688693.25,688693.25,38.26074
840000.0,1487405.9,-647405.9,647405.9,77.07213
1200000.0,1133222.5,66777.5,66777.5,5.5647917
1380000.0,1220804.0,159196.0,159196.0,11.535942
853000.0,1258355.6,-405355.62,405355.62,47.521175
800000.0,1252900.9,-452900.88,452900.88,56.61261
696000.0,1228435.2,-532435.25,532435.25,76.49932
950000.0,1391317.2,-441317.25,441317.25,46.45445
830000.0,1235182.8,-405182.75,405182.75,48.8172
1005000.0,1283513.2,-278513.25,278513.25,27.712763
1200000.0,1121835.2,78164.75,78164.75,6.513729
900000.0,1253528.1,-353528.12,353528.12,39.280903
1200000.0,1398759.5,-198759.5,198759.5,16.563292
735000.0,896559.1,-161559.12,161559.12,21.980835
500000.0,1305201.1,-805201.1,805201.1,161.04022
657500.0,1275638.6,-618138.6,618138.6,94.01347
1140000.0,1148293.0,-8293.0,8293.0,0.72745615
1420000.0,970933.94,449066.06,449066.06,31.62437
1040000.0,1204504.2,-164504.25,164504.25,15.817717
1020000.0,1275680.9,-255680.88,255680.88,25.066751
600000.0,1261922.1,-661922.1,661922.1,110.32035
720000.0,1244405.6,-524405.6,524405.6,72.834114
1288000.0,1209942.5,78057.5,78057.5,6.0603647
1050000.0,1271498.1,-221498.12,221498.12,21.09506
600000.0,1392745.9,-792745.9,792745.9,132.12431
864000.0,1265632.8,-401632.75,401632.75,46.48527
926400.0,1179577.8,-253177.75,253177.75,27.329203
1200000.0,1116579.0,83421.0,83421.0,6.9517503
475000.0,1186765.2,-711765.25,711765.25,149.8453
1140000.0,1291700.1,-151700.12,151700.12,13.307029
1434000.0,1174286.6,259713.38,259713.38,18.111115
720000.0,1271890.9,-551890.9,551890.9,76.651505
2761600.0,1324293.6,1437306.4,1437306.4,52.046143
1160000.0,1290273.1,-130273.125,130273.125,11.230442
1400000.0,1232468.2,167531.75,167531.75,11.966554
1152000.0,1225606.6,-73606.625,73606.625,6.389464
800000.0,1213919.8,-413919.75,413919.75,51.739967
1220000.0,1018127.94,201872.06,201872.06,16.54689
1300000.0,1242584.5,57415.5,57415.5,4.416577
1760750.0,1128842.0,631908.0,631908.0,35.88857
588000.0,1095153.5,-507153.5,507153.5,86.250595
500000.0,1280034.0,-780034.0,780034.0,156.0068
800000.0,1147970.0,-347970.0,347970.0,43.49625
765000.0,1256355.2,-491355.25,491355.25,64.22945
2042500.0,1280836.6,761663.4,761663.4,37.29074
846000.0,1278175.8,-432175.75,432175.75,51.084602
1294000.0,1223749.0,70251.0,70251.0,5.42898
500000.0,975319.1,-475319.12,475319.12,95.06382
1806000.0,1248654.9,557345.1,557345.1,30.860748
580000.0,1256813.9,-676813.9,676813.9,116.69204
1000000.0,1293212.5,-293212.5,293212.5,29.32125
800000.0,1246054.2,-446054.25,446054.25,55.756783
900000.0,1257863.4,-357863.38,357863.38,39.7626
670000.0,1145777.2,-475777.25,475777.25,71.01153
1100000.0,1285267.9,-185267.88,185267.88,16.842533
990000.0,1250038.4,-260038.38,260038.38,26.266502
580000.0,1331807.1,-751807.1,751807.1,129.62192
1061600.0,1291356.0,-229756.0,229756.0,21.642427
800000.0,1198349.9,-398349.88,398349.88,49.793736
1000000.0,1165830.8,-165830.75,165830.75,16.583075
882000.0,1266633.5,-384633.5,384633.5,43.60924
1950000.0,1322849.0,627151.0,627151.0,32.16159
800000.0,1281587.2,-481587.25,481587.25,60.19841
830000.0,1395284.2,-565284.25,565284.25,68.10654
1200000.0,1473532.4,-273532.38,273532.38,22.794365
450000.0,785864.9,-335864.88,335864.88,74.636635
850000.0,1046965.9,-196965.88,196965.88,23.172457
680000.0,1298554.6,-618554.6,618554.6,90.96392
576000.0,1219414.9,-643414.9,643414.9,111.703964
1368000.0,1129521.1,238478.88,238478.88,17.432667
1160000.0,1257892.2,-97892.25,97892.25,8.438988
800000.0,1306231.4,-506231.38,506231.38,63.27892
1521000.0,1174084.9,346915.12,346915.12,22.808357
1300000.0,1287989.6,12010.375,12010.375,0.923875
800000.0,1261755.8,-461755.75,461755.75,57.719467
750000.0,1216232.8,-466232.75,466232.75,62.164368
1200000.0,1193144.6,6855.375,6855.375,0.57128125
600000.0,1242064.4,-642064.4,642064.4,107.010735
800000.0,1236043.1,-436043.12,436043.12,54.50539
1020000.0,1306423.1,-286423.12,286423.12,28.080698
1472000.0,1196508.9,275491.12,275491.12,18.71543
942500.0,1227650.5,-285150.5,285150.5,30.254694
800000.0,1230413.2,-430413.25,430413.25,53.801655
600000.0,1274761.9,-674761.9,674761.9,112.46031
2653444.0,1264699.0,1388745.0,1388745.0,52.33745
650000.0,1215889.0,-565889.0,565889.0,87.059845
624000.0,1165431.9,-541431.9,541431.9,86.76793
650000.0,1225409.1,-575409.1,575409.1,88.524475
1520000.0,1182758.9,337241.12,337241.12,22.186916
700000.0,1262727.2,-562727.25,562727.25,80.38961
800000.0,1442085.1,-642085.1,642085.1,80.26064
400000.0,1403933.0,-1003933.0,1003933.0,250.98325
2800000.0,1387469.4,1412530.6,1412530.6,50.447525
1400000.0,1100525.9,299474.12,299474.12,21.391008
800000.0,1278998.5,-478998.5,478998.5,59.874813
970000.0,1273529.2,-303529.25,303529.25,31.291676
1000000.0,1281858.2,-281858.25,281858.25,28.185823
900000.0,1226774.2,-326774.25,326774.25,36.30825
1500000.0,1312992.2,187007.75,187007.75,12.467183
700000.0,1254241.5,-554241.5,554241.5,79.17735
970000.0,1298268.2,-328268.25,328268.25,33.842087
2400000.0,1198655.9,1201344.1,1201344.1,50.056004
730000.0,1214550.4,-484550.38,484550.38,66.37676
1760000.0,1129366.5,630633.5,630633.5,35.831448
688000.0,1187624.0,-499624.0,499624.0,72.61977
1260000.0,1284409.0,-24409.0,24409.0,1.9372222
1020000.0,1220143.8,-200143.75,200143.75,19.621937
730000.0,1253556.0,-523556.0,523556.0,71.72
900000.0,1259475.6,-359475.62,359475.62,39.94174
1400000.0,1277107.5,122892.5,122892.5,8.778036
750000.0,1257803.1,-507803.12,507803.12,67.707085
1500000.0,1219226.6,280773.38,280773.38,18.718225
650000.0,1241412.5,-591412.5,591412.5,90.98654
1460000.0,1235310.9,224689.12,224689.12,15.389666
730000.0,1168896.5,-438896.5,438896.5,60.122807
600000.0,1470089.2,-870089.25,870089.25,145.01488
673000.0,1131299.6,-458299.62,458299.62,68.098015
1070000.0,1480977.1,-410977.12,410977.12,38.409077
765000.0,1382899.0,-617899.0,617899.0,80.77111
600000.0,1247878.5,-647878.5,647878.5,107.97975
988800.0,1172677.4,-183877.38,183877.38,18.596012
550000.0,1270545.6,-720545.6,720545.6,131.00829
780000.0,1328011.5,-548011.5,548011.5,70.25788
1015000.0,1131176.5,-116176.5,116176.5,11.44596
1170000.0,1437469.5,-267469.5,267469.5,22.86064
1300000.0,1479055.9,-179055.88,179055.88,13.773529
706400.0,1274769.8,-568369.75,568369.75,80.460045
2100000.0,1247221.1,852778.9,852778.9,40.60852
968000.0,1158888.2,-190888.25,190888.25,19.71986
800000.0,1275147.5,-475147.5,475147.5,59.393436
546000.0,1588952.5,-1042952.5,1042952.5,191.01694
1400000.0,1253573.4,146426.62,146426.62,10.459044
1457800.0,1263939.5,193860.5,193860.5,13.298156
3884500.0,1847160.0,2037340.0,2037340.0,52.447933
1500000.0,1141361.2,358638.75,358638.75,23.90925
750000.0,1234230.4,-484230.38,484230.38,64.56405
800000.0,1214202.2,-414202.25,414202.25,51.775284
1100000.0,1135080.6,-35080.625,35080.625,3.1891477
1460000.0,1116495.6,343504.38,343504.38,23.527697
1500000.0,1403147.0,96853.0,96853.0,6.4568667
730000.0,1194500.0,-464500.0,464500.0,63.63014
800000.0,1177521.1,-377521.12,377521.12,47.19014
600000.0,1246262.6,-646262.6,646262.6,107.710434
1600000.0,1098811.1,501188.88,501188.88,31.324306
1600000.0,1218482.6,381517.38,381517.38,23.844837
779880.0,1309551.5,-529671.5,529671.5,67.917046
880000.0,1191912.9,-311912.88,311912.88,35.444645
890000.0,1579677.1,-689677.1,689677.1,77.49181
800000.0,1254265.0,-454265.0,454265.0,56.783127
900000.0,1213761.8,-313761.75,313761.75,34.862415
1160000.0,1261942.2,-101942.25,101942.25,8.788125
1100000.0,1263690.4,-163690.38,163690.38,14.880943
970000.0,1282632.0,-312632.0,312632.0,32.230103
1300000.0,1231333.2,68666.75,68666.75,5.282058
850000.0,1237978.5,-387978.5,387978.5,45.64453
650000.0,1392742.9,-742742.9,742742.9,114.268135
1015000.0,1252427.2,-237427.25,237427.25,23.391848
1200000.0,1141602.0,58398.0,58398.0,4.8665
850000.0,1149493.4,-299493.38,299493.38,35.234512
650000.0,1012203.4,-362203.38,362203.38,55.723595
680000.0,1306959.8,-626959.75,626959.75,92.19997
600000.0,1450324.5,-850324.5,850324.5,141.72075
500000.0,1046517.06,-546517.06,546517.06,109.30341
1176000.0,1108798.5,67201.5,67201.5,5.714413
850000.0,1366471.1,-516471.12,516471.12,60.761307
1500000.0,1019540.44,480459.56,480459.56,32.030636
700000.0,1241729.4,-541729.4,541729.4,77.38991
1000000.0,1241729.4,-241729.38,241729.38,24.172937
800000.0,1343591.0,-543591.0,543591.0,67.948875
1850000.0,1285719.8,564280.25,564280.25,30.501635
600000.0,1306607.2,-706607.25,706607.25,117.76787
600000.0,1126085.6,-526085.6,526085.6,87.68094
1363800.0,1241832.1,121967.875,121967.875,8.943237
700000.0,1297223.0,-597223.0,597223.0,85.31757
1600000.0,1117720.4,482279.62,482279.62,30.142477
400000.0,1149430.8,-749430.75,749430.75,187.35768
800000.0,1250350.2,-450350.25,450350.25,56.29378
1460000.0,1280213.8,179786.25,179786.25,12.314127
1474600.0,1121833.0,352767.0,352767.0,23.922895
3612000.0,1306040.4,2305959.5,2305959.5,63.84162
700000.0,1123148.9,-423148.88,423148.88,60.449837
503720.0,1256844.5,-753124.5,753124.5,149.51253
650000.0,1150304.4,-500304.38,500304.38,76.9699
1006000.0,1275022.6,-269022.62,269022.62,26.741812
1200000.0,1280442.2,-80442.25,80442.25,6.703521
594000.0,1206467.4,-612467.4,612467.4,103.10899
1862000.0,1262204.6,599795.4,599795.4,32.21243
700000.0,1100530.4,-400530.38,400530.38,57.218624
458000.0,1175592.2,-717592.25,717592.25,156.67953
1000000.0,1116254.1,-116254.125,116254.125,11.625413
1870000.0,1204317.6,665682.4,665682.4,35.59799
800000.0,1242240.1,-442240.12,442240.12,55.280018
790000.0,1253249.0,-463249.0,463249.0,58.639114
859000.0,1196123.8,-337123.75,337123.75,39.24607
843000.0,1331150.8,-488150.75,488150.75,57.906376
1888000.0,1154993.6,733006.4,733006.4,38.82449
700000.0,1200951.2,-500951.25,500951.25,71.56447
600000.0,1123717.9,-523717.88,523717.88,87.28631
750000.0,1289239.1,-539239.1,539239.1,71.89855
970000.0,1134719.9,-164719.88,164719.88,16.98143
600000.0,1092399.4,-492399.38,492399.38,82.06656
2088000.0,1239974.1,848025.9,848025.9,40.614265
1400000.0,1251836.1,148163.88,148163.88,10.583134
600000.0,1131325.5,-531325.5,531325.5,88.55425
950000.0,1478629.4,-528629.4,528629.4,55.6452
1200000.0,1116639.9,83360.125,83360.125,6.946677
900000.0,1273277.9,-373277.88,373277.88,41.47532
1400000.0,1302247.4,97752.625,97752.625,6.9823303
800000.0,1166301.5,-366301.5,366301.5,45.787685
700000.0,1283556.8,-583556.75,583556.75,83.36525
693000.0,1262085.0,-569085.0,569085.0,82.11905
500000.0,1328090.5,-828090.5,828090.5,165.6181
600000.0,1222297.6,-622297.6,622297.6,103.71626
500000.0,1475686.2,-975686.25,975686.25,195.13725
700000.0,1207020.5,-507020.5,507020.5,72.431496
630000.0,1365041.2,-735041.25,735041.25,116.67322
1833000.0,1190452.6,642547.4,642547.4,35.054413
936000.0,1259526.0,-323526.0,323526.0,34.564743
1512000.0,1164270.8,347729.25,347729.25,22.997967
750000.0,1220786.5,-470786.5,470786.5,62.771534
850000.0,1245401.2,-395401.25,395401.25,46.517796
850000.0,988282.7,-138282.69,138282.69,16.26855
1000000.0,1332718.6,-332718.62,332718.62,33.271862
600000.0,1112675.5,-512675.5,512675.5,85.445915
980000.0,1115405.6,-135405.62,135405.62,13.8169
800000.0,1139059.9,-339059.88,339059.88,42.382484
540000.0,1455358.2,-915358.25,915358.25,169.51079
1700000.0,1262630.9,437369.12,437369.12,25.727596
2187500.0,1278235.8,909264.25,909264.25,41.566364
1225000.0,1154963.4,70036.625,70036.625,5.7172756
1500000.0,1242699.9,257300.12,257300.12,17.153341
1100000.0,1199030.4,-99030.375,99030.375,9.002762
800000.0,1274676.0,-474676.0,474676.0,59.3345
1200000.0,1269028.0,-69028.0,69028.0,5.752333
500000.0,1214580.4,-714580.4,714580.4,142.91608
990000.0,1289637.1,-299637.12,299637.12,30.266376
800000.0,871770.25,-71770.25,71770.25,8.971281
700000.0,1433849.6,-733849.6,733849.6,104.83566
5800000.0,1261038.2,4538962.0,4538962.0,78.257965
700000.0,1555613.2,-855613.25,855613.25,122.23047
747000.0,1346741.8,-599741.75,599741.75,80.28671
3217500.0,1272572.0,1944928.0,1944928.0,60.44842
1400000.0,1260206.2,139793.75,139793.75,9.985268
1125000.0,1357770.9,-232770.88,232770.88,20.690744
750000.0,1197672.8,-447672.75,447672.75,59.6897
1600000.0,1068093.4,531906.6,531906.6,33.244164
650000.0,1262935.2,-612935.25,612935.25,94.29773
1080000.0,1040307.3,39692.688,39692.688,3.6752489
1070000.0,1261452.8,-191452.75,191452.75,17.89278
1136620.0,1295495.9,-158875.88,158875.88,13.977924
898000.0,1185641.5,-287641.5,287641.5,32.03135
855600.0,1278100.2,-422500.25,422500.25,49.38058
1320000.0,1555347.8,-235347.75,235347.75,17.829374
1150000.0,1278373.4,-128373.375,128373.375,11.162903
950000.0,1162129.1,-212129.12,212129.12,22.329382
758000.0,764032.2,-6032.1875,6032.1875,0.7958031
900000.0,1198936.9,-298936.88,298936.88,33.215206
470000.0,1258507.6,-788507.6,788507.6,167.76758
650000.0,1338044.8,-688044.75,688044.75,105.853035
2817200.0,1325630.8,1491569.2,1491569.2,52.945095
612000.0,1261779.8,-649779.75,649779.75,106.17316
1975000.0,1176909.1,798090.9,798090.9,40.409664
887000.0,1225810.1,-338810.12,338810.12,38.197308
625000.0,1139397.5,-514397.5,514397.5,82.303604
500000.0,1197164.0,-697164.0,697164.0,139.4328
944000.0,1353286.6,-409286.62,409286.62,43.356632
830000.0,1355072.2,-525072.25,525072.25,63.26172
950000.0,1273356.6,-323356.62,323356.62,34.03754
900000.0,1405494.6,-505494.62,505494.62,56.16607
800000.0,1340252.9,-540252.9,540252.9,67.53161
420000.0,1337968.9,-917968.9,917968.9,218.56401
800000.0,1174898.2,-374898.25,374898.25,46.86228
810000.0,1225450.4,-415450.38,415450.38,51.290173
733000.0,1148924.8,-415924.75,415924.75,56.742805
1000000.0,1318841.9,-318841.88,318841.88,31.884188
2300000.0,1212362.4,1087637.6,1087637.6,47.288593
1050000.0,1293829.9,-243829.88,243829.88,23.221891
1760000.0,1322095.4,437904.62,437904.62,24.880943
1112000.0,1332514.5,-220514.5,220514.5,19.83044
1200000.0,1265942.9,-65942.875,65942.875,5.4952393
588000.0,1267214.8,-679214.75,679214.75,115.51272
650000.0,1113553.8,-463553.75,463553.75,71.31596
600000.0,1270582.8,-670582.75,670582.75,111.76379
6706000.0,1225597.0,5480403.0,5480403.0,81.72388
650000.0,1262757.0,-612757.0,612757.0,94.27031
1100000.0,1314885.8,-214885.75,214885.75,19.535069
2000000.0,1115932.6,884067.4,884067.4,44.20337
1680000.0,1292591.1,387408.88,387408.88,23.060053
1590875.0,1270623.4,320251.62,320251.62,20.130533
1522500.0,1245427.4,277072.62,277072.62,18.19853
1500000.0,1169242.2,330757.75,330757.75,22.050516
759129.0,1162660.5,-403531.5,403531.5,53.15717
1550000.0,1211808.6,338191.38,338191.38,21.818798
1512500.0,1202388.6,310111.38,310111.38,20.503231
2400000.0,1026696.4,1373303.6,1373303.6,57.220985
1356000.0,1266871.1,89128.875,89128.875,6.572926
500000.0,1154017.4,-654017.4,654017.4,130.80348
482000.0,1348277.1,-866277.1,866277.1,179.72554
800000.0,1584267.8,-784267.75,784267.75,98.03347
1540000.0,1217894.4,322105.62,322105.62,20.915949
1100000.0,1252511.2,-152511.25,152511.25,13.864658
1600000.0,1130765.4,469234.62,469234.62,29.327164
800000.0,1236033.5,-436033.5,436033.5,54.504185
1000000.0,1242091.9,-242091.88,242091.88,24.209188
700000.0,1050402.8,-350402.75,350402.75,50.057537
730000.0,1458464.6,-728464.6,728464.6,99.78967
1160000.0,1351270.6,-191270.62,191270.62,16.488848
1000000.0,1219029.4,-219029.38,219029.38,21.902939
2620000.0,1151336.9,1468663.1,1468663.1,56.055843
1400000.0,1273459.5,126540.5,126540.5,9.038607
1020000.0,1279975.4,-259975.38,259975.38,25.487782
1000000.0,1242247.9,-242247.88,242247.88,24.224789
720000.0,1117052.9,-397052.88,397052.88,55.146236
1380000.0,1203171.8,176828.25,176828.25,12.813642
1152000.0,1274785.1,-122785.125,122785.125,10.658431
840000.0,1286357.9,-446357.88,446357.88,53.137844
1040000.0,1061827.0,-21827.0,21827.0,2.0987499
150000.0,1254495.8,-1104495.8,1104495.8,736.3305
850000.0,1100652.0,-250652.0,250652.0,29.488472
750000.0,1294575.2,-544575.25,544575.25,72.61003
1960000.0,1304635.2,655364.75,655364.75,33.436977
700000.0,1247029.6,-547029.6,547029.6,78.14709
2004800.0,1062891.6,941908.4,941908.4,46.982662
1000000.0,1256185.8,-256185.75,256185.75,25.618574
750000.0,1236190.5,-486190.5,486190.5,64.8254
850000.0,1232757.8,-382757.75,382757.75,45.030323
650000.0,1272673.9,-622673.9,622673.9,95.79598
1220000.0,1196667.9,23332.125,23332.125,1.9124693
820000.0,1258827.4,-438827.38,438827.38,53.515537
1040000.0,1216807.6,-176807.62,176807.62,17.000732
500000.0,1244409.6,-744409.6,744409.6,148.88193
400000.0,1229600.0,-829600.0,829600.0,207.4
900000.0,1259824.6,-359824.62,359824.62,39.980515
650000.0,1288034.8,-638034.75,638034.75,98.159195
1050000.0,1277187.5,-227187.5,227187.5,21.636906
880000.0,1184515.6,-304515.62,304515.62,34.60405
1957500.0,1232939.9,724560.1,724560.1,37.014565
1350000.0,1292064.8,57935.25,57935.25,4.2915
700000.0,1314873.6,-614873.6,614873.6,87.83909
800000.0,1242400.1,-442400.12,442400.12,55.300014
2103200.0,1421292.0,681908.0,681908.0,32.4224
680000.0,1213653.2,-533653.25,533653.25,78.47842
794400.0,1081566.2,-287166.25,287166.25,36.148823
960000.0,1258560.8,-298560.75,298560.75,31.100079
1600000.0,1205339.8,394660.25,394660.25,24.666265
1240000.0,1412551.1,-172551.12,172551.12,13.915414
1850000.0,1250280.5,599719.5,599719.5,32.41727
680000.0,1186132.4,-506132.38,506132.38,74.43123
750000.0,1280813.9,-530813.9,530813.9,70.775185
700000.0,1175137.1,-475137.12,475137.12,67.87673
800000.0,1297441.4,-497441.38,497441.38,62.180172
8800000.0,1231437.5,7568562.5,7568562.5,86.00639
500000.0,1359410.5,-859410.5,859410.5,171.88211
3000000.0,1288480.6,1711519.4,1711519.4,57.050644
900000.0,1098651.4,-198651.38,198651.38,22.072374
950000.0,1342468.5,-392468.5,392468.5,41.312473
670000.0,1040130.0,-370130.0,370130.0,55.243282
2500000.0,1203059.9,1296940.1,1296940.1,51.877605
1160000.0,1303600.8,-143600.75,143600.75,12.379375
950000.0,872358.94,77641.06,77641.06,8.172744
950000.0,1275554.6,-325554.62,325554.62,34.268906
650000.0,1235054.0,-585054.0,585054.0,90.00831
700000.0,1164736.9,-464736.88,464736.88,66.390976
1600000.0,1270361.9,329638.12,329638.12,20.602383
1000000.0,1199007.5,-199007.5,199007.5,19.90075
800000.0,1196818.5,-396818.5,396818.5,49.60231
2600000.0,1100727.5,1499272.5,1499272.5,57.66433
1200000.0,1150053.4,49946.625,49946.625,4.1622186
1150000.0,1554656.8,-404656.75,404656.75,35.187542
900000.0,1274297.6,-374297.62,374297.62,41.588627
800000.0,1281529.2,-481529.25,481529.25,60.191154
1160000.0,1268397.6,-108397.625,108397.625,9.344623
750000.0,1138794.8,-388794.75,388794.75,51.8393
800000.0,1270929.5,-470929.5,470929.5,58.866184
750000.0,1218964.6,-468964.62,468964.62,62.528618
1000000.0,1211566.8,-211566.75,211566.75,21.156675
1200000.0,1281804.4,-81804.375,81804.375,6.817031
1000000.0,1248090.5,-248090.5,248090.5,24.809052
800000.0,875838.3,-75838.31,75838.31,9.479789
2541000.0,1265162.0,1275838.0,1275838.0,50.210075
1000000.0,1281816.1,-281816.12,281816.12,28.181612
595000.0,1746094.2,-1151094.2,1151094.2,193.46121
900000.0,1222132.5,-322132.5,322132.5,35.7925
1100000.0,1204801.4,-104801.375,104801.375,9.527398
910000.0,1080623.5,-170623.5,170623.5,18.749834
800000.0,1270671.1,-470671.12,470671.12,58.833893
1149500.0,1246342.1,-96842.125,96842.125,8.424717
1510000.0,1242815.0,267185.0,267185.0,17.69437
700000.0,1284755.2,-584755.25,584755.25,83.53646
800000.0,1266008.4,-466008.38,466008.38,58.251045
1500000.0,1225167.5,274832.5,274832.5,18.322166
1210800.0,1169444.1,41355.875,41355.875,3.4155827
580500.0,1250528.1,-670028.1,670028.1,115.422585
324000.0,1282140.2,-958140.25,958140.25,295.7223
800000.0,1154802.1,-354802.12,354802.12,44.350266
1310000.0,1296913.9,13086.125,13086.125,0.9989409
1400000.0,1441227.2,-41227.25,41227.25,2.9448037
1295000.0,1559445.6,-264445.62,264445.62,20.420511
1200000.0,1228700.8,-28700.75,28700.75,2.391729
1000000.0,1234073.2,-234073.25,234073.25,23.407326
800000.0,1251988.8,-451988.75,451988.75,56.498592
1000000.0,1223453.8,-223453.75,223453.75,22.345375
780000.0,1242283.4,-462283.38,462283.38,59.267097
1061600.0,1263817.5,-202217.5,202217.5,19.04837
1200000.0,1248830.9,-48830.875,48830.875,4.0692396
669200.0,1142254.4,-473054.38,473054.38,70.68954
560000.0,1221772.4,-661772.4,661772.4,118.17364
710000.0,1303874.9,-593874.9,593874.9,83.64435
1400000.0,1256981.9,143018.12,143018.12,10.21558
720000.0,1301591.6,-581591.6,581591.6,80.77661
1300000.0,738587.9,561412.1,561412.1,43.185547
1000000.0,1233343.2,-233343.25,233343.25,23.334324
882000.0,1301170.1,-419170.12,419170.12,47.52496
980000.0,1266781.6,-286781.62,286781.62,29.263432
584000.0,1248784.0,-664784.0,664784.0,113.83288
951500.0,1247809.8,-296309.75,296309.75,31.141329
800000.0,1261080.1,-461080.12,461080.12,57.635014
1200000.0,1382827.6,-182827.62,182827.62,15.235636
900000.0,1233358.6,-333358.62,333358.62,37.039845
320000.0,1130119.8,-810119.75,810119.75,253.16243
1800000.0,1158582.9,641417.1,641417.1,35.634285
720000.0,1180665.4,-460665.38,460665.38,63.9813
750000.0,1233723.2,-483723.25,483723.25,64.49644
989500.0,1273412.6,-283912.62,283912.62,28.692535
1200000.0,1199164.6,835.375,835.375,0.06961458
556000.0,1363869.2,-807869.25,807869.25,145.30022
1410000.0,1102824.5,307175.5,307175.5,21.785496
1850000.0,1256662.1,593337.9,593337.9,32.07232
800000.0,1243505.2,-443505.25,443505.25,55.438156
761500.0,1202662.2,-441162.25,441162.25,57.933323
1352000.0,1399092.2,-47092.25,47092.25,3.4831545
1680000.0,1249501.5,430498.5,430498.5,25.62491
800000.0,1209143.2,-409143.25,409143.25,51.142906
630000.0,1180716.2,-550716.25,550716.25,87.415276
2250000.0,1428475.2,821524.75,821524.75,36.51221
588000.0,1336287.6,-748287.6,748287.6,127.2598
3200000.0,1249161.4,1950838.6,1950838.6,60.963707
1425000.0,1059854.0,365146.0,365146.0,25.62428
50000000.0,1484364.5,48515636.0,48515636.0,97.03127
1200000.0,1403448.4,-203448.38,203448.38,16.954031
852500.0,1100215.1,-247715.12,247715.12,29.057493
900000.0,1220139.1,-320139.12,320139.12,35.571014
700000.0,1283512.9,-583512.9,583512.9,83.35898
1240000.0,1212690.5,27309.5,27309.5,2.202379
900000.0,1206386.8,-306386.75,306386.75,34.042973
500000.0,1154017.4,-654017.4,654017.4,130.80348
900000.0,1045958.6,-145958.62,145958.62,16.217625
1500000.0,1149428.8,350571.25,350571.25,23.371416
700000.0,1267330.8,-567330.75,567330.75,81.04725
2000000.0,1256985.5,743014.5,743014.5,37.150726
650000.0,1294101.8,-644101.75,644101.75,99.092575
737200.0,1181934.5,-444734.5,444734.5,60.327522
9000000.0,1262053.2,7737947.0,7737947.0,85.97719
490000.0,1256684.5,-766684.5,766684.5,156.46622
701000.0,1300174.1,-599174.1,599174.1,85.4742
1000000.0,1336605.6,-336605.62,336605.62,33.660564
4100000.0,1302257.8,2797742.2,2797742.2,68.23762
2900000.0,1411386.8,1488613.2,1488613.2,51.33149
650000.0,1443242.8,-793242.75,793242.75,122.03735
9300000.0,1067354.8,8232645.0,8232645.0,88.52306
2400000.0,993935.9,1406064.1,1406064.1,58.586006
1796000.0,1197434.8,598565.25,598565.25,33.327686
1500000.0,1248420.5,251579.5,251579.5,16.771967
1280000.0,1259934.5,20065.5,20065.5,1.5676173
800000.0,1271845.0,-471845.0,471845.0,58.980625
1400000.0,850474.25,549525.75,549525.75,39.25184
600000.0,1169587.5,-569587.5,569587.5,94.93125
1218000.0,1198306.8,19693.25,19693.25,1.6168514
740000.0,1288075.9,-548075.9,548075.9,74.06431
600000.0,1220705.8,-620705.75,620705.75,103.45095
700000.0,1442584.4,-742584.4,742584.4,106.08347
917000.0,1023047.94,-106047.94,106047.94,11.564661
1302200.0,1272707.9,29492.125,29492.125,2.2647922
1280000.0,1240587.6,39412.375,39412.375,3.0790918
1200000.0,1178660.1,21339.875,21339.875,1.7783228
1000000.0,1261627.2,-261627.25,261627.25,26.162725
1500000.0,1221573.9,278426.12,278426.12,18.56174
1800000.0,1262385.2,537614.75,537614.75,29.867485
856000.0,1223467.0,-367467.0,367467.0,42.92839
884000.0,1031617.2,-147617.19,147617.19,16.698776
890000.0,1378071.4,-488071.38,488071.38,54.83948
1100000.0,1357495.9,-257495.88,257495.88,23.408716
1020000.0,1161878.1,-141878.12,141878.12,13.90962
660000.0,1106720.5,-446720.5,446720.5,67.68492
540000.0,1215916.1,-675916.1,675916.1,125.16966
1158400.0,1265657.6,-107257.625,107257.625,9.259118
950000.0,1233343.2,-283343.25,283343.25,29.825603
1160000.0,1158086.4,1913.625,1913.625,0.16496767
1290000.0,1135554.5,154445.5,154445.5,11.972519
2100000.0,1146738.4,953261.6,953261.6,45.39341
1324000.0,1265318.5,58681.5,58681.5,4.4321375
1800000.0,1197130.2,602869.75,602869.75,33.492764
1150000.0,1279373.2,-129373.25,129373.25,11.249847
900000.0,1115865.8,-215865.75,215865.75,23.985083
540000.0,1054377.6,-514377.62,514377.62,95.25512
1000000.0,1186208.4,-186208.38,186208.38,18.620838
810000.0,1163457.1,-353457.12,353457.12,43.636684
1000000.0,1260459.2,-260459.25,260459.25,26.045925
790000.0,1330551.8,-540551.75,540551.75,68.42427
1280000.0,1170762.2,109237.75,109237.75,8.534199
1920000.0,1036674.8,883325.2,883325.2,46.006523
1250000.0,1288520.5,-38520.5,38520.5,3.08164
1000000.0,1152961.8,-152961.75,152961.75,15.296175
692200.0,1222922.2,-530722.25,530722.25,76.67181
405600.0,1277685.6,-872085.6,872085.6,215.01125
1000000.0,1122297.8,-122297.75,122297.75,12.229774
700000.0,1442106.9,-742106.9,742106.9,106.01527
810000.0,1241537.8,-431537.75,431537.75,53.276264
900000.0,1219557.4,-319557.38,319557.38,35.506374
610000.0,1187118.0,-577118.0,577118.0,94.60951
900000.0,1226772.9,-326772.88,326772.88,36.308098
1000000.0,1209926.4,-209926.38,209926.38,20.992638
800000.0,1113784.0,-313784.0,313784.0,39.223
1579600.0,1342688.0,236912.0,236912.0,14.998227
700000.0,1090063.4,-390063.38,390063.38,55.72334
1800000.0,1209433.2,590566.75,590566.75,32.809265
1060000.0,1226783.1,-166783.12,166783.12,15.734257
1442500.0,1297620.8,144879.25,144879.25,10.043623
845000.0,1259353.0,-414353.0,414353.0,49.03586
936000.0,1034792.0,-98792.0,98792.0,10.554701
800000.0,1224609.1,-424609.12,424609.12,53.07614
1247500.0,1293869.1,-46369.125,46369.125,3.716964
1054375.0,1241729.4,-187354.38,187354.38,17.769236
750000.0,1002985.8,-252985.81,252985.81,33.73144
670000.0,1316434.6,-646434.6,646434.6,96.48278
810000.0,1037825.75,-227825.75,227825.75,28.126637
2550000.0,1293667.0,1256333.0,1256333.0,49.26796
1160000.0,1510585.0,-350585.0,350585.0,30.222845
2770200.0,1387427.2,1382772.8,1382772.8,49.91599
430000.0,1259025.1,-829025.1,829025.1,192.79654
780250.0,1254322.0,-474072.0,474072.0,60.75899
3200000.0,1232162.5,1967837.5,1967837.5,61.494923
950000.0,1398669.0,-448669.0,448669.0,47.228317
1200000.0,1258284.5,-58284.5,58284.5,4.857042
810000.0,1229122.9,-419122.88,419122.88,51.74357
945000.0,1201010.1,-256010.12,256010.12,27.091017
1000000.0,1554656.8,-554656.75,554656.75,55.465675
1487000.0,1568582.0,-81582.0,81582.0,5.486348
585000.0,1271858.0,-686858.0,686858.0,117.41163
950000.0,1281897.4,-331897.38,331897.38,34.936565
938400.0,1200624.0,-262224.0,262224.0,27.943733
900000.0,1193713.0,-293713.0,293713.0,32.634777
850000.0,1278007.8,-428007.75,428007.75,50.353855
1350000.0,1217792.8,132207.25,132207.25,9.79313
1020000.0,1276042.8,-256042.75,256042.75,25.10223
800000.0,1298555.6,-498555.62,498555.62,62.31945
1300000.0,1294730.9,5269.125,5269.125,0.4053173
750000.0,1381905.6,-631905.6,631905.6,84.25409
700000.0,3188783.8,-2488783.8,2488783.8,355.54053
610000.0,1110809.1,-500809.12,500809.12,82.09985
2400000.0,1382792.1,1017207.9,1017207.9,42.383663
900000.0,1080211.9,-180211.88,180211.88,20.02354
2660000.0,1236132.0,1423868.0,1423868.0,53.528873
1100000.0,1206994.9,-106994.875,106994.875,9.726807
500000.0,1260411.4,-760411.4,760411.4,152.08228
1334001.0,1241729.4,92271.625,92271.625,6.9169083
1950000.0,1144811.4,805188.6,805188.6,41.291725
810000.0,1258462.8,-448462.75,448462.75,55.365772
750000.0,1181492.9,-431492.88,431492.88,57.532383
2250000.0,1258286.8,991713.25,991713.25,44.076145
583000.0,1195445.6,-612445.6,612445.6,105.050705
800000.0,1152438.9,-352438.88,352438.88,44.05486
460000.0,1337567.1,-877567.1,877567.1,190.77547
650000.0,1154334.9,-504334.88,504334.88,77.58998
1500000.0,1076113.5,423886.5,423886.5,28.259098
900000.0,1314703.1,-414703.12,414703.12,46.078125
2000000.0,1213857.6,786142.4,786142.4,39.307117
714840.0,1320350.6,-605510.6,605510.6,84.70576
1600000.0,1148435.4,451564.62,451564.62,28.22279
840000.0,1327919.2,-487919.25,487919.25,58.085625
1398500.0,1064862.4,333637.62,333637.62,23.856821
1450000.0,1315834.1,134165.88,134165.88,9.252819
820000.0,1211401.1,-391401.12,391401.12,47.731842
1000000.0,1272604.2,-272604.25,272604.25,27.260426
1740000.0,1168416.8,571583.25,571583.25,32.849613
2000000.0,1098690.0,901310.0,901310.0,45.065502
333000.0,1069062.5,-736062.5,736062.5,221.0398
720000.0,1260565.2,-540565.25,540565.25,75.07851
720000.0,1120251.9,-400251.88,400251.88,55.59054
1206000.0,2450419.2,-1244419.2,1244419.2,103.18568
1000000.0,1349431.6,-349431.62,349431.62,34.943165
636400.0,1106720.5,-470320.5,470320.5,73.90329
1000000.0,1267838.6,-267838.62,267838.62,26.783863
710000.0,1258350.5,-548350.5,548350.5,77.23246
1286000.0,1163429.2,122570.75,122570.75,9.531162
1197000.0,1212557.9,-15557.875,15557.875,1.299739
470000.0,1080082.6,-610082.6,610082.6,129.80481
800000.0,1244632.1,-444632.12,444632.12,55.579018
1886000.0,1252649.2,633350.75,633350.75,33.581696
5960000.0,1842643.9,4117356.0,4117356.0,69.08315
1600000.0,1291678.0,308322.0,308322.0,19.270124
708500.0,1293139.6,-584639.6,584639.6,82.517944
560000.0,1293453.0,-733453.0,733453.0,130.97374
810000.0,1029864.06,-219864.06,219864.06,27.143711
850000.0,1555036.9,-705036.9,705036.9,82.94551
560000.0,1293739.6,-733739.6,733739.6,131.02493
540000.0,1346454.4,-806454.4,806454.4,149.34341
970000.0,983504.94,-13504.9375,13504.9375,1.3922616
1000000.0,1198658.4,-198658.38,198658.38,19.865837
1200000.0,1346408.0,-146408.0,146408.0,12.200667
1200000.0,1240088.8,-40088.75,40088.75,3.3407292
750000.0,1285017.8,-535017.75,535017.75,71.33569
950000.0,1283821.8,-333821.75,333821.75,35.13913
550000.0,1256124.0,-706124.0,706124.0,128.38618
1200000.0,1271960.8,-71960.75,71960.75,5.996729
1000000.0,1150990.8,-150990.75,150990.75,15.099075
960000.0,1174964.4,-214964.38,214964.38,22.392122
1976000.0,1355192.4,620807.6,620807.6,31.41739
700000.0,1565614.4,-865614.4,865614.4,123.659195
3400000.0,1209118.0,2190882.0,2190882.0,64.437706
1100000.0,1291441.1,-191441.12,191441.12,17.403738
900000.0,1224708.9,-324708.88,324708.88,36.078762
700000.0,1215799.8,-515799.75,515799.75,73.68568
800000.0,1265848.1,-465848.12,465848.12,58.231014
750000.0,1269110.1,-519110.12,519110.12,69.21468
1000000.0,1243972.5,-243972.5,243972.5,24.39725
1905500.0,1224976.8,680523.25,680523.25,35.71363
550000.0,1039416.75,-489416.75,489416.75,88.98486
1500000.0,1126701.0,373299.0,373299.0,24.8866
840000.0,1263638.9,-423638.88,423638.88,50.4332
690000.0,1223132.0,-533132.0,533132.0,77.26551
700000.0,1230247.1,-530247.1,530247.1,75.74959
850000.0,1278309.2,-428309.25,428309.25,50.389324
504000.0,1337434.8,-833434.75,833434.75,165.36404
1160000.0,1278060.0,-118060.0,118060.0,10.177587
500000.0,1187170.1,-687170.1,687170.1,137.43404
700000.0,1201672.8,-501672.75,501672.75,71.667534
1250000.0,1419440.2,-169440.25,169440.25,13.55522
787500.0,1205380.5,-417880.5,417880.5,53.06419
800000.0,1248945.9,-448945.88,448945.88,56.118233
1200000.0,1264130.9,-64130.875,64130.875,5.3442397
800000.0,1066729.2,-266729.25,266729.25,33.341156
900000.0,1190648.1,-290648.12,290648.12,32.294235
1724150.0,1175761.5,548388.5,548388.5,31.80631
400000.0,1219104.4,-819104.4,819104.4,204.7761
700000.0,1361037.4,-661037.4,661037.4,94.43391
1200000.0,1089194.5,110805.5,110805.5,9.233791
840000.0,1285452.0,-445452.0,445452.0,53.030003
1200000.0,1247850.1,-47850.125,47850.125,3.9875104
837000.0,1256214.5,-419214.5,419214.5,50.085365
803900.0,1141014.1,-337114.12,337114.12,41.934834
850000.0,1272295.8,-422295.75,422295.75,49.681854
800000.0,1339385.5,-539385.5,539385.5,67.42319
750000.0,1272829.0,-522829.0,522829.0,69.71053
600000.0,1236723.1,-636723.1,636723.1,106.12053
2326736.0,1236988.9,1089747.1,1089747.1,46.835873
400000.0,1272363.5,-872363.5,872363.5,218.09087
900000.0,1204958.0,-304958.0,304958.0,33.88422
560000.0,1218295.4,-658295.4,658295.4,117.55274
800000.0,1276789.5,-476789.5,476789.5,59.59869
450000.0,1328683.4,-878683.4,878683.4,195.26297
1200000.0,1332291.8,-132291.75,132291.75,11.024313
600000.0,1237948.2,-637948.25,637948.25,106.32471
845000.0,1235063.8,-390063.75,390063.75,46.16139
512500.0,1270667.9,-758167.9,758167.9,147.9352
700000.0,1216358.4,-516358.38,516358.38,73.76548
800000.0,1324400.4,-524400.4,524400.4,65.55005
1380000.0,1119051.8,260948.25,260948.25,18.909294
1200000.0,1030819.0,169181.0,169181.0,14.098416
1000000.0,1326582.1,-326582.12,326582.12,32.658215
960000.0,1425123.6,-465123.62,465123.62,48.45038
1458000.0,1223907.5,234092.5,234092.5,16.055727
500000.0,1176663.8,-676663.75,676663.75,135.33275
650000.0,1144872.8,-494872.75,494872.75,76.13427
600000.0,1188423.5,-588423.5,588423.5,98.07059
500000.0,1091654.2,-591654.25,591654.25,118.33085
872000.0,1268632.2,-396632.25,396632.25,45.48535
880000.0,1350638.8,-470638.75,470638.75,53.481674
800000.0,1242443.9,-442443.88,442443.88,55.30549
900000.0,1849102.0,-949102.0,949102.0,105.45578
700000.0,1281480.4,-581480.4,581480.4,83.06863
798000.0,1231327.8,-433327.75,433327.75,54.30172
700000.0,1254844.2,-554844.25,554844.25,79.263466
1120000.0,1265649.2,-145649.25,145649.25,13.004396
650000.0,1213247.4,-563247.4,563247.4,86.65344
650000.0,1260541.9,-610541.9,610541.9,93.92952
1900000.0,1322849.0,577151.0,577151.0,30.37637
1600000.0,1184749.1,415250.88,415250.88,25.95318
600000.0,1218077.5,-618077.5,618077.5,103.01292
3485000.0,1321842.6,2163157.5,2163157.5,62.07052
1260000.0,1154962.0,105038.0,105038.0,8.3363495
1060800.0,1284452.1,-223652.12,223652.12,21.083345
1005000.0,1675113.8,-670113.75,670113.75,66.677986
1250000.0,1217025.8,32974.25,32974.25,2.6379402
700000.0,1198933.0,-498933.0,498933.0,71.27614
1520000.0,1277640.4,242359.62,242359.62,15.944712
850000.0,1226398.2,-376398.25,376398.25,44.282146
600000.0,1244488.2,-644488.25,644488.25,107.41471
750000.0,1432343.8,-682343.75,682343.75,90.979164
749000.0,1116938.9,-367938.88,367938.88,49.124016
750000.0,1319989.5,-569989.5,569989.5,75.9986
700000.0,1321977.2,-621977.25,621977.25,88.8539
1000000.0,1239790.0,-239790.0,239790.0,23.979
2400000.0,1382345.6,1017654.4,1017654.4,42.402264
1000000.0,1268571.5,-268571.5,268571.5,26.85715
760000.0,1366518.4,-606518.4,606518.4,79.80505
1600000.0,1179213.2,420786.75,420786.75,26.299173
500000.0,1227298.8,-727298.75,727298.75,145.45975
1323000.0,1300354.0,22646.0,22646.0,1.7117157
970000.0,1298268.2,-328268.25,328268.25,33.842087
1720000.0,1423754.4,296245.62,296245.62,17.223583
3600000.0,1324110.5,2275889.5,2275889.5,63.219154
1120000.0,1252607.8,-132607.75,132607.75,11.839977
1600000.0,1255777.5,344222.5,344222.5,21.513906
800000.0,1173952.5,-373952.5,373952.5,46.744064
2000000.0,1278407.0,721593.0,721593.0,36.07965
1120000.0,1237310.4,-117310.375,117310.375,10.474141
1400000.0,1248906.2,151093.75,151093.75,10.79241
1580000.0,1315395.0,264605.0,264605.0,16.74715
560000.0,1293580.5,-733580.5,733580.5,130.99652
1400000.0,1268567.9,131432.12,131432.12,9.388009
1100000.0,1278058.0,-178058.0,178058.0,16.187092
900000.0,1232732.8,-332732.75,332732.75,36.970306
1100000.0,1363875.0,-263875.0,263875.0,23.988636
720000.0,1275253.2,-555253.25,555253.25,77.11851
900000.0,1070195.4,-170195.38,170195.38,18.910597
5300000.0,1144152.2,4155847.8,4155847.8,78.412224
1130000.0,1197656.8,-67656.75,67656.75,5.9873233
6400000.0,1237282.4,5162717.5,5162717.5,80.66746
1050000.0,1265301.1,-215301.12,215301.12,20.50487
710000.0,1307514.5,-597514.5,597514.5,84.156975
2400000.0,1215923.9,1184076.1,1184076.1,49.336506
700000.0,1390293.4,-690293.4,690293.4,98.61334
750000.0,1288035.2,-538035.25,538035.25,71.73804
600000.0,1192439.8,-592439.75,592439.75,98.73996
600000.0,1162664.6,-562664.6,562664.6,93.777435
800000.0,1423425.0,-623425.0,623425.0,77.92812
750000.0,1360040.4,-610040.4,610040.4,81.338715
1530000.0,1165072.9,364927.12,364927.12,23.851446
790000.0,1236351.9,-446351.88,446351.88,56.500237
960000.0,1274371.8,-314371.75,314371.75,32.74706
700000.0,1184622.1,-484622.12,484622.12,69.23173
860000.0,1278058.9,-418058.88,418058.88,48.611496
2150000.0,1291933.1,858066.9,858066.9,39.910088
4224000.0,1271175.5,2952824.5,2952824.5,69.90588
800000.0,1236097.9,-436097.88,436097.88,54.512234
778500.0,1222231.6,-443731.62,443731.62,56.998283
946400.0,1149044.5,-202644.5,202644.5,21.41214
900000.0,1288179.1,-388179.12,388179.12,43.131016
600000.0,1262645.2,-662645.25,662645.25,110.44087
590000.0,1302668.1,-712668.1,712668.1,120.79121
978800.0,932972.8,45827.188,45827.188,4.6819763
1625000.0,1336221.9,288778.12,288778.12,17.770962
580000.0,1082497.0,-502497.0,502497.0,86.63741
500000.0,1153589.8,-653589.75,653589.75,130.71794
700000.0,1247036.8,-547036.75,547036.75,78.14811
1116700.0,1264777.4,-148077.38,148077.38,13.260264
850000.0,1315621.4,-465621.38,465621.38,54.778988
950000.0,1221973.6,-271973.62,271973.62,28.628803
500000.0,1197164.0,-697164.0,697164.0,139.4328
650000.0,1250646.6,-600646.6,600646.6,92.40717
1205001.0,1095940.2,109060.75,109060.75,9.050677
588000.0,1341673.1,-753673.1,753673.1,128.1757
1230000.0,1280951.6,-50951.625,50951.625,4.1424084
700000.0,1258260.2,-558260.25,558260.25,79.751465
1000000.0,1350302.8,-350302.75,350302.75,35.030277
1020000.0,1200631.0,-180631.0,180631.0,17.708921
980000.0,1113612.2,-133612.25,133612.25,13.633903
1300000.0,1320045.2,-20045.25,20045.25,1.5419422
1015000.0,1262741.5,-247741.5,247741.5,24.40803
1000000.0,1122762.4,-122762.375,122762.375,12.2762375
1440000.0,1268463.1,171536.88,171536.88,11.912283
800000.0,1056211.8,-256211.75,256211.75,32.02647
624000.0,1390837.5,-766837.5,766837.5,122.890625
650000.0,1198302.8,-548302.75,548302.75,84.35427
630000.0,1214570.9,-584570.9,584570.9,92.78903
1000000.0,1274990.5,-274990.5,274990.5,27.49905
520000.0,1231053.4,-711053.4,711053.4,136.74103
1980000.0,1235761.5,744238.5,744238.5,37.587803
780000.0,1257764.0,-477764.0,477764.0,61.251797
700000.0,1552953.1,-852953.1,852953.1,121.85044
850000.0,1209503.1,-359503.12,359503.12,42.294483
1500000.0,1135334.6,364665.38,364665.38,24.311026
1260000.0,1256848.9,3151.125,3151.125,0.2500893
1135000.0,1199510.4,-64510.375,64510.375,5.6837335
800000.0,1202636.2,-402636.25,402636.25,50.32953
884000.0,1416379.2,-532379.25,532379.25,60.223896
1100000.0,2559982.0,-1459982.0,1459982.0,132.72563
582000.0,1329792.2,-747792.25,747792.25,128.48665
1200000.0,1203747.2,-3747.25,3747.25,0.31227082
1060000.0,1248456.2,-188456.25,188456.25,17.77889
1250000.0,1222832.6,27167.375,27167.375,2.1733902
1300000.0,1220658.9,79341.125,79341.125,6.1031637
1305000.0,1224516.9,80483.125,80483.125,6.1672893
800000.0,1222509.6,-422509.62,422509.62,52.8137
650000.0,1220439.9,-570439.9,570439.9,87.75999
1260000.0,1257797.2,2202.75,2202.75,0.17482142
1460000.0,1554060.0,-94060.0,94060.0,6.442466
9000000.0,1206043.2,7793957.0,7793957.0,86.599525
950000.0,1099902.4,-149902.38,149902.38,15.779198
2684000.0,1673252.4,1010747.6,1010747.6,37.658257
1000000.0,1197644.0,-197644.0,197644.0,19.7644
750000.0,1296762.8,-546762.75,546762.75,72.9017
700000.0,1232371.4,-532371.4,532371.4,76.053055
750000.0,873680.8,-123680.81,123680.81,16.490776
1040000.0,1208507.0,-168507.0,168507.0,16.202597
1540000.0,1249946.9,290053.12,290053.12,18.83462
950000.0,1225676.5,-275676.5,275676.5,29.018578
600000.0,1181071.2,-581071.25,581071.25,96.84521
500000.0,1197164.0,-697164.0,697164.0,139.4328
1300000.0,1248935.9,51064.125,51064.125,3.9280097
800000.0,1232729.1,-432729.12,432729.12,54.091137
1860000.0,1229231.6,630768.4,630768.4,33.912277
1200000.0,1249935.2,-49935.25,49935.25,4.1612706
600000.0,1554660.1,-954660.1,954660.1,159.11002
1000000.0,1264154.1,-264154.12,264154.12,26.415413
567500.0,1248107.4,-680607.4,680607.4,119.93082
480000.0,1313171.8,-833171.75,833171.75,173.57745
850000.0,1279883.1,-429883.12,429883.12,50.574486
670000.0,1420759.4,-750759.4,750759.4,112.053635
750000.0,1277312.4,-527312.4,527312.4,70.30832
550000.0,1377869.6,-827869.6,827869.6,150.52176
1600000.0,1179560.4,420439.62,420439.62,26.277477
1370000.0,1368751.9,1248.125,1248.125,0.091104016
850000.0,1097142.9,-247142.88,247142.88,29.075632
850000.0,1018159.44,-168159.44,168159.44,19.783463
1000000.0,1155006.8,-155006.75,155006.75,15.500675
1300000.0,1226543.0,73457.0,73457.0,5.6505384
1074000.0,1249634.1,-175634.12,175634.12,16.35327
1160000.0,1261254.8,-101254.75,101254.75,8.728858
1061600.0,1288586.4,-226986.38,226986.38,21.381535
1250000.0,1270226.1,-20226.125,20226.125,1.61809
1500000.0,1095933.8,404066.25,404066.25,26.93775
1050000.0,847730.1,202269.88,202269.88,19.263798
1600000.0,1294184.0,305816.0,305816.0,19.1135
600000.0,1291243.4,-691243.4,691243.4,115.20723
1080000.0,1107593.2,-27593.25,27593.25,2.5549304
2300000.0,1233341.1,1066658.9,1066658.9,46.376472
966000.0,1120777.6,-154777.62,154777.62,16.02253
1125000.0,1272171.5,-147171.5,147171.5,13.081911
500000.0,1176375.2,-676375.25,676375.25,135.27505
688000.0,1203707.0,-515707.0,515707.0,74.95741
1000000.0,1298648.0,-298648.0,298648.0,29.8648
1400000.0,1264039.9,135960.12,135960.12,9.711437
880000.0,1273776.2,-393776.25,393776.25,44.747303
810000.0,1458614.5,-648614.5,648614.5,80.07587
1280000.0,1242932.6,37067.375,37067.375,2.8958888
775000.0,1316824.5,-541824.5,541824.5,69.91284
820000.0,1411829.5,-591829.5,591829.5,72.17433
700000.0,1193510.1,-493510.12,493510.12,70.50145
1000000.0,1071002.5,-71002.5,71002.5,7.10025
7000000.0,1252266.2,5747734.0,5747734.0,82.11049
990000.0,1296068.2,-306068.25,306068.25,30.915985
900000.0,1359966.2,-459966.25,459966.25,51.10736
450000.0,1240409.8,-790409.75,790409.75,175.64662
1050000.0,872053.1,177946.88,177946.88,16.94732
1350000.0,1419888.8,-69888.75,69888.75,5.1769443
2850000.0,1218868.2,1631131.8,1631131.8,57.232697
800000.0,1477299.9,-677299.9,677299.9,84.66248
1080000.0,1316233.1,-236233.12,236233.12,21.873436
550000.0,1454485.5,-904485.5,904485.5,164.4519
1420000.0,1169128.4,250871.62,250871.62,17.667017
950000.0,1290205.1,-340205.12,340205.12,35.811066
670000.0,1288037.9,-618037.9,618037.9,92.24446
910000.0,1015680.3,-105680.31,105680.31,11.613221
792800.0,1182253.2,-389453.25,389453.25,49.12377
550000.0,1247121.8,-697121.75,697121.75,126.749405
895200.0,1185911.1,-290711.12,290711.12,32.474434
9400000.0,1261740.9,8138259.0,8138259.0,86.577225
565000.0,1277696.8,-712696.75,712696.75,126.14102
2660000.0,1211020.0,1448980.0,1448980.0,54.472935
700000.0,1178687.2,-478687.25,478687.25,68.38389
620000.0,1212499.1,-592499.1,592499.1,95.56438
1095000.0,1112135.0,-17135.0,17135.0,1.5648402
650000.0,1062304.4,-412304.38,412304.38,63.431442
990000.0,1313178.0,-323178.0,323178.0,32.64424
720000.0,1294440.4,-574440.4,574440.4,79.78339
700000.0,1253639.6,-553639.6,553639.6,79.09138
1200000.0,1212437.1,-12437.125,12437.125,1.036427
1280000.0,1142630.5,137369.5,137369.5,10.731992
75833.0,1231572.1,-1155739.1,1155739.1,1524.0582
3084000.0,1372237.2,1711762.8,1711762.8,55.504627
1650000.0,1253812.8,396187.25,396187.25,24.011349
1500000.0,1222797.2,277202.75,277202.75,18.480183
950000.0,1197253.6,-247253.62,247253.62,26.026695
1200000.0,1222485.8,-22485.75,22485.75,1.8738124
550000.0,1292787.4,-742787.4,742787.4,135.05225
850000.0,1272051.9,-422051.88,422051.88,49.65316
636400.0,1116926.1,-480526.12,480526.12,75.506935
560000.0,1061236.4,-501236.38,501236.38,89.50649
2200000.0,1450879.4,749120.6,749120.6,34.050938
800000.0,1200558.5,-400558.5,400558.5,50.069817
600000.0,1074081.0,-474081.0,474081.0,79.013504
867500.0,1280085.9,-412585.88,412585.88,47.56033
500000.0,1266569.4,-766569.4,766569.4,153.31387
1160000.0,1233257.2,-73257.25,73257.25,6.3152804
2543200.0,1242794.6,1300405.4,1300405.4,51.132645
4836900.0,1420915.9,3415984.0,3415984.0,70.62341
1350000.0,1205355.8,144644.25,144644.25,10.714389
900000.0,1182283.1,-282283.12,282283.12,31.364792
730000.0,1154959.8,-424959.75,424959.75,58.21366
1100000.0,1070812.6,29187.375,29187.375,2.6533978
1218000.0,1225088.1,-7088.125,7088.125,0.58194786
1102000.0,1214237.1,-112237.125,112237.125,10.184857
840000.0,1260904.2,-420904.25,420904.25,50.107647
880000.0,1384499.0,-504499.0,504499.0,57.329433
540000.0,1192228.6,-652228.6,652228.6,120.78308
725000.0,1229739.4,-504739.38,504739.38,69.619225
1600000.0,1078468.6,521531.38,521531.38,32.59571
720000.0,1161706.6,-441706.62,441706.62,61.34814
930000.0,1145168.5,-215168.5,215168.5,23.136398
530000.0,1495350.2,-965350.25,965350.25,182.14156
1580000.0,1059262.2,520737.75,520737.75,32.958084
700000.0,1258931.5,-558931.5,558931.5,79.84736
700000.0,1122984.5,-422984.5,422984.5,60.426353
964000.0,1404093.2,-440093.25,440093.25,45.65283
600000.0,1144728.1,-544728.1,544728.1,90.78802
925000.0,1240077.1,-315077.12,315077.12,34.062393
3628000.0,996190.7,2631809.2,2631809.2,72.5416
1565000.0,1203756.1,361243.88,361243.88,23.082676
490000.0,1454485.5,-964485.5,964485.5,196.83377
800000.0,1126250.2,-326250.25,326250.25,40.78128
700000.0,1268766.0,-568766.0,568766.0,81.25228
1600000.0,1246573.5,353426.5,353426.5,22.089157
850000.0,1235998.2,-385998.25,385998.25,45.41156
900000.0,1292562.1,-392562.12,392562.12,43.618015
1000000.0,1251859.6,-251859.62,251859.62,25.185963
980000.0,1173307.4,-193307.38,193307.38,19.725243
1460000.0,1210703.9,249296.12,249296.12,17.075077
1800000.0,1099479.6,700520.4,700520.4,38.917797
1200000.0,1267298.4,-67298.375,67298.375,5.608198
1100000.0,1261632.8,-161632.75,161632.75,14.693886
1080000.0,1258119.8,-178119.75,178119.75,16.492569
1000000.0,1214799.1,-214799.12,214799.12,21.479912
720000.0,1282087.0,-562087.0,562087.0,78.067635
710000.0,1203710.1,-493710.12,493710.12,69.53664
900000.0,1243387.2,-343387.25,343387.25,38.15414
1200000.0,1266556.6,-66556.625,66556.625,5.5463853
550000.0,1163151.1,-613151.1,613151.1,111.482025
1600000.0,1233955.6,366044.38,366044.38,22.877773
975000.0,1227782.9,-252782.88,252782.88,25.92645
380000.0,1274718.6,-894718.6,894718.6,235.45227
2400000.0,1118349.8,1281650.2,1281650.2,53.402096
1250000.0,1260116.8,-10116.75,10116.75,0.80934
450000.0,1180658.8,-730658.75,730658.75,162.3686
520000.0,1260349.6,-740349.6,740349.6,142.37494
1000000.0,1195536.9,-195536.88,195536.88,19.553688
1125000.0,1047697.1,77302.875,77302.875,6.8713665
774000.0,1205380.5,-431380.5,431380.5,55.733913
925000.0,1317915.4,-392915.38,392915.38,42.477337
2460000.0,1248851.8,1211148.2,1211148.2,49.23367
860000.0,1285237.1,-425237.12,425237.12,49.44618
413000.0,1274250.6,-861250.6,861250.6,208.53526
1850000.0,1269077.5,580922.5,580922.5,31.401217
806800.0,1254522.6,-447722.62,447722.62,55.493633
600000.0,1257260.1,-657260.1,657260.1,109.54336
1600000.0,1174354.0,425646.0,425646.0,26.602877
1374881.0,1275230.2,99650.75,99650.75,7.2479544
700000.0,1229549.5,-529549.5,529549.5,75.64993
1200000.0,2231938.5,-1031938.5,1031938.5,85.99487
1330000.0,1268617.6,61382.375,61382.375,4.6152163
1600000.0,1285752.0,314248.0,314248.0,19.6405
800000.0,1240167.2,-440167.25,440167.25,55.020905
700000.0,1243745.2,-543745.25,543745.25,77.677895
580000.0,1126192.1,-546192.1,546192.1,94.17105
700000.0,1233878.4,-533878.4,533878.4,76.26834
1667500.0,1229185.6,438314.38,438314.38,26.28572
1012500.0,1250793.9,-238293.88,238293.88,23.535198
2100000.0,1274305.1,825694.9,825694.9,39.3188
1150000.0,1430051.8,-280051.75,280051.75,24.352325
1147500.0,1212282.5,-64782.5,64782.5,5.6455336
1800000.0,1366938.1,433061.88,433061.88,24.058992
900000.0,1247042.4,-347042.38,347042.38,38.560265
832000.0,1268564.0,-436564.0,436564.0,52.47163
1420000.0,1107759.9,312240.12,312240.12,21.98874
600000.0,1364655.6,-764655.6,764655.6,127.4426
1800000.0,1257088.0,542912.0,542912.0,30.161777
1200000.0,1148911.2,51088.75,51088.75,4.2573957
1274500.0,1165028.8,109471.25,109471.25,8.589349
1073600.0,1302205.6,-228605.62,228605.62,21.293371
2588000.0,1171152.1,1416847.9,1416847.9,54.746826
1850000.0,1214234.9,635765.1,635765.1,34.365685
1050000.0,1257548.8,-207548.75,207548.75,19.766548
718001.0,1330777.4,-612776.4,612776.4,85.34478
2000000.0,1261960.2,738039.75,738039.75,36.901985
1000000.0,1554632.8,-554632.75,554632.75,55.463272
1440000.0,1113596.9,326403.12,326403.12,22.666883
700000.0,1284585.1,-584585.1,584585.1,83.51216
500000.0,1272730.8,-772730.75,772730.75,154.54616
2432000.0,1250105.1,1181894.9,1181894.9,48.597652
440000.0,1257843.5,-817843.5,817843.5,185.87352
1480000.0,1198512.8,281487.25,281487.25,19.01941
665342.0,1275143.2,-609801.25,609801.25,91.6523
1128000.0,1274123.0,-146123.0,146123.0,12.954166
1000000.0,1265046.2,-265046.25,265046.25,26.504623
1200000.0,1144855.9,55144.125,55144.125,4.5953436
1600000.0,1276490.1,323509.88,323509.88,20.219368
1230000.0,1267888.5,-37888.5,37888.5,3.080366
1000000.0,1155663.0,-155663.0,155663.0,15.566299
955000.0,1548492.0,-593492.0,593492.0,62.14576
1650000.0,1298548.4,351451.62,351451.62,21.300098
1000000.0,1281503.0,-281503.0,281503.0,28.1503
1100000.0,1282793.5,-182793.5,182793.5,16.61759
730000.0,1198710.8,-468710.75,468710.75,64.206955
750000.0,1080087.9,-330087.88,330087.88,44.01172
850000.0,1182004.1,-332004.12,332004.12,39.059307
800000.0,1413505.9,-613505.9,613505.9,76.68823
18800000.0,1255817.9,17544182.0,17544182.0,93.32012
582800.0,1227358.2,-644558.25,644558.25,110.59681
1300000.0,1332174.2,-32174.25,32174.25,2.4749422
930000.0,1285659.8,-355659.75,355659.75,38.242985
700000.0,1262255.4,-562255.4,562255.4,80.3222
445000.0,1019850.25,-574850.25,574850.25,129.17984
1350000.0,1243593.0,106407.0,106407.0,7.882
1861000.0,1140678.0,720322.0,720322.0,38.70618
2500000.0,1282339.0,1217661.0,1217661.0,48.70644
1200000.0,1283445.9,-83445.875,83445.875,6.9538226
700000.0,1402192.9,-702192.9,702192.9,100.31327
1000000.0,1198395.6,-198395.62,198395.62,19.839563
893000.0,1273130.5,-380130.5,380130.5,42.567806
688000.0,1086958.4,-398958.38,398958.38,57.988136
740000.0,1257843.2,-517843.25,517843.25,69.97881
500000.0,1245190.6,-745190.6,745190.6,149.03812
800000.0,1242955.9,-442955.88,442955.88,55.369484
2300000.0,1559216.1,740783.9,740783.9,32.207996
1800000.0,1262018.8,537981.25,537981.25,29.887846
650000.0,1155144.6,-505144.62,505144.62,77.714554
800000.0,1356128.4,-556128.4,556128.4,69.516045
540000.0,1307293.2,-767293.25,767293.25,142.09134
1200000.0,1258069.2,-58069.25,58069.25,4.839104
1080500.0,1215855.2,-135355.25,135355.25,12.527093
1600000.0,1168177.6,431822.38,431822.38,26.9889
850000.0,1230900.4,-380900.38,380900.38,44.81181
600000.0,1260270.4,-660270.4,660270.4,110.04507
625000.0,1218077.5,-593077.5,593077.5,94.8924
845000.0,1315748.0,-470748.0,470748.0,55.70982
750000.0,1142613.1,-392613.12,392613.12,52.348415
1200000.0,1282871.1,-82871.125,82871.125,6.9059267
1033000.0,1208601.6,-175601.62,175601.62,16.99919
1540000.0,1272695.6,267304.38,267304.38,17.357428
724000.0,1183756.4,-459756.38,459756.38,63.502266
1300000.0,1190036.4,109963.625,109963.625,8.45874
970000.0,1254644.6,-284644.62,284644.62,29.344807
700000.0,1683170.9,-983170.9,983170.9,140.45299
900000.0,1225027.5,-325027.5,325027.5,36.114166
800000.0,1147976.6,-347976.62,347976.62,43.497078
1600000.0,1224017.4,375982.62,375982.62,23.498913
1740000.0,1145924.4,594075.6,594075.6,34.142277
620000.0,1070876.5,-450876.5,450876.5,72.722015
762000.0,1157649.2,-395649.25,395649.25,51.922478
1200000.0,1116579.0,83421.0,83421.0,6.9517503
868000.0,1165133.9,-297133.88,297133.88,34.232014
700000.0,1122650.5,-422650.5,422650.5,60.37864
900000.0,1341638.0,-441638.0,441638.0,49.07089
1400000.0,1293890.6,106109.375,106109.375,7.579241
1456000.0,1066186.2,389813.75,389813.75,26.772923
500000.0,1285236.6,-785236.6,785236.6,157.04732
1400000.0,1272575.9,127424.125,127424.125,9.101723
1205000.0,1307465.1,-102465.125,102465.125,8.50333
1500000.0,1374397.5,125602.5,125602.5,8.3735
750000.0,1234052.9,-484052.88,484052.88,64.54039
1000000.0,1213116.4,-213116.38,213116.38,21.311638
3000000.0,1184300.6,1815699.4,1815699.4,60.52331
1710000.0,1202337.5,507662.5,507662.5,29.687866
1006000.0,1258353.5,-252353.5,252353.5,25.08484
800000.0,1198338.8,-398338.75,398338.75,49.792343
900000.0,1223919.1,-323919.12,323919.12,35.991013
810000.0,1241312.6,-431312.62,431312.62,53.24847
690000.0,1231208.2,-541208.25,541208.25,78.435974
625000.0,1224021.4,-599021.4,599021.4,95.84342
1050000.0,1061672.9,-11672.875,11672.875,1.1117023
900000.0,1293959.9,-393959.88,393959.88,43.77332
720000.0,1307574.6,-587574.6,587574.6,81.60759
300000.0,1260280.8,-960280.75,960280.75,320.0936
1379600.0,1084528.1,295071.88,295071.88,21.38822
750000.0,1304819.8,-554819.75,554819.75,73.97597
600000.0,1219398.1,-619398.1,619398.1,103.23302
1100000.0,1217389.4,-117389.375,117389.375,10.6717615
800000.0,1296650.2,-496650.25,496650.25,62.081284
650000.0,1325947.8,-675947.75,675947.75,103.99196
520000.0,1136640.2,-616640.25,616640.25,118.58467
922500.0,1150952.8,-228452.75,228452.75,24.764526
600000.0,1371327.8,-771327.75,771327.75,128.55463
4560000.0,1296145.2,3263854.8,3263854.8,71.57576
2050000.0,1277806.0,772194.0,772194.0,37.668
1100000.0,1137658.9,-37658.875,37658.875,3.423534
700000.0,1057128.6,-357128.62,357128.62,51.018375
936000.0,1265881.9,-329881.88,329881.88,35.24379
1812500.0,1235002.0,577498.0,577498.0,31.861958
730000.0,1131696.8,-401696.75,401696.75,55.026955
610000.0,1286639.9,-676639.9,676639.9,110.92457
650000.0,1023049.0,-373049.0,373049.0,57.392155
750000.0,1291724.0,-541724.0,541724.0,72.229866
710000.0,1170598.8,-460598.75,460598.75,64.87306
1000000.0,1129929.8,-129929.75,129929.75,12.992975
520000.0,1256707.8,-736707.75,736707.75,141.67456
850000.0,1238249.0,-388249.0,388249.0,45.676353
1000000.0,1103652.4,-103652.375,103652.375,10.365237
800000.0,1182749.5,-382749.5,382749.5,47.84369
920000.0,1281918.6,-361918.62,361918.62,39.33898
1080000.0,1267320.6,-187320.62,187320.62,17.344501
1000000.0,1154899.9,-154899.88,154899.88,15.489988
1260000.0,1254503.6,5496.375,5496.375,0.43622023
1170000.0,1267926.6,-97926.625,97926.625,8.369797
1350000.0,1242582.2,107417.75,107417.75,7.9568706
730000.0,1252263.2,-522263.25,522263.25,71.542915
840000.0,1240953.9,-400953.88,400953.88,47.732605
454500.0,1171498.1,-716998.1,716998.1,157.75536
1600000.0,1248765.6,351234.38,351234.38,21.952148
1050000.0,1330702.6,-280702.62,280702.62,26.733583
1000000.0,1225232.9,-225232.88,225232.88,22.523287
750000.0,1307638.5,-557638.5,557638.5,74.3518
1800000.0,1272890.0,527110.0,527110.0,29.28389
1200000.0,1209912.9,-9912.875,9912.875,0.8260729
745000.0,1387682.6,-642682.6,642682.6,86.26612
1090000.0,1183561.8,-93561.75,93561.75,8.583647
1050000.0,1173645.0,-123645.0,123645.0,11.775714
700800.0,1270240.5,-569440.5,569440.5,81.25578
400000.0,1240069.0,-840069.0,840069.0,210.01726
680000.0,1318946.2,-638946.25,638946.25,93.962685
1350000.0,1109283.6,240716.38,240716.38,17.830843
1300000.0,1262568.8,37431.25,37431.25,2.879327
600000.0,1416153.0,-816153.0,816153.0,136.0255
940000.0,1103402.4,-163402.38,163402.38,17.383232
1750000.0,1148518.9,601481.1,601481.1,34.37035
4831500.0,1249255.2,3582244.8,3582244.8,74.14353
810000.0,1215157.4,-405157.38,405157.38,50.019432
700000.0,1285233.1,-585233.1,585233.1,83.60473
1150000.0,1029835.1,120164.875,120164.875,10.44912
400000.0,1234569.1,-834569.1,834569.1,208.64229
1492187.0,1254533.9,237653.12,237653.12,15.926498
864000.0,1284116.5,-420116.5,420116.5,48.624596
1300000.0,1198898.9,101101.125,101101.125,7.77701
1260000.0,1276957.4,-16957.375,16957.375,1.3458234
1040000.0,1399092.2,-359092.25,359092.25,34.5281
2538000.0,1354811.0,1183189.0,1183189.0,46.618954
850000.0,1288507.6,-438507.62,438507.62,51.58913
1200000.0,1151118.9,48881.125,48881.125,4.073427
1600000.0,1266926.2,333073.75,333073.75,20.81711
600000.0,1256412.8,-656412.75,656412.75,109.40212
600000.0,1291390.5,-691390.5,691390.5,115.23175
1000000.0,1322176.9,-322176.88,322176.88,32.217686
1000000.0,1193032.9,-193032.88,193032.88,19.303288
1600000.0,1181970.4,418029.62,418029.62,26.126852
1600000.0,1291048.0,308952.0,308952.0,19.3095
1000000.0,1256720.0,-256720.0,256720.0,25.672
900000.0,1265794.6,-365794.62,365794.62,40.64385
1080000.0,1276047.9,-196047.88,196047.88,18.15258
1080000.0,1201875.9,-121875.875,121875.875,11.284803
890000.0,1237098.8,-347098.75,347098.75,38.99986
850000.0,1205562.0,-355562.0,355562.0,41.830822
1160000.0,1170424.5,-10424.5,10424.5,0.8986638
1050000.0,1137424.1,-87424.125,87424.125,8.326107
1717500.0,1281500.6,435999.38,435999.38,25.385698
800000.0,1215314.5,-415314.5,415314.5,51.91431
1350000.0,1217070.6,132929.38,132929.38,9.846621
600000.0,1147878.9,-547878.9,547878.9,91.31315
1214000.0,1224565.9,-10565.875,10565.875,0.87033564
1300000.0,1304980.2,-4980.25,4980.25,0.38309616
1600000.0,1222823.8,377176.25,377176.25,23.573517
640000.0,1042964.0,-402964.0,402964.0,62.963123
780000.0,1186405.0,-406405.0,406405.0,52.103203
1133000.0,1130736.0,2264.0,2264.0,0.19982348
600000.0,1131192.4,-531192.4,531192.4,88.53206
1920000.0,1268110.0,651890.0,651890.0,33.952602
850000.0,1237529.0,-387529.0,387529.0,45.59165
1000000.0,1380771.4,-380771.38,380771.38,38.077137
900000.0,1422160.5,-522160.5,522160.5,58.017834
700000.0,1504455.0,-804455.0,804455.0,114.92214
1100000.0,1259057.1,-159057.12,159057.12,14.459738
1240000.0,1283662.2,-43662.25,43662.25,3.5211492
1912500.0,1313571.8,598928.25,598928.25,31.31651
800000.0,1262547.4,-462547.38,462547.38,57.818424
896000.0,1267724.0,-371724.0,371724.0,41.487053
765000.0,1323424.4,-558424.4,558424.4,72.99665
2600000.0,1432007.9,1167992.1,1167992.1,44.922775
1675000.0,1240350.1,434649.88,434649.88,25.949245
991000.0,1269649.2,-278649.25,278649.25,28.117987
770000.0,1217533.0,-447533.0,447533.0,58.12117
750000.0,1271506.2,-521506.25,521506.25,69.534164
800000.0,1290778.8,-490778.75,490778.75,61.347343
1400000.0,1276122.9,123877.125,123877.125,8.848366
1400000.0,1089655.4,310344.62,310344.62,22.167473
1000000.0,1248090.5,-248090.5,248090.5,24.809052
942000.0,1208318.0,-266318.0,266318.0,28.27155
622000.0,1535947.9,-913947.9,913947.9,146.93695
740000.0,1275001.0,-535001.0,535001.0,72.29743
1720000.0,1103644.8,616355.25,616355.25,35.834606
1300000.0,1237766.6,62233.375,62233.375,4.787183
1620000.0,1260163.9,359836.12,359836.12,22.212107
1800000.0,1223911.8,576088.25,576088.25,32.0049
570000.0,1047576.75,-477576.75,477576.75,83.7854
792800.0,1214488.5,-421688.5,421688.5,53.189774
1600000.0,1265605.5,334394.5,334394.5,20.899656
700000.0,1218012.8,-518012.75,518012.75,74.001816
2430000.0,1236277.8,1193722.2,1193722.2,49.12437
972000.0,1157289.5,-185289.5,185289.5,19.062706
1480000.0,1177394.0,302606.0,302606.0,20.446352
500000.0,1267520.6,-767520.6,767520.6,153.50412
966000.0,1113107.6,-147107.62,147107.62,15.228532
1000000.0,1249607.1,-249607.12,249607.12,24.960712
1175000.0,1259094.2,-84094.25,84094.25,7.1569576
1620000.0,1295589.1,324410.88,324410.88,20.025362
650000.0,1178423.2,-528423.25,528423.25,81.29588
700000.0,1270582.5,-570582.5,570582.5,81.51178
610000.0,1218845.1,-608845.1,608845.1,99.81068
1490000.0,1131522.5,358477.5,358477.5,24.058893
1160000.0,1301227.1,-141227.12,141227.12,12.174752
650000.0,1194818.0,-544818.0,544818.0,83.81815
1200000.0,1135077.2,64922.75,64922.75,5.410229
936000.0,1034792.0,-98792.0,98792.0,10.554701
1200000.0,1272328.0,-72328.0,72328.0,6.0273333
1881600.0,1256171.6,625428.4,625428.4,33.239178
2762500.0,1129988.1,1632511.9,1632511.9,59.095455
700000.0,1352817.8,-652817.75,652817.75,93.25968
600000.0,1138833.6,-538833.6,538833.6,89.8056
700000.0,1161088.5,-461088.5,461088.5,65.86978
1148000.0,1435188.5,-287188.5,287188.5,25.01642
758000.0,1113100.0,-355100.0,355100.0,46.846966
862000.0,1192925.8,-330925.75,330925.75,38.390457
750000.0,1260495.2,-510495.25,510495.25,68.06603
1020000.0,1234514.9,-214514.88,214514.88,21.03087
612000.0,1164089.9,-552089.9,552089.9,90.21076
1152000.0,1225606.6,-73606.625,73606.625,6.389464
1760000.0,1471227.8,288772.25,288772.25,16.407513
500000.0,1333779.2,-833779.25,833779.25,166.75586
755000.0,1117052.9,-362052.88,362052.88,47.95402
1440000.0,1390457.4,49542.625,49542.625,3.4404602
717080.0,1287796.5,-570716.5,570716.5,79.58896
2592000.0,1120751.6,1471248.4,1471248.4,56.761127
1500000.0,1270425.9,229574.12,229574.12,15.304941
650000.0,1213888.4,-563888.4,563888.4,86.75206
1150000.0,1087976.0,62024.0,62024.0,5.3933916
2220000.0,1265016.4,954983.6,954983.6,43.01728
690000.0,1381975.6,-691975.6,691975.6,100.286316
1200000.0,1161656.2,38343.75,38343.75,3.1953125
900000.0,1405593.9,-505593.88,505593.88,56.177097
2034300.0,1248719.2,785580.75,785580.75,38.61676
1100000.0,1189684.2,-89684.25,89684.25,8.153113
1920000.0,1208430.4,711569.6,711569.6,37.06092
1300000.0,1208850.5,91149.5,91149.5,7.0115
550000.0,1200292.1,-650292.1,650292.1,118.23493
840000.0,1196775.4,-356775.38,356775.38,42.47326
900000.0,1116557.9,-216557.88,216557.88,24.061987
1843500.0,1222179.0,621321.0,621321.0,33.703335
500000.0,1120737.4,-620737.4,620737.4,124.14748
700000.0,1229275.4,-529275.4,529275.4,75.61077
684000.0,1250052.8,-566052.75,566052.75,82.75625
940000.0,1272925.2,-332925.25,332925.25,35.41758
2460001.0,1307314.6,1152686.4,1152686.4,46.85715
600000.0,1418622.5,-818622.5,818622.5,136.43709
740000.0,1164709.0,-424709.0,424709.0,57.39311
700000.0,1282355.1,-582355.1,582355.1,83.19359
816000.0,1271579.5,-455579.5,455579.5,55.83082
1620000.0,1260865.9,359134.12,359134.12,22.168774
700000.0,1300955.4,-600955.4,600955.4,85.85077
2000000.0,1270747.0,729253.0,729253.0,36.46265
750000.0,1263422.9,-513422.88,513422.88,68.45638
1000000.0,1249102.2,-249102.25,249102.25,24.910225
700000.0,1314012.5,-614012.5,614012.5,87.71607
994000.0,1235666.1,-241666.12,241666.12,24.312487
1400000.0,1241358.1,158641.88,158641.88,11.331563
1024000.0,1257480.8,-233480.75,233480.75,22.800854
2600000.0,1290857.2,1309142.8,1309142.8,50.351643
700000.0,1339176.1,-639176.1,639176.1,91.310875
599000.0,1185938.0,-586938.0,586938.0,97.98631
800000.0,1170869.1,-370869.12,370869.12,46.358643
580000.0,1404305.8,-824305.75,824305.75,142.12169
746250.0,1127860.6,-381610.62,381610.62,51.1371
1423000.0,1119158.2,303841.75,303841.75,21.352196
2396000.0,1492338.4,903661.6,903661.6,37.715427
1628800.0,1011989.4,616810.6,616810.6,37.869022
1322000.0,1277513.2,44486.75,44486.75,3.36511
800000.0,1283931.8,-483931.75,483931.75,60.491467
1000000.0,1260651.9,-260651.88,260651.88,26.06519
1000000.0,1258471.6,-258471.62,258471.62,25.847164
700000.0,1300936.2,-600936.25,600936.25,85.84803
840000.0,1250616.0,-410616.0,410616.0,48.88286
910000.0,1131261.9,-221261.88,221261.88,24.314491
850000.0,1517065.2,-667065.25,667065.25,78.478264
3463375.0,1281904.5,2181470.5,2181470.5,62.98684
2000000.0,1241729.4,758270.6,758270.6,37.913532
1625000.0,1218868.2,406131.75,406131.75,24.992723
852500.0,1169807.5,-317307.5,317307.5,37.22082
550000.0,1252945.8,-702945.75,702945.75,127.80832
63500000.0,1054645.5,62445356.0,62445356.0,98.33914
1292000.0,1212194.4,79805.625,79805.625,6.176906
930000.0,1279975.0,-349975.0,349975.0,37.63172
724710.0,1174884.5,-450174.5,450174.5,62.11788
550000.0,1203933.5,-653933.5,653933.5,118.896996
600000.0,1227320.0,-627320.0,627320.0,104.55333
600000.0,1263809.5,-663809.5,663809.5,110.63491
1160000.0,1209340.2,-49340.25,49340.25,4.25347
920000.0,1209476.4,-289476.38,289476.38,31.464825
1150000.0,1398805.9,-248805.88,248805.88,21.635294
750000.0,1452668.9,-702668.9,702668.9,93.689186
1170000.0,1278847.9,-108847.875,108847.875,9.303238
688000.0,1250915.8,-562915.75,562915.75,81.819145
784000.0,1280918.8,-496918.75,496918.75,63.382496
500000.0,1325398.0,-825398.0,825398.0,165.0796
601000.0,1256807.6,-655807.6,655807.6,109.1194
1501500.0,1527807.0,-26307.0,26307.0,1.752048
1176400.0,1251246.9,-74846.875,74846.875,6.3623657
700000.0,1421420.2,-721420.25,721420.25,103.06003
1500000.0,1223115.2,276884.75,276884.75,18.458982
760000.0,1137721.8,-377721.75,377721.75,49.70023
9700005.0,1323893.9,8376111.0,8376111.0,86.351616
960000.0,1269584.5,-309584.5,309584.5,32.248386
520000.0,1249794.5,-729794.5,729794.5,140.3451
800000.0,1331856.2,-531856.25,531856.25,66.48203
1500000.0,1207569.5,292430.5,292430.5,19.495367
1200000.0,1217787.2,-17787.25,17787.25,1.4822708
1581600.0,1161314.5,420285.5,420285.5,26.573437
700000.0,1402884.4,-702884.4,702884.4,100.412056
1022000.0,1228504.4,-206504.38,206504.38,20.205908
1050000.0,1395044.6,-345044.62,345044.62,32.861393
788000.0,1332556.2,-544556.25,544556.25,69.106125
1400000.0,1432646.8,-32646.75,32646.75,2.3319106
454500.0,1248902.1,-794402.1,794402.1,174.78595
1911000.0,1478646.0,432354.0,432354.0,22.624489
2865000.0,1361879.9,1503120.1,1503120.1,52.464928
800000.0,1417988.2,-617988.25,617988.25,77.248535
910000.0,1016191.8,-106191.81,106191.81,11.66943
602000.0,1142985.6,-540985.6,540985.6,89.864716
567500.0,1247859.1,-680359.1,680359.1,119.88707
580500.0,1268952.1,-688452.1,688452.1,118.5964
800000.0,1290959.2,-490959.25,490959.25,61.369907
1600000.0,1144778.5,455221.5,455221.5,28.451344
960000.0,1274767.1,-314767.12,314767.12,32.788242
1250000.0,1243124.4,6875.625,6875.625,0.55005
1650000.0,1262307.6,387692.38,387692.38,23.496508
700000.0,1284666.5,-584666.5,584666.5,83.52379
1160000.0,1278254.8,-118254.75,118254.75,10.194375
1100000.0,1344858.1,-244858.12,244858.12,22.25983
1000000.0,1203669.6,-203669.62,203669.62,20.366962
450000.0,1246867.6,-796867.6,796867.6,177.0817
1600000.0,1217687.6,382312.38,382312.38,23.894524
650000.0,1343005.1,-693005.1,693005.1,106.61617
1079400.0,1291308.2,-211908.25,211908.25,19.632042
700000.0,1268387.2,-568387.25,568387.25,81.19818
1200000.0,1278291.0,-78291.0,78291.0,6.52425
950000.0,1194705.4,-244705.38,244705.38,25.758461
1800000.0,1270356.9,529643.1,529643.1,29.424616
1576500.0,1168934.6,407565.38,407565.38,25.852547
810000.0,1161985.2,-351985.25,351985.25,43.454967
805000.0,1421649.2,-616649.25,616649.25,76.602394
1000000.0,1214880.5,-214880.5,214880.5,21.48805
1450000.0,1264100.1,185899.88,185899.88,12.820681
1500000.0,1326149.1,173850.88,173850.88,11.590058
750000.0,1244033.5,-494033.5,494033.5,65.87113
1000000.0,1258115.1,-258115.12,258115.12,25.811512
1600000.0,1245950.0,354050.0,354050.0,22.128124
550000.0,1346399.8,-796399.75,796399.75,144.79996
600000.0,1208334.1,-608334.1,608334.1,101.38902
810000.0,1241333.9,-431333.88,431333.88,53.251095
2400000.0,1198877.0,1201123.0,1201123.0,50.04679
720000.0,1180403.6,-460403.62,460403.62,63.944946
700000.0,1260239.6,-560239.6,560239.6,80.03423
1150000.0,1315840.0,-165840.0,165840.0,14.42087
620000.0,1123756.2,-503756.25,503756.25,81.25101
1400000.0,1096434.8,303565.25,303565.25,21.683233
2000000.0,1302006.9,697993.1,697993.1,34.899654
900000.0,1266386.4,-366386.38,366386.38,40.7096
900000.0,1227711.9,-327711.88,327711.88,36.41243
9500000.0,1126548.2,8373452.0,8373452.0,88.1416
800000.0,1260123.9,-460123.88,460123.88,57.515484
800000.0,1315331.5,-515331.5,515331.5,64.416435
600000.0,1225209.2,-625209.25,625209.25,104.201546
1020000.0,1279474.9,-259474.88,259474.88,25.438713
650000.0,1139468.2,-489468.25,489468.25,75.30281
2130000.0,1284053.0,845947.0,845947.0,39.71582
990000.0,1200571.0,-210571.0,210571.0,21.269798
700000.0,1175892.5,-475892.5,475892.5,67.98464
800000.0,1065016.4,-265016.38,265016.38,33.127045
665000.0,1198006.0,-533006.0,533006.0,80.151276
550000.0,1388706.1,-838706.1,838706.1,152.49202
1895000.0,1070383.2,824616.75,824616.75,43.515396
1400000.0,1205692.5,194307.5,194307.5,13.8791065
520000.0,1018200.4,-498200.38,498200.38,95.80777
2652000.0,1296145.2,1355854.8,1355854.8,51.125748
1080000.0,1252343.8,-172343.75,172343.75,15.957755
1050000.0,1282481.2,-232481.25,232481.25,22.141071
1400000.0,1271056.8,128943.25,128943.25,9.210232
1600000.0,1221836.0,378164.0,378164.0,23.63525
1000000.0,1357722.9,-357722.88,357722.88,35.77229
650000.0,1194818.0,-544818.0,544818.0,83.81815
1680000.0,1242667.2,437332.75,437332.75,26.031712
1680000.0,1183138.8,496861.25,496861.25,29.575073
1020000.0,1256191.6,-236191.62,236191.62,23.156042
1250000.0,1272197.1,-22197.125,22197.125,1.7757701
1440000.0,1250169.6,189830.38,189830.38,13.182666
1010000.0,1178745.4,-168745.38,168745.38,16.707464
3037500.0,1107779.2,1929720.8,1929720.8,63.529903
850000.0,1216076.9,-366076.88,366076.88,43.067867
800000.0,1241729.4,-441729.38,441729.38,55.21617
810000.0,1231126.5,-421126.5,421126.5,51.990925
900000.0,1249351.0,-349351.0,349351.0,38.816776
1330000.0,1244114.6,85885.375,85885.375,6.457547
960000.0,1241467.0,-281467.0,281467.0,29.31948
800000.0,1225426.2,-425426.25,425426.25,53.17828
650000.0,1300974.4,-650974.4,650974.4,100.1499
1000000.0,1218218.1,-218218.12,218218.12,21.821812
1050000.0,1040307.3,9692.6875,9692.6875,0.92311305
1216000.0,1332473.5,-116473.5,116473.5,9.578413
700000.0,1210569.9,-510569.88,510569.88,72.93855
1000000.0,1141592.9,-141592.88,141592.88,14.159287
1330000.0,1231424.0,98576.0,98576.0,7.4117293
810000.0,1047472.7,-237472.69,237472.69,29.317614
840000.0,1094914.1,-254914.12,254914.12,30.346922
750000.0,1381900.9,-631900.9,631900.9,84.25345
2514000.0,1062082.0,1451918.0,1451918.0,57.7533
620000.0,1338152.2,-718152.25,718152.25,115.83101
1200000.0,1284731.5,-84731.5,84731.5,7.0609584
680000.0,1276473.1,-596473.1,596473.1,87.71664
1500000.0,1262623.4,237376.62,237376.62,15.825108
790000.0,1243329.6,-453329.62,453329.62,57.383495
2245000.0,1271418.5,973581.5,973581.5,43.366657
425000.0,1213189.8,-788189.75,788189.75,185.4564
1500000.0,1217015.9,282984.12,282984.12,18.865608
800000.0,1318073.2,-518073.25,518073.25,64.759155
870000.0,1420317.4,-550317.4,550317.4,63.254868
650000.0,1083670.8,-433670.75,433670.75,66.71858
400000.0,1383179.5,-983179.5,983179.5,245.79486
600000.0,1449951.6,-849951.6,849951.6,141.6586
800000.0,1249045.8,-449045.75,449045.75,56.13072
700000.0,1170420.5,-470420.5,470420.5,67.20293
1000000.0,1216743.2,-216743.25,216743.25,21.674324
1180000.0,1208303.1,-28303.125,28303.125,2.3985698
1000000.0,1224443.0,-224443.0,224443.0,22.4443
800000.0,1247658.8,-447658.75,447658.75,55.95734
1260000.0,1390544.1,-130544.125,130544.125,10.360644
1200000.0,1075436.4,124563.625,124563.625,10.380302
1034000.0,1534593.8,-500593.75,500593.75,48.413322
1250000.0,1269779.5,-19779.5,19779.5,1.58236
750000.0,1057214.6,-307214.62,307214.62,40.961952
800000.0,1198357.9,-398357.88,398357.88,49.794735
900000.0,1253791.1,-353791.12,353791.12,39.310123
600000.0,1172818.6,-572818.6,572818.6,95.46977
750000.0,1270271.5,-520271.5,520271.5,69.36953
850000.0,1231703.5,-381703.5,381703.5,44.906296
3000000.0,1210281.1,1789718.9,1789718.9,59.657295
1450000.0,1236552.8,213447.25,213447.25,14.720499
884500.0,1183034.0,-298534.0,298534.0,33.751724
1000000.0,1204274.6,-204274.62,204274.62,20.427462
1304220.0,1267389.2,36830.75,36830.75,2.8239677
2445000.0,1207284.0,1237716.0,1237716.0,50.622334
645000.0,1312959.2,-667959.25,667959.25,103.55958
760000.0,1109210.0,-349210.0,349210.0,45.948685
700000.0,1094684.0,-394684.0,394684.0,56.38343
1734000.0,1163267.1,570732.9,570732.9,32.914238
1260000.0,1349269.8,-89269.75,89269.75,7.084901
1580000.0,1260647.4,319352.62,319352.62,20.21219
1000000.0,1225471.0,-225471.0,225471.0,22.5471
1489600.0,1122094.8,367505.25,367505.25,24.671406
4700000.0,1332632.6,3367367.5,3367367.5,71.64612
2524000.0,1502938.5,1021061.5,1021061.5,40.4541
1020000.0,2089815.6,-1069815.6,1069815.6,104.88389
817000.0,1165890.0,-348890.0,348890.0,42.703796
750000.0,1247769.9,-497769.88,497769.88,66.369316
912320.0,1275631.9,-363311.88,363311.88,39.822857
495000.0,977714.7,-482714.7,482714.7,97.51812
700000.0,1295538.6,-595538.6,595538.6,85.07694
621681.0,-395665.9,1017346.9,1017346.9,163.64452
1480000.0,1301885.5,178114.5,178114.5,12.034763
518000.0,1362096.2,-844096.25,844096.25,162.95294
600000.0,1147287.4,-547287.4,547287.4,91.21456
790000.0,1290160.4,-500160.38,500160.38,63.31144
720000.0,1225273.5,-505273.5,505273.5,70.17687
2000000.0,1343249.8,656750.25,656750.25,32.837513
411600.0,1284391.6,-872791.6,872791.6,212.04851
700000.0,1165117.1,-465117.12,465117.12,66.445305
1020000.0,1202824.8,-182824.75,182824.75,17.923994
1000000.0,1218220.4,-218220.38,218220.38,21.822037
800000.0,1272500.6,-472500.62,472500.62,59.062576
1160000.0,1265739.9,-105739.875,105739.875,9.115507
800000.0,1233397.2,-433397.25,433397.25,54.174656
900000.0,1340583.2,-440583.25,440583.25,48.953693
2000000.0,1071177.0,928823.0,928823.0,46.44115
950000.0,1274844.6,-324844.62,324844.62,34.19417
900000.0,1278909.2,-378909.25,378909.25,42.10103
810000.0,1200385.2,-390385.25,390385.25,48.19571
5158200.0,1169079.5,3989120.5,3989120.5,77.33551
600000.0,1265214.1,-665214.1,665214.1,110.869026
1000000.0,1469444.4,-469444.38,469444.38,46.944435
841600.0,1031598.44,-189998.44,189998.44,22.57586
1200000.0,1248081.9,-48081.875,48081.875,4.0068226
1200000.0,1300286.6,-100286.625,100286.625,8.357219
840000.0,1263295.0,-423295.0,423295.0,50.392265
900000.0,1240531.6,-340531.62,340531.62,37.836845
570000.0,1029635.06,-459635.06,459635.06,80.637726
800000.0,1392590.9,-592590.9,592590.9,74.07386
800000.0,1080613.6,-280613.62,280613.62,35.076702
700000.0,1260249.0,-560249.0,560249.0,80.035576
680000.0,1440959.1,-760959.1,760959.1,111.905754
1260000.0,1274234.2,-14234.25,14234.25,1.1297023
400000.0,1240069.0,-840069.0,840069.0,210.01726
1000000.0,1285729.9,-285729.88,285729.88,28.572989
700000.0,1140359.0,-440359.0,440359.0,62.90843
1680000.0,1294527.2,385472.75,385472.75,22.944807
588000.0,1117636.1,-529636.1,529636.1,90.07417
680000.0,1133833.6,-453833.62,453833.62,66.74024
1120000.0,1286252.5,-166252.5,166252.5,14.843973
600000.0,1238592.9,-638592.9,638592.9,106.43214
1000000.0,1428549.9,-428549.88,428549.88,42.85499
800000.0,1323392.2,-523392.25,523392.25,65.424034
600000.0,1396005.8,-796005.75,796005.75,132.66762
750000.0,1308825.1,-558825.1,558825.1,74.51002
845000.0,1283241.1,-438241.12,438241.12,51.862854
650000.0,1046815.06,-396815.06,396815.06,61.048473
1500000.0,1095239.1,404760.88,404760.88,26.98406
1550000.0,1098790.5,451209.5,451209.5,29.110292
550000.0,1212259.8,-662259.75,662259.75,120.41086
2700000.0,1120527.5,1579472.5,1579472.5,58.498978
1500000.0,1301711.0,198289.0,198289.0,13.219267
720000.0,1258256.9,-538256.9,538256.9,74.7579
1520000.0,1272430.1,247569.88,247569.88,16.287493
750000.0,1235159.1,-485159.12,485159.12,64.68788
1000000.0,1181138.9,-181138.88,181138.88,18.113888
750000.0,1255083.8,-505083.75,505083.75,67.3445
680000.0,1163513.9,-483513.88,483513.88,71.10498
1145000.0,1247678.1,-102678.125,102678.125,8.967522
600000.0,1241881.8,-641881.75,641881.75,106.980286
600000.0,1137984.9,-537984.9,537984.9,89.66415
1000000.0,1271720.1,-271720.12,271720.12,27.17201
1800000.0,1273741.9,526258.1,526258.1,29.23656
1176000.0,1282583.0,-106583.0,106583.0,9.063181
940000.0,1224784.0,-284784.0,284784.0,30.296171
1000000.0,1256720.0,-256720.0,256720.0,25.672
1000000.0,1152666.9,-152666.88,152666.88,15.266688
700000.0,1244273.5,-544273.5,544273.5,77.75336
1200000.0,877014.9,322985.12,322985.12,26.915428
741000.0,1264861.1,-523861.12,523861.12,70.69651
1160000.0,1265739.9,-105739.875,105739.875,9.115507
1200000.0,1174795.5,25204.5,25204.5,2.100375
600000.0,1389505.5,-789505.5,789505.5,131.58424
600000.0,1362132.4,-762132.4,762132.4,127.022064
1200000.0,1141367.5,58632.5,58632.5,4.8860416
1225000.0,1214590.2,10409.75,10409.75,0.8497755
2280000.0,1218494.1,1061505.9,1061505.9,46.557274
825000.0,1194401.4,-369401.38,369401.38,44.775925
1347500.0,1146256.5,201243.5,201243.5,14.934583
460000.0,1107471.8,-647471.75,647471.75,140.75473
700000.0,1175137.1,-475137.12,475137.12,67.87673
700000.0,1091843.6,-391843.62,391843.62,55.97766
1440000.0,1274997.8,165002.25,165002.25,11.458489
700000.0,871182.1,-171182.12,171182.12,24.45459
600000.0,1224375.0,-624375.0,624375.0,104.0625
800000.0,1361993.6,-561993.6,561993.6,70.24921
950000.0,1193223.9,-243223.88,243223.88,25.602514
1426000.0,1040643.7,385356.3,385356.3,27.023584
1485000.0,1267745.1,217254.88,217254.88,14.629958
900000.0,1013807.9,-113807.875,113807.875,12.645319
800000.0,1285267.9,-485267.88,485267.88,60.658485
3150000.0,1298774.0,1851226.0,1851226.0,58.769077
800000.0,1492652.9,-692652.9,692652.9,86.58161
1350000.0,1287037.4,62962.625,62962.625,4.663898
780000.0,1391298.9,-611298.9,611298.9,78.37165
793000.0,1357731.0,-564731.0,564731.0,71.2145
900000.0,1241729.4,-341729.38,341729.38,37.969933
1560000.0,1231670.4,328329.62,328329.62,21.046772
500000.0,1287936.2,-787936.25,787936.25,157.58725
2400000.0,1260119.1,1139880.9,1139880.9,47.495037
750000.0,1102296.5,-352296.5,352296.5,46.972866
9000000.0,1464506.1,7535494.0,7535494.0,83.727715
885600.0,1241729.4,-356129.38,356129.38,40.213345
1131000.0,1273360.1,-142360.12,142360.12,12.587102
1221000.0,1105540.5,115459.5,115459.5,9.456142
2472500.0,1296539.1,1175960.9,1175960.9,47.56161
950000.0,1237893.6,-287893.62,287893.62,30.304592
1400000.0,1248425.4,151574.62,151574.62,10.826759
900000.0,1225801.9,-325801.88,325801.88,36.200207
400000.0,1149106.8,-749106.75,749106.75,187.27669
800000.0,960098.25,-160098.25,160098.25,20.012281
1800000.0,1272502.9,527497.1,527497.1,29.305395
800000.0,1494488.5,-694488.5,694488.5,86.81106
2198415.0,1194002.2,1004412.75,1004412.75,45.68804
1130000.0,1123997.1,6002.875,6002.875,0.5312279
927500.0,1205551.5,-278051.5,278051.5,29.978598
1500000.0,1284677.8,215322.25,215322.25,14.354816
1020000.0,1208967.6,-188967.62,188967.62,18.526237
1220000.0,1309095.1,-89095.125,89095.125,7.302879
1400000.0,1317989.5,82010.5,82010.5,5.8578925
1200000.0,1287253.2,-87253.25,87253.25,7.2711043
760000.0,1116937.8,-356937.75,356937.75,46.965496
9000000.0,1163273.2,7836727.0,7836727.0,87.074745
1500000.0,1245086.1,254913.88,254913.88,16.994259
588000.0,1208157.0,-620157.0,620157.0,105.46888
600000.0,1311434.1,-711434.1,711434.1,118.57236
710000.0,1335221.5,-625221.5,625221.5,88.059364
1240000.0,1068097.4,171902.62,171902.62,13.863115
700000.0,1171250.9,-471250.88,471250.88,67.32155
1250000.0,1174267.4,75732.625,75732.625,6.05861
550000.0,1338147.9,-788147.9,788147.9,143.29962
810000.0,1186957.2,-376957.25,376957.25,46.537933
2160000.0,1285754.9,874245.1,874245.1,40.47431
565000.0,1247665.1,-682665.1,682665.1,120.82568
800000.0,1148843.8,-348843.75,348843.75,43.60547
450000.0,1293425.6,-843425.6,843425.6,187.42792
2091500.0,1274826.9,816673.1,816673.1,39.047245
1500000.0,1271029.1,228970.88,228970.88,15.264726
578300.0,1105665.1,-527365.1,527365.1,91.192314
800000.0,1848938.6,-1048938.6,1048938.6,131.11732
1050000.0,1027030.2,22969.812,22969.812,2.187601
607500.0,1113081.5,-505581.5,505581.5,83.22329
888000.0,1246108.4,-358108.38,358108.38,40.32752
940000.0,1272167.5,-332167.5,332167.5,35.336967
1500000.0,1193138.5,306861.5,306861.5,20.457434
1000000.0,1203651.4,-203651.38,203651.38,20.365137
700000.0,1232728.2,-532728.25,532728.25,76.104034
1600000.0,1296744.8,303255.25,303255.25,18.953453
700000.0,1207369.9,-507369.88,507369.88,72.481415
500000.0,1449421.8,-949421.75,949421.75,189.88435
2427150.0,1286045.6,1141104.4,1141104.4,47.014168
2000000.0,1226768.6,773231.4,773231.4,38.661568
1424150.0,1325976.1,98173.875,98173.875,6.8935065
724710.0,1174908.2,-450198.25,450198.25,62.12116
1500000.0,1254633.9,245366.12,245366.12,16.357742
600000.0,1359781.5,-759781.5,759781.5,126.63025
650000.0,1498811.4,-848811.4,848811.4,130.58636
1800000.0,1158582.9,641417.1,641417.1,35.634285
500000.0,1267140.9,-767140.9,767140.9,153.42818
1500000.0,1199515.0,300485.0,300485.0,20.032333
650000.0,1226411.6,-576411.6,576411.6,88.67871
1500000.0,1158777.6,341222.38,341222.38,22.74816
1180000.0,1273313.8,-93313.75,93313.75,7.9079447
1510000.0,1214272.4,295727.62,295727.62,19.584612
500000.0,1355606.2,-855606.25,855606.25,171.12125
1130000.0,1213674.1,-83674.125,83674.125,7.40479
700000.0,1209247.9,-509247.88,509247.88,72.749695
500000.0,1328756.5,-828756.5,828756.5,165.7513
1200000.0,1349528.6,-149528.62,149528.62,12.460719
1500000.0,875566.3,624433.7,624433.7,41.628914
650000.0,1157318.0,-507318.0,507318.0,78.04892
670000.0,1309095.1,-639095.1,639095.1,95.38734
1290000.0,1191954.1,98045.875,98045.875,7.6004558
800000.0,1284137.8,-484137.75,484137.75,60.517223
750000.0,1293533.8,-543533.75,543533.75,72.47117
1200000.0,1264494.5,-64494.5,64494.5,5.3745413
540000.0,1089500.8,-549500.75,549500.75,101.7594
800000.0,1390689.8,-590689.75,590689.75,73.83622
745000.0,1282212.0,-537212.0,537212.0,72.10899
1500000.0,1257638.4,242361.62,242361.62,16.157442
720000.0,1186720.2,-466720.25,466720.25,64.82226
700000.0,1261988.6,-561988.6,561988.6,80.28409
1550000.0,1106357.8,443642.25,443642.25,28.622082
940000.0,1272185.5,-332185.5,332185.5,35.338882
600000.0,1443449.1,-843449.1,843449.1,140.57484
800000.0,1025643.5,-225643.5,225643.5,28.205437
620000.0,1232862.1,-612862.1,612862.1,98.84873
1750000.0,1228963.9,521036.12,521036.12,29.77349
800000.0,1212338.8,-412338.75,412338.75,51.542343
1200000.0,1162886.9,37113.125,37113.125,3.0927603
695000.0,1200032.8,-505032.75,505032.75,72.66659
2000000.0,1202622.5,797377.5,797377.5,39.868877
1450000.0,1296463.6,153536.38,153536.38,10.588716
800000.0,1268392.0,-468392.0,468392.0,58.549
705000.0,1159224.0,-454224.0,454224.0,64.42894
1500000.0,1159125.5,340874.5,340874.5,22.724966
900000.0,1127476.0,-227476.0,227476.0,25.275112
970800.0,1316641.6,-345841.62,345841.62,35.624393
850000.0,1280140.1,-430140.12,430140.12,50.604717
1052400.0,1339441.2,-287041.25,287041.25,27.274918
980000.0,1271627.0,-291627.0,291627.0,29.757858
580000.0,1231914.9,-651914.9,651914.9,112.39912
645750.0,1197315.4,-551565.4,551565.4,85.41469
1200000.0,1282596.1,-82596.125,82596.125,6.8830104
980000.0,1071873.0,-91873.0,91873.0,9.374796
700000.0,871182.1,-171182.12,171182.12,24.45459
700000.0,1404837.0,-704837.0,704837.0,100.690994
700000.0,1301797.5,-601797.5,601797.5,85.97107
793000.0,1269646.0,-476646.0,476646.0,60.10668
780000.0,1155177.6,-375177.62,375177.62,48.099697
500000.0,1227282.9,-727282.9,727282.9,145.45657
2430000.0,1258257.0,1171743.0,1171743.0,48.21988
1500000.0,1158500.1,341499.88,341499.88,22.766659
800000.0,1041428.1,-241428.12,241428.12,30.178516
800000.0,1298782.9,-498782.88,498782.88,62.34786
1223200.0,1323874.4,-100674.375,100674.375,8.23041
650000.0,1302257.2,-652257.25,652257.25,100.34727
300000.0,1176825.4,-876825.4,876825.4,292.27512
620000.0,1352790.0,-732790.0,732790.0,118.19193
700000.0,1293804.0,-593804.0,593804.0,84.82915
768000.0,1274219.5,-506219.5,506219.5,65.914
700000.0,1269577.4,-569577.4,569577.4,81.368195
1200000.0,1248922.6,-48922.625,48922.625,4.076885
400000.0,1223685.0,-823685.0,823685.0,205.92125
570000.0,1171531.4,-601531.4,601531.4,105.53182
600000.0,1245607.5,-645607.5,645607.5,107.60125
1000000.0,1208471.4,-208471.38,208471.38,20.847137
2068000.0,1260250.6,807749.4,807749.4,39.05945
760000.0,1226320.6,-466320.62,466320.62,61.357975
1600000.0,1433579.1,166420.88,166420.88,10.401305
2700000.0,1248859.0,1451141.0,1451141.0,53.74596
1000000.0,1382809.9,-382809.88,382809.88,38.280987
1000000.0,1233955.6,-233955.62,233955.62,23.395561
1600000.0,1342836.5,257163.5,257163.5,16.07272
580000.0,1324748.4,-744748.4,744748.4,128.40489
580500.0,1278189.8,-697689.75,697689.75,120.18772
840000.0,1296124.5,-456124.5,456124.5,54.300533
580500.0,1196614.9,-616114.9,616114.9,106.1352
1200000.0,1194590.8,5409.25,5409.25,0.45077083
600000.0,1241729.4,-641729.4,641729.4,106.954895
820000.0,1424768.1,-604768.1,604768.1,73.75221
1550000.0,1369883.0,180117.0,180117.0,11.620452
705000.0,1284674.8,-579674.75,579674.75,82.223366
850000.0,1293710.0,-443710.0,443710.0,52.201176
950000.0,955011.0,-5011.0,5011.0,0.5274737
520000.0,1057293.6,-537293.6,537293.6,103.3257
550000.0,1233823.8,-683823.75,683823.75,124.3316
1000000.0,1274832.8,-274832.75,274832.75,27.483276
2000000.0,1360633.8,639366.25,639366.25,31.968313
380000.0,1249525.5,-869525.5,869525.5,228.8225
720000.0,1262940.1,-542940.1,542940.1,75.40835
800000.0,1270266.4,-470266.38,470266.38,58.7833
1060000.0,1193201.2,-133201.25,133201.25,12.566155
1150000.0,1766258.8,-616258.75,616258.75,53.587715
1300000.0,1320045.2,-20045.25,20045.25,1.5419422
800000.0,1226985.0,-426985.0,426985.0,53.373123
628000.0,1219254.0,-591254.0,591254.0,94.14873
1600000.0,1221249.8,378750.25,378750.25,23.67189
588500.0,1266926.9,-678426.9,678426.9,115.280685
1000000.0,1200627.1,-200627.12,200627.12,20.062712
700000.0,1243953.8,-543953.75,543953.75,77.70768
1250000.0,1290643.2,-40643.25,40643.25,3.2514598
950000.0,1217819.8,-267819.75,267819.75,28.191551
790000.0,1221621.4,-431621.38,431621.38,54.635612
900000.0,1155663.5,-255663.5,255663.5,28.407055
800000.0,1281480.4,-481480.38,481480.38,60.185043
900000.0,1353835.9,-453835.88,453835.88,50.42621
1109200.0,1214792.9,-105592.875,105592.875,9.519732
1280000.0,1278755.8,1244.25,1244.25,0.09720703
900000.0,1227214.6,-327214.62,327214.62,36.357178
1450000.0,1192374.1,257625.88,257625.88,17.767302
1200000.0,1382827.6,-182827.62,182827.62,15.235636
2000000.0,1278911.2,721088.75,721088.75,36.05444
770000.0,1259612.4,-489612.38,489612.38,63.58602
1100000.0,1260566.6,-160566.62,160566.62,14.596966
900000.0,1189986.6,-289986.62,289986.62,32.220737
900000.0,1321612.4,-421612.38,421612.38,46.84582
650000.0,1272682.9,-622682.9,622682.9,95.79736
800000.0,1667080.9,-867080.9,867080.9,108.38511
800000.0,1090841.9,-290841.88,290841.88,36.355232
1650000.0,1350061.5,299938.5,299938.5,18.178091
700000.0,1260566.2,-560566.25,560566.25,80.08089
800000.0,1204616.2,-404616.25,404616.25,50.577034
1350000.0,1093693.9,256306.12,256306.12,18.98564
600000.0,1224902.2,-624902.25,624902.25,104.150375
1700000.0,1110703.5,589296.5,589296.5,34.6645
1400000.0,1233023.2,166976.75,166976.75,11.926911
1000000.0,1271835.4,-271835.38,271835.38,27.183538
850000.0,1237598.5,-387598.5,387598.5,45.599823
720000.0,1196641.1,-476641.12,476641.12,66.20016
1350000.0,1044933.25,305066.75,305066.75,22.597536
600000.0,1249913.9,-649913.9,649913.9,108.318985
841000.0,1276421.0,-435421.0,435421.0,51.774197
1000000.0,1213905.8,-213905.75,213905.75,21.390575
600000.0,1365035.4,-765035.4,765035.4,127.5059
780000.0,1284174.9,-504174.88,504174.88,64.6378
800000.0,1381491.2,-581491.25,581491.25,72.6864
1000000.0,1200627.1,-200627.12,200627.12,20.062712
1650000.0,1126264.2,523735.75,523735.75,31.74156
1200000.0,1279394.5,-79394.5,79394.5,6.6162086
5304000.0,1235712.6,4068287.5,4068287.5,76.702255
600000.0,1212269.6,-612269.6,612269.6,102.04494
640000.0,1159125.5,-519125.5,519125.5,81.113365
1810000.0,1106169.1,703830.9,703830.9,38.88568
1100000.0,1288968.5,-188968.5,188968.5,17.178955
1500000.0,1077751.6,422248.38,422248.38,28.14989
1000000.0,1242172.1,-242172.12,242172.12,24.217213
1900000.0,1257093.8,642906.25,642906.25,33.837173
600000.0,1132216.6,-532216.6,532216.6,88.70277
1092000.0,1118563.6,-26563.625,26563.625,2.4325664
700000.0,1288432.2,-588432.25,588432.25,84.061745
1000000.0,1221633.2,-221633.25,221633.25,22.163326
1200000.0,1163523.2,36476.75,36476.75,3.039729
1350000.0,1263490.4,86509.625,86509.625,6.4081206
600000.0,1254255.1,-654255.1,654255.1,109.04253
500000.0,1231870.4,-731870.4,731870.4,146.37407
400000.0,1548259.0,-1148259.0,1148259.0,287.06476
909200.0,1295804.0,-386604.0,386604.0,42.521336
4500000.0,1433428.2,3066571.8,3066571.8,68.14604
3430930.0,1281550.0,2149380.0,2149380.0,62.647152
632000.0,1180043.8,-548043.75,548043.75,86.71578
642800.0,1144686.0,-501886.0,501886.0,78.078094
2690000.0,1268632.0,1421368.0,1421368.0,52.83896
400000.0,1243953.8,-843953.75,843953.75,210.98843
1000000.0,1220021.8,-220021.75,220021.75,22.002176
1230000.0,1199545.8,30454.25,30454.25,2.4759552
600000.0,1268921.5,-668921.5,668921.5,111.48691
730000.0,1211090.2,-481090.25,481090.25,65.90278
1000000.0,1213513.9,-213513.88,213513.88,21.351389
650000.0,1332273.0,-682273.0,682273.0,104.96508
2680000.0,1296853.6,1383146.4,1383146.4,51.60994
700000.0,1248937.0,-548937.0,548937.0,78.41957
2160000.0,1280783.9,879216.1,879216.1,40.70445
570000.0,1102851.4,-532851.4,532851.4,93.4827
630000.0,1272186.6,-642186.6,642186.6,101.93439
2000000.0,1150140.8,849859.25,849859.25,42.49296
370000.0,1211269.5,-841269.5,841269.5,227.37015
720000.0,1100980.4,-380980.38,380980.38,52.91394
1080000.0,1145313.8,-65313.75,65313.75,6.0475698
1456000.0,1352749.0,103251.0,103251.0,7.091415
1200000.0,1240971.0,-40971.0,40971.0,3.4142501
900000.0,1282166.8,-382166.75,382166.75,42.46297
625000.0,1270747.8,-645747.75,645747.75,103.31964
1340000.0,1253579.9,86420.125,86420.125,6.4492626
700000.0,1148753.5,-448753.5,448753.5,64.10764
1000000.0,1233212.5,-233212.5,233212.5,23.32125
1200000.0,1187615.4,12384.625,12384.625,1.032052
950000.0,1242104.2,-292104.25,292104.25,30.747816
1800000.0,1600579.4,199420.62,199420.62,11.078924
1160000.0,1351796.8,-191796.75,191796.75,16.534203
1000000.0,1316185.9,-316185.88,316185.88,31.618586
900000.0,1149947.6,-249947.62,249947.62,27.77196
1100000.0,1346472.2,-246472.25,246472.25,22.406569
500000.0,1312701.4,-812701.4,812701.4,162.54028
1652800.0,1047878.06,604921.94,604921.94,36.599827
655500.0,1265489.4,-609989.4,609989.4,93.05711
860000.0,1218059.2,-358059.25,358059.25,41.634796
1350000.0,1242503.2,107496.75,107496.75,7.9627223
1800000.0,1271246.1,528753.9,528753.9,29.375216
630000.0,1242815.0,-612815.0,612815.0,97.272224
900000.0,874847.1,25152.875,25152.875,2.7947638
880000.0,1150018.6,-270018.62,270018.62,30.683935
810000.0,1180479.5,-370479.5,370479.5,45.738213
630000.0,1245243.0,-615243.0,615243.0,97.65762
3408000.0,1161939.0,2246061.0,2246061.0,65.90555
650000.0,1207934.0,-557934.0,557934.0,85.836
770000.0,1307329.0,-537329.0,537329.0,69.78298
510000.0,1300983.6,-790983.6,790983.6,155.09483
1096000.0,1178857.4,-82857.375,82857.375,7.55998
720000.0,1261893.0,-541893.0,541893.0,75.26292
414000.0,1079085.9,-665085.9,665085.9,160.64876
765000.0,1246932.9,-481932.88,481932.88,62.997765
1780000.0,1252185.5,527814.5,527814.5,29.6525
1150000.0,1336589.1,-186589.12,186589.12,16.225142
800000.0,1279847.5,-479847.5,479847.5,59.980934
850000.0,1207995.8,-357995.75,357995.75,42.117146
1040000.0,1218080.0,-178080.0,178080.0,17.123075
766800.0,1125550.1,-358750.12,358750.12,46.78536
2040000.0,1178149.2,861850.75,861850.75,42.247585
2160000.0,1089312.8,1070687.2,1070687.2,49.56885
1200000.0,1154977.0,45023.0,45023.0,3.751917
944000.0,1172004.0,-228004.0,228004.0,24.152966
800000.0,1465906.4,-665906.4,665906.4,83.2383
700000.0,1368696.9,-668696.9,668696.9,95.52812
1500000.0,1211727.6,288272.38,288272.38,19.218159
1200000.0,1393644.1,-193644.12,193644.12,16.13701
860000.0,1135642.0,-275642.0,275642.0,32.051395
1300000.0,1223041.5,76958.5,76958.5,5.9198847
970000.0,503767.84,466232.16,466232.16,48.06517
1200000.0,1270325.9,-70325.875,70325.875,5.86049
1052000.0,1184096.1,-132096.12,132096.12,12.556666
572000.0,1193958.8,-621958.75,621958.75,108.73405
1245136.0,1209817.0,35319.0,35319.0,2.8365576
1250000.0,1393546.8,-143546.75,143546.75,11.48374
1000000.0,1268222.2,-268222.25,268222.25,26.822224
800000.0,1204771.1,-404771.12,404771.12,50.596394
700000.0,871182.1,-171182.12,171182.12,24.45459
710000.0,1212495.8,-502495.75,502495.75,70.77405
800000.0,1391422.0,-591422.0,591422.0,73.92775
650000.0,1156509.5,-506509.5,506509.5,77.92454
1140000.0,1257227.0,-117227.0,117227.0,10.28307
2500000.0,1233115.4,1266884.6,1266884.6,50.675385
1575000.0,1243003.1,331996.88,331996.88,21.079166
500000.0,1371498.5,-871498.5,871498.5,174.2997
1300000.0,1265954.2,34045.75,34045.75,2.6189039
2875000.0,1201622.9,1673377.1,1673377.1,58.204426
960000.0,1214894.1,-254894.12,254894.12,26.55147
800000.0,1252087.2,-452087.25,452087.25,56.510906
910000.0,1285405.0,-375405.0,375405.0,41.253296
945000.0,1265384.4,-320384.38,320384.38,33.903107
976000.0,1223608.0,-247608.0,247608.0,25.36967
800000.0,1214877.1,-414877.12,414877.12,51.859642
1800000.0,1551012.8,248987.25,248987.25,13.832624
863200.0,1012203.4,-149003.38,149003.38,17.261744
1170000.0,1267926.6,-97926.625,97926.625,8.369797
500000.0,1383669.6,-883669.6,883669.6,176.73392
890000.0,1179131.1,-289131.12,289131.12,32.486645
1080000.0,1107601.0,-27601.0,27601.0,2.5556483
700000.0,1272848.9,-572848.9,572848.9,81.835556
500000.0,1363413.5,-863413.5,863413.5,172.68271
2635000.0,1238035.4,1396964.6,1396964.6,53.01573
550000.0,1195385.0,-645385.0,645385.0,117.34272
400000.0,1155445.8,-755445.75,755445.75,188.86143
1150000.0,1230697.6,-80697.625,80697.625,7.0171847
1160000.0,1221074.0,-61074.0,61074.0,5.265
700000.0,1235118.1,-535118.1,535118.1,76.44545
1050000.0,1041034.2,8965.8125,8965.8125,0.8538869
600000.0,1238920.0,-638920.0,638920.0,106.486664
935600.0,1270184.5,-334584.5,334584.5,35.76149
800000.0,1294224.0,-494224.0,494224.0,61.778004
700000.0,1272881.1,-572881.1,572881.1,81.840164
950000.0,1242460.9,-292460.88,292460.88,30.785355
900000.0,1395044.8,-495044.75,495044.75,55.00497
500000.0,1198808.1,-698808.1,698808.1,139.76163
1295000.0,1219868.6,75131.375,75131.375,5.8016505
1600000.0,1272025.2,327974.75,327974.75,20.498423
950000.0,1139425.5,-189425.5,189425.5,19.939528
400000.0,1190436.8,-790436.75,790436.75,197.60919
1000000.0,1233261.8,-233261.75,233261.75,23.326176
600000.0,1286554.6,-686554.6,686554.6,114.425766
1200000.0,1264165.5,-64165.5,64165.5,5.347125
500000.0,1217997.4,-717997.4,717997.4,143.59947
720000.0,1259382.2,-539382.25,539382.25,74.9142
450000.0,1248520.8,-798520.75,798520.75,177.44907
500000.0,1313454.5,-813454.5,813454.5,162.6909
1350000.0,1176229.9,173770.12,173770.12,12.871861
500000.0,1307532.2,-807532.25,807532.25,161.50645
1150000.0,1247932.6,-97932.625,97932.625,8.515881
720000.0,1269266.0,-549266.0,549266.0,76.28694
800000.0,1217291.9,-417291.88,417291.88,52.161484
700000.0,1248947.5,-548947.5,548947.5,78.421074
850000.0,1274277.9,-424277.88,424277.88,49.915047
1055000.0,1106751.0,-51751.0,51751.0,4.9053082
900000.0,1093984.5,-193984.5,193984.5,21.553833
450000.0,1140150.6,-690150.6,690150.6,153.3668
820000.0,1126170.4,-306170.38,306170.38,37.337852
1146375.0,1217524.9,-71149.875,71149.875,6.2065096
335000.0,1429704.1,-1094704.1,1094704.1,326.77734
1400000.0,1296113.0,103887.0,103887.0,7.4205003
960000.0,1291052.4,-331052.38,331052.38,34.484623
1520000.0,1303948.5,216051.5,216051.5,14.213915
650000.0,1072613.5,-422613.5,422613.5,65.01746
1465000.0,1295951.6,169048.38,169048.38,11.539138
810000.0,1272583.6,-462583.62,462583.62,57.10909
630000.0,1068802.4,-438802.38,438802.38,69.65117
1000000.0,1214070.2,-214070.25,214070.25,21.407024
550000.0,1204320.5,-654320.5,654320.5,118.96737
1850000.0,1168826.9,681173.1,681173.1,36.82017
908000.0,1367777.4,-459777.38,459777.38,50.636272
850000.0,1232388.8,-382388.75,382388.75,44.98691
1056000.0,1061728.5,-5728.5,5728.5,0.5424716
998000.0,1297944.1,-299944.12,299944.12,30.054522
1520000.0,1106983.9,413016.12,413016.12,27.172112
935000.0,1248193.6,-313193.62,313193.62,33.496647
600000.0,1249534.6,-649534.6,649534.6,108.25577
3278000.0,1878911.6,1399088.4,1399088.4,42.681156
1720000.0,1106243.1,613756.9,613756.9,35.68354
850000.0,1246392.2,-396392.25,396392.25,46.63438
700000.0,1517018.4,-817018.4,817018.4,116.71691
1200000.0,1259003.9,-59003.875,59003.875,4.9169893
500000.0,1213191.4,-713191.4,713191.4,142.63828
500000.0,1121315.8,-621315.75,621315.75,124.26315
993600.0,1199941.1,-206341.12,206341.12,20.767021
1200000.0,1296048.2,-96048.25,96048.25,8.004021
955000.0,1198682.1,-243682.12,243682.12,25.516453
1200000.0,1089695.6,110304.375,110304.375,9.192032
1717440.0,1215064.8,502375.25,502375.25,29.2514
1600000.0,1215227.8,384772.25,384772.25,24.048265
1200000.0,1411129.9,-211129.88,211129.88,17.594156
825000.0,1255655.6,-430655.62,430655.62,52.20068
1455000.0,1287815.0,167185.0,167185.0,11.490377
700000.0,1284696.5,-584696.5,584696.5,83.52807
1920000.0,1257892.2,662107.75,662107.75,34.48478
670000.0,1404305.8,-734305.75,734305.75,109.59787
900000.0,1274177.0,-374177.0,374177.0,41.575222
1100000.0,1341640.6,-241640.62,241640.62,21.967329
900000.0,1094107.6,-194107.62,194107.62,21.567514
600000.0,1172079.0,-572079.0,572079.0,95.3465
2705611.0,1342831.5,1362779.5,1362779.5,50.368645
883000.0,991550.44,-108550.44,108550.44,12.293367
642000.0,1278734.4,-636734.4,636734.4,99.17981
550000.0,1357954.9,-807954.9,807954.9,146.9009
650000.0,1160366.9,-510366.88,510366.88,78.51798
1600000.0,1217677.6,382322.38,382322.38,23.89515
2500000.0,985451.75,1514548.2,1514548.2,60.58193
1050000.0,1479071.5,-429071.5,429071.5,40.863953
2205000.0,1089309.9,1115690.1,1115690.1,50.59819
850000.0,1373111.0,-523111.0,523111.0,61.54247
3696000.0,1163783.6,2532216.5,2532216.5,68.51235
800000.0,1449527.6,-649527.6,649527.6,81.190956
1157000.0,1279204.9,-122204.875,122204.875,10.56222
660000.0,1210728.5,-550728.5,550728.5,83.44371
800000.0,1222111.1,-422111.12,422111.12,52.763893
1042000.0,1253987.5,-211987.5,211987.5,20.34429
1500000.0,1347207.2,152792.75,152792.75,10.186184
61250000.0,1336908.8,59913092.0,59913092.0,97.8173
1000000.0,1249286.2,-249286.25,249286.25,24.928625
500000.0,1015293.44,-515293.44,515293.44,103.058685
830000.0,1319170.6,-489170.62,489170.62,58.936222
1300000.0,1190036.4,109963.625,109963.625,8.45874
669200.0,1326349.6,-657149.6,657149.6,98.19929
700000.0,1259280.0,-559280.0,559280.0,79.89714
1320000.0,1240958.9,79041.125,79041.125,5.987964
7200000.0,1456197.0,5743803.0,5743803.0,79.77504
2130000.0,1255125.5,874874.5,874874.5,41.07392
875000.0,1263007.1,-388007.12,388007.12,44.34367
1485000.0,1297123.0,187877.0,187877.0,12.651649
1000000.0,1251855.9,-251855.88,251855.88,25.185589
1170000.0,1417757.8,-247757.75,247757.75,21.175877
712000.0,1214832.5,-502832.5,502832.5,70.62254
2400000.0,1174692.4,1225307.6,1225307.6,51.054485
612500.0,1196718.4,-584218.4,584218.4,95.38259
800000.0,1258512.2,-458512.25,458512.25,57.314034
750000.0,1338462.0,-588462.0,588462.0,78.4616
710000.0,1131393.1,-421393.12,421393.12,59.351147
800000.0,1256884.6,-456884.62,456884.62,57.110577
625000.0,1270747.8,-645747.75,645747.75,103.31964
1200000.0,1177380.5,22619.5,22619.5,1.8849584
718000.0,1068602.5,-350602.5,350602.5,48.830433
1100000.0,1276812.8,-176812.75,176812.75,16.073887
1000000.0,1217953.8,-217953.75,217953.75,21.795376
1635000.0,1318034.6,316965.38,316965.38,19.386261
2100000.0,1412013.2,687986.75,687986.75,32.761272
900000.0,1217130.4,-317130.38,317130.38,35.236706
1000000.0,1088283.8,-88283.75,88283.75,8.828375
630000.0,1197151.6,-567151.6,567151.6,90.02406
750000.0,1305861.4,-555861.4,555861.4,74.114845
1500000.0,1272557.4,227442.62,227442.62,15.162842
1200000.0,1302305.2,-102305.25,102305.25,8.525438
1985647.0,1280993.9,704653.1,704653.1,35.48733
1100000.0,1289010.0,-189010.0,189010.0,17.182728
900000.0,1008026.9,-108026.875,108026.875,12.002986
1331880.0,1274757.8,57122.25,57122.25,4.2888436
1015000.0,1279832.8,-264832.75,264832.75,26.091898
1065000.0,1243487.9,-178487.88,178487.88,16.759426
1006000.0,1175550.9,-169550.88,169550.88,16.853964
757500.0,1191147.9,-433647.88,433647.88,57.247246
1000000.0,1298554.0,-298554.0,298554.0,29.8554
810000.0,1283937.5,-473937.5,473937.5,58.510803
1550000.0,1262871.8,287128.25,287128.25,18.524405
1110000.0,1204747.8,-94747.75,94747.75,8.535833
1000000.0,1263213.0,-263213.0,263213.0,26.3213
1200000.0,1238122.8,-38122.75,38122.75,3.1768959
600000.0,1210571.1,-610571.1,610571.1,101.761856
1000000.0,1033195.8,-33195.812,33195.812,3.3195813
1729000.0,1242186.5,486813.5,486813.5,28.155783
950000.0,1161053.4,-211053.38,211053.38,22.216145
950000.0,1332739.5,-382739.5,382739.5,40.28837
1700000.0,1332634.4,367365.62,367365.62,21.609743
700000.0,1267373.8,-567373.75,567373.75,81.05339
1250000.0,1244527.1,5472.875,5472.875,0.43783003
600000.0,1404837.0,-804837.0,804837.0,134.1395
1200000.0,1276620.9,-76620.875,76620.875,6.385073
1050000.0,1422479.4,-372479.38,372479.38,35.474224
1300000.0,1298667.0,1333.0,1333.0,0.10253847
893000.0,1305514.6,-412514.62,412514.62,46.19425
941000.0,1215456.4,-274456.38,274456.38,29.16646
1015000.0,1246354.1,-231354.12,231354.12,22.79351
1250000.0,1140943.8,109056.25,109056.25,8.724501
700000.0,1149436.6,-449436.62,449436.62,64.20523
950000.0,1232890.1,-282890.12,282890.12,29.777908
600000.0,1346245.9,-746245.9,746245.9,124.37432
996000.0,1462959.8,-466959.75,466959.75,46.883507
750000.0,1183743.9,-433743.88,433743.88,57.832516
720000.0,1299409.9,-579409.9,579409.9,80.473595
1350000.0,1230753.6,119246.375,119246.375,8.833065
788000.0,1246256.6,-458256.62,458256.62,58.154392
2000000.0,1132349.9,867650.1,867650.1,43.382507
1050000.0,1265844.1,-215844.12,215844.12,20.556583
900000.0,1268034.5,-368034.5,368034.5,40.892723
1050000.0,878192.0,171808.0,171808.0,16.362667
900000.0,1286124.5,-386124.5,386124.5,42.90272
720000.0,1276825.8,-556825.75,556825.75,77.33691
800000.0,1316560.4,-516560.38,516560.38,64.570045
2000000.0,1062157.9,937842.1,937842.1,46.892105
750000.0,1154310.2,-404310.25,404310.25,53.90803
800000.0,1089709.8,-289709.75,289709.75,36.21372
750000.0,1088108.4,-338108.38,338108.38,45.08112
1940000.0,1250628.6,689371.4,689371.4,35.534607
1200000.0,1241741.4,-41741.375,41741.375,3.4784482
1000000.0,1175239.8,-175239.75,175239.75,17.523975
800000.0,1272392.9,-472392.88,472392.88,59.04911
800000.0,1292110.9,-492110.88,492110.88,61.51386
1000000.0,1141244.5,-141244.5,141244.5,14.12445
900000.0,1253410.9,-353410.88,353410.88,39.267876
1500000.0,1350748.6,149251.38,149251.38,9.950091
1280000.0,1199654.1,80345.875,80345.875,6.277022
700000.0,1142538.2,-442538.25,442538.25,63.21975
620000.0,1141443.8,-521443.75,521443.75,84.10383
1450000.0,1205356.2,244643.75,244643.75,16.871983
1035000.0,1105385.6,-70385.625,70385.625,6.8005433
1500000.0,1243890.6,256109.38,256109.38,17.073957
890000.0,1262769.0,-372769.0,372769.0,41.884155
600000.0,1116579.0,-516579.0,516579.0,86.096504
600000.0,1232270.9,-632270.9,632270.9,105.37849
1060000.0,1161933.4,-101933.375,101933.375,9.616356
864000.0,1241312.6,-377312.62,377312.62,43.670444
864000.0,1295024.2,-431024.25,431024.25,49.887066
800000.0,1140731.2,-340731.25,340731.25,42.591404
1600000.0,1188147.4,411852.62,411852.62,25.740791
688000.0,1111880.4,-423880.38,423880.38,61.61052
6450000.0,1236754.4,5213245.5,5213245.5,80.825516
2900000.0,1336407.9,1563592.1,1563592.1,53.916965
1644000.0,1260220.8,383779.25,383779.25,23.344236
1580000.0,1228923.2,351076.75,351076.75,22.220047
1000000.0,1217908.5,-217908.5,217908.5,21.79085
1152000.0,1241729.4,-89729.375,89729.375,7.789008
600000.0,1211530.8,-611530.75,611530.75,101.9218
970000.0,1247538.6,-277538.62,277538.62,28.612228
1800000.0,1089169.6,710830.4,710830.4,39.490578
1235000.0,1232956.2,2043.75,2043.75,0.16548583
1160000.0,1268065.8,-108065.75,108065.75,9.316013
1760000.0,1183487.2,576512.75,576512.75,32.756405
700000.0,1048573.44,-348573.44,348573.44,49.796207
850000.0,1256568.5,-406568.5,406568.5,47.83159
670000.0,1294305.1,-624305.1,624305.1,93.17987
1287458.0,1209931.9,77526.125,77526.125,6.021643
880000.0,1271431.9,-391431.88,391431.88,44.480896
1005000.0,1221228.8,-216228.75,216228.75,21.515297
516000.0,1265235.9,-749235.9,749235.9,145.20076
1010000.0,1205716.9,-195716.88,195716.88,19.377909
1160000.0,1233257.2,-73257.25,73257.25,6.3152804
2400000.0,1382792.1,1017207.9,1017207.9,42.383663
750000.0,1225719.5,-475719.5,475719.5,63.429268
1700000.0,1255907.0,444093.0,444093.0,26.12312
1000000.0,1226686.1,-226686.12,226686.12,22.668612
1376200.0,1275797.2,100402.75,100402.75,7.295651
777200.0,1265532.5,-488332.5,488332.5,62.832283
857000.0,1186866.4,-329866.38,329866.38,38.490826
8500000.0,1348019.4,7151980.5,7151980.5,84.140945
1965600.0,1368512.5,597087.5,597087.5,30.376858
1600000.0,1271008.9,328991.12,328991.12,20.561945
1000000.0,1131042.5,-131042.5,131042.5,13.10425
1620000.0,1268721.9,351278.12,351278.12,21.683834
1450000.0,1363523.5,86476.5,86476.5,5.9638968
600000.0,1264138.0,-664138.0,664138.0,110.68967
800000.0,1259292.8,-459292.75,459292.75,57.411594
800000.0,1477184.4,-677184.4,677184.4,84.64805
500000.0,1199373.0,-699373.0,699373.0,139.8746
724000.0,1745256.4,-1021256.4,1021256.4,141.05751
1000000.0,1332472.5,-332472.5,332472.5,33.24725
1260000.0,1348749.1,-88749.125,88749.125,7.0435815
2072000.0,1440914.8,631085.25,631085.25,30.457783
1500000.0,1284820.2,215179.75,215179.75,14.345317
800000.0,1141411.2,-341411.25,341411.25,42.676407
750000.0,1435650.9,-685650.9,685650.9,91.42011
800000.0,1241719.0,-441719.0,441719.0,55.214874
700000.0,1260207.8,-560207.75,560207.75,80.02968
736000.0,1217030.1,-481030.12,481030.12,65.35735
1540000.0,1337887.5,202112.5,202112.5,13.124188
700000.0,1100939.6,-400939.62,400939.62,57.27709
850000.0,1178461.5,-328461.5,328461.5,38.64253
780000.0,1204840.2,-424840.25,424840.25,54.4667
700000.0,1248071.1,-548071.1,548071.1,78.295876
1090000.0,1241729.4,-151729.38,151729.38,13.920127
1980600.0,1145912.1,834687.9,834687.9,42.143185
637500.0,1144686.0,-507186.0,507186.0,79.558586
912000.0,1388158.6,-476158.62,476158.62,52.210373
3265275.0,1326206.0,1939069.0,1939069.0,59.384556
1760000.0,1269710.1,490289.88,490289.88,27.857378
1200000.0,1304963.6,-104963.625,104963.625,8.746969
936000.0,1047752.94,-111752.94,111752.94,11.939416
1265000.0,1186729.5,78270.5,78270.5,6.1873913
850000.0,1218008.4,-368008.38,368008.38,43.295105
800000.0,1194124.9,-394124.88,394124.88,49.26561
500000.0,1186153.4,-686153.4,686153.4,137.23067
2984000.0,1229846.6,1754153.4,1754153.4,58.7853
1400000.0,1290606.8,109393.25,109393.25,7.8138037
480000.0,1292002.4,-812002.4,812002.4,169.16716
1600000.0,1275653.0,324347.0,324347.0,20.271687
1400000.0,1271588.1,128411.875,128411.875,9.172277
650000.0,1228719.0,-578719.0,578719.0,89.03369
1050000.0,1142895.2,-92895.25,92895.25,8.847167
1017000.0,1078337.4,-61337.375,61337.375,6.031207
1800000.0,1196540.9,603459.1,603459.1,33.525505
2000000.0,1420053.4,579946.6,579946.6,28.997332
1160000.0,1197324.0,-37324.0,37324.0,3.217586
1000000.0,1256720.0,-256720.0,256720.0,25.672
1200000.0,1107611.9,92388.125,92388.125,7.6990104
970000.0,1198734.4,-228734.38,228734.38,23.580864
1030000.0,1233347.4,-203347.38,203347.38,19.742464
2548600.0,1067500.5,1481099.5,1481099.5,58.114235
800000.0,1269427.4,-469427.38,469427.38,58.678425
1500000.0,1217769.6,282230.38,282230.38,18.815357
1530000.0,1197866.2,332133.75,332133.75,21.708088
650000.0,1227763.5,-577763.5,577763.5,88.88669
500000.0,1247063.5,-747063.5,747063.5,149.4127
700000.0,1214531.2,-514531.25,514531.25,73.50446
1800000.0,1180651.9,619348.1,619348.1,34.40823
588000.0,1341669.9,-753669.9,753669.9,128.17516
665000.0,1266799.5,-601799.5,601799.5,90.49616
800000.0,1242172.1,-442172.12,442172.12,55.27152
1780000.0,1495838.0,284162.0,284162.0,15.964158
1200000.0,1360594.9,-160594.88,160594.88,13.382906
550000.0,1212444.9,-662444.9,662444.9,120.44453
2109750.0,1237391.1,872358.9,872358.9,41.348923
960000.0,1276067.2,-316067.25,316067.25,32.92367
500000.0,1228841.1,-728841.1,728841.1,145.76822
849000.0,1042001.44,-193001.44,193001.44,22.732796
1000000.0,1238874.5,-238874.5,238874.5,23.88745
950000.0,1262387.2,-312387.25,312387.25,32.88287
950000.0,1264647.0,-314647.0,314647.0,33.120735
900000.0,1261755.2,-361755.25,361755.25,40.195026
800000.0,1255798.4,-455798.38,455798.38,56.9748
700000.0,1174902.1,-474902.12,474902.12,67.84316
1160000.0,1382863.0,-222863.0,222863.0,19.212328
1160000.0,1330870.0,-170870.0,170870.0,14.730172
8000000.0,1282354.9,6717645.0,6717645.0,83.970566
650000.0,1393690.6,-743690.6,743690.6,114.41394
1050000.0,1208554.6,-158554.62,158554.62,15.10044
570000.0,1172103.4,-602103.4,602103.4,105.63217
1000000.0,1268067.4,-268067.38,268067.38,26.80674
800000.0,1284445.1,-484445.12,484445.12,60.55564
700000.0,1405797.2,-705797.25,705797.25,100.828186
1760000.0,1239936.2,520063.75,520063.75,29.549078
1000000.0,1214801.4,-214801.38,214801.38,21.480137
1600000.0,1221771.1,378228.88,378228.88,23.639305
800000.0,1248931.5,-448931.5,448931.5,56.11644
1300000.0,1329573.6,-29573.625,29573.625,2.2748942
654000.0,1172476.8,-518476.75,518476.75,79.27779
2000000.0,1253363.0,746637.0,746637.0,37.33185
700000.0,1254241.5,-554241.5,554241.5,79.17735
580500.0,1231434.2,-650934.25,650934.25,112.13337
500000.0,1357960.0,-857960.0,857960.0,171.592
1600000.0,989952.06,610047.94,610047.94,38.128
1400000.0,1262381.0,137619.0,137619.0,9.829928
1152000.0,1269778.4,-117778.375,117778.375,10.223817
1639600.0,1176211.8,463388.25,463388.25,28.262276
750000.0,1147968.8,-397968.75,397968.75,53.0625
800000.0,1260120.8,-460120.75,460120.75,57.5151
927500.0,1318850.8,-391350.75,391350.75,42.194153
600000.0,1077835.0,-477835.0,477835.0,79.63917
650000.0,1247966.6,-597966.6,597966.6,91.994865
625000.0,1284932.0,-659932.0,659932.0,105.58912
500000.0,1163531.1,-663531.1,663531.1,132.70622
772500.0,1331681.4,-559181.4,559181.4,72.38594
650000.0,1282185.1,-632185.1,632185.1,97.25925
1600000.0,877486.0,722514.0,722514.0,45.157127
1000000.0,1382809.9,-382809.88,382809.88,38.280987
580000.0,1214173.8,-634173.75,634173.75,109.3403
1720000.0,1201713.8,518286.25,518286.25,30.132923
2800000.0,1283379.0,1516621.0,1516621.0,54.165035
592500.0,1142582.9,-550082.9,550082.9,92.840996
17000000.0,1552691.1,15447309.0,15447309.0,90.86652
600000.0,1244119.0,-644119.0,644119.0,107.353165
650000.0,1083573.2,-433573.25,433573.25,66.703575
1085000.0,1273407.4,-188407.38,188407.38,17.364735
1000000.0,1350302.8,-350302.75,350302.75,35.030277
1010000.0,1271153.0,-261153.0,261153.0,25.856733
2437500.0,1242519.1,1194980.9,1194980.9,49.024857
1200000.0,1209799.1,-9799.125,9799.125,0.81659377
650000.0,1300945.8,-650945.75,650945.75,100.14549
1160000.0,1257892.2,-97892.25,97892.25,8.438988
1000000.0,1093629.4,-93629.375,93629.375,9.362938
800000.0,1219901.8,-419901.75,419901.75,52.48772
1400000.0,1111987.1,288012.88,288012.88,20.572348
1500000.0,1318294.0,181706.0,181706.0,12.113733
2949000.0,1215282.8,1733717.2,1733717.2,58.790005
835000.0,1252213.6,-417213.62,417213.62,49.965702
900000.0,1267204.1,-367204.12,367204.12,40.800457
847000.0,1259147.1,-412147.12,412147.12,48.659637
1340000.0,1242815.0,97185.0,97185.0,7.252612
2463125.0,1238174.4,1224950.6,1224950.6,49.731564
900000.0,1263840.8,-363840.75,363840.75,40.42675
1750000.0,1225676.6,524323.4,524323.4,29.961336
500000.0,1118128.2,-618128.25,618128.25,123.62565
1050000.0,1270691.2,-220691.25,220691.25,21.018215
1265000.0,1235049.2,29950.75,29950.75,2.3676484
568800.0,1252588.5,-683788.5,683788.5,120.21597
1580000.0,1411916.4,168083.62,168083.62,10.638205
1160000.0,1147448.4,12551.625,12551.625,1.0820366
850000.0,1136907.4,-286907.38,286907.38,33.75381
700000.0,1217534.6,-517534.62,517534.62,73.93352
840000.0,1069908.8,-229908.75,229908.75,27.370089
900000.0,1115026.4,-215026.38,215026.38,23.89182
1600000.0,1283107.4,316892.62,316892.62,19.80579
1500000.0,1186148.9,313851.12,313851.12,20.923409
950000.0,1219298.5,-269298.5,269298.5,28.34721
1090000.0,1312268.2,-222268.25,222268.25,20.391582
800000.0,1262463.4,-462463.38,462463.38,57.807922
700000.0,1200963.2,-500963.25,500963.25,71.56618
800000.0,1283936.6,-483936.62,483936.62,60.49208
335000.0,1216922.6,-881922.6,881922.6,263.2605
1000000.0,1274535.1,-274535.12,274535.12,27.453512
750000.0,1432343.8,-682343.75,682343.75,90.979164
900000.0,1275762.1,-375762.12,375762.12,41.751347
573800.0,1209268.4,-635468.4,635468.4,110.74736
1476000.0,1217481.4,258518.62,258518.62,17.51481
1000000.0,1382269.0,-382269.0,382269.0,38.2269
614000.0,1117213.2,-503213.25,503213.25,81.95655
747483.0,1148138.5,-400655.5,400655.5,53.600616
1050000.0,1276953.5,-226953.5,226953.5,21.614618
700000.0,1166473.8,-466473.75,466473.75,66.63911
573800.0,1311354.4,-737554.4,737554.4,128.53859
1400000.0,1271073.5,128926.5,128926.5,9.209036
3015400.0,1254737.0,1760663.0,1760663.0,58.389038
1000000.0,1287731.9,-287731.88,287731.88,28.77319
793000.0,1208287.0,-415287.0,415287.0,52.369106
1050000.0,1216965.4,-166965.38,166965.38,15.901464
550000.0,1169729.5,-619729.5,619729.5,112.678085
950000.0,1847523.6,-897523.6,897523.6,94.476166
880000.0,1231289.0,-351289.0,351289.0,39.919205
1000000.0,1469444.4,-469444.38,469444.38,46.944435
1000000.0,1553056.4,-553056.4,553056.4,55.305637
800000.0,1270477.5,-470477.5,470477.5,58.809685
1460000.0,1116397.4,343602.62,343602.62,23.534426
750000.0,1267559.8,-517559.75,517559.75,69.007965
900000.0,1247559.6,-347559.62,347559.62,38.617737
700000.0,1192083.0,-492083.0,492083.0,70.29757
3000000.0,1187083.6,1812916.4,1812916.4,60.430546
650000.0,1362356.5,-712356.5,712356.5,109.59331
1017250.0,1175787.1,-158537.12,158537.12,15.584874
800000.0,1207569.5,-407569.5,407569.5,50.94619
865500.0,1058263.9,-192763.88,192763.88,22.271967
500000.0,1227300.6,-727300.6,727300.6,145.46013
830550.0,1174084.9,-343534.88,343534.88,41.362335
1150000.0,1030229.1,119770.875,119770.875,10.414859
750000.0,1209236.9,-459236.88,459236.88,61.231583
6000000.0,1217919.5,4782080.5,4782080.5,79.70134
700000.0,1369647.9,-669647.9,669647.9,95.66399
1800000.0,1277702.4,522297.62,522297.62,29.016533
635000.0,1211163.2,-576163.25,576163.25,90.73437
803600.0,1135641.2,-332041.25,332041.25,41.319218
1024000.0,758355.56,265644.44,265644.44,25.94184
1324960.0,1296178.0,28782.0,28782.0,2.172292
1100000.0,1263033.2,-163033.25,163033.25,14.821204
745000.0,1269850.5,-524850.5,524850.5,70.44974
720000.0,1314677.5,-594677.5,594677.5,82.59409
670000.0,1273658.6,-603658.6,603658.6,90.098305
1200000.0,1241729.4,-41729.375,41729.375,3.4774477
600000.0,1135239.8,-535239.75,535239.75,89.20663
594750.0,1357731.0,-762981.0,762981.0,128.28601
800000.0,1247515.9,-447515.88,447515.88,55.939484
720000.0,1256755.9,-536755.9,536755.9,74.54942
700000.0,1198357.9,-498357.88,498357.88,71.193985
1500000.0,1271974.4,228025.62,228025.62,15.201709
3200000.0,1317138.9,1882861.1,1882861.1,58.83941
1500000.0,1193256.5,306743.5,306743.5,20.449566
1210000.0,1260741.0,-50741.0,50741.0,4.193471
684000.0,1241498.6,-557498.6,557498.6,81.505646
2700000.0,1177343.1,1522656.9,1522656.9,56.394695
1200000.0,1113402.5,86597.5,86597.5,7.216458
1032000.0,1183098.0,-151098.0,151098.0,14.641279
1920000.0,1211052.4,708947.6,708947.6,36.924355
1220000.0,1075410.2,144589.75,144589.75,11.851619
710000.0,1066821.6,-356821.62,356821.62,50.25657
2000000.0,1219954.6,780045.4,780045.4,39.00227
1200000.0,1237854.2,-37854.25,37854.25,3.1545208
557500.0,1279628.2,-722128.25,722128.25,129.52972
500000.0,1359472.2,-859472.25,859472.25,171.89445
1160000.0,1268397.6,-108397.625,108397.625,9.344623
800000.0,1381551.8,-581551.75,581551.75,72.69397
750000.0,1281329.2,-531329.25,531329.25,70.8439
1500000.0,1214504.8,285495.25,285495.25,19.033016
535000.0,1205065.0,-670065.0,670065.0,125.2458
1600000.0,1234046.0,365954.0,365954.0,22.872124
1800000.0,1262229.0,537771.0,537771.0,29.876167
1300000.0,1177122.5,122877.5,122877.5,9.452116
1032000.0,1333898.8,-301898.75,301898.75,29.253754
600000.0,1192440.4,-592440.4,592440.4,98.74007
1542000.0,1223907.5,318092.5,318092.5,20.628567
400000.0,1075169.0,-675169.0,675169.0,168.79225
1400000.0,1233052.4,166947.62,166947.62,11.92483
950000.0,1247022.5,-297022.5,297022.5,31.265528
950001.0,1262372.6,-312371.62,312371.62,32.881187
1290000.0,1253550.9,36449.125,36449.125,2.8255134
1200000.0,1279707.2,-79707.25,79707.25,6.642271
1280000.0,1092425.0,187575.0,187575.0,14.654297
800000.0,1349024.4,-549024.4,549024.4,68.62805
400000.0,1190436.8,-790436.75,790436.75,197.60919
650000.0,1156268.0,-506268.0,506268.0,77.88738
800000.0,1265500.4,-465500.38,465500.38,58.187546
2400000.0,1263766.6,1136233.4,1136233.4,47.343056
900000.0,1312364.8,-412364.75,412364.75,45.818306
900000.0,1299541.9,-399541.88,399541.88,44.393543
530000.0,1260770.6,-730770.6,730770.6,137.88126
2120000.0,1265761.6,854238.4,854238.4,40.294262
700000.0,1128897.8,-428897.75,428897.75,61.271107
720000.0,1163087.0,-443087.0,443087.0,61.53986
1200000.0,945492.94,254507.06,254507.06,21.208923
1950000.0,1031937.44,918062.56,918062.56,47.08013
1300000.0,1262547.4,37452.625,37452.625,2.8809712
500000.0,1239666.1,-739666.1,739666.1,147.93323
2800000.0,1238886.9,1561113.1,1561113.1,55.754044
1800000.0,1284716.2,515283.75,515283.75,28.626875
1275000.0,1218572.2,56427.75,56427.75,4.425706
688000.0,1273033.5,-585033.5,585033.5,85.03394
700000.0,1117975.9,-417975.88,417975.88,59.71084
1450000.0,1228100.8,221899.25,221899.25,15.303397
700000.0,1232211.2,-532211.25,532211.25,76.030174
815000.0,1246815.8,-431815.75,431815.75,52.98353
700000.0,1331953.0,-631953.0,631953.0,90.279
1684000.0,1421553.5,262446.5,262446.5,15.584709
450000.0,1100601.0,-650601.0,650601.0,144.578
1400000.0,1108702.9,291297.12,291297.12,20.806936
750000.0,1278810.4,-528810.4,528810.4,70.50805
667200.0,1316577.9,-649377.9,649377.9,97.32882
800000.0,1315015.6,-515015.62,515015.62,64.37695
1193500.0,1297214.0,-103714.0,103714.0,8.689903
1300000.0,1061827.0,238173.0,238173.0,18.321
800000.0,1185698.4,-385698.38,385698.38,48.212296
550000.0,1404157.6,-854157.6,854157.6,155.30139
1015000.0,989062.3,25937.688,25937.688,2.555437
800000.0,1183513.4,-383513.38,383513.38,47.93917
1220000.0,1128549.0,91451.0,91451.0,7.4959836
1700000.0,1273523.8,426476.25,426476.25,25.086838
724450.0,1275596.8,-551146.75,551146.75,76.07796
900000.0,1278176.6,-378176.62,378176.62,42.019623
700000.0,1050449.0,-350449.0,350449.0,50.06414
630000.0,1390669.9,-760669.9,760669.9,120.74125
1200000.0,1382827.6,-182827.62,182827.62,15.235636
600000.0,1364074.5,-764074.5,764074.5,127.34575
650000.0,1283975.1,-633975.1,633975.1,97.53463
900000.0,1178030.1,-278030.12,278030.12,30.892235
800000.0,1205558.5,-405558.5,405558.5,50.694813
2095000.0,1388895.4,706104.6,706104.6,33.704277
750000.0,1041247.6,-291247.62,291247.62,38.833015
850000.0,1037046.9,-187046.88,187046.88,22.005514
1400000.0,1371701.6,28298.375,28298.375,2.0213125
800000.0,1516899.6,-716899.6,716899.6,89.61246
770000.0,1284294.6,-514294.62,514294.62,66.79151
1000000.0,1235505.4,-235505.38,235505.38,23.550537
910000.0,1313360.4,-403360.38,403360.38,44.325317
900000.0,1308836.5,-408836.5,408836.5,45.426277
650000.0,1147977.9,-497977.88,497977.88,76.61198
700000.0,1204191.5,-504191.5,504191.5,72.02736
900000.0,1173907.9,-273907.88,273907.88,30.43421
900000.0,1417769.0,-517769.0,517769.0,57.529892
1245000.0,1181947.5,63052.5,63052.5,5.064458
860000.0,1218030.0,-358030.0,358030.0,41.631393
1330000.0,1273586.6,56413.375,56413.375,4.241607
980000.0,1426805.9,-446805.88,446805.88,45.592438
623000.0,1403774.5,-780774.5,780774.5,125.32497
720000.0,1197604.5,-477604.5,477604.5,66.333954
950000.0,1142233.0,-192233.0,192233.0,20.235052
500000.0,1436468.5,-936468.5,936468.5,187.2937
900000.0,1217960.8,-317960.75,317960.75,35.32897
450000.0,1079362.6,-629362.6,629362.6,139.85837
937500.0,1185352.4,-247852.38,247852.38,26.437586
1800000.0,1222175.0,577825.0,577825.0,32.10139
750000.0,1272812.0,-522812.0,522812.0,69.70827
800000.0,1243548.6,-443548.62,443548.62,55.44358
817000.0,1127357.5,-310357.5,310357.5,37.987453
820000.0,1202924.1,-382924.12,382924.12,46.698063
650000.0,1278007.0,-628007.0,628007.0,96.616455
1600000.0,1287045.9,312954.12,312954.12,19.559631
1250000.0,1281989.5,-31989.5,31989.5,2.55916
2280000.0,1232340.1,1047659.9,1047659.9,45.949997
981000.0,1269647.4,-288647.38,288647.38,29.423788
1200000.0,1108995.4,91004.625,91004.625,7.583719
2700000.0,1228583.5,1471416.5,1471416.5,54.49691
420000.0,1024845.06,-604845.06,604845.06,144.01074
710000.0,1325215.2,-615215.25,615215.25,86.65004
800000.0,1392557.2,-592557.25,592557.25,74.06966
1800000.0,1213283.5,586716.5,586716.5,32.59536
1200000.0,1192637.5,7362.5,7362.5,0.61354166
720000.0,1106958.1,-386958.12,386958.12,53.744186
1200000.0,1204711.4,-4711.375,4711.375,0.39261457
1000000.0,1329557.8,-329557.75,329557.75,32.955776
1600000.0,1072845.1,527154.9,527154.9,32.947178
1050000.0,1256707.8,-206707.75,206707.75,19.686453
1060000.0,1245870.9,-185870.88,185870.88,17.534988
1003600.0,1224956.9,-221356.88,221356.88,22.056284
1070000.0,1452773.0,-382773.0,382773.0,35.77318
600000.0,1338191.1,-738191.1,738191.1,123.03185
940000.0,1237085.8,-297085.75,297085.75,31.604868
850000.0,1260435.6,-410435.62,410435.62,48.286545
980000.0,1218128.9,-238128.88,238128.88,24.298864
780000.0,1390689.8,-610689.75,610689.75,78.29356
1200000.0,1151750.9,48249.125,48249.125,4.0207605
1600000.0,1236836.6,363163.38,363163.38,22.697712
1200000.0,1119639.4,80360.625,80360.625,6.696719
730000.0,1391278.1,-661278.1,661278.1,90.586044
1420000.0,1183333.2,236666.75,236666.75,16.666674
750000.0,1341285.8,-591285.75,591285.75,78.8381
667000.0,1105632.9,-438632.88,438632.88,65.76205
700000.0,1246545.1,-546545.1,546545.1,78.07787
900000.0,1163245.4,-263245.38,263245.38,29.249487
560000.0,1169387.2,-609387.25,609387.25,108.81915
940000.0,1227522.9,-287522.88,287522.88,30.58754
666500.0,1271923.5,-605423.5,605423.5,90.836235
1250000.0,1390269.2,-140269.25,140269.25,11.22154
460000.0,1123116.9,-663116.9,663116.9,144.15585
700000.0,1391422.0,-691422.0,691422.0,98.77457
700000.0,1269808.5,-569808.5,569808.5,81.401215
700000.0,1266572.8,-566572.75,566572.75,80.938965
500000.0,1216470.9,-716470.9,716470.9,143.29417
1152000.0,1274785.1,-122785.125,122785.125,10.658431
850000.0,1310997.0,-460997.0,460997.0,54.23494
850000.0,1152842.0,-302842.0,302842.0,35.62847
980000.0,1245697.2,-265697.25,265697.25,27.111965
1600000.0,1238180.6,361819.38,361819.38,22.613712
955000.0,1283568.4,-328568.38,328568.38,34.405064
1137500.0,1370996.2,-233496.25,233496.25,20.527142
884405.0,1305534.0,-421129.0,421129.0,47.61721
1022600.0,1182337.2,-159737.25,159737.25,15.620697
676000.0,1199262.4,-523262.38,523262.38,77.40568
5500000.0,1416820.8,4083179.2,4083179.2,74.239624
1020000.0,1197572.1,-177572.12,177572.12,17.409033
800000.0,1255100.5,-455100.5,455100.5,56.88756
1160000.0,1225088.1,-65088.125,65088.125,5.6110454
820000.0,1258660.2,-438660.25,438660.25,53.49515
1651000.0,1191711.6,459288.38,459288.38,27.818798
760000.0,1147861.9,-387861.88,387861.88,51.03446
1700000.0,1229192.2,470807.75,470807.75,27.694574
1400000.0,1848787.2,-448787.25,448787.25,32.056232
800000.0,1339385.5,-539385.5,539385.5,67.42319
695000.0,1212386.1,-517386.12,517386.12,74.444046
916000.0,1255144.0,-339144.0,339144.0,37.024452
2348000.0,1068325.4,1279674.6,1279674.6,54.50062
2400000.0,1292169.9,1107830.1,1107830.1,46.159588
650000.0,1218214.4,-568214.4,568214.4,87.417595
937000.0,1100439.1,-163439.12,163439.12,17.442808
1130000.0,1492440.1,-362440.12,362440.12,32.07435
1600000.0,1319774.0,280226.0,280226.0,17.514124
816000.0,1170847.5,-354847.5,354847.5,43.486214
550000.0,1283040.5,-733040.5,733040.5,133.28009
900000.0,1143268.9,-243268.88,243268.88,27.029875
1200000.0,1382827.6,-182827.62,182827.62,15.235636
620000.0,1161636.9,-541636.9,541636.9,87.36079
500000.0,1066027.5,-566027.5,566027.5,113.205505
650000.0,1313357.2,-663357.25,663357.25,102.05496
700000.0,1284019.9,-584019.9,584019.9,83.43141
1400000.0,1317955.6,82044.375,82044.375,5.8603125
1015000.0,1259167.0,-244167.0,244167.0,24.055862
850000.0,1552641.5,-702641.5,702641.5,82.663704
500000.0,1390917.8,-890917.75,890917.75,178.18356
2000000.0,1193492.1,806507.9,806507.9,40.325394
1400000.0,1273503.1,126496.875,126496.875,9.035491
1722000.0,1240746.2,481253.75,481253.75,27.947372
540000.0,1115517.0,-575517.0,575517.0,106.57722
965000.0,1232739.6,-267739.62,267739.62,27.745039
700000.0,1299569.4,-599569.4,599569.4,85.65277
1160000.0,1079394.1,80605.875,80605.875,6.9487824
980000.0,1147998.6,-167998.62,167998.62,17.142717
845000.0,1283241.1,-438241.12,438241.12,51.862854
1210000.0,1221641.4,-11641.375,11641.375,0.9620971
900000.0,1334196.6,-434196.62,434196.62,48.24407
980000.0,1131365.5,-151365.5,151365.5,15.445459
1336000.0,1292215.5,43784.5,43784.5,3.2772827
1208000.0,1260398.1,-52398.125,52398.125,4.337593
727000.0,1234369.6,-507369.62,507369.62,69.78949
1000000.0,1214897.6,-214897.62,214897.62,21.489761
500000.0,1275667.1,-775667.1,775667.1,155.13342
700000.0,1051044.2,-351044.25,351044.25,50.149178
620000.0,1310828.4,-690828.4,690828.4,111.423935
1500000.0,1554638.4,-54638.375,54638.375,3.6425583
700000.0,1213192.1,-513192.12,513192.12,73.313156
560000.0,1231378.9,-671378.9,671378.9,119.889084
700000.0,1273917.6,-573917.6,573917.6,81.988235
1200000.0,1171545.1,28454.875,28454.875,2.3712397
688000.0,1108798.5,-420798.5,420798.5,61.162575
850000.0,1167187.4,-317187.38,317187.38,37.316162
1512000.0,1236692.1,275307.88,275307.88,18.208193
800000.0,1041478.8,-241478.81,241478.81,30.18485
800000.0,1248714.6,-448714.62,448714.62,56.08933
2100000.0,1246480.8,853519.25,853519.25,40.643772
634500.0,1122616.2,-488116.25,488116.25,76.929276
1760000.0,1142326.9,617673.1,617673.1,35.095062
793000.0,1204801.9,-411801.88,411801.88,51.92962
1000000.0,1278762.2,-278762.25,278762.25,27.876225
656250.0,1142092.6,-485842.62,485842.62,74.03316
1008000.0,1159074.5,-151074.5,151074.5,14.987549
1440000.0,1260165.9,179834.12,179834.12,12.488481
1800000.0,1268523.5,531476.5,531476.5,29.526472
650000.0,1204889.1,-554889.1,554889.1,85.36756
1420000.0,1217326.2,202673.75,202673.75,14.272799
1500000.0,1338582.6,161417.38,161417.38,10.761158
1900000.0,1363927.8,536072.25,536072.25,28.214329
2500000.0,1236265.1,1263734.9,1263734.9,50.549393
750000.0,1441026.2,-691026.25,691026.25,92.13683
1000000.0,1554650.5,-554650.5,554650.5,55.46505
1080000.0,1307152.9,-227152.88,227152.88,21.032673
810000.0,1241234.8,-431234.75,431234.75,53.238857
1700000.0,1151870.9,548129.1,548129.1,32.24289
1000000.0,1186727.4,-186727.38,186727.38,18.672737
950000.0,1328441.1,-378441.12,378441.12,39.83591
1200000.0,1100847.8,99152.25,99152.25,8.262687
1150000.0,1088403.5,61596.5,61596.5,5.3562174
1220000.0,1181943.5,38056.5,38056.5,3.1193852
540000.0,1196744.4,-656744.4,656744.4,121.61933
1400000.0,1288426.1,111573.875,111573.875,7.9695625
5500000.0,1201005.2,4298995.0,4298995.0,78.16354
1800000.0,1179560.4,620439.6,620439.6,34.46887
1760000.0,1294266.8,465733.25,465733.25,26.462116
1670000.0,1269186.0,400814.0,400814.0,24.00084
1100000.0,1335957.8,-235957.75,235957.75,21.450705
650000.0,1312026.6,-662026.6,662026.6,101.85025
1294000.0,1285653.0,8347.0,8347.0,0.6450541
950000.0,1233360.6,-283360.62,283360.62,29.827435
1330000.0,1256596.6,73403.375,73403.375,5.5190506
1600000.0,1294473.5,305526.5,305526.5,19.095406
2267800.0,1104553.2,1163246.8,1163246.8,51.294064
577000.0,1364975.6,-787975.6,787975.6,136.56422
700000.0,1218077.5,-518077.5,518077.5,74.01107
810000.0,1095066.1,-285066.12,285066.12,35.193348
1200000.0,1013402.75,186597.25,186597.25,15.549771
430000.0,1267156.8,-837156.75,837156.75,194.68762
600000.0,1059061.0,-459061.0,459061.0,76.51017
1025000.0,1243844.8,-218844.75,218844.75,21.350708
1550000.0,1286296.0,263704.0,263704.0,17.01316
900000.0,1285937.2,-385937.25,385937.25,42.88192
780000.0,1250374.4,-470374.38,470374.38,60.30441
1600000.0,1277504.2,322495.75,322495.75,20.155985
1729000.0,1158445.4,570554.6,570554.6,32.99911
1080000.0,1205193.6,-125193.625,125193.625,11.592002
700000.0,1233339.2,-533339.25,533339.25,76.19132
1800000.0,1195956.0,604044.0,604044.0,33.558
1020000.0,1444257.6,-424257.62,424257.62,41.593887
700000.0,1305352.0,-605352.0,605352.0,86.47886
700000.0,1210723.6,-510723.62,510723.62,72.96052
1160000.0,1208590.4,-48590.375,48590.375,4.1888256
1294580.0,1294356.2,223.75,223.75,0.017283598
1060000.0,1314909.2,-254909.25,254909.25,24.048042
1078000.0,1191193.4,-113193.375,113193.375,10.500314
810000.0,1303981.0,-493981.0,493981.0,60.98531
1250000.0,1288268.6,-38268.625,38268.625,3.06149
1500000.0,1308471.0,191529.0,191529.0,12.7685995
3153000.0,1170107.8,1982892.2,1982892.2,62.889065
984000.0,1155555.0,-171555.0,171555.0,17.43445
590000.0,1280608.5,-690608.5,690608.5,117.05229
1700000.0,1209116.1,490883.88,490883.88,28.87552
1160000.0,1973067.0,-813067.0,813067.0,70.09198
1600000.0,1255961.1,344038.88,344038.88,21.50243
657500.0,1159809.0,-502309.0,502309.0,76.396805
664000.0,1122763.8,-458763.75,458763.75,69.09093
800000.0,1175715.5,-375715.5,375715.5,46.964436
935000.0,1252227.5,-317227.5,317227.5,33.928074
710000.0,1181552.9,-471552.88,471552.88,66.4159
600000.0,1483271.5,-883271.5,883271.5,147.21191
424000.0,1403987.2,-979987.25,979987.25,231.12907
688000.0,1187624.0,-499624.0,499624.0,72.61977
550000.0,1070876.5,-520876.5,520876.5,94.70482
900000.0,1198471.6,-298471.62,298471.62,33.163513
890000.0,1238031.8,-348031.75,348031.75,39.10469
900000.0,1381504.5,-481504.5,481504.5,53.500496
750000.0,1217438.4,-467438.38,467438.38,62.325115
693150.0,1188068.5,-494918.5,494918.5,71.40136
640000.0,1412431.0,-772431.0,772431.0,120.69235
810000.0,1234806.5,-424806.5,424806.5,52.445244
700000.0,1139488.2,-439488.25,439488.25,62.784035
2250000.0,1316013.9,933986.1,933986.1,41.510494
1035000.0,1160872.8,-125872.75,125872.75,12.161618
1100000.0,1288235.0,-188235.0,188235.0,17.112272
1008000.0,1272111.1,-264111.12,264111.12,26.201502
1120000.0,1180573.1,-60573.125,60573.125,5.4083147
800000.0,1793159.4,-993159.4,993159.4,124.14492
1290000.0,1181656.2,108343.75,108343.75,8.39874
690000.0,1040307.3,-350307.3,350307.3,50.769173
1585000.0,1125667.8,459332.25,459332.25,28.979954
850000.0,1240086.9,-390086.88,390086.88,45.89257
1250000.0,1318954.8,-68954.75,68954.75,5.5163803
1000000.0,1125249.5,-125249.5,125249.5,12.52495
624000.0,1103599.9,-479599.88,479599.88,76.858955
800000.0,1244026.1,-444026.12,444026.12,55.503265
964000.0,1177880.1,-213880.12,213880.12,22.186735
500000.0,1317560.8,-817560.75,817560.75,163.51215
710000.0,1214891.8,-504891.75,504891.75,71.11151
5600000.0,1274548.8,4325451.0,4325451.0,77.2402
500000.0,1222410.9,-722410.9,722410.9,144.48218
720000.0,1336042.1,-616042.1,616042.1,85.56141
730000.0,1059144.2,-329144.25,329144.25,45.088253
1500000.0,1291910.1,208089.88,208089.88,13.872658
850000.0,1198149.1,-348149.12,348149.12,40.95872
636800.0,1243984.9,-607184.9,607184.9,95.34938
1300000.0,1271264.2,28735.75,28735.75,2.2104423
1400000.0,1232452.2,167547.75,167547.75,11.967696
1000000.0,1191482.0,-191482.0,191482.0,19.1482
1000000.0,1177330.6,-177330.62,177330.62,17.733063
490000.0,1309053.2,-819053.25,819053.25,167.15373
900000.0,1233913.8,-333913.75,333913.75,37.10153
700000.0,1243953.8,-543953.75,543953.75,77.70768
1015000.0,1279750.9,-264750.88,264750.88,26.08383
3900800.0,1169066.0,2731734.0,2731734.0,70.0301
900000.0,1411870.1,-511870.12,511870.12,56.87446
1000000.0,1271018.6,-271018.62,271018.62,27.101862
1400000.0,1148875.5,251124.5,251124.5,17.937466
2000000.0,1437674.4,562325.6,562325.6,28.11628
1000000.0,1263212.1,-263212.12,263212.12,26.32121
885750.0,1243931.6,-358181.62,358181.62,40.43823
1400000.0,1300684.6,99315.375,99315.375,7.0939555
1932000.0,1492963.0,439037.0,439037.0,22.724482
700008.0,1221041.5,-521033.5,521033.5,74.4325
1550000.0,1286469.9,263530.12,263530.12,17.001944
808000.0,1172400.6,-364400.62,364400.62,45.099087
800000.0,3750608.2,-2950608.2,2950608.2,368.82602
1200000.0,1398745.5,-198745.5,198745.5,16.562124
1150000.0,1412431.0,-262431.0,262431.0,22.820087
700000.0,1442205.9,-742205.9,742205.9,106.02942
700000.0,1226607.5,-526607.5,526607.5,75.229645
1400000.0,1278394.2,121605.75,121605.75,8.686125
700000.0,1201437.6,-501437.62,501437.62,71.63395
1400000.0,1286281.9,113718.125,113718.125,8.122724
680000.0,1142296.1,-462296.12,462296.12,67.984726
1347000.0,1137974.0,209026.0,209026.0,15.517892
550000.0,1168467.9,-618467.9,618467.9,112.44871
10000000.0,1239810.5,8760190.0,8760190.0,87.6019
950000.0,1278386.2,-328386.25,328386.25,34.566975
650000.0,1213334.5,-563334.5,563334.5,86.66685
700000.0,1257500.1,-557500.1,557500.1,79.642876
2205000.0,1250259.9,954740.1,954740.1,43.298874
2000000.0,1229331.5,770668.5,770668.5,38.533424
2000000.0,1370566.5,629433.5,629433.5,31.471676
850000.0,1255256.0,-405256.0,405256.0,47.677177
1150000.0,1786238.4,-636238.4,636238.4,55.32508
1175000.0,1131476.9,43523.125,43523.125,3.7040956
720000.0,1236167.8,-516167.75,516167.75,71.689964
1600000.0,1291672.4,308327.62,308327.62,19.270477
765000.0,1278810.4,-513810.38,513810.38,67.16476
1008000.0,1209937.4,-201937.38,201937.38,20.03347
800000.0,1283933.1,-483933.12,483933.12,60.49164
941000.0,1252674.4,-311674.38,311674.38,33.121613
700000.0,1120913.8,-420913.75,420913.75,60.130535
1020000.0,1271660.2,-251660.25,251660.25,24.672573
700000.0,1222934.0,-522934.0,522934.0,74.70486
3200000.0,1176938.5,2023061.5,2023061.5,63.220673
600000.0,1421403.4,-821403.4,821403.4,136.90057
1800000.0,1228487.4,571512.6,571512.6,31.750702
900000.0,1270429.8,-370429.75,370429.75,41.15886
1200000.0,1212524.1,-12524.125,12524.125,1.0436771
1020000.0,1275078.4,-255078.38,255078.38,25.007683
1500000.0,1202842.9,297157.12,297157.12,19.810476
612500.0,1167709.2,-555209.25,555209.25,90.64641
1800000.0,1225021.0,574979.0,574979.0,31.943277
7000000.0,1137297.1,5862703.0,5862703.0,83.7529
810000.0,1069804.8,-259804.75,259804.75,32.07466
832000.0,1364523.5,-532523.5,532523.5,64.005226
780000.0,1360179.2,-580179.25,580179.25,74.38195
650000.0,1255485.1,-605485.1,605485.1,93.15156
1000000.0,2934921.2,-1934921.2,1934921.2,193.49213
700000.0,1274862.4,-574862.4,574862.4,82.1232
440000.0,1200516.5,-760516.5,760516.5,172.84467
1600000.0,1272121.5,327878.5,327878.5,20.492407
810400.0,1208300.6,-397900.62,397900.62,49.09929
13000000.0,1144055.0,11855945.0,11855945.0,91.19958
588000.0,1252471.5,-664471.5,664471.5,113.005356
1160000.0,1351270.6,-191270.62,191270.62,16.488848
700000.0,1284451.0,-584451.0,584451.0,83.493004
1536000.0,1223748.4,312251.62,312251.62,20.328882
760000.0,1225614.8,-465614.75,465614.75,61.2651
899640.0,1278181.6,-378541.62,378541.62,42.07701
1200000.0,1322059.2,-122059.25,122059.25,10.171604
1600000.0,1166023.9,433976.12,433976.12,27.123508
1600000.0,1217751.1,382248.88,382248.88,23.890554
1300000.0,1214689.2,85310.75,85310.75,6.5623655
1000000.0,1273852.5,-273852.5,273852.5,27.38525
800000.0,1264383.4,-464383.38,464383.38,58.04792
2120000.0,1292051.6,827948.4,827948.4,39.05417
500000.0,1226554.9,-726554.9,726554.9,145.31097
588000.0,1098734.6,-510734.62,510734.62,86.859634
2820000.0,1246410.9,1573589.1,1573589.1,55.801033
2205500.0,1123989.9,1081510.1,1081510.1,49.03696
1360000.0,1347465.0,12535.0,12535.0,0.9216912
700000.0,1122084.6,-422084.62,422084.62,60.297806
1200000.0,1142479.4,57520.625,57520.625,4.7933855
651400.0,1168842.1,-517442.12,517442.12,79.43539
1400000.0,1132790.1,267209.88,267209.88,19.086418
630000.0,1245243.0,-615243.0,615243.0,97.65762
500000.0,1341731.8,-841731.75,841731.75,168.34634
824000.0,1265802.2,-441802.25,441802.25,53.61678
900000.0,1103652.4,-203652.38,203652.38,22.628042
720000.0,1125370.4,-405370.38,405370.38,56.301437
1950000.0,1250898.9,699101.1,699101.1,35.851337
1600000.0,1222513.5,377486.5,377486.5,23.592905
800000.0,1266188.4,-466188.38,466188.38,58.27355
850000.0,1100640.1,-250640.12,250640.12,29.487074
700000.0,1317915.4,-617915.4,617915.4,88.27363
1113280.0,1153708.2,-40428.25,40428.25,3.631454
1500000.0,1284826.8,215173.25,215173.25,14.344883
600000.0,1291577.4,-691577.4,691577.4,115.2629
800000.0,1269784.8,-469784.75,469784.75,58.72309
650000.0,1256719.2,-606719.25,606719.25,93.34142
550000.0,950898.06,-400898.06,400898.06,72.89056
1620000.0,1260165.2,359834.75,359834.75,22.21202
900000.0,1229164.2,-329164.25,329164.25,36.573807
2100000.0,1253384.9,846615.1,846615.1,40.315006
780000.0,1206720.2,-426720.25,426720.25,54.707726
2000000.0,985274.44,1014725.56,1014725.56,50.73628
600000.0,1281844.2,-681844.25,681844.25,113.64072
1020000.0,1383901.9,-363901.88,363901.88,35.676655
1500000.0,1315331.4,184668.62,184668.62,12.311242
670000.0,1175758.6,-505758.62,505758.62,75.48636
700000.0,1270481.0,-570481.0,570481.0,81.497284
615000.0,1284075.9,-669075.9,669075.9,108.79283
1315000.0,1061028.2,253971.75,253971.75,19.31344
720000.0,1124731.1,-404731.12,404731.12,56.212658
600000.0,1256406.4,-656406.4,656406.4,109.40106
1500000.0,1263315.1,236684.88,236684.88,15.778992
1056000.0,1280085.5,-224085.5,224085.5,21.220217
650000.0,1264884.6,-614884.6,614884.6,94.59763
1200000.0,875250.7,324749.3,324749.3,27.062443
2850000.0,1262816.5,1587183.5,1587183.5,55.690647
950000.0,1141164.8,-191164.75,191164.75,20.122606
1200000.0,1260320.0,-60320.0,60320.0,5.0266666
1500000.0,1429145.4,70854.625,70854.625,4.723642
850000.0,1168118.9,-318118.88,318118.88,37.42575
500000.0,1235546.8,-735546.75,735546.75,147.10936
3200000.0,1265538.2,1934461.8,1934461.8,60.45193
600000.0,1451567.5,-851567.5,851567.5,141.92792
1300000.0,1245507.5,54492.5,54492.5,4.191731
750000.0,1265741.1,-515741.12,515741.12,68.76549
500000.0,1165853.6,-665853.6,665853.6,133.17073
1000000.0,1098381.6,-98381.625,98381.625,9.838162
700000.0,1139190.8,-439190.75,439190.75,62.741535
634500.0,1260381.6,-625881.6,625881.6,98.64171
1875000.0,1240325.0,634675.0,634675.0,33.849335
1170000.0,1278847.9,-108847.875,108847.875,9.303238
800000.0,1316973.9,-516973.88,516973.88,64.621735
1400000.0,1288559.2,111440.75,111440.75,7.9600534
520000.0,1126748.8,-606748.75,606748.75,116.68245
700000.0,1176146.1,-476146.12,476146.12,68.020874
1000000.0,1370880.0,-370880.0,370880.0,37.088
1425000.0,1129398.0,295602.0,295602.0,20.744
700000.0,1147581.6,-447581.62,447581.62,63.94023
1108100.0,1119091.2,-10991.25,10991.25,0.99190056
850000.0,1157093.4,-307093.38,307093.38,36.12863
1458747.0,1254048.5,204698.5,204698.5,14.032488
1100000.0,1251697.8,-151697.75,151697.75,13.790705
1095000.0,1207813.8,-112813.75,112813.75,10.302626
750000.0,1253766.6,-503766.62,503766.62,67.168884
664000.0,1064753.9,-400753.88,400753.88,60.3545
1300000.0,1387838.0,-87838.0,87838.0,6.756769
2400000.0,1089487.4,1310512.6,1310512.6,54.60469
680000.0,1402857.0,-722857.0,722857.0,106.3025
1400000.0,1234214.8,165785.25,165785.25,11.841804
764800.0,1260452.6,-495652.62,495652.62,64.808136
800000.0,1381988.5,-581988.5,581988.5,72.74856
800000.0,1289151.9,-489151.88,489151.88,61.143982
750000.0,1381610.8,-631610.75,631610.75,84.21477
670000.0,1454485.5,-784485.5,784485.5,117.08739
1100000.0,1282265.6,-182265.62,182265.62,16.569603
1640000.0,1200386.6,439613.38,439613.38,26.805693
1600000.0,1226774.0,373226.0,373226.0,23.326626
841107.0,1175841.8,-334734.75,334734.75,39.79693
667200.0,1125476.1,-458276.12,458276.12,68.68647
1900000.0,1412013.2,487986.75,487986.75,25.683514
552500.0,1261073.8,-708573.75,708573.75,128.24864
1062500.0,1248517.4,-186017.38,186017.38,17.507517
1300000.0,1091980.1,208019.88,208019.88,16.001528
650000.0,1555246.8,-905246.75,905246.75,139.26874
760000.0,1306514.4,-546514.4,546514.4,71.90978
1200000.0,1269028.0,-69028.0,69028.0,5.752333
700000.0,1222934.0,-522934.0,522934.0,74.70486
1000000.0,1284243.0,-284243.0,284243.0,28.4243
850000.0,1017912.4,-167912.38,167912.38,19.754396
700000.0,1113182.4,-413182.38,413182.38,59.02606
2500000.0,1041312.2,1458687.8,1458687.8,58.34751
700000.0,1043506.94,-343506.94,343506.94,49.072422
1150000.0,1208773.9,-58773.875,58773.875,5.1107717
1530000.0,1137973.6,392026.38,392026.38,25.622639
970000.0,1185617.2,-215617.25,215617.25,22.228582
820000.0,1254503.6,-434503.62,434503.62,52.98825
840000.0,1174843.6,-334843.62,334843.62,39.86234
1000000.0,1311846.0,-311846.0,311846.0,31.184599
1050000.0,1083661.8,-33661.75,33661.75,3.2058809
720000.0,1252073.8,-532073.75,532073.75,73.89913
990000.0,1237507.0,-247507.0,247507.0,25.000706
775000.0,1105363.6,-330363.62,330363.62,42.627563
900000.0,1288293.8,-388293.75,388293.75,43.14375
500000.0,1167934.1,-667934.1,667934.1,133.58682
1600000.0,1267279.2,332720.75,332720.75,20.795048
800000.0,1141602.0,-341602.0,341602.0,42.70025
1400000.0,1172358.5,227641.5,227641.5,16.260107
1880000.0,1102246.8,777753.25,777753.25,41.369854
745000.0,970972.25,-225972.25,225972.25,30.331846
700000.0,1251828.8,-551828.75,551828.75,78.83268
700000.0,1499683.8,-799683.75,799683.75,114.24054
750000.0,1273169.5,-523169.5,523169.5,69.755936
800000.0,1149648.9,-349648.88,349648.88,43.706112
700000.0,154720.22,545279.75,545279.75,77.89711
500000.0,1122952.2,-622952.25,622952.25,124.59045
1000000.0,1283969.1,-283969.12,283969.12,28.396914
1453000.0,1084372.2,368627.75,368627.75,25.370115
700000.0,1293813.6,-593813.6,593813.6,84.83051
1200000.0,1260897.5,-60897.5,60897.5,5.0747914
1500000.0,866239.3,633760.7,633760.7,42.250713
1094400.0,1115752.9,-21352.875,21352.875,1.9511033
4048000.0,1193328.6,2854671.5,2854671.5,70.52054
700000.0,1140110.4,-440110.38,440110.38,62.87291
936000.0,1209339.2,-273339.25,273339.25,29.202911
750000.0,1282771.0,-532771.0,532771.0,71.03613
1695000.0,1317565.9,377434.12,377434.12,22.2675
1400000.0,1084199.4,315800.62,315800.62,22.557186
550000.0,1198801.6,-648801.6,648801.6,117.963936
900000.0,1205924.2,-305924.25,305924.25,33.991585
630000.0,1216266.6,-586266.6,586266.6,93.05819
1160000.0,1278362.1,-118362.125,118362.125,10.203631
1468000.0,1199089.2,268910.75,268910.75,18.31817
795109.0,1154084.1,-358975.12,358975.12,45.147915
1160000.0,1973067.0,-813067.0,813067.0,70.09198
530000.0,1227261.5,-697261.5,697261.5,131.55878
780000.0,753303.5,26696.5,26696.5,3.4226284
800000.0,1248916.6,-448916.62,448916.62,56.11458
1280000.0,1291871.0,-11871.0,11871.0,0.9274219
407500.0,1314396.0,-906896.0,906896.0,222.55115
1400000.0,1234879.5,165120.5,165120.5,11.794321
772000.0,1358378.6,-586378.6,586378.6,75.95578
1560000.0,1289481.9,270518.12,270518.12,17.340906
1024000.0,1179416.6,-155416.62,155416.62,15.177404
900000.0,951671.3,-51671.312,51671.312,5.7412567
1050000.0,1421915.8,-371915.75,371915.75,35.420547
1640000.0,1105131.8,534868.25,534868.25,32.61392
700000.0,1217533.0,-517533.0,517533.0,73.93329
650000.0,1440064.2,-790064.25,790064.25,121.54834
1015000.0,1246234.5,-231234.5,231234.5,22.781723
1160000.0,1216306.1,-56306.125,56306.125,4.8539762
565000.0,1231148.1,-666148.1,666148.1,117.90233
1920000.0,1261050.1,658949.9,658949.9,34.320305
800000.0,1284681.8,-484681.75,484681.75,60.58522
1056000.0,1258472.2,-202472.25,202472.25,19.17351
850000.0,1218215.0,-368215.0,368215.0,43.319412
1400000.0,1269154.4,130845.625,130845.625,9.346116
1400000.0,1256754.8,143245.25,143245.25,10.231803
1600000.0,1178683.8,421316.25,421316.25,26.332266
900000.0,194471.34,705528.6,705528.6,78.39207
1435000.0,1265918.8,169081.25,169081.25,11.782665
700000.0,1282387.6,-582387.6,582387.6,83.198235
846000.0,1090702.8,-244702.75,244702.75,28.924673
1050000.0,1271900.6,-221900.62,221900.62,21.133392
600000.0,1176033.2,-576033.25,576033.25,96.00554
956000.0,1203376.8,-247376.75,247376.75,25.87623
1160000.0,1973067.0,-813067.0,813067.0,70.09198
1185000.0,1337190.4,-152190.38,152190.38,12.843069
1400000.0,1229597.6,170402.38,170402.38,12.171598
600000.0,1218397.9,-618397.9,618397.9,103.066315
600000.0,1087511.8,-487511.75,487511.75,81.25196
2500000.0,1666806.2,833193.75,833193.75,33.32775
790000.0,1279116.5,-489116.5,489116.5,61.91348
775000.0,1226232.0,-451232.0,451232.0,58.223488
988000.0,1320885.0,-332885.0,332885.0,33.692814
1195000.0,1214597.0,-19597.0,19597.0,1.6399164
700000.0,1272691.4,-572691.4,572691.4,81.81306
560000.0,1261269.1,-701269.1,701269.1,125.22663
700000.0,1204794.4,-504794.38,504794.38,72.11349
500000.0,1261238.1,-761238.1,761238.1,152.24762
900000.0,1188884.6,-288884.62,288884.62,32.09829
700000.0,1298139.9,-598139.9,598139.9,85.44855
1500000.0,1325202.5,174797.5,174797.5,11.653167
675000.0,1250094.6,-575094.6,575094.6,85.1992
2000000.0,1078730.1,921269.9,921269.9,46.063496
1000000.0,1235741.6,-235741.62,235741.62,23.574163
2343000.0,1151645.9,1191354.1,1191354.1,50.84738
280000.0,1090088.2,-810088.25,810088.25,289.31723
558720.0,1088156.4,-529436.4,529436.4,94.758804
800000.0,1122391.8,-322391.75,322391.75,40.29897
1230000.0,1292941.1,-62941.125,62941.125,5.1171646
600000.0,1172134.5,-572134.5,572134.5,95.35575
900000.0,1233347.1,-333347.12,333347.12,37.03857
856000.0,1182589.4,-326589.38,326589.38,38.15296
580000.0,1162147.2,-582147.25,582147.25,100.37022
1150000.0,1786238.4,-636238.4,636238.4,55.32508
943000.0,1278836.2,-335836.25,335836.25,35.613598
759500.0,1258469.2,-498969.25,498969.25,65.69707
1000000.0,1279615.2,-279615.25,279615.25,27.961525
700000.0,1261893.4,-561893.4,561893.4,80.27048
1000000.0,1263712.0,-263712.0,263712.0,26.371199
850000.0,1073185.6,-223185.62,223185.62,26.257133
2520000.0,1236307.4,1283692.6,1283692.6,50.940186
1960000.0,1347606.4,612393.6,612393.6,31.244574
950000.0,1207946.1,-257946.12,257946.12,27.152222
720000.0,1297059.5,-577059.5,577059.5,80.147156
800000.0,1432361.4,-632361.4,632361.4,79.04517
450000.0,1184535.6,-734535.6,734535.6,163.23013
1600000.0,1231669.0,368331.0,368331.0,23.020687
1730500.0,1275186.1,455313.88,455313.88,26.311117
828000.0,1546701.5,-718701.5,718701.5,86.7997
700000.0,1278401.9,-578401.9,578401.9,82.62884
1620000.0,1294755.8,325244.25,325244.25,20.076805
650000.0,1067864.1,-417864.12,417864.12,64.28679
811000.0,1157653.0,-346653.0,346653.0,42.743896
1020000.0,1839893.2,-819893.25,819893.25,80.38169
1440000.0,1191751.1,248248.88,248248.88,17.239506
950000.0,1183123.5,-233123.5,233123.5,24.539316
800000.0,1146664.2,-346664.25,346664.25,43.333035
1650000.0,1279464.6,370535.38,370535.38,22.45669
920000.0,1356946.1,-436946.12,436946.12,47.494144
800000.0,1259776.1,-459776.12,459776.12,57.472015
1200000.0,1275742.8,-75742.75,75742.75,6.311896
700000.0,1271986.2,-571986.25,571986.25,81.712326
1000000.0,1245472.8,-245472.75,245472.75,24.547274
600000.0,1225973.2,-625973.25,625973.25,104.32887
400000.0,1319314.0,-919314.0,919314.0,229.8285
1015000.0,1259167.0,-244167.0,244167.0,24.055862
800000.0,1166794.0,-366794.0,366794.0,45.849247
1000000.0,1135050.5,-135050.5,135050.5,13.505051
855000.0,1258256.9,-403256.88,403256.88,47.164547
750000.0,1208185.4,-458185.38,458185.38,61.09138
500000.0,1050996.0,-550996.0,550996.0,110.1992
1000000.0,1157691.8,-157691.75,157691.75,15.769175
600000.0,1113603.6,-513603.62,513603.62,85.6006
850000.0,1271506.2,-421506.25,421506.25,49.58897
540000.0,1187629.5,-647629.5,647629.5,119.93139
931000.0,1622333.8,-691333.75,691333.75,74.25712
800000.0,1187618.4,-387618.38,387618.38,48.452297
1050000.0,1154004.5,-104004.5,104004.5,9.90519
1320000.0,1302810.9,17189.125,17189.125,1.3022064
672000.0,1129387.8,-457387.75,457387.75,68.06365
870000.0,1110447.6,-240447.62,240447.62,27.637657
540000.0,1208356.0,-668356.0,668356.0,123.76963
730000.0,1336121.4,-606121.4,606121.4,83.03033
777200.0,1206593.9,-429393.88,429393.88,55.248825
882000.0,1274761.9,-392761.88,392761.88,44.530823
1100000.0,1243452.6,-143452.62,143452.62,13.041147
1200000.0,1241729.4,-41729.375,41729.375,3.4774477
900000.0,1220664.1,-320664.12,320664.12,35.62935
1263500.0,1248752.2,14747.75,14747.75,1.1672142
500000.0,1233841.1,-733841.1,733841.1,146.76822
1500000.0,1281857.4,218142.62,218142.62,14.542842
1525000.0,1267062.6,257937.38,257937.38,16.913927
1100000.0,1346472.2,-246472.25,246472.25,22.406569
1026000.0,1214070.2,-188070.25,188070.25,18.330435
650000.0,1294691.2,-644691.25,644691.25,99.183266
720000.0,1167718.5,-447718.5,447718.5,62.183125
815000.0,1172940.9,-357940.88,357940.88,43.919125
590000.0,1290320.2,-700320.25,700320.25,118.69835
750000.0,1145008.0,-395008.0,395008.0,52.667732
1632001.0,1197776.5,434224.5,434224.5,26.606876
640000.0,1166406.4,-526406.4,526406.4,82.25099
800000.0,1234408.1,-434408.12,434408.12,54.301018
750000.0,1145756.5,-395756.5,395756.5,52.767532
700000.0,1221929.4,-521929.38,521929.38,74.56134
1160000.0,1383246.1,-223246.12,223246.12,19.245356
400000.0,1289200.4,-889200.4,889200.4,222.3001
1472500.0,1188408.4,284091.62,284091.62,19.293148
765000.0,1260541.9,-495541.88,495541.88,64.77672
2520000.0,1284637.2,1235362.8,1235362.8,49.02233
1400000.0,1233052.4,166947.62,166947.62,11.92483
600000.0,1147961.6,-547961.6,547961.6,91.32694
850000.0,1172052.8,-322052.75,322052.75,37.88856
650000.0,1245266.4,-595266.4,595266.4,91.579445
755000.0,1274182.6,-519182.62,519182.62,68.76591
1325000.0,1296853.6,28146.375,28146.375,2.1242547
800000.0,1120801.8,-320801.75,320801.75,40.10022
800000.0,1281494.9,-481494.88,481494.88,60.186855
1380000.0,1240863.1,139136.88,139136.88,10.082382
800000.0,1237992.1,-437992.12,437992.12,54.74902
1460000.0,1169808.5,290191.5,290191.5,19.87613
750000.0,1175215.0,-425215.0,425215.0,56.695335
700000.0,2004403.4,-1304403.4,1304403.4,186.34334
877500.0,1113574.4,-236074.38,236074.38,26.903063
1260000.0,1222469.8,37530.25,37530.25,2.9785912
669200.0,1204686.4,-535486.4,535486.4,80.01888
500000.0,1258066.9,-758066.9,758066.9,151.61337
700000.0,1175791.1,-475791.12,475791.12,67.97016
500000.0,1245417.0,-745417.0,745417.0,149.0834
1120000.0,1249498.2,-129498.25,129498.25,11.562344
1100000.0,1202820.9,-102820.875,102820.875,9.347352
1500000.0,1350659.2,149340.75,149340.75,9.95605
680000.0,1441227.2,-761227.25,761227.25,111.94519
750000.0,1147976.1,-397976.12,397976.12,53.06348
550000.0,1178637.5,-628637.5,628637.5,114.29772
1685000.0,1147953.0,537047.0,537047.0,31.872225
3090000.0,1220035.4,1869964.6,1869964.6,60.516655
1170000.0,1049357.8,120642.25,120642.25,10.311303
700000.0,1289198.5,-589198.5,589198.5,84.17121
860000.0,1275559.2,-415559.25,415559.25,48.320843
1160000.0,1258668.6,-98668.625,98668.625,8.505916
796200.0,1173027.1,-376827.12,376827.12,47.3282
580000.0,1273613.0,-693613.0,693613.0,119.58845
500000.0,1588783.1,-1088783.1,1088783.1,217.75662
920000.0,1285275.8,-365275.75,365275.75,39.703884
412500.0,1273109.4,-860609.4,860609.4,208.63257
1930000.0,1121871.2,808128.75,808128.75,41.871956
750000.0,1101832.2,-351832.25,351832.25,46.910965
920000.0,1193878.2,-273878.25,273878.25,29.769377
1000000.0,1364301.8,-364301.75,364301.75,36.430176
657000.0,1371856.4,-714856.4,714856.4,108.806145
1000000.0,1198353.0,-198353.0,198353.0,19.8353
454500.0,1293635.5,-839135.5,839135.5,184.62827
750000.0,1060209.0,-310209.0,310209.0,41.361202
800000.0,1308307.9,-508307.88,508307.88,63.538486
700000.0,1319244.2,-619244.25,619244.25,88.46346
1200000.0,1217924.1,-17924.125,17924.125,1.4936771
14000000.0,1119448.5,12880552.0,12880552.0,92.003944
800000.0,1120925.2,-320925.25,320925.25,40.115658
980000.0,1167706.9,-187706.88,187706.88,19.153763
816120.0,1236638.1,-420518.12,420518.12,51.526505
700000.0,1191174.9,-491174.88,491174.88,70.16784
700000.0,1208675.1,-508675.12,508675.12,72.66787
520000.0,1151983.2,-631983.25,631983.25,121.53524
1600000.0,1241729.4,358270.62,358270.62,22.391914
500000.0,1188549.4,-688549.4,688549.4,137.70988
1900000.0,1270598.9,629401.1,629401.1,33.126373
550000.0,1274982.5,-724982.5,724982.5,131.815
800000.0,1271829.1,-471829.12,471829.12,58.97864
900000.0,1241729.4,-341729.38,341729.38,37.969933
800000.0,1365979.4,-565979.4,565979.4,70.74742
2400000.0,1357109.8,1042890.25,1042890.25,43.45376
1100000.0,1242249.6,-142249.62,142249.62,12.931784
1000000.0,1285406.8,-285406.75,285406.75,28.540674
1140000.0,1297225.1,-157225.12,157225.12,13.791677
1500000.0,1215900.5,284099.5,284099.5,18.939966
1500000.0,1259507.2,240492.75,240492.75,16.03285
1000000.0,1180867.1,-180867.12,180867.12,18.086712
942500.0,1218851.8,-276351.75,276351.75,29.32114
1400000.0,1254443.1,145556.88,145556.88,10.396919
2200000.0,1257113.6,942886.4,942886.4,42.85847
600000.0,1347105.5,-747105.5,747105.5,124.517586
1200000.0,2593249.8,-1393249.8,1393249.8,116.10415
1070000.0,1040307.3,29692.688,29692.688,2.7750175
1600000.0,1234522.2,365477.75,365477.75,22.84236
1436000.0,1492555.0,-56555.0,56555.0,3.9383705
500000.0,1454485.5,-954485.5,954485.5,190.8971
1100000.0,1040307.3,59692.688,59692.688,5.426608
700000.0,1240442.1,-540442.1,540442.1,77.20602
1233200.0,1428175.2,-194975.25,194975.25,15.8105135
1400000.0,1268795.9,131204.12,131204.12,9.371723
750000.0,1152426.6,-402426.62,402426.62,53.656883
500000.0,1236806.6,-736806.6,736806.6,147.36133
1125000.0,1263645.9,-138645.88,138645.88,12.324078
1000000.0,1310698.1,-310698.12,310698.12,31.069813
1000000.0,1232188.1,-232188.12,232188.12,23.218813
960000.0,1186982.4,-226982.38,226982.38,23.643997
650000.0,1140596.2,-490596.25,490596.25,75.47635
500000.0,1491121.9,-991121.9,991121.9,198.22438
1400000.0,1210430.4,189569.62,189569.62,13.5406885
1200000.0,1213862.2,-13862.25,13862.25,1.1551875
620000.0,1338152.2,-718152.25,718152.25,115.83101
1800000.0,1283987.4,516012.62,516012.62,28.66737
650000.0,1312700.6,-662700.6,662700.6,101.95395
1400000.0,1348488.6,51511.375,51511.375,3.679384
800000.0,1264361.8,-464361.75,464361.75,58.04522
580000.0,1275617.9,-695617.9,695617.9,119.93412
500000.0,995241.6,-495241.62,495241.62,99.048325
800000.0,1209224.6,-409224.62,409224.62,51.153076
1300000.0,1276056.8,23943.25,23943.25,1.8417885
895000.0,1278311.6,-383311.62,383311.62,42.828117
812920.0,1285325.5,-472405.5,472405.5,58.112175
1044000.0,1392593.5,-348593.5,348593.5,33.390182
1200000.0,1217004.0,-17004.0,17004.0,1.417
440000.0,1164534.1,-724534.1,724534.1,164.66684
1020000.0,1168325.4,-148325.38,148325.38,14.541703
1040000.0,1316499.1,-276499.12,276499.12,26.586454
1540000.0,1255335.4,284664.62,284664.62,18.484716
720000.0,1504844.9,-784844.9,784844.9,109.00624
800000.0,1136411.5,-336411.5,336411.5,42.051437
2156000.0,1164070.0,991930.0,991930.0,46.007885
850000.0,1165955.6,-315955.62,315955.62,37.17125
950000.0,1147328.4,-197328.38,197328.38,20.771408
550000.0,1210338.1,-660338.1,660338.1,120.06148
1200000.0,1428420.4,-228420.38,228420.38,19.03503
3100000.0,1253232.1,1846767.9,1846767.9,59.573154
1280000.0,1291871.0,-11871.0,11871.0,0.9274219
800000.0,1070857.0,-270857.0,270857.0,33.857124
628800.0,1172494.0,-543694.0,543694.0,86.46533
853000.0,1166755.6,-313755.62,313755.62,36.782604
1250000.0,1554243.1,-304243.12,304243.12,24.339449
700000.0,1187632.1,-487632.12,487632.12,69.66173
850000.0,1276587.8,-426587.75,426587.75,50.186794
2400000.0,1260747.5,1139252.5,1139252.5,47.468853
1015000.0,1259167.0,-244167.0,244167.0,24.055862
2112000.0,1265276.1,846723.9,846723.9,40.09109
1170000.0,1267761.5,-97761.5,97761.5,8.355684
600000.0,1230267.0,-630267.0,630267.0,105.044495
800000.0,1236286.1,-436286.12,436286.12,54.535763
1520000.0,1273853.4,246146.62,246146.62,16.193857
1000000.0,1288000.2,-288000.25,288000.25,28.800026
1200000.0,870711.6,329288.38,329288.38,27.440697
1350000.0,1335936.1,14063.875,14063.875,1.0417686
16000000.0,1512579.8,14487420.0,14487420.0,90.54638
460000.0,1266854.1,-806854.1,806854.1,175.40308
882000.0,1372421.2,-490421.25,490421.25,55.603313
450000.0,1226011.4,-776011.4,776011.4,172.44698
800000.0,1186675.1,-386675.12,386675.12,48.33439
1100000.0,1235665.9,-135665.88,135665.88,12.3332615
1170000.0,1267926.6,-97926.625,97926.625,8.369797
620000.0,1111774.1,-491774.12,491774.12,79.31841
1380000.0,1227426.0,152574.0,152574.0,11.0560875
200000.0,1183563.8,-983563.75,983563.75,491.78186
650000.0,1284506.6,-634506.6,634506.6,97.6164
1000000.0,1442382.0,-442382.0,442382.0,44.2382
1400000.0,1178628.4,221371.62,221371.62,15.812259
788000.0,1236733.1,-448733.12,448733.12,56.94583
900000.0,1266588.4,-366588.38,366588.38,40.73204
600000.0,1390771.5,-790771.5,790771.5,131.79526
1035180.0,1137370.8,-102190.75,102190.75,9.871785
900000.0,1264215.9,-364215.88,364215.88,40.46843
1764815.0,1356530.2,408284.75,408284.75,23.134705
1450000.0,1186862.1,263137.88,263137.88,18.14744
2064000.0,1285871.9,778128.1,778128.1,37.700005
2345689.0,1257342.4,1088346.6,1088346.6,46.397736
1400000.0,1079764.6,320235.38,320235.38,22.873957
2400000.0,1135580.2,1264419.8,1264419.8,52.68416
1100000.0,1270408.8,-170408.75,170408.75,15.491705
1250000.0,1215367.4,34632.625,34632.625,2.7706099
1380000.0,1258093.2,121906.75,121906.75,8.833822
1300000.0,1235649.2,64350.75,64350.75,4.9500575
1150000.0,1220164.2,-70164.25,70164.25,6.101239
700000.0,1279422.6,-579422.6,579422.6,82.774666
667200.0,1316577.9,-649377.9,649377.9,97.32882
2200000.0,1186874.8,1013125.25,1013125.25,46.051147
543000.0,1130681.9,-587681.9,587681.9,108.22871
1170000.0,1108885.9,61114.125,61114.125,5.2234297
1256820.0,1059054.8,197765.25,197765.25,15.735369
810000.0,1219414.9,-409414.88,409414.88,50.545048
700000.0,1227331.8,-527331.75,527331.75,75.33311
960000.0,1317492.4,-357492.38,357492.38,37.23879
900000.0,1260243.6,-360243.62,360243.62,40.02707
734100.0,1274114.8,-540014.75,540014.75,73.56147
1016000.0,1250375.9,-234375.88,234375.88,23.068493
900000.0,1338770.4,-438770.38,438770.38,48.752262
1500000.0,1284826.8,215173.25,215173.25,14.344883
500000.0,1374129.5,-874129.5,874129.5,174.8259
1400000.0,1038311.7,361688.3,361688.3,25.834879
400000.0,1250020.0,-850020.0,850020.0,212.505
2400000.0,1382217.4,1017782.6,1017782.6,42.407608
550000.0,1249274.0,-699274.0,699274.0,127.140724
700000.0,1132097.6,-432097.62,432097.62,61.728233
650000.0,1048580.0,-398580.0,398580.0,61.32
780000.0,1162783.4,-382783.38,382783.38,49.07479
800000.0,1225701.5,-425701.5,425701.5,53.212692
1196000.0,1184736.1,11263.875,11263.875,0.9417956
700000.0,1217533.0,-517533.0,517533.0,73.93329
1500000.0,1229039.5,270960.5,270960.5,18.064034
650000.0,1226349.9,-576349.9,576349.9,88.66921
600000.0,1261886.4,-661886.4,661886.4,110.31439
1200000.0,1274746.5,-74746.5,74746.5,6.228875
1100000.0,1223498.8,-123498.75,123498.75,11.2271595
793000.0,1178940.2,-385940.25,385940.25,48.668377
940000.0,1278357.9,-338357.88,338357.88,35.995518
1440000.0,1277713.1,162286.88,162286.88,11.269922
1760000.0,1389950.9,370049.12,370049.12,21.025518
2580000.0,1318061.8,1261938.2,1261938.2,48.912334
1800000.0,1209990.2,590009.75,590009.75,32.77832
750000.0,1094920.6,-344920.62,344920.62,45.989418
700000.0,871182.1,-171182.12,171182.12,24.45459
900000.0,1221911.0,-321911.0,321911.0,35.76789
750000.0,1177189.9,-427189.88,427189.88,56.958652
725000.0,1215987.8,-490987.75,490987.75,67.72244
950000.0,1246037.9,-296037.88,296037.88,31.16188
1400000.0,1315450.1,84549.875,84549.875,6.0392766
1620000.0,1246373.8,373626.25,373626.25,23.063349
900000.0,1232425.6,-332425.62,332425.62,36.93618
550000.0,1392956.8,-842956.75,842956.75,153.26486
600000.0,1286490.5,-686490.5,686490.5,114.415085
900000.0,1241729.4,-341729.38,341729.38,37.969933
700000.0,1215007.2,-515007.25,515007.25,73.572464
700000.0,1287617.6,-587617.6,587617.6,83.94537
1320000.0,1274757.1,45242.875,45242.875,3.4274907
984000.0,1221589.9,-237589.88,237589.88,24.145313
1000000.0,1210246.1,-210246.12,210246.12,21.024612
882000.0,1214132.1,-332132.12,332132.12,37.656704
750000.0,1165079.9,-415079.88,415079.88,55.343987
810000.0,1229865.9,-419865.88,419865.88,51.835293
600000.0,1737054.2,-1137054.2,1137054.2,189.50905
700000.0,1248924.8,-548924.75,548924.75,78.417816
1705000.0,1200406.1,504593.88,504593.88,29.59495
600000.0,1156927.9,-556927.9,556927.9,92.82131
2380000.0,1086621.1,1293378.9,1293378.9,54.34365
1350000.0,1208621.9,141378.12,141378.12,10.472453
1345800.0,1226445.9,119354.125,119354.125,8.868638
1152000.0,1225606.6,-73606.625,73606.625,6.389464
1064500.0,1258834.1,-194334.12,194334.12,18.255905
800000.0,1274237.2,-474237.25,474237.25,59.279655
990000.0,1106999.0,-116999.0,116999.0,11.818081
800000.0,1324398.5,-524398.5,524398.5,65.54981
950000.0,1131265.2,-181265.25,181265.25,19.080553
815000.0,1092293.0,-277293.0,277293.0,34.02368
1500000.0,1210719.0,289281.0,289281.0,19.2854
1000000.0,1139755.0,-139755.0,139755.0,13.975499
750000.0,1234052.9,-484052.88,484052.88,64.54039
700000.0,1131261.8,-431261.75,431261.75,61.60882
670000.0,1157319.6,-487319.62,487319.62,72.734276
550500.0,1535989.4,-985489.4,985489.4,179.01714
488000.0,1209450.1,-721450.1,721450.1,147.83813
708000.0,1271925.0,-563925.0,563925.0,79.65043
1200000.0,1266610.6,-66610.625,66610.625,5.5508857
630000.0,1042964.0,-412964.0,412964.0,65.549835
600000.0,1140724.4,-540724.4,540724.4,90.12073
588000.0,1248528.6,-660528.6,660528.6,112.3348
780000.0,1277237.2,-497237.25,497237.25,63.748367
1550000.0,1299581.5,250418.5,250418.5,16.156033
1100000.0,1241792.6,-141792.62,141792.62,12.890239
700000.0,1260982.8,-560982.75,560982.75,80.140396
540000.0,1041452.3,-501452.3,501452.3,92.86154
1063000.0,1311187.5,-248187.5,248187.5,23.347837
1500000.0,1113375.1,386624.88,386624.88,25.774992
1100000.0,1274746.5,-174746.5,174746.5,15.886046
600000.0,1205362.2,-605362.25,605362.25,100.893715
4160000.0,1065666.4,3094333.5,3094333.5,74.38301
1395000.0,1150864.5,244135.5,244135.5,17.500751
750000.0,1042935.44,-292935.44,292935.44,39.05806
1100000.0,1257629.8,-157629.75,157629.75,14.329977
480000.0,1212742.5,-732742.5,732742.5,152.65468
1000000.0,1272583.2,-272583.25,272583.25,27.258324
1000000.0,1256720.0,-256720.0,256720.0,25.672
773400.0,1280215.1,-506815.12,506815.12,65.53079
78000000.0,1216585.1,76783416.0,76783416.0,98.44028
855600.0,1261925.0,-406325.0,406325.0,47.490067
600000.0,1076487.1,-476487.12,476487.12,79.41452
3000000.0,1155250.4,1844749.6,1844749.6,61.491657
650000.0,1243976.1,-593976.1,593976.1,91.38094
1400000.0,1263935.6,136064.38,136064.38,9.7188835
900000.0,1226378.0,-326378.0,326378.0,36.26422
750000.0,871535.4,-121535.375,121535.375,16.204716
576000.0,1249255.9,-673255.9,673255.9,116.8847
970000.0,1283212.0,-313212.0,313212.0,32.289898
4285875.0,1267630.5,3018244.5,3018244.5,70.423065
500000.0,1284923.6,-784923.6,784923.6,156.98473
1000000.0,876390.75,123609.25,123609.25,12.360926
900000.0,1230259.5,-330259.5,330259.5,36.6955
500000.0,1485527.9,-985527.9,985527.9,197.10558
1230600.0,1276095.2,-45495.25,45495.25,3.6969974
450000.0,1290441.2,-840441.25,840441.25,186.76471
1290000.0,1145639.2,144360.75,144360.75,11.190756
800000.0,1253757.8,-453757.75,453757.75,56.71972
750000.0,1260117.1,-510117.12,510117.12,68.01562
1500000.0,1094430.8,405569.25,405569.25,27.03795
1425000.0,1240077.1,184922.88,184922.88,12.977044
1200000.0,1197923.1,2076.875,2076.875,0.17307292
800000.0,1313776.9,-513776.88,513776.88,64.22211
728000.0,1283626.1,-555626.1,555626.1,76.322266
1400000.0,1263647.5,136352.5,136352.5,9.739465
700000.0,1227311.2,-527311.25,527311.25,75.33018
719001.0,1168448.1,-449447.12,449447.12,62.50994
788000.0,1172871.9,-384871.88,384871.88,48.841606
2746575.0,1176764.1,1569810.9,1569810.9,57.155216
700000.0,1248788.8,-548788.75,548788.75,78.39839
1210000.0,1163742.4,46257.625,46257.625,3.8229444
1188000.0,1136077.6,51922.375,51922.375,4.37057
1000000.0,1263885.5,-263885.5,263885.5,26.38855
650000.0,1275682.0,-625682.0,625682.0,96.25877
637500.0,1271984.8,-634484.75,634484.75,99.527016
850000.0,1266571.6,-416571.62,416571.62,49.008427
585000.0,1317000.1,-732000.1,732000.1,125.12822
700000.0,1437371.4,-737371.4,737371.4,105.33876
1000000.0,1260198.0,-260198.0,260198.0,26.0198
1200000.0,1431708.0,-231708.0,231708.0,19.309
1250000.0,1250088.6,-88.625,88.625,0.00709
1200000.0,1200629.5,-629.5,629.5,0.052458335
900000.0,1226651.2,-326651.25,326651.25,36.294582
980000.0,1233300.2,-253300.25,253300.25,25.846964
800000.0,1259250.8,-459250.75,459250.75,57.40634
500000.0,1264536.2,-764536.25,764536.25,152.90726
1200000.0,1271574.0,-71574.0,71574.0,5.9645
749000.0,1134299.6,-385299.62,385299.62,51.44187
760000.0,1279969.0,-519969.0,519969.0,68.41697
1015000.0,1618981.8,-603981.75,603981.75,59.505592
750000.0,1442148.9,-692148.9,692148.9,92.286514
765000.0,1382899.0,-617899.0,617899.0,80.77111
2865000.0,1196422.4,1668577.6,1668577.6,58.240055
1450000.0,1277793.8,172206.25,172206.25,11.876293
2546800.0,1216773.2,1330026.8,1330026.8,52.22345
1200000.0,1473532.4,-273532.38,273532.38,22.794365
1520000.0,1218434.6,301565.38,301565.38,19.839828
900000.0,1306918.4,-406918.38,406918.38,45.213154
1080000.0,1123691.2,-43691.25,43691.25,4.045486
800000.0,1149969.2,-349969.25,349969.25,43.746155
800000.0,1269966.0,-469966.0,469966.0,58.745747
800000.0,1196154.4,-396154.38,396154.38,49.5193
550000.0,1035111.1,-485111.12,485111.12,88.20203
712000.0,1278140.0,-566140.0,566140.0,79.514046
1600000.0,1235559.4,364440.62,364440.62,22.77754
500000.0,1443500.1,-943500.1,943500.1,188.70003
800000.0,1274743.0,-474743.0,474743.0,59.342873
2000000.0,1210012.4,789987.6,789987.6,39.499382
1147262.0,1172555.9,-25293.875,25293.875,2.2047167
540000.0,1044670.5,-504670.5,504670.5,93.457504
810000.0,1210156.4,-400156.38,400156.38,49.402023
650000.0,1152043.1,-502043.12,502043.12,77.237404
1200000.0,1243585.0,-43585.0,43585.0,3.6320832
800000.0,1064400.6,-264400.62,264400.62,33.05008
780000.0,1215692.1,-435692.12,435692.12,55.857964
550000.0,1284693.5,-734693.5,734693.5,133.58064
700000.0,1383557.5,-683557.5,683557.5,97.65107
1200000.0,1163549.1,36450.875,36450.875,3.0375729
1200000.0,1116555.6,83444.375,83444.375,6.9536977
507850.0,1254594.1,-746744.1,746744.1,147.0403
1000000.0,1264342.8,-264342.75,264342.75,26.434275
1389000.0,1172489.9,216510.12,216510.12,15.5874815
920000.0,1100980.4,-180980.38,180980.38,19.67178
2580000.0,1221195.2,1358804.8,1358804.8,52.666847
1120000.0,1160459.8,-40459.75,40459.75,3.6124778
620000.0,1203476.6,-583476.6,583476.6,94.10914
705000.0,1267563.5,-562563.5,562563.5,79.79624
1112000.0,1214813.9,-102813.875,102813.875,9.245852
720000.0,1256837.6,-536837.6,536837.6,74.560776
1130000.0,1285986.8,-155986.75,155986.75,13.804138
1000000.0,1098651.4,-98651.375,98651.375,9.865137
810000.0,1270832.2,-460832.25,460832.25,56.89287
600000.0,1291529.1,-691529.1,691529.1,115.25485
695000.0,1169342.1,-474342.12,474342.12,68.25067
650000.0,1142617.1,-492617.12,492617.12,75.787254
700000.0,1148332.1,-448332.12,448332.12,64.04745
750000.0,1296899.1,-546899.1,546899.1,72.91988
610000.0,1175752.0,-565752.0,565752.0,92.74623
2095000.0,1248693.9,846306.1,846306.1,40.396473
1150000.0,1428543.4,-278543.38,278543.38,24.221163
500000.0,1208305.0,-708305.0,708305.0,141.661
1400000.0,1233347.4,166652.62,166652.62,11.903759
1150000.0,1209841.5,-59841.5,59841.5,5.203609
900000.0,1316366.6,-416366.62,416366.62,46.26296
1150000.0,1037535.5,112464.5,112464.5,9.779522
600000.0,1273176.5,-673176.5,673176.5,112.19609
1000000.0,1192063.1,-192063.12,192063.12,19.206312
838000.0,1187203.4,-349203.38,349203.38,41.671047
1400000.0,1078763.0,321237.0,321237.0,22.9455
4860000.0,1181303.0,3678697.0,3678697.0,75.69335
600000.0,1115989.0,-515989.0,515989.0,85.99817
600000.0,1284615.2,-684615.25,684615.25,114.10254
550000.0,870240.8,-320240.8,320240.8,58.2256
888000.0,1246108.4,-358108.38,358108.38,40.32752
460000.0,1291370.6,-831370.6,831370.6,180.73274
1410000.0,1317953.9,92046.125,92046.125,6.528094
500000.0,1285233.1,-785233.1,785233.1,157.04663
1000000.0,1218921.9,-218921.88,218921.88,21.892187
910000.0,1169814.9,-259814.88,259814.88,28.551085
650000.0,1273758.8,-623758.75,623758.75,95.96288
637500.0,1303945.0,-666445.0,666445.0,104.5404
800000.0,1241729.4,-441729.38,441729.38,55.21617
800000.0,1123301.0,-323301.0,323301.0,40.412624
800000.0,1267681.6,-467681.62,467681.62,58.460205
1380000.0,1242951.4,137048.62,137048.62,9.93106
1176000.0,1216747.0,-40747.0,40747.0,3.464881
700000.0,1331929.1,-631929.1,631929.1,90.27559
500000.0,1388343.6,-888343.6,888343.6,177.66873
2150000.0,1270875.6,879124.4,879124.4,40.889503
850000.0,1259783.0,-409783.0,409783.0,48.209766
600000.0,1179384.2,-579384.25,579384.25,96.56404
700000.0,1034949.06,-334949.06,334949.06,47.849865
512000.0,1018568.06,-506568.06,506568.06,98.93907
2300300.0,1254858.6,1045441.4,1045441.4,45.448044
1500000.0,1299316.2,200683.75,200683.75,13.378917
1400000.0,1231578.1,168421.88,168421.88,12.030133
946400.0,1260027.4,-313627.38,313627.38,33.13899
1500000.0,1209300.5,290699.5,290699.5,19.379967
1445000.0,1221660.9,223339.12,223339.12,15.455996
950000.0,1211867.2,-261867.25,261867.25,27.564972
700000.0,1230900.4,-530900.4,530900.4,75.84291
750000.0,1208595.5,-458595.5,458595.5,61.14607
1600000.0,1270506.5,329493.5,329493.5,20.593344
1160000.0,1278362.1,-118362.125,118362.125,10.203631
813400.0,1321772.1,-508372.12,508372.12,62.49965
720000.0,1274811.2,-554811.25,554811.25,77.05711
1620000.0,1104252.2,515747.75,515747.75,31.83628
750000.0,1254527.0,-504527.0,504527.0,67.27026
610000.0,1266388.2,-656388.25,656388.25,107.60464
950000.0,1205700.8,-255700.75,255700.75,26.915869
1400000.0,1246981.0,153019.0,153019.0,10.929929
700000.0,1309099.5,-609099.5,609099.5,87.01421
800000.0,1431520.0,-631520.0,631520.0,78.939995
800000.0,1028363.06,-228363.06,228363.06,28.545383
705600.0,1123365.1,-417765.12,417765.12,59.207077
700000.0,999976.25,-299976.25,299976.25,42.85375
850000.0,1245690.9,-395690.88,395690.88,46.55187
550000.0,1273356.0,-723356.0,723356.0,131.51927
690000.0,1261022.5,-571022.5,571022.5,82.75688
1484400.0,1176448.1,307951.88,307951.88,20.745882
1060000.0,1250033.9,-190033.88,190033.88,17.927725
1200000.0,1278470.4,-78470.375,78470.375,6.539198
1200000.0,1398829.2,-198829.25,198829.25,16.569105
620000.0,1048674.2,-428674.25,428674.25,69.14101
2000000.0,1498861.4,501138.62,501138.62,25.05693
800000.0,1250562.0,-450562.0,450562.0,56.32025
700000.0,1286076.8,-586076.75,586076.75,83.72525
864000.0,1266260.9,-402260.88,402260.88,46.557972
1050000.0,1264177.8,-214177.75,214177.75,20.39788
1100000.0,1268921.5,-168921.5,168921.5,15.356501
900000.0,1138216.8,-238216.75,238216.75,26.468527
1040555.0,1295314.2,-254759.25,254759.25,24.483017
1060000.0,1166614.2,-106614.25,106614.25,10.057948
1760000.0,1283607.0,476393.0,476393.0,27.067783
1250000.0,1281443.0,-31443.0,31443.0,2.51544
46667.0,1138939.0,-1092272.0,1092272.0,2340.5662
2050000.0,1099218.6,950781.4,950781.4,46.379578
700000.0,1430950.1,-730950.1,730950.1,104.42145
2000000.0,883596.9,1116403.1,1116403.1,55.820156
1150000.0,1263477.6,-113477.625,113477.625,9.8676195
890000.0,1244273.9,-354273.88,354273.88,39.806053
1000000.0,1469444.4,-469444.38,469444.38,46.944435
800000.0,1147970.0,-347970.0,347970.0,43.49625
900000.0,1421824.8,-521824.75,521824.75,57.980526
924000.0,1138401.4,-214401.38,214401.38,23.203611
1440000.0,1069429.4,370570.62,370570.62,25.73407
1308000.0,1212711.2,95288.75,95288.75,7.285073
1500000.0,1180517.5,319482.5,319482.5,21.298834
800000.0,874103.44,-74103.44,74103.44,9.26293
700000.0,1225945.4,-525945.4,525945.4,75.135056
1152000.0,1214291.1,-62291.125,62291.125,5.4072156
940000.0,1360084.5,-420084.5,420084.5,44.68984
840000.0,1250321.9,-410321.88,410321.88,48.847843
1150510.0,1181676.2,-31166.25,31166.25,2.7089074
600000.0,999143.1,-399143.12,399143.12,66.52386
3600000.0,1258470.1,2341530.0,2341530.0,65.0425
1300000.0,1098576.8,201423.25,201423.25,15.494097
1027500.0,1224922.2,-197422.25,197422.25,19.213844
700000.0,1272103.1,-572103.1,572103.1,81.72902
1020000.0,1200631.0,-180631.0,180631.0,17.708921
700000.0,1477140.0,-777140.0,777140.0,111.020004
1400000.0,1555152.0,-155152.0,155152.0,11.082286
2895000.0,1248863.1,1646136.9,1646136.9,56.861378
736000.0,1475911.0,-739911.0,739911.0,100.53139
1800000.0,1237593.5,562406.5,562406.5,31.244806
530000.0,1274772.1,-744772.1,744772.1,140.52304
2130000.0,1256660.2,873339.75,873339.75,41.001865
2500000.0,1127949.8,1372050.2,1372050.2,54.882008
1170000.0,1267935.5,-97935.5,97935.5,8.370555
886264.0,1283595.8,-397331.75,397331.75,44.83221
700000.0,1141602.0,-441602.0,441602.0,63.086
900000.0,1274177.0,-374177.0,374177.0,41.575222
1400000.0,1285446.0,114554.0,114554.0,8.182428
1200000.0,1186331.8,13668.25,13668.25,1.1390208
1010000.0,1280905.2,-270905.25,270905.25,26.822302
1000000.0,1233342.1,-233342.12,233342.12,23.334213
1500000.0,1056162.8,443837.25,443837.25,29.58915
772000.0,1253604.6,-481604.62,481604.62,62.38402
900000.0,1226774.2,-326774.25,326774.25,36.30825
1820000.0,1222148.8,597851.25,597851.25,32.84897
800000.0,1284699.6,-484699.62,484699.62,60.587456
1100000.0,1266752.1,-166752.12,166752.12,15.159284
850000.0,1097142.9,-247142.88,247142.88,29.075632
1730500.0,1280067.1,450432.88,450432.88,26.029058
1180000.0,1225409.1,-45409.125,45409.125,3.8482308
600000.0,2565105.8,-1965105.8,1965105.8,327.51764
1014000.0,1267968.4,-253968.38,253968.38,25.04619
1500000.0,1350659.2,149340.75,149340.75,9.95605
734000.0,1076124.6,-342124.62,342124.62,46.610985
610000.0,1243926.0,-633926.0,633926.0,103.922295
1100000.0,1420282.8,-320282.75,320282.75,29.116613
800000.0,1272735.1,-472735.12,472735.12,59.09189
900000.0,1268844.1,-368844.12,368844.12,40.98268
600000.0,1281940.8,-681940.75,681940.75,113.65679
1030200.0,1425304.8,-395104.75,395104.75,38.352238
874000.0,1383012.8,-509012.75,509012.75,58.23944
720000.0,1270700.2,-550700.25,550700.25,76.486145
1992375.0,660760.9,1331614.1,1331614.1,66.83552
700000.0,1190653.4,-490653.38,490653.38,70.09334
884000.0,1172882.5,-288882.5,288882.5,32.679016
1400000.0,1226727.6,173272.38,173272.38,12.376598
647601.0,1209207.0,-561606.0,561606.0,86.72099
2400000.0,1202583.4,1197416.6,1197416.6,49.89236
960000.0,1454330.1,-494330.12,494330.12,51.49272
800000.0,1241729.4,-441729.38,441729.38,55.21617
1260000.0,1252101.2,7898.75,7898.75,0.62688494
1472000.0,1220499.0,251501.0,251501.0,17.085665
1500000.0,1278314.8,221685.25,221685.25,14.7790165
1200000.0,1292779.4,-92779.375,92779.375,7.731614
700000.0,1211656.6,-511656.62,511656.62,73.0938
1920000.0,1259558.1,660441.9,660441.9,34.398014
1255000.0,1235455.6,19544.375,19544.375,1.5573207
1000000.0,1139849.1,-139849.12,139849.12,13.984913
1600000.0,845299.7,754700.3,754700.3,47.16877
450000.0,1250441.1,-800441.1,800441.1,177.87581
1475000.0,1260502.2,214497.75,214497.75,14.54222
950000.0,1274251.1,-324251.12,324251.12,34.1317
463400.0,1202916.5,-739516.5,739516.5,159.58492
1538000.0,1224873.2,313126.75,313126.75,20.359346
550000.0,1338147.9,-788147.9,788147.9,143.29962
700000.0,1122651.9,-422651.88,422651.88,60.378838
700000.0,1256307.5,-556307.5,556307.5,79.4725
877500.0,1250289.5,-372789.5,372789.5,42.48313
800000.0,1243507.5,-443507.5,443507.5,55.438435
1620000.0,1103997.5,516002.5,516002.5,31.852007
775000.0,1129201.4,-354201.38,354201.38,45.703403
1000000.0,1218905.8,-218905.75,218905.75,21.890575
850000.0,1198854.9,-348854.88,348854.88,41.041748
770800.0,1176714.5,-405914.5,405914.5,52.661453
850000.0,1237642.4,-387642.38,387642.38,45.604984
1350000.0,183711.4,1166288.6,1166288.6,86.391754
400000.0,1331731.2,-931731.25,931731.25,232.9328
1743600.0,1170534.4,573065.6,573065.6,32.866806
1596000.0,1164060.4,431939.62,431939.62,27.063885
566900.0,1277919.4,-711019.4,711019.4,125.422356
740000.0,1214877.1,-474877.12,474877.12,64.172585
850000.0,1046961.5,-196961.5,196961.5,23.17194
600000.0,1103494.0,-503494.0,503494.0,83.91567
1490000.0,1230285.0,259715.0,259715.0,17.430536
1367200.0,1288531.4,78668.625,78668.625,5.7539954
1000000.0,1226215.2,-226215.25,226215.25,22.621525
550000.0,1267693.6,-717693.6,717693.6,130.48976
951850.0,980723.1,-28873.125,28873.125,3.0333693
598000.0,1198119.5,-600119.5,600119.5,100.35443
790000.0,1264913.8,-474913.75,474913.75,60.115665
1200000.0,1275318.8,-75318.75,75318.75,6.2765627
550000.0,1462530.2,-912530.25,912530.25,165.9146
600000.0,1289895.2,-689895.25,689895.25,114.982544
755000.0,1145582.1,-390582.12,390582.12,51.73273
800000.0,1230656.6,-430656.62,430656.62,53.832077
756000.0,1349269.8,-593269.75,593269.75,78.47484
1398000.0,1269183.2,128816.75,128816.75,9.214359
1610000.0,1178745.2,431254.75,431254.75,26.786009
600000.0,1135239.8,-535239.75,535239.75,89.20663
550000.0,1268508.5,-718508.5,718508.5,130.63791
800000.0,1295898.6,-495898.62,495898.62,61.987328
639000.0,1078884.0,-439884.0,439884.0,68.83944
800000.0,1031931.8,-231931.81,231931.81,28.991476
1200000.0,1289514.4,-89514.375,89514.375,7.459531
600000.0,1293826.2,-693826.25,693826.25,115.63771
648000.0,1072389.6,-424389.62,424389.62,65.492226
600000.0,1226022.8,-626022.75,626022.75,104.33712
650000.0,1260541.9,-610541.9,610541.9,93.92952
800000.0,1226536.9,-426536.88,426536.88,53.317112
1260000.0,1239334.1,20665.875,20665.875,1.6401489
2600000.0,1268156.0,1331844.0,1331844.0,51.22477
1600000.0,1254366.9,345633.12,345633.12,21.60207
1220000.0,1276433.2,-56433.25,56433.25,4.625676
1000000.0,994697.94,5302.0625,5302.0625,0.53020626
350000.0,1441962.0,-1091962.0,1091962.0,311.98914
830000.0,1303806.2,-473806.25,473806.25,57.08509
700000.0,1405804.1,-705804.1,705804.1,100.82916
1800000.0,1044841.4,755158.6,755158.6,41.95326
900000.0,1254709.4,-354709.38,354709.38,39.41215
810000.0,1118806.6,-308806.62,308806.62,38.124275
2700000.0,1273398.0,1426602.0,1426602.0,52.83711
550000.0,1217533.0,-667533.0,667533.0,121.36964
800000.0,1113354.0,-313354.0,313354.0,39.16925
711500.0,1222256.4,-510756.38,510756.38,71.78586
800000.0,1101634.0,-301634.0,301634.0,37.70425
550000.0,1018216.75,-468216.75,468216.75,85.13032
900000.0,1453665.8,-553665.75,553665.75,61.518417
1080000.0,1059639.9,20360.125,20360.125,1.8851968
742000.0,1127373.1,-385373.12,385373.12,51.93708
970000.0,1092089.5,-122089.5,122089.5,12.586546
1567500.0,1257352.0,310148.0,310148.0,19.786158
1250000.0,1176931.8,73068.25,73068.25,5.84546
1242200.0,1219823.4,22376.625,22376.625,1.8013706
668000.0,1432051.2,-764051.25,764051.25,114.37893
750000.0,1165127.4,-415127.38,415127.38,55.350315
600000.0,1244632.1,-644632.1,644632.1,107.43868
1050000.0,1279189.0,-229189.0,229189.0,21.827524
1100000.0,1132704.1,-32704.125,32704.125,2.9731023
790000.0,1184092.6,-394092.62,394092.62,49.885143
641000.0,1245602.4,-604602.4,604602.4,94.32175
2300000.0,1270736.1,1029263.9,1029263.9,44.750603
900000.0,1247042.4,-347042.38,347042.38,38.560265
1487150.0,1279522.1,207627.88,207627.88,13.961461
730000.0,1267822.2,-537822.25,537822.25,73.67428
700000.0,1132114.9,-432114.88,432114.88,61.730694
2000000.0,1269464.5,730535.5,730535.5,36.526775
810000.0,1069804.8,-259804.75,259804.75,32.07466
580500.0,971155.0,-390655.0,390655.0,67.296295
600000.0,1357959.6,-757959.6,757959.6,126.32661
888000.0,1167531.2,-279531.25,279531.25,31.478745
750000.0,1329299.2,-579299.25,579299.25,77.2399
800000.0,1355358.2,-555358.25,555358.25,69.419785
850000.0,1213192.4,-363192.38,363192.38,42.72851
710000.0,1282980.1,-572980.1,572980.1,80.70143
1110000.0,1178745.2,-68745.25,68745.25,6.193266
695000.0,1393234.4,-698234.4,698234.4,100.46538
1040000.0,1230803.6,-190803.62,190803.62,18.346502
1060000.0,1208893.6,-148893.62,148893.62,14.046568
3000000.0,1265133.5,1734866.5,1734866.5,57.828884
705000.0,1204688.8,-499688.75,499688.75,70.87784
870000.0,1198306.8,-328306.75,328306.75,37.73641
850000.0,1110109.9,-260109.88,260109.88,30.601162
750000.0,1227427.2,-477427.25,477427.25,63.656967
380000.0,1248977.5,-868977.5,868977.5,228.6783
800000.0,1258675.2,-458675.25,458675.25,57.334404
1125000.0,1030240.44,94759.56,94759.56,8.423072
1680000.0,1213398.6,466601.38,466601.38,27.77389
1200000.0,1217526.0,-17526.0,17526.0,1.4605
650000.0,1115495.6,-465495.62,465495.62,71.614716
1000000.0,1278912.5,-278912.5,278912.5,27.89125
1500000.0,1131850.6,368149.38,368149.38,24.543291
2700000.0,1255498.5,1444501.5,1444501.5,53.500057
1000000.0,1140978.4,-140978.38,140978.38,14.097838
550000.0,1166350.4,-616350.4,616350.4,112.063705
925000.0,1273126.5,-348126.5,348126.5,37.635296
1256000.0,1220917.5,35082.5,35082.5,2.7931926
660000.0,1254068.0,-594068.0,594068.0,90.0103
1600000.0,1232238.9,367761.12,367761.12,22.985071
745000.0,1084308.8,-339308.75,339308.75,45.544796
1340000.0,1101644.0,238356.0,238356.0,17.78776
1050000.0,1030377.44,19622.562,19622.562,1.8688155
500000.0,1178512.6,-678512.6,678512.6,135.70253
1229000.0,1248193.6,-19193.625,19193.625,1.561727
1100000.0,1278123.8,-178123.75,178123.75,16.193068
2400000.0,1231767.2,1168232.8,1168232.8,48.676365
1200000.0,1349465.9,-149465.88,149465.88,12.455489
600000.0,1031617.2,-431617.2,431617.2,71.936195
1000000.0,1142087.4,-142087.38,142087.38,14.208737
1800000.0,1268278.8,531721.25,531721.25,29.540071
900000.0,1227498.4,-327498.38,327498.38,36.388706
1100000.0,1553672.4,-453672.38,453672.38,41.242943
813000.0,1391279.5,-578279.5,578279.5,71.12909
950000.0,1154875.4,-204875.38,204875.38,21.565828
500000.0,1300983.6,-800983.6,800983.6,160.19672
2400000.0,1224875.6,1175124.4,1175124.4,48.963516
1200000.0,1167695.9,32304.125,32304.125,2.6920104
480000.0,1214895.2,-734895.25,734895.25,153.10318
1250000.0,1253574.4,-3574.375,3574.375,0.28595
2250000.0,1089364.1,1160635.9,1160635.9,51.583817
800000.0,1270819.6,-470819.62,470819.62,58.85245
2100000.0,1224800.5,875199.5,875199.5,41.676167
1000000.0,1200627.1,-200627.12,200627.12,20.062712
1150000.0,1402361.5,-252361.5,252361.5,21.944479
900000.0,1204265.4,-304265.38,304265.38,33.807262
1800000.0,1262325.0,537675.0,537675.0,29.870832
1900000.0,1298854.4,601145.6,601145.6,31.639242
956000.0,1195386.4,-239386.38,239386.38,25.040415
865600.0,1200692.2,-335092.25,335092.25,38.712135
1100000.0,1178970.0,-78970.0,78970.0,7.179091
950000.0,1201673.8,-251673.75,251673.75,26.491972
560000.0,1263772.8,-703772.75,703772.75,125.67371
1036200.0,1116512.9,-80312.875,80312.875,7.7507114
7290000.0,1226158.0,6063842.0,6063842.0,83.180275
1000000.0,1033293.2,-33293.188,33293.188,3.3293188
500000.0,1477141.9,-977141.9,977141.9,195.42838
688000.0,1260391.9,-572391.9,572391.9,83.19649
1000000.0,1849352.8,-849352.75,849352.75,84.93528
1600000.0,1263571.0,336429.0,336429.0,21.026812
1500000.0,1142687.0,357313.0,357313.0,23.820868
850000.0,1479837.4,-629837.4,629837.4,74.09852
864000.0,1370812.8,-506812.75,506812.75,58.658886
1260000.0,1265897.1,-5897.125,5897.125,0.46802577
600000.0,1284506.6,-684506.6,684506.6,114.084435
1061600.0,1246707.9,-185107.88,185107.88,17.436687
1200000.0,1270327.2,-70327.25,70327.25,5.8606043
1800000.0,1202243.2,597756.75,597756.75,33.208706
1760000.0,1062713.0,697287.0,697287.0,39.61858
588000.0,1344182.4,-756182.4,756182.4,128.60245
650000.0,78426.71,571573.3,571573.3,87.93436
1050000.0,1270828.5,-220828.5,220828.5,21.031286
1150000.0,1398805.9,-248805.88,248805.88,21.635294
1160000.0,1973067.0,-813067.0,813067.0,70.09198
1600000.0,1174280.9,425719.12,425719.12,26.607445
750000.0,1585930.0,-835930.0,835930.0,111.45734
710000.0,1279315.2,-569315.25,569315.25,80.18525
1479000.0,1273752.1,205247.88,205247.88,13.877477
664500.0,1207958.9,-543458.9,543458.9,81.78463
1000000.0,1221599.8,-221599.75,221599.75,22.159975
650000.0,1250006.5,-600006.5,600006.5,92.30869
2000000.0,1123721.1,876278.9,876278.9,43.813942
1450000.0,1267298.4,182701.62,182701.62,12.600112
900000.0,1459597.2,-559597.25,559597.25,62.177475
800000.0,1231322.5,-431322.5,431322.5,53.91531
1000000.0,1285510.8,-285510.75,285510.75,28.551075
1000000.0,1019700.4,-19700.375,19700.375,1.9700375
720000.0,1349291.8,-629291.75,629291.75,87.401634
1500000.0,1243179.5,256820.5,256820.5,17.121367
620000.0,1214686.9,-594686.9,594686.9,95.91724
8000000.0,1236209.0,6763791.0,6763791.0,84.547386
600000.0,1284400.2,-684400.25,684400.25,114.06671
2395000.0,1248808.6,1146191.4,1146191.4,47.857677
600000.0,1147977.9,-547977.9,547977.9,91.32964
1100000.0,1398322.2,-298322.25,298322.25,27.120205
1100000.0,1237889.8,-137889.75,137889.75,12.535432
1500000.0,1327960.6,172039.38,172039.38,11.469292
1620000.0,1207850.4,412149.62,412149.62,25.441334
1040000.0,1391369.4,-351369.38,351369.38,33.785515
520000.0,1231207.6,-711207.6,711207.6,136.7707
1015000.0,1260675.2,-245675.25,245675.25,24.204458
900000.0,1212540.0,-312540.0,312540.0,34.72667
700000.0,1260632.1,-560632.1,560632.1,80.0903
800000.0,1280171.0,-480171.0,480171.0,60.021378
610000.0,1161644.0,-551644.0,551644.0,90.43344
1400000.0,1229118.8,170881.25,170881.25,12.205803
1160000.0,1216306.1,-56306.125,56306.125,4.8539762
1300000.0,1225733.4,74266.625,74266.625,5.712817
850000.0,1274895.2,-424895.25,424895.25,49.98768
1350000.0,1283587.2,66412.75,66412.75,4.919463
2052000.0,1273127.8,778872.25,778872.25,37.956738
1200000.0,1177028.8,22971.25,22971.25,1.9142708
700000.0,1284945.8,-584945.75,584945.75,83.56368
980000.0,1274798.5,-294798.5,294798.5,30.08148
1124200.0,1248596.2,-124396.25,124396.25,11.065313
800000.0,1392588.6,-592588.6,592588.6,74.07358
500000.0,1446506.4,-946506.4,946506.4,189.30127
750000.0,1106934.9,-356934.88,356934.88,47.591316
850000.0,1218528.9,-368528.88,368528.88,43.35634
1120000.0,1286224.0,-166224.0,166224.0,14.841429
947500.0,1186362.8,-238862.75,238862.75,25.209787
1200000.0,1141601.9,58398.125,58398.125,4.8665104
600000.0,1336469.6,-736469.6,736469.6,122.74494
800000.0,1392335.1,-592335.1,592335.1,74.04189
1276000.0,1228181.2,47818.75,47818.75,3.7475507
1070000.0,1260122.2,-190122.25,190122.25,17.768435
1500000.0,1259671.2,240328.75,240328.75,16.021915
810000.0,1222423.4,-412423.38,412423.38,50.916462
2437500.0,1106947.0,1330553.0,1330553.0,54.586792
1052000.0,1084335.0,-32335.0,32335.0,3.0736692
820000.0,1410104.8,-590104.75,590104.75,71.964
800000.0,1271529.0,-471529.0,471529.0,58.941124
1497000.0,1225583.8,271416.25,271416.25,18.130678
616000.0,1204434.6,-588434.6,588434.6,95.5251
843000.0,1155091.5,-312091.5,312091.5,37.02153
1600000.0,1236771.0,363229.0,363229.0,22.701813
1800000.0,1326811.1,473188.88,473188.88,26.28827
1261875.0,1306649.4,-44774.375,44774.375,3.5482419
1600000.0,1162193.9,437806.12,437806.12,27.362883
850000.0,1241673.5,-391673.5,391673.5,46.079235
1320000.0,1274757.1,45242.875,45242.875,3.4274907
600000.0,1018127.94,-418127.94,418127.94,69.687996
1800000.0,1218028.9,581971.1,581971.1,32.33173
700000.0,1122221.2,-422221.25,422221.25,60.317318
975000.0,1320329.6,-345329.62,345329.62,35.418423
2070000.0,1271575.5,798424.5,798424.5,38.57123
1150000.0,1555254.0,-405254.0,405254.0,35.23948
750000.0,1247484.1,-497484.12,497484.12,66.331215
6500000.0,1234555.0,5265445.0,5265445.0,81.00685
490000.0,1018127.94,-528127.94,528127.94,107.781204
950000.0,1261089.8,-311089.75,311089.75,32.74629
650000.0,1271513.2,-621513.25,621513.25,95.617424
1126000.0,1233459.0,-107459.0,107459.0,9.543427
850000.0,1480080.8,-630080.75,630080.75,74.12715
1290000.0,1173168.5,116831.5,116831.5,9.056705
1547500.0,1228480.4,319019.62,319019.62,20.615162
580000.0,1236167.1,-656167.1,656167.1,113.13226
900000.0,1256761.6,-356761.62,356761.62,39.64018
1500000.0,1481437.8,18562.25,18562.25,1.2374833
550000.0,1340975.8,-790975.75,790975.75,143.81378
1210000.0,1240397.4,-30397.375,30397.375,2.5121796
800000.0,1269019.6,-469019.62,469019.62,58.62745
1380000.0,1261231.1,118768.875,118768.875,8.606441
550000.0,1187629.5,-637629.5,637629.5,115.93263
5200000.0,1616395.1,3583605.0,3583605.0,68.91548
2000000.0,1265878.8,734121.25,734121.25,36.706062
840000.0,1494882.5,-654882.5,654882.5,77.962204
1100000.0,1206574.8,-106574.75,106574.75,9.688614
700000.0,1213192.1,-513192.12,513192.12,73.313156
1695000.0,1272726.2,422273.75,422273.75,24.912907
2828625.0,1275633.1,1552991.9,1552991.9,54.902714
700000.0,1193951.5,-493951.5,493951.5,70.5645
774000.0,1221957.0,-447957.0,447957.0,57.87558
1700000.0,1146059.1,553940.9,553940.9,32.584755
945000.0,1274761.9,-329761.88,329761.88,34.89544
800000.0,1176692.5,-376692.5,376692.5,47.086563
900000.0,1257175.2,-357175.25,357175.25,39.68614
700000.0,1186978.9,-486978.88,486978.88,69.56841
720000.0,1027533.56,-307533.56,307533.56,42.712994
950000.0,1278684.5,-328684.5,328684.5,34.59837
1000000.0,1265539.0,-265539.0,265539.0,26.5539
1400000.0,1175746.0,224254.0,224254.0,16.018143
1345000.0,1318407.5,26592.5,26592.5,1.9771374
1000000.0,1245355.2,-245355.25,245355.25,24.535524
550000.0,1260235.4,-710235.4,710235.4,129.1337
1250000.0,1251489.4,-1489.375,1489.375,0.11915
850000.0,1741796.6,-891796.6,891796.6,104.91725
730000.0,1202037.1,-472037.12,472037.12,64.66262
620000.0,1199399.9,-579399.9,579399.9,93.4516
1550000.0,1098816.9,451183.12,451183.12,29.10859
700000.0,1098050.9,-398050.88,398050.88,56.86441
1000000.0,1268967.1,-268967.12,268967.12,26.896711
1176000.0,1104962.6,71037.375,71037.375,6.040593
950000.0,1266514.0,-316514.0,316514.0,33.31726
784000.0,1116145.5,-332145.5,332145.5,42.365498
800000.0,1212362.2,-412362.25,412362.25,51.54528
1600000.0,1248765.6,351234.38,351234.38,21.952148
700000.0,1195587.8,-495587.75,495587.75,70.79825
500000.0,1267520.6,-767520.6,767520.6,153.50412
966000.0,1061231.8,-95231.75,95231.75,9.858359
2125000.0,1277716.5,847283.5,847283.5,39.87216
500000.0,1302350.5,-802350.5,802350.5,160.47011
720000.0,1357500.9,-637500.9,637500.9,88.54179
5000000.0,1213338.6,3786661.5,3786661.5,75.73323
2400000.0,1382792.1,1017207.9,1017207.9,42.383663
980000.0,1034753.56,-54753.562,54753.562,5.5870986
783000.0,1371682.6,-588682.6,588682.6,75.18297
500000.0,1045088.25,-545088.25,545088.25,109.01765
1540000.0,1107796.9,432203.12,432203.12,28.06514
700000.0,1251828.8,-551828.75,551828.75,78.83268
6500000.0,1530097.6,4969902.5,4969902.5,76.46004
1005000.0,1436213.8,-431213.75,431213.75,42.90684
1500000.0,1285271.4,214728.62,214728.62,14.315242
675000.0,1316668.1,-641668.1,641668.1,95.06194
1200000.0,1106372.4,93627.625,93627.625,7.8023024
1500000.0,1618379.8,-118379.75,118379.75,7.8919835
800000.0,1123535.1,-323535.12,323535.12,40.44189
861000.0,1178542.8,-317542.75,317542.75,36.88069
1251180.0,1264497.4,-13317.375,13317.375,1.0643852
480000.0,1173027.6,-693027.6,693027.6,144.38077
852000.0,1243333.8,-391333.75,391333.75,45.93119
950000.0,1242460.9,-292460.88,292460.88,30.785355
1600000.0,1253215.5,346784.5,346784.5,21.67403
1300000.0,1158736.5,141263.5,141263.5,10.866423
1500000.0,1254354.5,245645.5,245645.5,16.376368
656001.0,1440181.0,-784180.0,784180.0,119.53945
400000.0,1076146.4,-676146.4,676146.4,169.03659
500000.0,1263544.8,-763544.75,763544.75,152.70895
1000000.0,1271739.6,-271739.62,271739.62,27.173964
1000000.0,1259805.5,-259805.5,259805.5,25.98055
1500000.0,1276957.0,223043.0,223043.0,14.869534
983600.0,1247979.9,-264379.88,264379.88,26.878801
1468000.0,1065542.4,402457.62,402457.62,27.41537
1200000.0,1279487.8,-79487.75,79487.75,6.623979
800000.0,1044113.7,-244113.69,244113.69,30.51421
1550000.0,1217800.5,332199.5,332199.5,21.432226
1740000.0,1261772.8,478227.25,478227.25,27.484325
5000000.0,1285648.8,3714351.2,3714351.2,74.287025
1350000.0,1296661.0,53339.0,53339.0,3.951037
700000.0,1271591.9,-571591.9,571591.9,81.65598
750000.0,1313357.2,-563357.25,563357.25,75.114296
1100000.0,1247455.9,-147455.88,147455.88,13.40508
500000.0,1284409.0,-784409.0,784409.0,156.88179
1160000.0,1299444.4,-139444.38,139444.38,12.021067
1330000.0,1231274.9,98725.125,98725.125,7.422942
900000.0,1047261.0,-147261.0,147261.0,16.362333
800000.0,1279263.4,-479263.38,479263.38,59.90792
1000000.0,1261990.1,-261990.12,261990.12,26.199013
500000.0,1143182.2,-643182.25,643182.25,128.63646
1000000.0,1285192.0,-285192.0,285192.0,28.519201
1402000.0,1270121.4,131878.62,131878.62,9.406464
1100000.0,1238908.1,-138908.12,138908.12,12.628012
1320000.0,1191980.0,128020.0,128020.0,9.698484
1500000.0,1285303.2,214696.75,214696.75,14.313117
1068001.0,1221221.8,-153220.75,153220.75,14.3464985
750000.0,1288043.6,-538043.6,538043.6,71.73915
650000.0,1225063.5,-575063.5,575063.5,88.471306
725000.0,1278780.9,-553780.9,553780.9,76.38357
936000.0,1278739.2,-342739.25,342739.25,36.61744
600000.0,1214524.9,-614524.9,614524.9,102.42081
645000.0,1230764.2,-585764.25,585764.25,90.81616
877600.0,1434111.8,-556511.75,556511.75,63.412918
1600000.0,1357391.2,242608.75,242608.75,15.163048
1200000.0,1248922.6,-48922.625,48922.625,4.076885
595000.0,1270458.2,-675458.25,675458.25,113.5224
558000.0,1171901.9,-613901.9,613901.9,110.01825
1065000.0,1219417.0,-154417.0,154417.0,14.4992485
750000.0,1372138.0,-622138.0,622138.0,82.95173
2000000.0,1324330.8,675669.25,675669.25,33.783463
1460000.0,1282722.0,177278.0,177278.0,12.142329
1800000.0,1193969.2,606030.75,606030.75,33.668373
900000.0,1334288.8,-434288.75,434288.75,48.254307
1748000.0,1163974.8,584025.25,584025.25,33.411057
880000.0,1350638.8,-470638.75,470638.75,53.481674
680000.0,1226239.6,-546239.6,546239.6,80.32936
850000.0,1318609.5,-468609.5,468609.5,55.13053
1800000.0,1242760.2,557239.75,557239.75,30.957764
1600000.0,1297063.8,302936.25,302936.25,18.933516
1425000.0,1207828.0,217172.0,217172.0,15.24014
3000000.0,1250081.9,1749918.1,1749918.1,58.3306
1000000.0,1065977.2,-65977.25,65977.25,6.5977254
750000.0,1218209.1,-468209.12,468209.12,62.427883
1160000.0,1201789.4,-41789.375,41789.375,3.6025324
1200000.0,1026689.25,173310.75,173310.75,14.442563
880000.0,1102846.2,-222846.25,222846.25,25.323439
550000.0,1168814.4,-618814.4,618814.4,112.5117
795000.0,1243372.9,-448372.88,448372.88,56.3991
1500000.0,1197270.5,302729.5,302729.5,20.181967
900000.0,1223061.0,-323061.0,323061.0,35.895668
754938.0,1276457.5,-521519.5,521519.5,69.0811
920000.0,1248173.8,-328173.75,328173.75,35.67106
1400000.0,1252525.0,147475.0,147475.0,10.533929
1550000.0,1282844.9,267155.12,267155.12,17.235813
590000.0,1268025.8,-678025.75,678025.75,114.91962
1550000.0,1191018.0,358982.0,358982.0,23.160128
650000.0,1048376.56,-398376.56,398376.56,61.288704
630000.0,1111777.6,-481777.62,481777.62,76.47264
1614000.0,1244827.9,369172.12,369172.12,22.87312
1120000.0,1252213.6,-132213.62,132213.62,11.804788
550000.0,1080054.1,-530054.1,530054.1,96.373474
1200000.0,877014.9,322985.12,322985.12,26.915428
1350000.0,1265944.8,84055.25,84055.25,6.226315
1330000.0,1197656.8,132343.25,132343.25,9.95062
6300000.0,1285866.0,5014134.0,5014134.0,79.589424
923000.0,1243830.4,-320830.38,320830.38,34.75952
1000000.0,1217939.5,-217939.5,217939.5,21.79395
810000.0,1277353.4,-467353.38,467353.38,57.697945
1125000.0,1235668.5,-110668.5,110668.5,9.8372
900000.0,1276650.6,-376650.62,376650.62,41.85007
1160000.0,1220514.0,-60514.0,60514.0,5.216724
1300000.0,1421831.1,-121831.125,121831.125,9.371625
650000.0,1243976.1,-593976.1,593976.1,91.38094
1000000.0,1306871.1,-306871.12,306871.12,30.68711
1710000.0,1050884.5,659115.5,659115.5,38.544765
9277500.0,1318017.0,7959483.0,7959483.0,85.7934
700000.0,1360835.1,-660835.1,660835.1,94.40502
1567500.0,1283661.9,283838.12,283838.12,18.107697
1100000.0,1279350.8,-179350.75,179350.75,16.304613
1320000.0,1231580.9,88419.125,88419.125,6.6984186
588000.0,1147861.9,-559861.9,559861.9,95.21461
1170000.0,1049479.4,120520.625,120520.625,10.300908
700000.0,1296264.6,-596264.6,596264.6,85.18066
942000.0,1201785.9,-259785.88,259785.88,27.57812
1100000.0,1197736.4,-97736.375,97736.375,8.885125
1200000.0,1260927.9,-60927.875,60927.875,5.077323
650000.0,1391317.2,-741317.25,741317.25,114.048805
556000.0,1168313.8,-612313.75,612313.75,110.128365
1000000.0,1189656.4,-189656.38,189656.38,18.965637
970000.0,1329809.4,-359809.38,359809.38,37.09375
500000.0,1223284.1,-723284.1,723284.1,144.65683
700000.0,1248237.5,-548237.5,548237.5,78.31964
1411200.0,1222007.8,189192.25,189192.25,13.406481
700000.0,1208576.0,-508576.0,508576.0,72.65372
650000.0,1171516.9,-521516.88,521516.88,80.23337
1200000.0,1293230.9,-93230.875,93230.875,7.76924
540000.0,1301890.5,-761890.5,761890.5,141.09084
908000.0,1247724.6,-339724.62,339724.62,37.414608
1000000.0,1317763.8,-317763.75,317763.75,31.776375
600000.0,1201194.2,-601194.25,601194.25,100.19904
810000.0,1258462.8,-448462.75,448462.75,55.365772
2400000.0,1265483.1,1134516.9,1134516.9,47.271538
400000.0,1248478.8,-848478.75,848478.75,212.1197
714500.0,1246873.6,-532373.6,532373.6,74.50996
900000.0,1241729.4,-341729.38,341729.38,37.969933
1320000.0,1240958.9,79041.125,79041.125,5.987964
1500000.0,1257664.1,242335.88,242335.88,16.155725
950000.0,1299519.0,-349519.0,349519.0,36.791473
680000.0,1154243.9,-474243.88,474243.88,69.741745
730000.0,1051530.5,-321530.5,321530.5,44.045277
600000.0,1278697.1,-678697.1,678697.1,113.116196
900000.0,1461614.1,-561614.1,561614.1,62.40157
500000.0,1066398.2,-566398.25,566398.25,113.279655
1050000.0,1071119.9,-21119.875,21119.875,2.0114167
550000.0,1349039.6,-799039.6,799039.6,145.27994
460000.0,1135702.9,-675702.9,675702.9,146.89192
1207000.0,1154796.0,52204.0,52204.0,4.3251033
1375000.0,1132495.5,242504.5,242504.5,17.63669
900000.0,1227427.8,-327427.75,327427.75,36.38086
1265000.0,1225578.1,39421.875,39421.875,3.1163538
2500000.0,1411386.8,1088613.2,1088613.2,43.544533
800000.0,1271479.5,-471479.5,471479.5,58.93494
1000000.0,1103437.2,-103437.25,103437.25,10.343725
960000.0,1217951.4,-257951.38,257951.38,26.869934
1127000.0,1267726.9,-140726.88,140726.88,12.486856
817000.0,1287234.4,-470234.38,470234.38,57.55623
467600.0,1325795.5,-858195.5,858195.5,183.53198
900000.0,1149392.4,-249392.38,249392.38,27.710264
700000.0,1147977.9,-447977.88,447977.88,63.99684
650000.0,1101450.5,-451450.5,451450.5,69.453926
24000000.0,1200932.1,22799068.0,22799068.0,94.99612
900000.0,1123774.5,-223774.5,223774.5,24.863832
800000.0,1096251.5,-296251.5,296251.5,37.03144
758000.0,1270905.2,-512905.25,512905.25,67.6656
900000.0,1158031.6,-258031.62,258031.62,28.67018
900000.0,1042817.4,-142817.38,142817.38,15.868597
500000.0,1227302.0,-727302.0,727302.0,145.4604
650000.0,1306589.9,-656589.9,656589.9,101.013824
1150000.0,1266146.5,-116146.5,116146.5,10.099695
1000000.0,1199510.4,-199510.38,199510.38,19.951038
1200000.0,1107420.6,92579.375,92579.375,7.714948
2235600.0,1168246.0,1067354.0,1067354.0,47.743515
489400.0,1257792.1,-768392.1,768392.1,157.00697
665110.0,1270311.9,-605201.9,605201.9,90.99275
420000.0,1141570.0,-721570.0,721570.0,171.80238
1424150.0,1176017.0,248133.0,248133.0,17.423235
950000.0,1354879.5,-404879.5,404879.5,42.618896
1200000.0,1242815.0,-42815.0,42815.0,3.5679166
530000.0,1274772.1,-744772.1,744772.1,140.52304
1590000.0,1142366.5,447633.5,447633.5,28.15305
1000000.0,1264130.9,-264130.88,264130.88,26.413086
800000.0,1286178.4,-486178.38,486178.38,60.7723
510000.0,1339864.1,-829864.1,829864.1,162.71844
810000.0,1281148.2,-471148.25,471148.25,58.16645
750000.0,1234423.6,-484423.62,484423.62,64.58981
950000.0,1234844.9,-284844.88,284844.88,29.983673
998750.0,1242460.9,-243710.88,243710.88,24.40159
800000.0,1191612.4,-391612.38,391612.38,48.95155
1115400.0,1244783.8,-129383.75,129383.75,11.599763
1200000.0,1268464.6,-68464.625,68464.625,5.705385
700000.0,1422033.4,-722033.4,722033.4,103.14763
950000.0,1172001.9,-222001.88,222001.88,23.368618
734000.0,1376334.5,-642334.5,642334.5,87.51151
2000000.0,1278360.1,721639.9,721639.9,36.081993
1198000.0,1159600.8,38399.25,38399.25,3.2052796
860000.0,1291120.5,-431120.5,431120.5,50.13029
14540000.0,1550425.6,12989574.0,12989574.0,89.33682
800000.0,1236043.1,-436043.12,436043.12,54.50539
1500000.0,1847784.0,-347784.0,347784.0,23.1856
900000.0,1075550.1,-175550.12,175550.12,19.50557
2542000.0,1241816.4,1300183.6,1300183.6,51.148056
800000.0,1141601.9,-341601.88,341601.88,42.700233
750000.0,1432343.8,-682343.75,682343.75,90.979164
960000.0,1249415.0,-289415.0,289415.0,30.147394
600000.0,1432516.4,-832516.4,832516.4,138.75273
900000.0,1279944.2,-379944.25,379944.25,42.216026
1000000.0,1230649.2,-230649.25,230649.25,23.064924
950000.0,1227113.0,-277113.0,277113.0,29.169788
800000.0,1267861.0,-467861.0,467861.0,58.482624
1650000.0,1135047.9,514952.12,514952.12,31.209219
1600000.0,1270334.8,329665.25,329665.25,20.604078
1800000.0,1282508.6,517491.38,517491.38,28.74952
890000.0,1298181.9,-408181.88,408181.88,45.863132
950000.0,1322242.4,-372242.38,372242.38,39.183407
1600000.0,1259709.2,340290.75,340290.75,21.268173
1005000.0,1229253.6,-224253.62,224253.62,22.313793
950000.0,1233060.0,-283060.0,283060.0,29.79579
580500.0,1240578.6,-660078.6,660078.6,113.70864
895000.0,1192680.8,-297680.75,297680.75,33.26042
1800000.0,1206470.1,593529.9,593529.9,32.97388
494400.0,1219640.1,-725240.1,725240.1,146.69096
1600000.0,1236717.8,363282.25,363282.25,22.705141
700000.0,1244262.2,-544262.25,544262.25,77.75175
1090000.0,1543136.5,-453136.5,453136.5,41.572155
800000.0,1268392.0,-468392.0,468392.0,58.549
1300000.0,1303390.6,-3390.625,3390.625,0.26081732
650000.0,1211001.8,-561001.75,561001.75,86.30796
1500000.0,1158404.4,341595.62,341595.62,22.773043
1250000.0,1269851.4,-19851.375,19851.375,1.5881101
2120000.0,1265281.2,854718.75,854718.75,40.31692
480000.0,1079317.4,-599317.4,599317.4,124.85778
800000.0,1208330.6,-408330.62,408330.62,51.04133
1012000.0,1244781.9,-232781.88,232781.88,23.002161
1050000.0,1338909.0,-288909.0,288909.0,27.515142
1152800.0,1279246.0,-126446.0,126446.0,10.968598
500000.0,1163512.5,-663512.5,663512.5,132.7025
650000.0,1137903.9,-487903.88,487903.88,75.06213
800000.0,1284753.0,-484753.0,484753.0,60.594124
750000.0,1208122.6,-458122.62,458122.62,61.08302
600000.0,1141886.6,-541886.6,541886.6,90.31444
1550000.0,1267179.4,282820.62,282820.62,18.24649
1550000.0,1211389.2,338610.75,338610.75,21.845856
750000.0,1194326.0,-444326.0,444326.0,59.243465
800000.0,1227363.8,-427363.75,427363.75,53.420467
1050000.0,1258496.8,-208496.75,208496.75,19.856833
60000000.0,1270388.2,58729612.0,58729612.0,97.88269
792800.0,1208300.6,-415500.62,415500.62,52.40926
768000.0,1246857.6,-478857.62,478857.62,62.35125
2100000.0,1275552.4,824447.6,824447.6,39.25941
1200000.0,1248509.8,-48509.75,48509.75,4.042479
1160000.0,1265648.5,-105648.5,105648.5,9.107629
800000.0,1152669.1,-352669.12,352669.12,44.08364
700000.0,1103369.6,-403369.62,403369.62,57.624233
823200.0,1248749.1,-425549.12,425549.12,51.6945
900000.0,1208411.2,-308411.25,308411.25,34.267918
700000.0,1270320.8,-570320.75,570320.75,81.474396
1000000.0,1266299.8,-266299.75,266299.75,26.629976
510000.0,1285515.8,-775515.75,775515.75,152.06192
700000.0,1214178.1,-514178.12,514178.12,73.45402
800000.0,1244632.1,-444632.12,444632.12,55.579018
1085000.0,1265381.4,-180381.38,180381.38,16.625011
800000.0,1242443.9,-442443.88,442443.88,55.30549
1037000.0,1156837.4,-119837.375,119837.375,11.55616
780000.0,1280076.5,-500076.5,500076.5,64.11237
750000.0,1259655.8,-509655.75,509655.75,67.9541
1000000.0,1222703.1,-222703.12,222703.12,22.270313
850000.0,1260175.5,-410175.5,410175.5,48.25594
1200000.0,1162096.5,37903.5,37903.5,3.158625
810000.0,1180603.5,-370603.5,370603.5,45.753517
1062822.0,1419426.1,-356604.12,356604.12,33.55257
650000.0,1301917.1,-651917.1,651917.1,100.294945
1460000.0,1260020.6,199979.38,199979.38,13.697217
720000.0,1247624.1,-527624.1,527624.1,73.28113
577000.0,1270747.8,-693747.75,693747.75,120.23358
750000.0,1230399.9,-480399.88,480399.88,64.053314
800000.0,1475935.2,-675935.25,675935.25,84.491905
2877600.0,1334072.1,1543527.9,1543527.9,53.63942
1400000.0,1220962.0,179038.0,179038.0,12.788428
424200.0,1172450.8,-748250.75,748250.75,176.39102
550000.0,1218077.5,-668077.5,668077.5,121.46864
440000.0,1176646.4,-736646.4,736646.4,167.41963
1528800.0,1280285.8,248514.25,248514.25,16.255512
2142400.0,1330876.2,811523.75,811523.75,37.87919
1400000.0,1097297.5,302702.5,302702.5,21.621607
1400000.0,1156952.9,243047.12,243047.12,17.360508
600000.0,1220288.2,-620288.25,620288.25,103.38137
750000.0,1391296.5,-641296.5,641296.5,85.5062
800000.0,1236043.1,-436043.12,436043.12,54.50539
530001.0,1373293.8,-843292.75,843292.75,159.11154
850000.0,1152267.5,-302267.5,302267.5,35.560883
900000.0,1130939.0,-230939.0,230939.0,25.65989
419754.0,1216392.4,-796638.4,796638.4,189.78696
1205001.0,1332482.9,-127481.875,127481.875,10.5794
2358000.0,1269288.9,1088711.1,1088711.1,46.170956
1827000.0,1273343.1,553656.9,553656.9,30.304152
1200000.0,1162213.1,37786.875,37786.875,3.1489062
1280000.0,1219474.0,60526.0,60526.0,4.728594
1000000.0,1460252.0,-460252.0,460252.0,46.0252
1800000.0,1125143.4,674856.6,674856.6,37.492035
1050000.0,1264361.8,-214361.75,214361.75,20.415405
850000.0,1214565.8,-364565.75,364565.75,42.890087
1400000.0,1142594.9,257405.12,257405.12,18.386082
1200000.0,1553688.2,-353688.25,353688.25,29.47402
1800000.0,1393125.1,406874.88,406874.88,22.60416
590000.0,1335429.8,-745429.75,745429.75,126.344025
1450000.0,1258477.0,191523.0,191523.0,13.208483
1850000.0,1222896.9,627103.1,627103.1,33.897465
5368000.0,1313409.0,4054591.0,4054591.0,75.53262
800000.0,1271838.0,-471838.0,471838.0,58.97975
1623200.0,1263813.9,359386.12,359386.12,22.140594
1080000.0,1138979.2,-58979.25,58979.25,5.4610415
1020000.0,1326430.6,-306430.62,306430.62,30.04222
1400000.0,1298320.9,101679.125,101679.125,7.2627945
950000.0,1270339.6,-320339.62,320339.62,33.71996
800000.0,1193631.6,-393631.62,393631.62,49.203953
700000.0,1088234.5,-388234.5,388234.5,55.462074
1500000.0,1372795.5,127204.5,127204.5,8.4803
3229000.0,1340533.4,1888466.6,1888466.6,58.484566
550000.0,1168542.4,-618542.4,618542.4,112.46225
500000.0,1227056.2,-727056.25,727056.25,145.41125
650000.0,1227119.8,-577119.75,577119.75,88.78765
600000.0,1346329.2,-746329.25,746329.25,124.38821
750000.0,1313357.2,-563357.25,563357.25,75.114296
950000.0,1097741.0,-147741.0,147741.0,15.551684
912500.0,1268392.0,-355892.0,355892.0,39.001865
700000.0,1339385.5,-639385.5,639385.5,91.34079
1530000.0,1453461.0,76539.0,76539.0,5.0025487
800000.0,1289441.9,-489441.88,489441.88,61.180233
660000.0,1303756.6,-643756.6,643756.6,97.53888
910000.0,1106337.9,-196337.88,196337.88,21.57559
700000.0,1210402.1,-510402.12,510402.12,72.91459
800000.0,1220160.6,-420160.62,420160.62,52.520077
15000000.0,1553383.5,13446616.0,13446616.0,89.644104
1300000.0,1116106.5,183893.5,183893.5,14.145655
700000.0,1390863.2,-690863.25,690863.25,98.69475
1020000.0,1251312.6,-231312.62,231312.62,22.677708
500000.0,1178533.2,-678533.25,678533.25,135.70665
500000.0,1252817.1,-752817.1,752817.1,150.56343
1050000.0,1199079.5,-149079.5,149079.5,14.198047
900000.0,1217524.9,-317524.88,317524.88,35.28054
700000.0,1611717.6,-911717.6,911717.6,130.24538
650000.0,1123302.4,-473302.38,473302.38,72.81575
650000.0,1173092.5,-523092.5,523092.5,80.47577
1145000.0,1208562.6,-63562.625,63562.625,5.551321
800000.0,1041034.2,-241034.19,241034.19,30.129274
1235000.0,1020194.25,214805.75,214805.75,17.393177
3000000.0,1351016.1,1648983.9,1648983.9,54.96613
11000000.0,1554682.4,9445318.0,9445318.0,85.86653
1050000.0,991711.3,58288.688,58288.688,5.5513034
1160000.0,1973067.0,-813067.0,813067.0,70.09198
750000.0,1073169.1,-323169.12,323169.12,43.08922
500000.0,1241729.4,-741729.4,741729.4,148.34587
1350000.0,1265839.4,84160.625,84160.625,6.2341204
600000.0,1296193.0,-696193.0,696193.0,116.03217
620000.0,1342291.0,-722291.0,722291.0,116.49855
560000.0,1268306.9,-708306.9,708306.9,126.48337
1313000.0,1235055.0,77945.0,77945.0,5.936405
1600000.0,1233948.5,366051.5,366051.5,22.87822
630000.0,1083574.8,-453574.75,453574.75,71.995995
1052000.0,1083448.4,-31448.375,31448.375,2.9893892
598000.0,1135158.8,-537158.75,537158.75,89.82588
800000.0,978876.5,-178876.5,178876.5,22.359562
1675000.0,1441284.9,233715.12,233715.12,13.953142
1800000.0,1436726.9,363273.12,363273.12,20.18184
11000000.0,1225070.8,9774929.0,9774929.0,88.86299
929500.0,1225072.2,-295572.25,295572.25,31.79906
1245000.0,1282091.6,-37091.625,37091.625,2.9792469
520000.0,1274193.9,-754193.9,754193.9,145.03728
1865000.0,1141517.4,723482.6,723482.6,38.792633
920000.0,1232595.8,-312595.75,312595.75,33.9778
2400000.0,1198987.9,1201012.1,1201012.1,50.04217
720000.0,1110631.8,-390631.75,390631.75,54.254414
1950000.0,1250039.1,699960.9,699960.9,35.895428
422000.0,1257510.1,-835510.1,835510.1,197.98817
2900000.0,1175670.9,1724329.1,1724329.1,59.459625
1012200.0,1250671.5,-238471.5,238471.5,23.559721
1680000.0,1145024.1,534975.9,534975.9,31.843801
1500000.0,1222747.5,277252.5,277252.5,18.4835
750000.0,1211044.2,-461044.25,461044.25,61.472565
1070000.0,1266182.1,-196182.12,196182.12,18.334778
800000.0,1281480.4,-481480.38,481480.38,60.185043
1008625.0,1380353.9,-371728.88,371728.88,36.85501
1280000.0,1248888.0,31112.0,31112.0,2.430625
1400000.0,1149220.4,250779.62,250779.62,17.91283
650000.0,751055.3,-101055.31,101055.31,15.546971
1290000.0,1297162.6,-7162.625,7162.625,0.55524224
700000.0,1421497.8,-721497.75,721497.75,103.071106
480000.0,1274772.1,-794772.1,794772.1,165.57753
650000.0,1331706.5,-681706.5,681706.5,104.87792
900000.0,1258755.4,-358755.38,358755.38,39.86171
650000.0,1266941.2,-616941.25,616941.25,94.91404
1200000.0,1155251.2,44748.75,44748.75,3.7290626
700000.0,1127296.6,-427296.62,427296.62,61.042374
975000.0,1117698.6,-142698.62,142698.62,14.6357565
900000.0,1319667.5,-419667.5,419667.5,46.629723
1050000.0,1180875.4,-130875.375,130875.375,12.464321
863200.0,1236175.1,-372975.12,372975.12,43.208427
1511900.0,1367605.1,144294.88,144294.88,9.543943
800000.0,1133446.2,-333446.25,333446.25,41.68078
1620000.0,1265140.6,354859.38,354859.38,21.9049
1200000.0,1261991.9,-61991.875,61991.875,5.16599
600000.0,1274846.9,-674846.9,674846.9,112.47448
1700000.0,1306581.9,393418.12,393418.12,23.142242
800000.0,1211163.2,-411163.25,411163.25,51.395405
1400000.0,1504055.5,-104055.5,104055.5,7.432536
1000000.0,1247192.4,-247192.38,247192.38,24.719236
760000.0,1218077.5,-458077.5,458077.5,60.273354
500000.0,1218392.4,-718392.4,718392.4,143.67847
800000.0,1272514.1,-472514.12,472514.12,59.064262
1500000.0,1347979.2,152020.75,152020.75,10.134716
1216000.0,1258712.2,-42712.25,42712.25,3.5125208
1328800.0,1217580.5,111219.5,111219.5,8.369921
750000.0,1290850.4,-540850.4,540850.4,72.11338
1500000.0,1274995.8,225004.25,225004.25,15.000284
1148000.0,1199429.9,-51429.875,51429.875,4.4799542
560000.0,1163837.4,-603837.4,603837.4,107.8281
800000.0,1343253.0,-543253.0,543253.0,67.906624
1800000.0,1168077.5,631922.5,631922.5,35.106804
630000.0,1338567.4,-708567.4,708567.4,112.47101
1200000.0,1198903.8,1096.25,1096.25,0.09135416
700000.0,873797.4,-173797.38,173797.38,24.828197
1000000.0,1272695.0,-272695.0,272695.0,27.2695
500000.0,1088212.5,-588212.5,588212.5,117.6425
901000.0,1219586.4,-318586.38,318586.38,35.3592
450000.0,1103883.8,-653883.75,653883.75,145.30751
750000.0,1147976.1,-397976.12,397976.12,53.06348
1400000.0,1167912.2,232087.75,232087.75,16.577698
1160000.0,1277238.9,-117238.875,117238.875,10.1068
900000.0,1206310.9,-306310.88,306310.88,34.034542
788000.0,1149433.2,-361433.25,361433.25,45.867165
1590000.0,1204822.9,385177.12,385177.12,24.224976
1457410.0,1259502.8,197907.25,197907.25,13.57938
693000.0,1274761.9,-581761.9,581761.9,83.94832
650000.0,1104059.5,-454059.5,454059.5,69.85531
1082001.0,1099027.6,-17026.625,17026.625,1.5736237
1485000.0,1283473.6,201526.38,201526.38,13.570799
1015000.0,1356077.2,-341077.25,341077.25,33.603672
850000.0,1274250.1,-424250.12,424250.12,49.911777
2400000.0,1234310.6,1165689.4,1165689.4,48.570393
500000.0,1288323.4,-788323.4,788323.4,157.66467
600000.0,1297986.1,-697986.1,697986.1,116.33102
600000.0,1309836.0,-709836.0,709836.0,118.30601
2500000.0,1282173.8,1217826.2,1217826.2,48.71305
720000.0,1217699.4,-497699.38,497699.38,69.124916
900000.0,1259430.4,-359430.38,359430.38,39.93671
770000.0,1191766.2,-421766.25,421766.25,54.774837
2500000.0,1398805.9,1101194.1,1101194.1,44.047764
780000.0,1162702.8,-382702.75,382702.75,49.064453
2500000.0,1074397.5,1425602.5,1425602.5,57.024097
1610000.0,1220446.0,389554.0,389554.0,24.1959
820000.0,1211294.6,-391294.62,391294.62,47.718857
2550000.0,1274809.4,1275190.6,1275190.6,50.007473
1160000.0,1141634.5,18365.5,18365.5,1.5832328
1200000.0,1218622.6,-18622.625,18622.625,1.5518855
1050000.0,1474266.6,-424266.62,424266.62,40.406345
3615000.0,1226072.1,2388928.0,2388928.0,66.08376
1150000.0,1069785.9,80214.125,80214.125,6.975141
550000.0,1454574.0,-904574.0,904574.0,164.468
916000.0,1162078.1,-246078.12,246078.12,26.864424
750000.0,1381737.6,-631737.6,631737.6,84.23168
480000.0,1163277.1,-683277.1,683277.1,142.3494
950000.0,1151265.9,-201265.88,201265.88,21.18588
910000.0,1183883.6,-273883.62,273883.62,30.097103
700000.0,1223929.0,-523929.0,523929.0,74.847
1600000.0,1331073.6,268926.38,268926.38,16.8079
720000.0,1128806.6,-408806.62,408806.62,56.778698
2088000.0,1157437.0,930563.0,930563.0,44.567196
28000000.0,1519119.0,26480880.0,26480880.0,94.57457
735000.0,1301278.6,-566278.6,566278.6,77.044716
650000.0,1142575.4,-492575.38,492575.38,75.78083
1200000.0,721228.6,478771.38,478771.38,39.897614
1328800.0,1144276.1,184523.88,184523.88,13.886505
500000.0,1492480.6,-992480.6,992480.6,198.49612
1000000.0,1455653.5,-455653.5,455653.5,45.56535
1520000.0,1077349.2,442650.75,442650.75,29.12176
1150000.0,1142866.2,7133.75,7133.75,0.6203261
1300000.0,1210563.0,89437.0,89437.0,6.8797693
1000000.0,1222751.4,-222751.38,222751.38,22.275139
900000.0,1272561.9,-372561.88,372561.88,41.395763
1000000.0,1253218.9,-253218.88,253218.88,25.321888
650000.0,1099555.9,-449555.88,449555.88,69.16244
700000.0,1477140.0,-777140.0,777140.0,111.020004
800000.0,1080877.9,-280877.88,280877.88,35.109734
1296500.0,1191621.0,104879.0,104879.0,8.089395
2180000.0,1144687.8,1035312.25,1035312.25,47.491386
696000.0,1233502.1,-537502.1,537502.1,77.22732
800000.0,1224889.1,-424889.12,424889.12,53.11114
950000.0,903844.25,46155.75,46155.75,4.8585
1050000.0,1272397.1,-222397.12,222397.12,21.18068
1000000.0,1246497.9,-246497.88,246497.88,24.649788
760000.0,1148985.2,-388985.25,388985.25,51.18227
1006000.0,1341376.4,-335376.38,335376.38,33.337612
1400000.0,1225657.0,174343.0,174343.0,12.453072
1300000.0,1323793.5,-23793.5,23793.5,1.8302692
650500.0,1269425.2,-618925.25,618925.25,95.14608
1800000.0,1201229.6,598770.4,598770.4,33.265022
1250000.0,1500176.4,-250176.38,250176.38,20.01411
900000.0,1086249.2,-186249.25,186249.25,20.69436
1500000.0,1350659.2,149340.75,149340.75,9.95605
500000.0,1187644.5,-687644.5,687644.5,137.5289
1200000.0,1296744.8,-96744.75,96744.75,8.062062
1300000.0,1276450.9,23549.125,23549.125,1.8114712
500000.0,1280985.4,-780985.4,780985.4,156.19707
1061600.0,1263816.5,-202216.5,202216.5,19.048277
500000.0,1292645.8,-792645.75,792645.75,158.52914
1375000.0,1126264.2,248735.75,248735.75,18.089872
500000.0,1429048.2,-929048.25,929048.25,185.80965
960000.0,1197745.1,-237745.12,237745.12,24.765118
700000.0,1211303.9,-511303.88,511303.88,73.04341
588000.0,1177607.6,-589607.6,589607.6,100.27341
550000.0,1322793.6,-772793.6,772793.6,140.50793
1058000.0,1270131.9,-212131.88,212131.88,20.050272
900000.0,1258722.1,-358722.12,358722.12,39.858013
636500.0,1292104.9,-655604.9,655604.9,103.00155
900000.0,1217992.4,-317992.38,317992.38,35.332485
15000000.0,1396623.0,13603377.0,13603377.0,90.68918
565000.0,1280549.5,-715549.5,715549.5,126.645935
1000000.0,1262752.8,-262752.75,262752.75,26.275274
700000.0,1158890.2,-458890.25,458890.25,65.55575
600000.0,1200639.2,-600639.25,600639.25,100.10654
1522000.0,1217673.6,304326.38,304326.38,19.995161
980000.0,1250854.0,-270854.0,270854.0,27.638165
940000.0,1142533.8,-202533.75,202533.75,21.546143
620000.0,1220319.9,-600319.9,600319.9,96.82578
600000.0,1200901.1,-600901.1,600901.1,100.15019
1500000.0,1175504.4,324495.62,324495.62,21.633043
1022000.0,1264794.2,-242794.25,242794.25,23.756775
1500000.0,1232136.9,267863.12,267863.12,17.857542
1066000.0,1218483.1,-152483.12,152483.12,14.304233
627000.0,1206361.8,-579361.75,579361.75,92.4022
510000.0,1618296.6,-1108296.6,1108296.6,217.31308
1735200.0,1210515.1,524684.9,524684.9,30.237717
700000.0,1214433.6,-514433.62,514433.62,73.49052
1652000.0,1280267.4,371732.62,371732.62,22.501976
700000.0,1433551.2,-733551.25,733551.25,104.79304
800000.0,1248557.8,-448557.75,448557.75,56.06972
2760000.0,1301971.2,1458028.8,1458028.8,52.827126
1000000.0,1206841.5,-206841.5,206841.5,20.68415
1000000.0,1215983.6,-215983.62,215983.62,21.598362
1000000.0,1228675.2,-228675.25,228675.25,22.867525
800000.0,1262547.4,-462547.38,462547.38,57.818424
1250000.0,1155673.0,94327.0,94327.0,7.54616
643000.0,1242985.0,-599985.0,599985.0,93.310265
1010000.0,1029786.6,-19786.625,19786.625,1.9590719
720000.0,1220029.1,-500029.12,500029.12,69.44849
800000.0,1175353.9,-375353.88,375353.88,46.919235
750000.0,1174304.8,-424304.75,424304.75,56.57397
900000.0,1221598.6,-321598.62,321598.62,35.73318
1000000.0,1171284.8,-171284.75,171284.75,17.128475
700000.0,1303204.2,-603204.25,603204.25,86.172035
900000.0,1225763.9,-325763.88,325763.88,36.195988
1350000.0,1289583.6,60416.375,60416.375,4.475287
900000.0,1322095.6,-422095.62,422095.62,46.899513
800000.0,1127985.8,-327985.75,327985.75,40.99822
700000.0,1211656.6,-511656.62,511656.62,73.0938
700000.0,1268544.4,-568544.4,568544.4,81.22063
1056000.0,1295686.2,-239686.25,239686.25,22.697561
738000.0,1849037.5,-1111037.5,1111037.5,150.54709
2640000.0,1279979.9,1360020.1,1360020.1,51.515915
1800000.0,1274682.6,525317.4,525317.4,29.1843
1200000.0,1239697.4,-39697.375,39697.375,3.3081145
540000.0,1225561.4,-685561.4,685561.4,126.95581
750000.0,560682.4,189317.62,189317.62,25.24235
1095000.0,1282632.0,-187632.0,187632.0,17.135344
625600.0,1081876.2,-456276.25,456276.25,72.93418
1440000.0,1180355.5,259644.5,259644.5,18.030869
838000.0,1182253.2,-344253.25,344253.25,41.08034
1472800.0,1250608.6,222191.38,222191.38,15.086323
1100000.0,1332300.9,-232300.88,232300.88,21.118261
700000.0,1299092.5,-599092.5,599092.5,85.58464
825200.0,1242747.2,-417547.25,417547.25,50.59952
1600000.0,1236052.0,363948.0,363948.0,22.74675
1160000.0,1351796.8,-191796.75,191796.75,16.534203
1225000.0,1524236.0,-299236.0,299236.0,24.42743
1320000.0,1240958.9,79041.125,79041.125,5.987964
1300000.0,1200507.1,99492.875,99492.875,7.6532984
850000.0,1321581.6,-471581.62,471581.62,55.480194
936000.0,1265909.2,-329909.25,329909.25,35.246716
1160000.0,1299444.4,-139444.38,139444.38,12.021067
1430000.0,1281398.1,148601.88,148601.88,10.39174
1718000.0,1269554.1,448445.88,448445.88,26.102787
722492.0,1275143.2,-552651.25,552651.25,76.49237
1100000.0,1284568.6,-184568.62,184568.62,16.778965
860000.0,1285237.1,-425237.12,425237.12,49.44618
900000.0,1241890.1,-341890.12,341890.12,37.987793
788000.0,1262206.8,-474206.75,474206.75,60.178524
810000.0,1165550.1,-355550.12,355550.12,43.895077
1940000.0,1156104.6,783895.4,783895.4,40.40698
600000.0,1244286.9,-644286.9,644286.9,107.38114
780000.0,1287614.1,-507614.12,507614.12,65.078735
800000.0,1248938.2,-448938.25,448938.25,56.11728
700000.0,1141602.0,-441602.0,441602.0,63.086
650000.0,1171154.4,-521154.38,521154.38,80.1776
420000.0,1329667.0,-909667.0,909667.0,216.58737
1227500.0,1240423.5,-12923.5,12923.5,1.0528309
800000.0,1203409.1,-403409.12,403409.12,50.426144
700000.0,1242545.9,-542545.9,542545.9,77.50655
1200000.0,1206894.0,-6894.0,6894.0,0.5745
500000.0,1328756.5,-828756.5,828756.5,165.7513
1000000.0,1215983.6,-215983.62,215983.62,21.598362
1150000.0,1315493.0,-165493.0,165493.0,14.390696
1140000.0,1359950.6,-219950.62,219950.62,19.293915
832000.0,1145579.4,-313579.38,313579.38,37.689827
650000.0,1125811.4,-475811.38,475811.38,73.20175
1022075.0,1061332.9,-39257.875,39257.875,3.8409975
778000.0,1186962.2,-408962.25,408962.25,52.56584
750000.0,1248948.0,-498948.0,498948.0,66.5264
750000.0,1270592.4,-520592.38,520592.38,69.412315
1650000.0,1110733.5,539266.5,539266.5,32.68282
1200000.0,1383924.5,-183924.5,183924.5,15.327043
700000.0,1089948.6,-389948.62,389948.62,55.706947
1156000.0,1219785.4,-63785.375,63785.375,5.517766
1500000.0,1362279.1,137720.88,137720.88,9.181392
1747000.0,1391221.4,355778.62,355778.62,20.36512
2000000.0,1252616.8,747383.25,747383.25,37.369164
700000.0,1232716.2,-532716.25,532716.25,76.102325
400000.0,1149317.2,-749317.25,749317.25,187.32932
580000.0,1308452.2,-728452.25,728452.25,125.595215
1000000.0,1209063.4,-209063.38,209063.38,20.906338
755000.0,1030097.06,-275097.06,275097.06,36.4367
1240000.0,1312363.2,-72363.25,72363.25,5.835746
850000.0,1122000.0,-272000.0,272000.0,32.0
620000.0,1257500.1,-637500.1,637500.1,102.8226
1232000.0,1332514.5,-100514.5,100514.5,8.158645
800000.0,1223685.0,-423685.0,423685.0,52.96062
800000.0,1311878.5,-511878.5,511878.5,63.98481
1100000.0,1364219.0,-264219.0,264219.0,24.019909
1000000.0,1242112.6,-242112.62,242112.62,24.211262
550000.0,1352790.0,-802790.0,802790.0,145.96182
1440000.0,1267145.0,172855.0,172855.0,12.003819
700000.0,1303861.6,-603861.6,603861.6,86.265945
1100000.0,1555042.6,-455042.62,455042.62,41.36751
1625000.0,1258449.9,366550.12,366550.12,22.55693
920000.0,1383012.8,-463012.75,463012.75,50.327473
725000.0,1290516.6,-565516.6,565516.6,78.00229
1200000.0,1411641.4,-211641.38,211641.38,17.636782
1200000.0,1267460.1,-67460.125,67460.125,5.6216774
900000.0,1204598.4,-304598.38,304598.38,33.844265
600000.0,1186958.9,-586958.9,586958.9,97.82648
1699500.0,1138422.9,561077.1,561077.1,33.014248
500000.0,1272585.4,-772585.4,772585.4,154.51707
2500000.0,1259743.2,1240256.8,1240256.8,49.610268
2200000.0,1097212.8,1102787.2,1102787.2,50.126694
550000.0,1437452.2,-887452.25,887452.25,161.35497
1150000.0,1029835.1,120164.875,120164.875,10.44912
2250000.0,1393281.4,856718.6,856718.6,38.07638
750000.0,1302304.9,-552304.9,552304.9,73.64065
650000.0,1198290.1,-548290.1,548290.1,84.352325
820000.0,1070876.5,-250876.5,250876.5,30.594694
900000.0,1198904.9,-298904.88,298904.88,33.21165
900000.0,1273470.2,-373470.25,373470.25,41.496693
800000.0,1216420.6,-416420.62,416420.62,52.052574
975000.0,1272397.1,-297397.12,297397.12,30.502268
1200000.0,1289514.4,-89514.375,89514.375,7.459531
1104180.0,1256778.5,-152598.5,152598.5,13.820074
1400000.0,1306688.9,93311.125,93311.125,6.66508
900000.0,1227320.8,-327320.75,327320.75,36.368973
500000.0,1431526.8,-931526.75,931526.75,186.30534
10000000.0,1213919.4,8786081.0,8786081.0,87.86081
800000.0,1378870.6,-578870.6,578870.6,72.358826
1700000.0,1206755.0,493245.0,493245.0,29.014412
780000.0,1264450.9,-484450.88,484450.88,62.10909
900000.0,1268930.2,-368930.25,368930.25,40.992252
850000.0,1223119.2,-373119.25,373119.25,43.89638
900000.0,1422160.5,-522160.5,522160.5,58.017834
1600000.0,1271209.1,328790.88,328790.88,20.54943
650000.0,1132603.2,-482603.25,482603.25,74.24665
1994000.0,1346335.8,647664.25,647664.25,32.480656
1170000.0,1267926.6,-97926.625,97926.625,8.369797
2350000.0,1318048.4,1031951.6,1031951.6,43.912834
1160000.0,1251693.0,-91693.0,91693.0,7.904569
1000000.0,1391468.9,-391468.88,391468.88,39.14689
900000.0,1243700.8,-343700.75,343700.75,38.188972
1000000.0,1266129.1,-266129.12,266129.12,26.612913
605200.0,1191920.4,-586720.4,586720.4,96.946526
650000.0,1178832.4,-528832.4,528832.4,81.358826
800000.0,964908.8,-164908.81,164908.81,20.613602
1000000.0,1290695.8,-290695.75,290695.75,29.069576
1350000.0,1163077.0,186923.0,186923.0,13.8461485
542660.0,1272270.4,-729610.4,729610.4,134.45073
750000.0,1282498.9,-532498.9,532498.9,70.99985
600000.0,1135239.8,-535239.75,535239.75,89.20663
1170000.0,1417443.1,-247443.12,247443.12,21.148985
882000.0,1230009.5,-348009.5,348009.5,39.45686
800000.0,1512428.9,-712428.9,712428.9,89.053604
800000.0,1318083.6,-518083.62,518083.62,64.76045
1180000.0,1247649.0,-67649.0,67649.0,5.7329664
800000.0,1267328.4,-467328.38,467328.38,58.416046
950000.0,981596.94,-31596.938,31596.938,3.3259935
1065000.0,1201068.0,-136068.0,136068.0,12.776338
1200000.0,1093284.8,106715.25,106715.25,8.892938
729080.0,1287440.9,-558360.9,558360.9,76.58431
1800000.0,1260334.2,539665.75,539665.75,29.981432
1200000.0,1299537.6,-99537.625,99537.625,8.294802
800000.0,1116057.9,-316057.88,316057.88,39.507233
700000.0,1044603.8,-344603.8,344603.8,49.229115
1408000.0,1247141.5,160858.5,160858.5,11.424609
1250000.0,1312049.5,-62049.5,62049.5,4.96396
500000.0,1270454.9,-770454.9,770454.9,154.09097
702000.0,1355256.2,-653256.25,653256.25,93.05645
720000.0,1263028.0,-543028.0,543028.0,75.420555
1800000.0,1278356.4,521643.62,521643.62,28.980202
550000.0,1287043.2,-737043.25,737043.25,134.00786
961050.0,1165112.2,-204062.25,204062.25,21.233261
490000.0,1257843.5,-767843.5,767843.5,156.70276
900000.0,1180603.5,-280603.5,280603.5,31.178167
775000.0,1123576.8,-348576.75,348576.75,44.977646
900000.0,1250723.9,-350723.88,350723.88,38.96932
700000.0,1299143.9,-599143.9,599143.9,85.59198
910000.0,1285434.5,-375434.5,375434.5,41.25654
850000.0,1242885.4,-392885.38,392885.38,46.22181
1125000.0,1277628.5,-152628.5,152628.5,13.566978
600000.0,1132482.6,-532482.6,532482.6,88.7471
2500000.0,1223146.9,1276853.1,1276853.1,51.074123
1050000.0,1241194.2,-191194.25,191194.25,18.208977
680000.0,1411990.1,-731990.1,731990.1,107.64561
700000.0,1217533.0,-517533.0,517533.0,73.93329
2380000.0,1124423.9,1255576.1,1255576.1,52.755302
1200000.0,1151118.9,48881.125,48881.125,4.073427
760000.0,1203134.6,-443134.62,443134.62,58.30719
800000.0,1390461.6,-590461.6,590461.6,73.8077
1100000.0,1267023.0,-167023.0,167023.0,15.183909
640000.0,1258462.1,-618462.1,618462.1,96.63471
700000.0,1271880.5,-571880.5,571880.5,81.69721
700000.0,1122326.5,-422326.5,422326.5,60.33236
1900000.0,1179582.9,720417.1,720417.1,37.91669
1650000.0,1286470.5,363529.5,363529.5,22.032091
3000000.0,1253728.6,1746271.4,1746271.4,58.209045
1170000.0,1437106.5,-267106.5,267106.5,22.829617
770000.0,1261292.1,-491292.12,491292.12,63.804173
670000.0,1163749.4,-493749.38,493749.38,73.69394
2200000.0,1224122.8,975877.25,975877.25,44.358055
2300000.0,1323682.9,976317.1,976317.1,42.44857
1055000.0,1163072.6,-108072.625,108072.625,10.243851
8000000.0,1428065.9,6571934.0,6571934.0,82.14918
1555875.0,1176154.2,379720.75,379720.75,24.405607
800000.0,1267231.2,-467231.25,467231.25,58.403908
1500000.0,1093995.1,406004.88,406004.88,27.06699
600000.0,1304855.5,-704855.5,704855.5,117.475914
690000.0,1223071.0,-533071.0,533071.0,77.25667
1376000.0,1147853.1,228146.88,228146.88,16.580442
1421000.0,1419453.0,1547.0,1547.0,0.108867
730000.0,1389412.4,-659412.4,659412.4,90.33047
700000.0,1228664.9,-528664.9,528664.9,75.52355
1000000.0,1158677.9,-158677.88,158677.88,15.867787
400000.0,1198750.5,-798750.5,798750.5,199.68762
1300000.0,1260385.5,39614.5,39614.5,3.047269
818000.0,1211656.6,-393656.62,393656.62,48.12428
800000.0,1272902.9,-472902.88,472902.88,59.112858
800000.0,1245870.9,-445870.88,445870.88,55.73386
960000.0,1179879.1,-219879.12,219879.12,22.904076
900000.0,1108691.9,-208691.88,208691.88,23.187986
1300000.0,1234161.1,65838.875,65838.875,5.064529
750000.0,1156066.6,-406066.62,406066.62,54.14222
550000.0,1197444.8,-647444.75,647444.75,117.71723
500000.0,1211458.5,-711458.5,711458.5,142.2917
500000.0,949115.06,-449115.06,449115.06,89.82301
1396500.0,1227399.5,169100.5,169100.5,12.108879
980000.0,1580236.4,-600236.4,600236.4,61.24861
2760000.0,1176074.4,1583925.6,1583925.6,57.38861
700000.0,1034849.06,-334849.06,334849.06,47.83558
639500.0,1367638.1,-728138.1,728138.1,113.860535
750000.0,1042935.44,-292935.44,292935.44,39.05806
550000.0,1186399.2,-636399.25,636399.25,115.70896
637500.0,1133942.2,-496442.25,496442.25,77.8733
950000.0,1041034.2,-91034.19,91034.19,9.582546
1015000.0,1125201.9,-110201.875,110201.875,10.857327
1400000.0,1294473.5,105526.5,105526.5,7.537607
1110000.0,1256733.0,-146733.0,146733.0,13.21919
1500000.0,1252382.0,247618.0,247618.0,16.507868
1650000.0,1217785.0,432215.0,432215.0,26.194849
550000.0,1153494.4,-603494.4,603494.4,109.72625
1000000.0,1325534.5,-325534.5,325534.5,32.553448
700000.0,1478425.6,-778425.6,778425.6,111.20366
840000.0,1215784.9,-375784.88,375784.88,44.736298
1245000.0,1281389.5,-36389.5,36389.5,2.9228513
700000.0,1245753.8,-545753.75,545753.75,77.96482
800000.0,1062243.1,-262243.12,262243.12,32.78039
600000.0,1115989.0,-515989.0,515989.0,85.99817
782000.0,1274214.2,-492214.25,492214.25,62.943
800000.0,918752.44,-118752.44,118752.44,14.844054
700000.0,1312397.8,-612397.75,612397.75,87.48539
640000.0,1292851.0,-652851.0,652851.0,102.00797
810000.0,1260632.6,-450632.62,450632.62,55.63366
1800000.0,1215035.6,584964.4,584964.4,32.49802
1200000.0,877014.9,322985.12,322985.12,26.915428
554500.0,1081167.8,-526667.75,526667.75,94.98066
1000000.0,1267268.4,-267268.38,267268.38,26.72684
600000.0,1314721.5,-714721.5,714721.5,119.120255
1600000.0,1262411.9,337588.12,337588.12,21.099258
1350000.0,1226811.9,123188.125,123188.125,9.125047
600000.0,1147894.1,-547894.1,547894.1,91.31569
1947000.0,1217910.5,729089.5,729089.5,37.446815
1000000.0,1176055.8,-176055.75,176055.75,17.605574
610000.0,1255691.1,-645691.1,645691.1,105.851006
2338000.0,1251702.8,1086297.2,1086297.2,46.46267
600000.0,1342255.2,-742255.25,742255.25,123.70921
598000.0,1618496.1,-1020496.1,1020496.1,170.65154
3000000.0,1215046.1,1784953.9,1784953.9,59.498466
1348480.0,1290273.1,58206.875,58206.875,4.3164806
850000.0,1364451.6,-514451.62,514451.62,60.52372
800000.0,1401884.6,-601884.6,601884.6,75.23557
620000.0,1154109.9,-534109.9,534109.9,86.14675
1780000.0,1296224.6,483775.38,483775.38,27.178392
1500000.0,1255093.6,244906.38,244906.38,16.327091
1020000.0,1153186.6,-133186.62,133186.62,13.057512
600000.0,1244057.0,-644057.0,644057.0,107.34284
920000.0,1203915.4,-283915.38,283915.38,30.860367
900000.0,1294225.0,-394225.0,394225.0,43.802776
580500.0,1250471.5,-669971.5,669971.5,115.412834
700000.0,1313808.0,-613808.0,613808.0,87.68685
350000.0,1214458.2,-864458.25,864458.25,246.98808
458116.0,1268819.9,-810703.9,810703.9,176.96475
1319000.0,1387620.8,-68620.75,68620.75,5.202483
900000.0,1395044.9,-495044.88,495044.88,55.004986
800000.0,1207801.9,-407801.88,407801.88,50.975235
970000.0,1264046.4,-294046.38,294046.38,30.314058
1350000.0,1277847.5,72152.5,72152.5,5.34463
6001775.0,1178435.0,4823340.0,4823340.0,80.36522
800000.0,1213421.2,-413421.25,413421.25,51.677658
800000.0,1220282.5,-420282.5,420282.5,52.535313
1650000.0,1246550.8,403449.25,403449.25,24.45147
1800000.0,1305569.9,494430.12,494430.12,27.468342
950000.0,1184222.8,-234222.75,234222.75,24.655025
2000000.0,1270841.6,729158.4,729158.4,36.45792
1314000.0,1417724.0,-103724.0,103724.0,7.8937597
3100000.0,1187038.1,1912961.9,1912961.9,61.70845
1200000.0,1226352.4,-26352.375,26352.375,2.1960313
700000.0,1234574.9,-534574.9,534574.9,76.367836
1139000.0,1162851.1,-23851.125,23851.125,2.0940409
1000000.0,1103601.2,-103601.25,103601.25,10.360125
850000.0,1299502.5,-449502.5,449502.5,52.88265
650000.0,1277416.0,-627416.0,627416.0,96.525536
500000.0,1245091.2,-745091.25,745091.25,149.01825
1160000.0,1198903.2,-38903.25,38903.25,3.3537283
2160000.0,1267289.8,892710.25,892710.25,41.329178
650000.0,1122001.4,-472001.38,472001.38,72.61559
750000.0,1297384.2,-547384.25,547384.25,72.984566
723500.0,1367640.1,-644140.1,644140.1,89.03112
700000.0,1271989.4,-571989.4,571989.4,81.71277
1180800.0,1175902.1,4897.875,4897.875,0.41479293
840000.0,1346715.5,-506715.5,506715.5,60.323273
1100000.0,1226850.6,-126850.625,126850.625,11.531876
800000.0,1271880.4,-471880.38,471880.38,58.98505
1450000.0,1279536.9,170463.12,170463.12,11.756078
750000.0,1287148.4,-537148.4,537148.4,71.61978
1755000.0,1256451.0,498549.0,498549.0,28.40735
1015000.0,1133401.8,-118401.75,118401.75,11.665196
950000.0,1289521.2,-339521.25,339521.25,35.73908
1780049.0,1242298.2,537750.75,537750.75,30.209885
1000000.0,1310698.1,-310698.12,310698.12,31.069813
1400000.0,1129411.8,270588.25,270588.25,19.327732
650000.0,1198987.9,-548987.9,548987.9,84.45967
1600000.0,1241729.4,358270.62,358270.62,22.391914
3200000.0,1096658.5,2103341.5,2103341.5,65.72942
800000.0,1206953.5,-406953.5,406953.5,50.869186
950000.0,1300913.0,-350913.0,350913.0,36.93821
660000.0,1241435.8,-581435.75,581435.75,88.09633
900000.0,1224885.2,-324885.25,324885.25,36.098362
588000.0,1247403.2,-659403.25,659403.25,112.14341
1400000.0,1203803.6,196196.38,196196.38,14.014027
800000.0,1059641.1,-259641.12,259641.12,32.45514
1170000.0,1387273.5,-217273.5,217273.5,18.570385
747000.0,1288024.2,-541024.25,541024.25,72.42627
1623200.0,1263813.9,359386.12,359386.12,22.140594
1170000.0,1049479.4,120520.625,120520.625,10.300908
960000.0,1425123.6,-465123.62,465123.62,48.45038
536000.0,1025147.75,-489147.75,489147.75,91.25891
800000.0,1232754.2,-432754.25,432754.25,54.09428
800000.0,1241498.6,-441498.62,441498.62,55.18733
700000.0,1179106.0,-479106.0,479106.0,68.44372
600000.0,1202414.9,-602414.9,602414.9,100.40247
1280000.0,1212507.9,67492.125,67492.125,5.272822
750000.0,1216444.9,-466444.88,466444.88,62.19265
900000.0,1420984.2,-520984.25,520984.25,57.88714
2500000.0,1279543.0,1220457.0,1220457.0,48.818283
800000.0,1251961.5,-451961.5,451961.5,56.49519
750000.0,1397431.9,-647431.9,647431.9,86.32425
600000.0,1253783.9,-653783.9,653783.9,108.96398
800000.0,1233126.4,-433126.38,433126.38,54.140793
4300000.0,1496425.4,2803574.5,2803574.5,65.1994
598000.0,1246158.0,-648158.0,648158.0,108.38763
600000.0,1220162.0,-620162.0,620162.0,103.36033
2160000.0,1267287.4,892712.6,892712.6,41.32929
488160.0,1465969.8,-977809.75,977809.75,200.30518
900000.0,1229988.1,-329988.12,329988.12,36.665348
1080000.0,1322130.1,-242130.12,242130.12,22.419456
1036880.0,999873.1,37006.875,37006.875,3.5690606
940000.0,1251316.0,-311316.0,311316.0,33.118725
1000000.0,1390593.4,-390593.38,390593.38,39.059338
1800000.0,1271947.2,528052.75,528052.75,29.336266
800000.0,1101931.1,-301931.12,301931.12,37.74139
1600000.0,1209300.5,390699.5,390699.5,24.418718
1025000.0,1227569.4,-202569.38,202569.38,19.762867
1250000.0,1200605.1,49394.875,49394.875,3.95159
1120000.0,1230287.5,-110287.5,110287.5,9.847097
1086000.0,1188885.9,-102885.875,102885.875,9.473837
850000.0,1293467.9,-443467.88,443467.88,52.17269
920000.0,1427041.5,-507041.5,507041.5,55.11321
800000.0,1158678.2,-358678.25,358678.25,44.83478
11500000.0,1209860.0,10290140.0,10290140.0,89.47948
800000.0,1239808.2,-439808.25,439808.25,54.976036
700000.0,1123809.8,-423809.75,423809.75,60.54425
788000.0,1247490.5,-459490.5,459490.5,58.310978
1150000.0,1553184.4,-403184.38,403184.38,35.059513
2520000.0,1285764.5,1234235.5,1234235.5,48.9776
1450000.0,1108467.9,341532.12,341532.12,23.55394
1200000.0,1252507.6,-52507.625,52507.625,4.3756356
500000.0,1326138.1,-826138.1,826138.1,165.22763
1050000.0,1321860.8,-271860.75,271860.75,25.8915
1320000.0,1214883.4,105116.625,105116.625,7.963381
1200000.0,1253459.2,-53459.25,53459.25,4.4549375
950000.0,1262770.0,-312770.0,312770.0,32.92316
937000.0,1260385.8,-323385.75,323385.75,34.512886
850000.0,1222697.5,-372697.5,372697.5,43.846764
2326000.0,1176854.4,1149145.6,1149145.6,49.40437
1100000.0,1332402.6,-232402.62,232402.62,21.127512
878000.0,1061133.4,-183133.38,183133.38,20.858015
1500000.0,1272145.0,227855.0,227855.0,15.190333
790000.0,1618496.1,-828496.1,828496.1,104.87293
680000.0,1894827.5,-1214827.5,1214827.5,178.65111
600000.0,1179497.6,-579497.6,579497.6,96.58294
850000.0,1161328.0,-311328.0,311328.0,36.626823
667200.0,1125476.1,-458276.12,458276.12,68.68647
1100000.0,1216583.2,-116583.25,116583.25,10.598477
520000.0,1231207.6,-711207.6,711207.6,136.7707
1000000.0,1237635.4,-237635.38,237635.38,23.763538
1625000.0,1141803.4,483196.62,483196.62,29.735178
3040000.0,1077842.8,1962157.2,1962157.2,64.54465
1152000.0,1217881.0,-65881.0,65881.0,5.718837
900000.0,1116009.4,-216009.38,216009.38,24.001041
800000.0,1491457.9,-691457.9,691457.9,86.432236
650000.0,1338153.9,-688153.9,688153.9,105.86983
352000.0,1095068.1,-743068.1,743068.1,211.0989
628000.0,1215781.0,-587781.0,587781.0,93.5957
1200000.0,1263991.5,-63991.5,63991.5,5.332625
1500000.0,1057186.0,442814.0,442814.0,29.520935
925500.0,1261300.6,-335800.62,335800.62,36.283157
650000.0,1298341.1,-648341.1,648341.1,99.74479
800000.0,1554632.8,-754632.75,754632.75,94.329094
4000000.0,1234624.8,2765375.2,2765375.2,69.13438
900000.0,1203638.0,-303638.0,303638.0,33.737556
1520000.0,1464498.4,55501.625,55501.625,3.6514227
1920000.0,1382952.9,537047.1,537047.1,27.971205
1125000.0,1261144.9,-136144.88,136144.88,12.101767
6000000.0,1396646.1,4603354.0,4603354.0,76.722565
800000.0,1283860.9,-483860.88,483860.88,60.48261
850000.0,1231458.1,-381458.12,381458.12,44.877426
975000.0,1117981.4,-142981.38,142981.38,14.664756
770000.0,1171521.5,-401521.5,401521.5,52.14565
700000.0,1222234.0,-522234.0,522234.0,74.60486
630000.0,1873355.1,-1243355.1,1243355.1,197.35796
588000.0,1336287.6,-748287.6,748287.6,127.2598
1130000.0,1258957.2,-128957.25,128957.25,11.412146
1800000.0,1236745.6,563254.4,563254.4,31.29191
750000.0,1226399.6,-476399.62,476399.62,63.519947
1800000.0,1158666.8,641333.25,641333.25,35.629623
800000.0,1259538.2,-459538.25,459538.25,57.442284
1160000.0,1272673.0,-112673.0,112673.0,9.713189
700000.0,1210571.1,-510571.12,510571.12,72.938736
638800.0,1086632.4,-447832.38,447832.38,70.105255
600000.0,1167853.1,-567853.1,567853.1,94.64219
1400000.0,1092889.2,307110.75,307110.75,21.936481
1200000.0,1243585.9,-43585.875,43585.875,3.6321561
1150000.0,1214646.1,-64646.125,64646.125,5.6214023
800000.0,1182454.9,-382454.88,382454.88,47.806858
1400000.0,1225601.4,174398.62,174398.62,12.457045
2300000.0,1198898.9,1101101.1,1101101.1,47.873962
766800.0,1184191.1,-417391.12,417391.12,54.432858
1000000.0,1208850.5,-208850.5,208850.5,20.88505
800000.0,1205552.4,-405552.38,405552.38,50.69405
1500000.0,1254633.9,245366.12,245366.12,16.357742
1200000.0,1285155.8,-85155.75,85155.75,7.096312
980000.0,1241108.2,-261108.25,261108.25,26.6437
1150000.0,1151011.2,-1011.25,1011.25,0.087934785
650000.0,1309199.9,-659199.9,659199.9,101.41536
600000.0,1432409.5,-832409.5,832409.5,138.73491
1701000.0,1203520.2,497479.75,497479.75,29.246313
936000.0,1142719.8,-206719.75,206719.75,22.085443
2410000.0,1218750.1,1191249.9,1191249.9,49.429455
1600000.0,1233757.0,366243.0,366243.0,22.890188
800000.0,1182856.8,-382856.75,382856.75,47.857094
1300000.0,1180842.0,119158.0,119158.0,9.166
10000000.0,1263219.0,8736781.0,8736781.0,87.367805
1015000.0,1260110.0,-245110.0,245110.0,24.148767
1400000.0,1297527.9,102472.125,102472.125,7.3194375
2640000.0,1195824.6,1444175.4,1444175.4,54.70361
670000.0,1138646.8,-468646.75,468646.75,69.94728
906000.0,1231967.9,-325967.88,325967.88,35.978794
610000.0,1278734.8,-668734.75,668734.75,109.62864
1500000.0,1284826.8,215173.25,215173.25,14.344883
850000.0,1294023.8,-444023.75,444023.75,52.23809
1290000.0,1236350.2,53649.75,53649.75,4.1588955
1100000.0,1311648.0,-211648.0,211648.0,19.240726
850000.0,1302532.2,-452532.25,452532.25,53.23909
900000.0,1241729.4,-341729.38,341729.38,37.969933
1160000.0,1278362.1,-118362.125,118362.125,10.203631
800000.0,1174337.9,-374337.88,374337.88,46.792233
650000.0,1290370.2,-640370.25,640370.25,98.5185
550000.0,1383082.5,-833082.5,833082.5,151.46954
800000.0,1318073.2,-518073.25,518073.25,64.759155
1200000.0,1150516.0,49484.0,49484.0,4.1236663
800000.0,1236043.1,-436043.12,436043.12,54.50539
1000000.0,1217799.5,-217799.5,217799.5,21.77995
2400000.0,1198898.9,1201101.1,1201101.1,50.04588
600000.0,1284581.8,-684581.75,684581.75,114.09696
1100000.0,1259928.8,-159928.75,159928.75,14.538977
1100000.0,1252274.5,-152274.5,152274.5,13.843137
650000.0,1233970.0,-583970.0,583970.0,89.84154
1500000.0,1270808.6,229191.38,229191.38,15.279426
480000.0,1268817.5,-788817.5,788817.5,164.33698
700000.0,1335713.2,-635713.25,635713.25,90.81618
500000.0,1122543.0,-622543.0,622543.0,124.5086
803600.0,1216271.4,-412671.38,412671.38,51.352837
700000.0,1155918.2,-455918.25,455918.25,65.13118
1815000.0,1253836.1,561163.9,561163.9,30.918118
450000.0,1184140.4,-734140.4,734140.4,163.1423
1475000.0,1520059.5,-45059.5,45059.5,3.0548813
881250.0,1151390.2,-270140.25,270140.25,30.654213
1372500.0,1204688.8,167811.25,167811.25,12.226686
1000000.0,1263235.1,-263235.12,263235.12,26.323513
2540000.0,1186141.4,1353858.6,1353858.6,53.301517
1150000.0,1040307.3,109692.69,109692.69,9.538495
700000.0,1260520.2,-560520.25,560520.25,80.074326
1200000.0,1274736.1,-74736.125,74736.125,6.22801
1000000.0,1350302.8,-350302.75,350302.75,35.030277
877500.0,1131261.8,-253761.75,253761.75,28.91872
1000000.0,1083570.9,-83570.875,83570.875,8.357087
630000.0,1078884.8,-448884.75,448884.75,71.25155
1150000.0,1276678.1,-126678.125,126678.125,11.015489
1770000.0,1293237.0,476763.0,476763.0,26.935762
2006000.0,1107029.6,898970.4,898970.4,44.814075
1450000.0,1169679.2,280320.75,280320.75,19.332466
1084000.0,1227072.5,-143072.5,143072.5,13.198569
1920000.0,1087524.8,832475.25,832475.25,43.358086
600000.0,1369647.9,-769647.9,769647.9,128.27464
800000.0,1224613.6,-424613.62,424613.62,53.076702
1300000.0,1402947.5,-102947.5,102947.5,7.919039
1000000.0,1224595.1,-224595.12,224595.12,22.459513
750000.0,1211163.2,-461163.25,461163.25,61.48843
550000.0,1477453.4,-927453.4,927453.4,168.62788
1600000.0,1253556.5,346443.5,346443.5,21.65272
1160000.0,1217977.5,-57977.5,57977.5,4.99806
680000.0,1271614.8,-591614.75,591614.75,87.00217
787000.0,1254616.8,-467616.75,467616.75,59.41763
1000000.0,1213513.9,-213513.88,213513.88,21.351389
2360000.0,1247522.8,1112477.2,1112477.2,47.138866
500000.0,1136626.0,-636626.0,636626.0,127.3252
1330000.0,1321718.8,8281.25,8281.25,0.6226504
840000.0,1278359.5,-438359.5,438359.5,52.185654
750000.0,1222769.5,-472769.5,472769.5,63.035934
1100000.0,873515.6,226484.38,226484.38,20.589489
900000.0,1475088.4,-575088.4,575088.4,63.898705
2160000.0,1252616.2,907383.75,907383.75,42.008507
700000.0,1308279.0,-608279.0,608279.0,86.896996
800000.0,1268752.0,-468752.0,468752.0,58.594
2800000.0,1198579.5,1601420.5,1601420.5,57.19359
600000.0,1257518.8,-657518.75,657518.75,109.58646
3000000.0,1262394.2,1737605.8,1737605.8,57.920193
1500000.0,1246528.5,253471.5,253471.5,16.8981
612500.0,1167090.4,-554590.4,554590.4,90.545364
1580000.0,1232268.6,347731.38,347731.38,22.008314
2400000.0,1224887.2,1175112.8,1175112.8,48.96303
1350000.0,1228812.9,121187.125,121187.125,8.976824
495000.0,1280708.9,-785708.9,785708.9,158.72906
800000.0,1237641.0,-437641.0,437641.0,54.705124
1306500.0,1225807.4,80692.625,80692.625,6.176244
850000.0,1269422.9,-419422.88,419422.88,49.34387
1320000.0,1242815.0,77185.0,77185.0,5.8473487
820000.0,1103280.2,-283280.25,283280.25,34.54637
784000.0,1261711.5,-477711.5,477711.5,60.932587
500000.0,1441289.6,-941289.6,941289.6,188.25792
1100000.0,1200624.6,-100624.625,100624.625,9.147694
615200.0,1195615.6,-580415.6,580415.6,94.34584
2720000.0,1164872.8,1555127.2,1555127.2,57.173794
1750000.0,1230040.0,519960.0,519960.0,29.712
1046200.0,1123431.1,-77231.125,77231.125,7.3820615
1150000.0,1289266.6,-139266.62,139266.62,12.110142
810000.0,1258504.1,-448504.12,448504.12,55.37088
1223000.0,1121421.0,101579.0,101579.0,8.305724
600000.0,1180513.5,-580513.5,580513.5,96.75225
900000.0,1268632.0,-368632.0,368632.0,40.95911
688000.0,1200353.8,-512353.75,512353.75,74.47002
645000.0,1246589.5,-601589.5,601589.5,93.26969
1200000.0,1265937.1,-65937.125,65937.125,5.4947605
710000.0,1274367.1,-564367.1,564367.1,79.48833
810000.0,1205567.1,-395567.12,395567.12,48.83545
660000.0,1281896.1,-621896.1,621896.1,94.226685
800000.0,1326440.9,-526440.9,526440.9,65.80511
800000.0,1275740.0,-475740.0,475740.0,59.4675
1350000.0,1210010.6,139989.38,139989.38,10.369583
2400000.0,1138804.8,1261195.2,1261195.2,52.549805
750000.0,1246610.5,-496610.5,496610.5,66.21474
800000.0,1258505.8,-458505.75,458505.75,57.31322
480000.0,1249525.5,-769525.5,769525.5,160.31781
1100000.0,1285461.1,-185461.12,185461.12,16.860102
1200000.0,1265235.9,-65235.875,65235.875,5.4363227
1430000.0,1411829.5,18170.5,18170.5,1.2706643
900000.0,1029600.75,-129600.75,129600.75,14.400083
1542800.0,1341039.1,201760.88,201760.88,13.077578
1110000.0,1274805.1,-164805.12,164805.12,14.847308
650000.0,1132644.6,-482644.62,482644.62,74.25301
1684500.0,1164326.0,520174.0,520174.0,30.880026
780000.0,1293700.5,-513700.5,513700.5,65.85904
500000.0,1018127.94,-518127.94,518127.94,103.62558
850000.0,1248944.0,-398944.0,398944.0,46.934586
1500000.0,1268550.1,231449.88,231449.88,15.429992
1010000.0,1161359.5,-151359.5,151359.5,14.986089
840000.0,1215044.6,-375044.62,375044.62,44.64817
600000.0,1211018.2,-611018.25,611018.25,101.83637
1000000.0,1198353.0,-198353.0,198353.0,19.8353
850000.0,1265444.9,-415444.88,415444.88,48.87587
900000.0,1260710.9,-360710.88,360710.88,40.078987
1200000.0,1278332.6,-78332.625,78332.625,6.527719
1008000.0,1270179.9,-262179.88,262179.88,26.009909
850000.0,1310880.4,-460880.38,460880.38,54.22122
700000.0,987768.6,-287768.62,287768.62,41.109802
1180000.0,1261098.5,-81098.5,81098.5,6.8727546
966000.0,1060936.5,-94936.5,94936.5,9.827795
1200000.0,1236082.1,-36082.125,36082.125,3.0068436
970000.0,1260017.5,-290017.5,290017.5,29.898712
1796000.0,1246224.4,549775.6,549775.6,30.611116
965000.0,1204002.1,-239002.12,239002.12,24.76706
750000.0,1174321.8,-424321.75,424321.75,56.576233
700000.0,1351002.0,-651002.0,651002.0,93.00029
1400000.0,1019455.9,380544.12,380544.12,27.181725
890000.0,1135529.5,-245529.5,245529.5,27.587584
900000.0,1223974.1,-323974.12,323974.12,35.997124
975000.0,1164866.0,-189866.0,189866.0,19.473436
1862000.0,1210033.4,651966.6,651966.6,35.01432
1200000.0,1200629.5,-629.5,629.5,0.052458335
1000000.0,1294163.0,-294163.0,294163.0,29.416298
950000.0,1214070.2,-264070.25,264070.25,27.796867
1300000.0,1167432.6,132567.38,132567.38,10.197491
900000.0,1297758.2,-397758.25,397758.25,44.19536
612500.0,1308751.8,-696251.75,696251.75,113.67376
1300000.0,1096629.8,203370.25,203370.25,15.643865
1250000.0,1325465.9,-75465.875,75465.875,6.03727
800000.0,1130368.8,-330368.75,330368.75,41.296093
800000.0,1265183.8,-465183.75,465183.75,58.14797
1500000.0,1112090.6,387909.38,387909.38,25.860626
760000.0,1221390.1,-461390.12,461390.12,60.709225
650000.0,1102369.6,-452369.62,452369.62,69.59532
500000.0,1044959.1,-544959.1,544959.1,108.99183
750000.0,1323759.6,-573759.6,573759.6,76.50129
800000.0,1194590.1,-394590.12,394590.12,49.323765
450000.0,1256535.1,-806535.1,806535.1,179.23003
1200000.0,1032549.2,167450.81,167450.81,13.954234
800000.0,1274910.6,-474910.62,474910.62,59.36383
1698562.0,1209988.2,488573.75,488573.75,28.763962
500000.0,1272849.9,-772849.9,772849.9,154.56998
910000.0,1170616.9,-260616.88,260616.88,28.639217
600000.0,1210298.9,-610298.9,610298.9,101.716484
860000.0,1224076.6,-364076.62,364076.62,42.33449
2000000.0,1226700.4,773299.6,773299.6,38.66498
850000.0,1072401.9,-222401.88,222401.88,26.164925
900000.0,1274804.4,-374804.38,374804.38,41.64493
890000.0,1092133.0,-202133.0,202133.0,22.711573
700000.0,1218879.5,-518879.5,518879.5,74.12564
682200.0,1189486.5,-507286.5,507286.5,74.360374
1200000.0,1371424.6,-171424.62,171424.62,14.285385
1900000.0,1248664.5,651335.5,651335.5,34.280815
1200000.0,1227503.4,-27503.375,27503.375,2.291948
1140000.0,1119667.0,20333.0,20333.0,1.7835965
1000000.0,1166368.6,-166368.62,166368.62,16.636862
800000.0,1197843.4,-397843.38,397843.38,49.730423
1944800.0,1249755.5,695044.5,695044.5,35.73861
2800000.0,1239602.0,1560398.0,1560398.0,55.7285
900000.0,1175872.8,-275872.75,275872.75,30.652529
750000.0,1441284.8,-691284.75,691284.75,92.1713
1597000.0,1246979.2,350020.75,350020.75,21.917393
620000.0,1175259.5,-555259.5,555259.5,89.55798
1950000.0,1178843.8,771156.25,771156.25,39.546474
750000.0,1258526.1,-508526.12,508526.12,67.80348
700000.0,1224505.1,-524505.1,524505.1,74.929306
1600000.0,1270003.0,329997.0,329997.0,20.624811
600000.0,1341272.2,-741272.25,741272.25,123.54537
1250000.0,1139151.9,110848.125,110848.125,8.86785
790000.0,1271690.1,-481690.12,481690.12,60.973434
1080000.0,1217958.6,-137958.62,137958.62,12.773948
950000.0,1087037.4,-137037.38,137037.38,14.424987
941600.0,1241729.4,-300129.38,300129.38,31.874403
1000000.0,1259562.1,-259562.12,259562.12,25.956213
1000000.0,1177871.6,-177871.62,177871.62,17.787163
550400.0,1224821.2,-674421.25,674421.25,122.53293
980000.0,1206212.4,-226212.38,226212.38,23.082895
910150.0,1289350.2,-379200.25,379200.25,41.66349
1640000.0,1176300.2,463699.75,463699.75,28.274376
490000.0,1243452.9,-753452.9,753452.9,153.7659
1824000.0,1266445.9,557554.1,557554.1,30.567661
482000.0,1222416.6,-740416.6,740416.6,153.61342
1250000.0,1310057.5,-60057.5,60057.5,4.8046002
1200000.0,1026689.25,173310.75,173310.75,14.442563
756800.0,1111888.6,-355088.62,355088.62,46.919746
1160000.0,1382823.9,-222823.88,222823.88,19.208954
750000.0,1165797.6,-415797.62,415797.62,55.439682
1030000.0,1278277.5,-248277.5,248277.5,24.104612
800000.0,1281529.2,-481529.25,481529.25,60.191154
750000.0,1175180.5,-425180.5,425180.5,56.690735
588000.0,1076835.6,-488835.62,488835.62,83.135315
400000.0,1106474.1,-706474.1,706474.1,176.61853
550000.0,1182142.2,-632142.25,632142.25,114.93496
900000.0,1259824.6,-359824.62,359824.62,39.980515
950000.0,1310029.0,-360029.0,360029.0,37.89779
800000.0,1244766.2,-444766.25,444766.25,55.59578
906000.0,1388996.2,-482996.25,482996.25,53.31085
1300000.0,1224825.8,75174.25,75174.25,5.7826347
820000.0,1099418.9,-279418.88,279418.88,34.07547
1200000.0,1141601.9,58398.125,58398.125,4.8665104
1204000.0,1244546.2,-40546.25,40546.25,3.3676288
850000.0,1298829.2,-448829.25,448829.25,52.80344
1960000.0,1278366.5,681633.5,681633.5,34.777218
1250000.0,1288192.6,-38192.625,38192.625,3.0554101
705000.0,1318085.2,-613085.25,613085.25,86.96245
1012000.0,1239890.0,-227890.0,227890.0,22.518774
1000000.0,1241729.4,-241729.38,241729.38,24.172937
1350000.0,1234734.6,115265.375,115265.375,8.538177
1000000.0,1088147.8,-88147.75,88147.75,8.814775
1030000.0,1268042.0,-238042.0,238042.0,23.110874
2156000.0,1162791.0,993209.0,993209.0,46.067207
1113000.0,1315568.2,-202568.25,202568.25,18.200203
700000.0,1180313.6,-480313.62,480313.62,68.61623
900000.0,1280810.5,-380810.5,380810.5,42.312275
593600.0,1126322.5,-532722.5,532722.5,89.74436
1735000.0,1128095.0,606905.0,606905.0,34.980114
500000.0,1236373.9,-736373.9,736373.9,147.27478
1000000.0,1190065.2,-190065.25,190065.25,19.006525
619400.0,1270284.2,-650884.25,650884.25,105.08302
685000.0,1212260.5,-527260.5,527260.5,76.972336
1200000.0,1261954.2,-61954.25,61954.25,5.162854
1350000.0,1191671.5,158328.5,158328.5,11.728037
831600.0,1033935.7,-202335.69,202335.69,24.33089
1260000.0,1100601.0,159399.0,159399.0,12.650715
700000.0,1396774.6,-696774.6,696774.6,99.53923
675000.0,1249415.0,-574415.0,574415.0,85.09852
685000.0,1285247.9,-600247.9,600247.9,87.627426
950000.0,1218561.0,-268561.0,268561.0,28.26958
3980000.0,1260158.5,2719841.5,2719841.5,68.33772
1800000.0,1084380.4,715619.6,715619.6,39.756645
1160000.0,1257918.6,-97918.625,97918.625,8.44126
800000.0,1182038.8,-382038.75,382038.75,47.754845
1080000.0,1249194.2,-169194.25,169194.25,15.666135
1550000.0,1352796.6,197203.38,197203.38,12.722797
600000.0,1239559.4,-639559.4,639559.4,106.59323
2450000.0,1240541.0,1209459.0,1209459.0,49.365673
700000.0,1276989.5,-576989.5,576989.5,82.42707
1360000.0,1261785.5,98214.5,98214.5,7.221654
1350000.0,1110100.8,239899.25,239899.25,17.770313
730000.0,1168897.0,-438897.0,438897.0,60.12288
581500.0,1345280.2,-763780.25,763780.25,131.34656
1440000.0,1307976.5,132023.5,132023.5,9.168299
620000.0,1175247.1,-555247.1,555247.1,89.55599
2200000.0,1349618.4,850381.6,850381.6,38.65371
1000000.0,1382809.9,-382809.88,382809.88,38.280987
588000.0,1336287.6,-748287.6,748287.6,127.2598
1020000.0,1180162.1,-160162.12,160162.12,15.702168
900000.0,1176438.8,-276438.75,276438.75,30.715418
800000.0,1227333.5,-427333.5,427333.5,53.416687
900000.0,1075550.1,-175550.12,175550.12,19.50557
578000.0,1261587.6,-683587.6,683587.6,118.26775
900000.0,1184305.4,-284305.38,284305.38,31.589487
824000.0,1339184.6,-515184.62,515184.62,62.522404
1784000.0,1432889.6,351110.38,351110.38,19.681076
850000.0,1248900.0,-398900.0,398900.0,46.929413
800000.0,1203704.1,-403704.12,403704.12,50.463017
800000.0,1282361.1,-482361.12,482361.12,60.29514
820000.0,1079186.9,-259186.88,259186.88,31.608156
750000.0,1147977.9,-397977.88,397977.88,53.063713
11600000.0,1262239.9,10337760.0,10337760.0,89.118614
1500000.0,1004366.44,495633.56,495633.56,33.042236
1300000.0,1227538.5,72461.5,72461.5,5.5739617
900000.0,1285250.5,-385250.5,385250.5,42.80561
970000.0,1393483.0,-423483.0,423483.0,43.658043
1000000.0,1217938.9,-217938.88,217938.88,21.793886
800000.0,1141737.9,-341737.88,341737.88,42.71723
600000.0,1227310.8,-627310.75,627310.75,104.55179
780000.0,1133398.4,-353398.38,353398.38,45.307484
1499600.0,1182169.4,317430.62,317430.62,21.167686
540000.0,1283874.8,-743874.75,743874.75,137.75458
656000.0,1058971.9,-402971.88,402971.88,61.428642
990000.0,1097851.5,-107851.5,107851.5,10.894091
600000.0,1180585.9,-580585.9,580585.9,96.76431
1420000.0,1277615.9,142384.12,142384.12,10.027051
1500000.0,1368762.8,131237.25,131237.25,8.749149
500000.0,1132482.6,-632482.6,632482.6,126.49653
800000.0,1238790.4,-438790.38,438790.38,54.848797
510000.0,1138044.2,-628044.25,628044.25,123.14593
500000.0,1220511.4,-720511.4,720511.4,144.10228
1000000.0,1274756.8,-274756.75,274756.75,27.475676
920000.0,1254296.4,-334296.38,334296.38,36.336563
650000.0,1147485.8,-497485.75,497485.75,76.53627
900000.0,1286575.6,-386575.62,386575.62,42.952847
855000.0,1404837.0,-549837.0,549837.0,64.308426
670000.0,1246723.5,-576723.5,576723.5,86.07814
877500.0,1119456.2,-241956.25,241956.25,27.573362
700000.0,1352536.5,-652536.5,652536.5,93.2195
700000.0,2997596.8,-2297596.8,2297596.8,328.22812
939000.0,1104095.6,-165095.62,165095.62,17.58207
790000.0,1454208.0,-664208.0,664208.0,84.076965
65000000.0,1264157.5,63735844.0,63735844.0,98.055145
584000.0,1289175.0,-705175.0,705175.0,120.74914
896000.0,1113721.4,-217721.38,217721.38,24.299261
1390000.0,1186754.5,203245.5,203245.5,14.621979
580000.0,1287010.6,-707010.6,707010.6,121.89839
750000.0,1205906.9,-455906.88,455906.88,60.787582
700000.0,1220123.6,-520123.62,520123.62,74.303375
1200000.0,1355256.2,-155256.25,155256.25,12.938021
750000.0,1393721.1,-643721.1,643721.1,85.82948
1000000.0,1280698.0,-280698.0,280698.0,28.0698
1000000.0,1252716.9,-252716.88,252716.88,25.271687
800000.0,1192933.9,-392933.88,392933.88,49.116734
950000.0,1017707.5,-67707.5,67707.5,7.127105
550000.0,-22978.787,572978.8,572978.8,104.17796
1218000.0,1225059.5,-7059.5,7059.5,0.5795977
863200.0,1332273.0,-469073.0,469073.0,54.34117
700000.0,1182038.8,-482038.75,482038.75,68.86268
540000.0,1244664.0,-704664.0,704664.0,130.49333
670000.0,991370.0,-321370.0,321370.0,47.96567
800000.0,1175408.6,-375408.62,375408.62,46.92608
800000.0,1278714.8,-478714.75,478714.75,59.839344
1080000.0,1059639.9,20360.125,20360.125,1.8851968
884000.0,1342675.5,-458675.5,458675.5,51.886368
630000.0,1241968.0,-611968.0,611968.0,97.13778
1600000.0,1398750.1,201249.88,201249.88,12.578117
1050000.0,1111900.5,-61900.5,61900.5,5.8952856
700000.0,1122081.4,-422081.38,422081.38,60.29734
688000.0,1338724.9,-650724.9,650724.9,94.58211
1550000.0,1096899.0,453101.0,453101.0,29.232323
1200000.0,1285808.5,-85808.5,85808.5,7.150708
985000.0,1271234.4,-286234.38,286234.38,29.059326
950000.0,1265030.4,-315030.38,315030.38,33.16109
650000.0,1367773.2,-717773.25,717773.25,110.42665
798000.0,1230290.5,-432290.5,432290.5,54.17174
1500000.0,1305934.4,194065.62,194065.62,12.937708
650000.0,1358025.4,-708025.4,708025.4,108.92698
750000.0,1262618.8,-512618.75,512618.75,68.34917
1200000.0,1206414.4,-6414.375,6414.375,0.53453124
670000.0,1220375.5,-550375.5,550375.5,82.1456
800000.0,1475935.2,-675935.25,675935.25,84.491905
544000.0,1266186.9,-722186.9,722186.9,132.75494
1170000.0,1417443.1,-247443.12,247443.12,21.148985
1050000.0,1553400.1,-503400.12,503400.12,47.942867
1000000.0,1246674.6,-246674.62,246674.62,24.667463
820000.0,1198210.0,-378210.0,378210.0,46.12317
900000.0,1193038.2,-293038.25,293038.25,32.559807
1305000.0,1228475.4,76524.625,76524.625,5.863956
600000.0,1226574.9,-626574.9,626574.9,104.42915
800000.0,1116581.6,-316581.62,316581.62,39.572704
650000.0,1167857.2,-517857.25,517857.25,79.67035
750000.0,1466695.4,-716695.4,716695.4,95.55938
1030000.0,1223236.9,-193236.88,193236.88,18.760862
490000.0,1170837.9,-680837.9,680837.9,138.9465
1100000.0,1140717.5,-40717.5,40717.5,3.7015908
825000.0,1423694.5,-598694.5,598694.5,72.56903
1200000.0,1107015.4,92984.625,92984.625,7.7487187
800000.0,1141596.1,-341596.12,341596.12,42.699516
500000.0,1271464.6,-771464.6,771464.6,154.29292
1115000.0,1115400.0,-400.0,400.0,0.03587444
740000.0,1128362.6,-388362.62,388362.62,52.481438
1920000.0,1207580.9,712419.1,712419.1,37.105164
1250000.0,1219349.2,30650.75,30650.75,2.45206
1100000.0,1346138.8,-246138.75,246138.75,22.37625
768000.0,1141028.0,-373028.0,373028.0,48.571354
800000.0,1222439.4,-422439.38,422439.38,52.804924
600000.0,1139947.6,-539947.6,539947.6,89.99127
550000.0,1313454.5,-763454.5,763454.5,138.8099
1525000.0,1370647.8,154352.25,154352.25,10.121459
1369000.0,1148887.9,220112.12,220112.12,16.078314
800000.0,1264383.4,-464383.38,464383.38,58.04792
700000.0,1418622.5,-718622.5,718622.5,102.660355
1000000.0,1245356.0,-245356.0,245356.0,24.535599
4600000.0,1255982.0,3344018.0,3344018.0,72.696045
1200000.0,1436481.9,-236481.88,236481.88,19.706823
1200000.0,1152422.9,47577.125,47577.125,3.9647605
750000.0,1274843.8,-524843.75,524843.75,69.979164
600000.0,1477327.9,-877327.9,877327.9,146.22131
676000.0,1478006.8,-802006.75,802006.75,118.64005
600000.0,1115989.0,-515989.0,515989.0,85.99817
2600000.0,1257129.0,1342871.0,1342871.0,51.648884
800000.0,1318084.5,-518084.5,518084.5,64.76056
700000.0,1262601.5,-562601.5,562601.5,80.37164
600000.0,1492400.2,-892400.25,892400.25,148.73338
1100000.0,1200928.9,-100928.875,100928.875,9.175352
1250000.0,1106454.1,143545.88,143545.88,11.48367
1020000.0,1233632.4,-213632.38,213632.38,20.944351
700000.0,1222934.0,-522934.0,522934.0,74.70486
1157000.0,1137415.4,19584.625,19584.625,1.6927074
910000.0,1239973.8,-329973.75,329973.75,36.260853
1020000.0,1315077.4,-295077.38,295077.38,28.929153
1675000.0,1261478.8,413521.25,413521.25,24.687836
650000.0,1357633.1,-707633.1,707633.1,108.86663
800000.0,1248550.2,-448550.25,448550.25,56.068783
2025000.0,1249930.8,775069.25,775069.25,38.275024
1023000.0,1139484.4,-116484.375,116484.375,11.386547
700000.0,1065938.0,-365938.0,365938.0,52.276855
550000.0,1270545.6,-720545.6,720545.6,131.00829
872000.0,1227745.1,-355745.12,355745.12,40.79646
815000.0,1542811.6,-727811.6,727811.6,89.30204
1130000.0,1283869.0,-153869.0,153869.0,13.616726
500000.0,1244309.8,-744309.75,744309.75,148.86194
600000.0,1268409.0,-668409.0,668409.0,111.4015
1200000.0,1504673.6,-304673.62,304673.62,25.38947
600000.0,1239625.1,-639625.1,639625.1,106.60418
500000.0,1236883.4,-736883.4,736883.4,147.37668
1000000.0,1227062.5,-227062.5,227062.5,22.70625
592800.0,1348912.2,-756112.25,756112.25,127.5493
887000.0,1216037.4,-329037.38,329037.38,37.09553
1140000.0,1317263.4,-177263.38,177263.38,15.549418
1418400.0,1164215.1,254184.88,254184.88,17.920536
1000000.0,1209189.9,-209189.88,209189.88,20.918987
1102500.0,1227359.4,-124859.375,124859.375,11.325113
900000.0,1265587.5,-365587.5,365587.5,40.620834
863500.0,1125963.0,-262463.0,262463.0,30.395252
630000.0,1258648.1,-628648.1,628648.1,99.785416
1200000.0,1147146.2,52853.75,52853.75,4.404479
1440000.0,1214812.8,225187.25,225187.25,15.638002
900000.0,1304166.9,-404166.88,404166.88,44.90743
750000.0,1290503.2,-540503.25,540503.25,72.0671
1300000.0,1498474.9,-198474.88,198474.88,15.267298
1100000.0,1226756.2,-126756.25,126756.25,11.523295
1200000.0,1269053.5,-69053.5,69053.5,5.754458
642500.0,1245549.4,-603049.4,603049.4,93.859825
640000.0,1350869.5,-710869.5,710869.5,111.073364
721000.0,1395188.6,-674188.6,674188.6,93.50744
1200000.0,1141602.0,58398.0,58398.0,4.8665
330000.0,1208147.4,-878147.4,878147.4,266.1053
2400000.0,990849.6,1409150.4,1409150.4,58.7146
1002000.0,1157885.5,-155885.5,155885.5,15.557435
780000.0,1062682.0,-282682.0,282682.0,36.24128
1311000.0,1409593.1,-98593.125,98593.125,7.520452
600000.0,1379700.6,-779700.6,779700.6,129.9501
500000.0,1278621.1,-778621.1,778621.1,155.72423
507000.0,1170374.8,-663374.75,663374.75,130.84315
1000000.0,1099909.8,-99909.75,99909.75,9.990975
600001.0,1336662.9,-736661.9,736661.9,122.77677
662000.0,1234020.5,-572020.5,572020.5,86.40793
670000.0,1404305.8,-734305.75,734305.75,109.59787
800000.0,1356652.5,-556652.5,556652.5,69.581566
7290000.0,1444952.5,5845047.5,5845047.5,80.17898
1400000.0,1193699.5,206300.5,206300.5,14.735749
900000.0,1228157.1,-328157.12,328157.12,36.461903
1000000.0,1244780.0,-244780.0,244780.0,24.478
1530000.0,1278007.0,251993.0,251993.0,16.47013
1200000.0,1555424.6,-355424.62,355424.62,29.61872
940000.0,1278564.5,-338564.5,338564.5,36.0175
900000.0,1118814.5,-218814.5,218814.5,24.312723
650000.0,1259751.6,-609751.6,609751.6,93.807945
1400000.0,1278912.4,121087.625,121087.625,8.649116
1050000.0,991377.3,58622.688,58622.688,5.583113
1680000.0,1214321.1,465678.88,465678.88,27.718983
1087000.0,1185144.8,-98144.75,98144.75,9.028955
800000.0,1199893.8,-399893.75,399893.75,49.98672
1300000.0,1272096.4,27903.625,27903.625,2.1464326
15000000.0,1244552.4,13755448.0,13755448.0,91.70299
1280000.0,1244882.2,35117.75,35117.75,2.7435741
2250000.0,1284586.2,965413.75,965413.75,42.907276
540000.0,1183899.2,-643899.25,643899.25,119.24061
2400000.0,1091405.1,1308594.9,1308594.9,54.524784
2400000.0,1105933.8,1294066.2,1294066.2,53.91943
668000.0,1228800.5,-560800.5,560800.5,83.95217
1530000.0,1228503.0,301497.0,301497.0,19.705687
950000.0,1117290.5,-167290.5,167290.5,17.609526
1000000.0,1849070.5,-849070.5,849070.5,84.90705
688000.0,1123141.6,-435141.62,435141.62,63.24733
528000.0,1091077.5,-563077.5,563077.5,106.64346
550000.0,1149106.8,-599106.75,599106.75,108.928505
1152000.0,1267145.0,-115145.0,115145.0,9.995226
1200000.0,1848375.0,-648375.0,648375.0,54.031254
1300000.0,1848625.6,-548625.6,548625.6,42.201973
1310000.0,1434639.4,-124639.375,124639.375,9.514456
2100000.0,1391233.9,708766.1,708766.1,33.750767
1470000.0,1030573.06,439426.94,439426.94,29.89299
1148000.0,1252506.5,-104506.5,104506.5,9.1033535
1000000.0,1441142.0,-441142.0,441142.0,44.1142
2100000.0,1203123.2,896876.75,896876.75,42.708416
1380000.0,1244297.5,135702.5,135702.5,9.833515
930000.0,1278810.4,-348810.38,348810.38,37.506493
1200000.0,1296113.8,-96113.75,96113.75,8.0094795
1215000.0,1205007.0,9993.0,9993.0,0.8224691
800000.0,1196641.2,-396641.25,396641.25,49.58016
800000.0,1264781.9,-464781.88,464781.88,58.097733
1350000.0,1263638.1,86361.875,86361.875,6.397176
700000.0,1293678.8,-593678.75,593678.75,84.81125
2900000.0,1248072.6,1651927.4,1651927.4,56.963013
750000.0,1064444.0,-314444.0,314444.0,41.925865
700000.0,1111222.5,-411222.5,411222.5,58.74607
900000.0,1178472.8,-278472.75,278472.75,30.941418
900000.0,1305736.2,-405736.25,405736.25,45.081806
663000.0,1117052.9,-454052.88,454052.88,68.4846
2600000.0,1265076.0,1334924.0,1334924.0,51.34323
650000.0,1279260.0,-629260.0,629260.0,96.809235
870000.0,1354882.5,-484882.5,484882.5,55.73362
1100000.0,1260120.8,-160120.75,160120.75,14.556432
1500000.0,1139002.9,360997.12,360997.12,24.066475
700000.0,1246890.4,-546890.4,546890.4,78.1272
800000.0,1141596.1,-341596.12,341596.12,42.699516
720000.0,924027.25,-204027.25,204027.25,28.337118
880000.0,1364902.5,-484902.5,484902.5,55.10256
1250000.0,1217765.8,32234.25,32234.25,2.5787401
693000.0,1315690.8,-622690.75,622690.75,89.85436
1000000.0,1176401.2,-176401.25,176401.25,17.640123
1156000.0,1245006.0,-89006.0,89006.0,7.6994805
700000.0,1197797.8,-497797.75,497797.75,71.11396
1320000.0,1263201.0,56799.0,56799.0,4.3029547
1200000.0,1275054.6,-75054.625,75054.625,6.2545524
1080000.0,1107310.4,-27310.375,27310.375,2.5287385
1400000.0,1233471.4,166528.62,166528.62,11.894902
820000.0,1244230.8,-424230.75,424230.75,51.735455
1020000.0,1277990.1,-257990.12,257990.12,25.29315
800000.0,1141596.1,-341596.12,341596.12,42.699516
1200000.0,1132925.0,67075.0,67075.0,5.5895834
950000.0,1087191.2,-137191.25,137191.25,14.441185
700000.0,1284626.6,-584626.6,584626.6,83.51809
800000.0,1198092.9,-398092.88,398092.88,49.76161
1800000.0,1215263.1,584736.9,584736.9,32.485382
810000.0,1258462.8,-448462.75,448462.75,55.365772
520000.0,1368601.1,-848601.1,848601.1,163.19252
500000.0,1227293.1,-727293.1,727293.1,145.45863
1500000.0,1197058.6,302941.38,302941.38,20.196093
800000.0,1268155.2,-468155.25,468155.25,58.519405
700000.0,1285535.8,-585535.75,585535.75,83.647964
700000.0,1275961.8,-575961.75,575961.75,82.28025
1520000.0,1040805.25,479194.75,479194.75,31.52597
780000.0,1217463.1,-437463.12,437463.12,56.085014
500000.0,1490962.1,-990962.1,990962.1,198.19243
750000.0,1316719.0,-566719.0,566719.0,75.56253
500000.0,1260112.4,-760112.4,760112.4,152.02248
816400.0,1221952.2,-405552.25,405552.25,49.67568
1150000.0,1084165.1,65834.875,65834.875,5.7247715
700000.0,1116441.4,-416441.38,416441.38,59.491623
533000.0,1462763.1,-929763.1,929763.1,174.4396
1500000.0,1157489.1,342510.88,342510.88,22.834059
800000.0,1253997.1,-453997.12,453997.12,56.74964
1280000.0,1208405.4,71594.625,71594.625,5.59333
800000.0,1187177.4,-387177.38,387177.38,48.39717
476000.0,994001.06,-518001.06,518001.06,108.82375
900000.0,1411870.1,-511870.12,511870.12,56.87446
700000.0,1290751.4,-590751.4,590751.4,84.39305
2148000.0,1306757.0,841243.0,841243.0,39.164013
1147500.0,1287038.2,-139538.25,139538.25,12.160196
1080000.0,1326435.4,-246435.38,246435.38,22.81809
730000.0,1338120.2,-608120.25,608120.25,83.304146
750000.0,1383031.2,-633031.25,633031.25,84.40417
1200000.0,1286901.6,-86901.625,86901.625,7.2418017
910000.0,1017887.56,-107887.56,107887.56,11.855776
996000.0,1184071.4,-188071.38,188071.38,18.882668
1050000.0,1240081.5,-190081.5,190081.5,18.103
550000.0,1212536.4,-662536.4,662536.4,120.46115
1000000.0,1233404.0,-233404.0,233404.0,23.340399
1584000.0,1274729.8,309270.25,309270.25,19.524637
550000.0,1365598.4,-815598.4,815598.4,148.2906
410000.0,1266822.2,-856822.25,856822.25,208.98103
550000.0,1204855.4,-654855.4,654855.4,119.06462
1600000.0,1264049.0,335951.0,335951.0,20.996937
1200000.0,1233841.0,-33841.0,33841.0,2.8200834
1832800.0,1359710.2,473089.75,473089.75,25.812405
1090000.0,1261989.9,-171989.88,171989.88,15.778887
700000.0,1221344.4,-521344.38,521344.38,74.47777
1350000.0,1217744.4,132255.62,132255.62,9.796713
1000000.0,1264249.1,-264249.12,264249.12,26.424911
650000.0,1430950.1,-780950.1,780950.1,120.146164
1500000.0,1269201.2,230798.75,230798.75,15.386583
1100000.0,1090607.5,9392.5,9392.5,0.85386366
1152000.0,1219486.2,-67486.25,67486.25,5.8581815
497500.0,1202665.5,-705165.5,705165.5,141.7418
860000.0,1164524.1,-304524.12,304524.12,35.409782
800000.0,1264383.4,-464383.38,464383.38,58.04792
1150000.0,1079758.1,70241.875,70241.875,6.107989
2160000.0,1178699.1,981300.9,981300.9,45.430595
616000.0,1244253.2,-628253.25,628253.25,101.98916
900000.0,1479743.1,-579743.1,579743.1,64.4159
750000.0,1244262.2,-494262.25,494262.25,65.901634
2280000.0,1436320.1,843679.9,843679.9,37.0035
700000.0,1211985.8,-511985.75,511985.75,73.14082
750000.0,1250353.9,-500353.88,500353.88,66.71385
1800000.0,1182219.4,617780.6,617780.6,34.321148
700000.0,1264026.8,-564026.75,564026.75,80.57525
1000000.0,1319159.0,-319159.0,319159.0,31.9159
1800000.0,1220498.2,579501.75,579501.75,32.194542
960000.0,1220799.5,-260799.5,260799.5,27.166615
800000.0,1238903.2,-438903.25,438903.25,54.862904
1000000.0,875566.3,124433.69,124433.69,12.443369
780000.0,1262547.1,-482547.12,482547.12,61.865013
1000000.0,1210039.4,-210039.38,210039.38,21.003937
2850000.0,1318963.0,1531037.0,1531037.0,53.7206
1150000.0,1398805.9,-248805.88,248805.88,21.635294
600000.0,1364778.0,-764778.0,764778.0,127.463
450000.0,1260240.9,-810240.9,810240.9,180.05353
500000.0,1405759.0,-905759.0,905759.0,181.1518
700000.0,1267909.0,-567909.0,567909.0,81.12985
1600000.0,1218909.2,381090.75,381090.75,23.818172
800000.0,1247704.9,-447704.88,447704.88,55.96311
600000.0,1227311.1,-627311.1,627311.1,104.55185
550000.0,1296803.1,-746803.1,746803.1,135.78238
863500.0,1206790.6,-343290.62,343290.62,39.75572
670000.0,1241461.1,-571461.1,571461.1,85.2927
670000.0,1258539.6,-588539.6,588539.6,87.841736
1100000.0,1250251.1,-150251.12,150251.12,13.659193
1100000.0,1278005.1,-178005.12,178005.12,16.182283
5442500.0,1286667.2,4155832.8,4155832.8,76.35889
600000.0,1147365.1,-547365.1,547365.1,91.227516
1000000.0,1123109.1,-123109.125,123109.125,12.310912
843000.0,1194837.5,-351837.5,351837.5,41.73636
1400000.0,1174957.4,225042.62,225042.62,16.074472
1845000.0,1196175.9,648824.1,648824.1,35.16662
800000.0,1204574.8,-404574.75,404574.75,50.571842
1700000.0,1103739.6,596260.4,596260.4,35.07414
860000.0,1209512.2,-349512.25,349512.25,40.64096
750000.0,1290073.9,-540073.9,540073.9,72.00985
1520000.0,1228500.0,291500.0,291500.0,19.177631
900000.0,1405576.2,-505576.25,505576.25,56.175137
950000.0,1237649.0,-287649.0,287649.0,30.278841
584000.0,1018127.94,-434127.94,434127.94,74.336975
588000.0,1147861.9,-559861.9,559861.9,95.21461
946400.0,1244346.0,-297946.0,297946.0,31.482038
1240000.0,1220553.2,19446.75,19446.75,1.5682863
1015000.0,1259167.0,-244167.0,244167.0,24.055862
846000.0,1214237.1,-368237.12,368237.12,43.526848
610000.0,1178953.2,-568953.25,568953.25,93.27103
883200.0,1265510.5,-382310.5,382310.5,43.28697
750000.0,1144669.9,-394669.88,394669.88,52.62265
800000.0,1128930.1,-328930.12,328930.12,41.116264
1408600.0,1134281.0,274319.0,274319.0,19.474585
650000.0,1336628.1,-686628.1,686628.1,105.63509
1180000.0,1120786.5,59213.5,59213.5,5.018093
2460000.0,1099652.5,1360347.5,1360347.5,55.29868
500000.0,1244810.0,-744810.0,744810.0,148.96199
880000.0,1224099.5,-344099.5,344099.5,39.102215
1000000.0,1137181.1,-137181.12,137181.12,13.718112
1008000.0,1274756.8,-266756.75,266756.75,26.463964
900000.0,1306918.4,-406918.38,406918.38,45.213154
600000.0,1208619.5,-608619.5,608619.5,101.43658
915000.0,1235896.6,-320896.62,320896.62,35.07067
1015000.0,1132962.9,-117962.875,117962.875,11.621958
1130000.0,1261977.8,-131977.75,131977.75,11.679447
800000.0,1441076.4,-641076.4,641076.4,80.134544
700000.0,1227317.2,-527317.25,527317.25,75.33104
750000.0,1260312.2,-510312.25,510312.25,68.04163
700000.0,1193894.5,-493894.5,493894.5,70.55635
700000.0,1236187.1,-536187.1,536187.1,76.59816
1380000.0,1279270.0,100730.0,100730.0,7.299276
700000.0,1202434.8,-502434.75,502434.75,71.77639
750000.0,1044146.4,-294146.38,294146.38,39.219517
1160000.0,1220514.0,-60514.0,60514.0,5.216724
1200000.0,1473532.4,-273532.38,273532.38,22.794365
500000.0,1160575.2,-660575.25,660575.25,132.11505
1400000.0,1255909.8,144090.25,144090.25,10.29216
500000.0,1204119.4,-704119.4,704119.4,140.82388
1500000.0,1225351.5,274648.5,274648.5,18.3099
700000.0,1370065.0,-670065.0,670065.0,95.72357
1260000.0,1243309.9,16690.125,16690.125,1.3246131
1100000.0,1124656.5,-24656.5,24656.5,2.2415
904800.0,1277266.9,-372466.88,372466.88,41.165657
600000.0,1219823.0,-619823.0,619823.0,103.30384
723000.0,1169451.5,-446451.5,446451.5,61.749863
950000.0,1183123.5,-233123.5,233123.5,24.539316
780000.0,1162702.8,-382702.75,382702.75,49.064453
396000.0,1180833.4,-784833.4,784833.4,198.19025
1750000.0,1028432.44,721567.56,721567.56,41.23243
1170000.0,1417868.5,-247868.5,247868.5,21.18534
800000.0,1248523.9,-448523.88,448523.88,56.065483
1500000.0,1441131.9,58868.125,58868.125,3.9245415
1350000.0,1279495.6,70504.375,70504.375,5.222546
700000.0,1122001.4,-422001.38,422001.38,60.285908
700000.0,1179149.8,-479149.75,479149.75,68.44996
660000.0,1163837.4,-503837.38,503837.38,76.339
1000000.0,1199510.4,-199510.38,199510.38,19.951038
960000.0,1174615.9,-214615.88,214615.88,22.35582
660000.0,1297965.8,-637965.75,637965.75,96.661476
936000.0,1278852.4,-342852.38,342852.38,36.629528
1100000.0,1305010.9,-205010.88,205010.88,18.637352
500000.0,1270843.2,-770843.25,770843.25,154.16866
4200000.0,1293505.5,2906494.5,2906494.5,69.20225
700000.0,1213192.1,-513192.12,513192.12,73.313156
700000.0,1213604.6,-513604.62,513604.62,73.37209
1500000.0,1299238.0,200762.0,200762.0,13.384133
580000.0,1011342.25,-431342.25,431342.25,74.369354
675000.0,1222164.0,-547164.0,547164.0,81.06133
2059800.0,1168553.5,891246.5,891246.5,43.268593
1200000.0,1286669.9,-86669.875,86669.875,7.2224894
1600000.0,1149386.8,450613.25,450613.25,28.163328
1360000.0,1177609.5,182390.5,182390.5,13.411066
1250000.0,1225561.6,24438.375,24438.375,1.95507
650000.0,1233807.2,-583807.25,583807.25,89.8165
1100000.0,1148483.8,-48483.75,48483.75,4.4076138
1200000.0,875636.56,324363.44,324363.44,27.030287
1000000.0,1158366.1,-158366.12,158366.12,15.836613
540000.0,1066140.8,-526140.75,526140.75,97.43347
1200000.0,1242815.0,-42815.0,42815.0,3.5679166
1400000.0,1250975.4,149024.62,149024.62,10.644616
630000.0,1127255.2,-497255.25,497255.25,78.929405
1900000.0,1286119.1,613880.9,613880.9,32.30952
1379000.0,1847931.5,-468931.5,468931.5,34.005184
1400000.0,1592965.5,-192965.5,192965.5,13.783249
1000000.0,1402904.0,-402904.0,402904.0,40.2904
577000.0,1270747.8,-693747.75,693747.75,120.23358
980000.0,1237062.6,-257062.62,257062.62,26.23088
800000.0,870593.8,-70593.81,70593.81,8.824226
1300000.0,1234534.8,65465.25,65465.25,5.0357885
2610000.0,1244758.9,1365241.1,1365241.1,52.30809
700000.0,1364567.1,-664567.1,664567.1,94.938156
800000.0,1346737.2,-546737.25,546737.25,68.342155
1200000.0,1233626.0,-33626.0,33626.0,2.8021667
550000.0,1260151.1,-710151.1,710151.1,129.11838
1000000.0,1260560.2,-260560.25,260560.25,26.056025
600000.0,1275614.2,-675614.25,675614.25,112.60238
900000.0,1291678.4,-391678.38,391678.38,43.519817
1050000.0,1264522.2,-214522.25,214522.25,20.43069
800000.0,1260179.0,-460179.0,460179.0,57.522373
1050000.0,1285762.2,-235762.25,235762.25,22.453548
1000000.0,1205537.9,-205537.88,205537.88,20.553787
1000000.0,1223453.8,-223453.75,223453.75,22.345375
3385000.0,1394851.4,1990148.6,1990148.6,58.793163
1176000.0,1216747.0,-40747.0,40747.0,3.464881
955000.0,1255354.2,-300354.25,300354.25,31.450706
2412000.0,1400112.0,1011888.0,1011888.0,41.952236
700000.0,1122952.2,-422952.25,422952.25,60.421753
1150000.0,1255911.9,-105911.875,105911.875,9.209728
1868750.0,1361688.2,507061.75,507061.75,27.13374
750000.0,1028367.2,-278367.2,278367.2,37.115623
800000.0,1232741.4,-432741.38,432741.38,54.09267
1000000.0,1292769.2,-292769.25,292769.25,29.276926
1493000.0,1250428.9,242571.12,242571.12,16.247229
1200000.0,1249985.2,-49985.25,49985.25,4.165437
675000.0,1316668.1,-641668.1,641668.1,95.06194
688000.0,1091372.4,-403372.38,403372.38,58.629704
800000.0,1122650.5,-322650.5,322650.5,40.331314
1000000.0,1382809.9,-382809.88,382809.88,38.280987
900000.0,1360853.5,-460853.5,460853.5,51.205944
705000.0,1319020.6,-614020.6,614020.6,87.09512
700000.0,1210378.5,-510378.5,510378.5,72.91122
2040000.0,1228053.8,811946.25,811946.25,39.80129
650000.0,1048577.4,-398577.38,398577.38,61.319595
1200000.0,1268319.2,-68319.25,68319.25,5.693271
2700000.0,1203305.6,1496694.4,1496694.4,55.433125
550000.0,1260411.4,-710411.4,710411.4,129.16571
880000.0,1078004.4,-198004.38,198004.38,22.500498
702000.0,1048799.6,-346799.62,346799.62,49.401657
1400000.0,1209035.5,190964.5,190964.5,13.640322
588000.0,1254222.4,-666222.4,666222.4,113.30312
1150000.0,1088403.5,61596.5,61596.5,5.3562174
1210000.0,1318625.6,-108625.625,108625.625,8.9773245
1015280.0,1155496.8,-140216.75,140216.75,13.810648
900000.0,1233356.8,-333356.75,333356.75,37.03964
800000.0,1215451.4,-415451.38,415451.38,51.931423
500000.0,1148289.5,-648289.5,648289.5,129.6579
1700000.0,1273265.9,426734.12,426734.12,25.102007
440000.0,1022740.94,-582740.94,582740.94,132.44113
2277000.0,1089421.8,1187578.2,1187578.2,52.15539
1280000.0,1280133.5,-133.5,133.5,0.010429687
1100000.0,1290469.6,-190469.62,190469.62,17.31542
600000.0,1477327.9,-877327.9,877327.9,146.22131
2560000.0,1278198.5,1281801.5,1281801.5,50.07037
965000.0,1247898.4,-282898.38,282898.38,29.315895
800000.0,1151713.5,-351713.5,351713.5,43.964188
1520000.0,1205190.4,314809.62,314809.62,20.711159
1260000.0,1305286.6,-45286.625,45286.625,3.5941765
650000.0,1281731.6,-631731.6,631731.6,97.18948
1700000.0,1181768.2,518231.75,518231.75,30.48422
9000000.0,1360388.8,7639611.0,7639611.0,84.88457
500000.0,1312501.6,-812501.6,812501.6,162.50032
800000.0,1298587.6,-498587.62,498587.62,62.323452
800000.0,1424001.6,-624001.6,624001.6,78.000206
850000.0,1218510.6,-368510.62,368510.62,43.35419
1200000.0,1226754.1,-26754.125,26754.125,2.2295105
720000.0,1267809.4,-547809.4,547809.4,76.08464
1404000.0,1289623.8,114376.25,114376.25,8.146457
590000.0,1234470.6,-644470.6,644470.6,109.23231
600000.0,1216035.0,-616035.0,616035.0,102.67251
1300000.0,1271049.2,28950.75,28950.75,2.2269807
2592000.0,1319334.0,1272666.0,1272666.0,49.099766
765000.0,1174621.8,-409621.75,409621.75,53.545326
1000000.0,1347929.1,-347929.12,347929.12,34.79291
454500.0,1290284.5,-835784.5,835784.5,183.89098
725000.0,1122910.8,-397910.75,397910.75,54.884243
790000.0,1281157.8,-491157.75,491157.75,62.171864
1000000.0,1193962.2,-193962.25,193962.25,19.396225
1000000.0,1065750.2,-65750.25,65750.25,6.575025
1600000.0,1199073.9,400926.12,400926.12,25.057882
1207600.0,1248536.5,-40936.5,40936.5,3.3899057
1920000.0,1248588.0,671412.0,671412.0,34.969376
1170000.0,1258833.0,-88833.0,88833.0,7.592564
7000000.0,1271259.5,5728740.5,5728740.5,81.83915
1000000.0,1158672.4,-158672.38,158672.38,15.867238
5000000.0,1213344.5,3786655.5,3786655.5,75.73311
600000.0,1288344.9,-688344.9,688344.9,114.724144
1600000.0,1281800.4,318199.62,318199.62,19.887478
1700000.0,1236818.0,463182.0,463182.0,27.246002
850000.0,1209837.8,-359837.75,359837.75,42.333855
4300000.0,1095060.5,3204939.5,3204939.5,74.53348
1800000.0,1187048.6,612951.4,612951.4,34.052856
1590000.0,1105448.1,484551.88,484551.88,30.47496
800000.0,1103118.8,-303118.75,303118.75,37.889843
1120000.0,1225388.6,-105388.625,105388.625,9.4096985
1680000.0,1215322.9,464677.12,464677.12,27.659353
600000.0,1554668.5,-954668.5,954668.5,159.11142
1274000.0,1231632.0,42368.0,42368.0,3.3255887
550000.0,1287960.9,-737960.9,737960.9,134.1747
900000.0,1296727.2,-396727.25,396727.25,44.080807
800000.0,1288224.8,-488224.75,488224.75,61.02809
560000.0,1145496.5,-585496.5,585496.5,104.55295
1770000.0,1174004.1,595995.9,595995.9,33.67208
920000.0,1253773.6,-333773.62,333773.62,36.27974
1800000.0,1150548.0,649452.0,649452.0,36.080666
600000.0,1104024.6,-504024.62,504024.62,84.004105
500000.0,1275635.2,-775635.25,775635.25,155.12704
1600000.0,1122094.9,477905.12,477905.12,29.86907
900000.0,1233344.4,-333344.38,333344.38,37.038265
602501.0,1258916.8,-656415.75,656415.75,108.948494
1600000.0,1241729.4,358270.62,358270.62,22.391914
800000.0,1390656.5,-590656.5,590656.5,73.83206
600000.0,1284458.6,-684458.6,684458.6,114.07644
1261400.0,1181419.2,79980.75,79980.75,6.3406334
890000.0,1673316.8,-783316.75,783316.75,88.013115
1015000.0,1382528.1,-367528.12,367528.12,36.209667
688000.0,1285741.1,-597741.1,597741.1,86.880974
550000.0,1215159.6,-665159.6,665159.6,120.93811
700000.0,1169851.8,-469851.75,469851.75,67.12168
700000.0,1248902.8,-548902.75,548902.75,78.41468
1000000.0,1116230.0,-116230.0,116230.0,11.623
620000.0,1239218.9,-619218.9,619218.9,99.874016
565000.0,1068113.4,-503113.38,503113.38,89.046616
650000.0,1291744.1,-641744.1,641744.1,98.729866
1440000.0,1194659.8,245340.25,245340.25,17.037518
1200000.0,1302478.6,-102478.625,102478.625,8.5398855
890000.0,1225884.9,-335884.88,335884.88,37.739872
600000.0,1349367.6,-749367.6,749367.6,124.89461
500000.0,1111416.8,-611416.75,611416.75,122.28335
400000.0,1204081.2,-804081.25,804081.25,201.02031
800000.0,1228528.2,-428528.25,428528.25,53.566032
960000.0,1241321.8,-281321.75,281321.75,29.30435
1150000.0,1324418.2,-174418.25,174418.25,15.166804
500000.0,1274923.1,-774923.1,774923.1,154.98463
960000.0,1066753.4,-106753.375,106753.375,11.120144
1000000.0,1236154.0,-236154.0,236154.0,23.6154
950000.0,1204154.2,-254154.25,254154.25,26.75308
787000.0,1252929.9,-465929.88,465929.88,59.203285
1250000.0,1191724.2,58275.75,58275.75,4.66206
610000.0,1248740.4,-638740.4,638740.4,104.71153
991600.0,1259208.2,-267608.25,267608.25,26.98752
600000.0,1188500.6,-588500.6,588500.6,98.083435
2560000.0,1257094.2,1302905.8,1302905.8,50.894756
1200000.0,1195581.4,4418.625,4418.625,0.36821875
700000.0,1274184.1,-574184.1,574184.1,82.026306
550000.0,1113123.6,-563123.6,563123.6,102.386116
1233600.0,1233208.6,391.375,391.375,0.03172625
900000.0,1438046.0,-538046.0,538046.0,59.782887
1200000.0,1274339.2,-74339.25,74339.25,6.1949377
650000.0,1198277.8,-548277.75,548277.75,84.350426
850000.0,1294535.1,-444535.12,444535.12,52.29825
500000.0,1212259.8,-712259.75,712259.75,142.45195
1200000.0,1119089.4,80910.625,80910.625,6.742552
600000.0,1171780.6,-571780.6,571780.6,95.29677
950000.0,1276967.1,-326967.12,326967.12,34.417595
1560000.0,1215139.6,344860.38,344860.38,22.106434
810000.0,1179446.0,-369446.0,369446.0,45.61062
760000.0,1182497.8,-422497.75,422497.75,55.59181
1300000.0,1140276.4,159723.62,159723.62,12.286433
11000000.0,1567678.4,9432322.0,9432322.0,85.74838
500000.0,1119298.9,-619298.9,619298.9,123.85977
1420000.0,1282140.9,137859.12,137859.12,9.708389
670000.0,1278621.1,-608621.1,608621.1,90.838974
500000.0,1272696.6,-772696.6,772696.6,154.53932
3700000.0,1283364.8,2416635.2,2416635.2,65.31447
900000.0,1243697.1,-343697.12,343697.12,38.188572
500000.0,1284119.4,-784119.4,784119.4,156.82387
1440000.0,1168229.8,271770.25,271770.25,18.872934
960000.0,1261300.6,-301300.62,301300.62,31.38548
588500.0,1173628.2,-585128.25,585128.25,99.42706
1456000.0,1871591.6,-415591.62,415591.62,28.54338
1000000.0,1337933.9,-337933.88,337933.88,33.79339
680000.0,1135900.1,-455900.12,455900.12,67.044136
1459600.0,1283980.2,175619.75,175619.75,12.032046
700000.0,1440927.5,-740927.5,740927.5,105.84679
1100000.0,1277194.9,-177194.88,177194.88,16.108625
704000.0,1057265.6,-353265.62,353265.62,50.179775
810000.0,1153798.8,-343798.75,343798.75,42.44429
550000.0,1331283.9,-781283.9,781283.9,142.05162
1200000.0,1206907.6,-6907.625,6907.625,0.5756354
1460000.0,1271395.2,188604.75,188604.75,12.918134
800000.0,1321389.8,-521389.75,521389.75,65.17372
1000000.0,1299514.8,-299514.75,299514.75,29.951473
2140000.0,1121349.6,1018650.4,1018650.4,47.600483
950000.0,1849112.6,-899112.6,899112.6,94.64343
1020000.0,1281909.1,-261909.12,261909.12,25.677364
2600000.0,1229232.5,1370767.5,1370767.5,52.72183
660000.0,1221385.4,-561385.4,561385.4,85.05839
500000.0,1555034.0,-1055034.0,1055034.0,211.0068
1450000.0,1098933.8,351066.25,351066.25,24.211464
1250000.0,1262107.9,-12107.875,12107.875,0.96862996
900000.0,1273338.1,-373338.12,373338.12,41.482014
700000.0,1263885.2,-563885.25,563885.25,80.55503
2250000.0,1261363.5,988636.5,988636.5,43.9394
652000.0,1246243.2,-594243.25,594243.25,91.1416
500000.0,1188530.9,-688530.9,688530.9,137.70618
740000.0,1268244.4,-528244.4,528244.4,71.38438
700000.0,1221159.5,-521159.5,521159.5,74.451355
600000.0,1359625.8,-759625.75,759625.75,126.604294
1310000.0,1256662.4,53337.625,53337.625,4.071574
3700000.0,1410760.4,2289239.5,2289239.5,61.871338
1200000.0,1269028.0,-69028.0,69028.0,5.752333
640000.0,1272269.4,-632269.4,632269.4,98.79209
890000.0,1490772.6,-600772.6,600772.6,67.50254
2437500.0,1275149.9,1162350.1,1162350.1,47.68616
750000.0,1070318.4,-320318.38,320318.38,42.709118
1300000.0,1241729.4,58270.625,58270.625,4.4823556
1032000.0,1245074.6,-213074.62,213074.62,20.646767
600000.0,1350751.1,-750751.1,750751.1,125.12518
750000.0,1274260.2,-524260.25,524260.25,69.90137
1130000.0,1166558.2,-36558.25,36558.25,3.2352433
500000.0,1241261.2,-741261.25,741261.25,148.25224
724000.0,1183951.1,-459951.12,459951.12,63.529163
1350000.0,1204649.6,145350.38,145350.38,10.766695
945000.0,1274761.9,-329761.88,329761.88,34.89544
700000.0,1149414.0,-449414.0,449414.0,64.201996
900000.0,1107593.2,-207593.25,207593.25,23.065918
2000000.0,1235369.2,764630.75,764630.75,38.231537
1150000.0,1184569.2,-34569.25,34569.25,3.0060217
550000.0,1267693.6,-717693.6,717693.6,130.48976
9500000.0,1435029.2,8064971.0,8064971.0,84.89443
900000.0,1263703.1,-363703.12,363703.12,40.411457
1400000.0,1217786.8,182213.25,182213.25,13.015231
720000.0,1265553.5,-545553.5,545553.5,75.77132
650000.0,1338667.1,-688667.1,688667.1,105.94879
750000.0,1246130.1,-496130.12,496130.12,66.15068
1250000.0,1263648.0,-13648.0,13648.0,1.09184
540000.0,1233393.9,-693393.9,693393.9,128.40628
5000000.0,1296831.9,3703168.0,3703168.0,74.06336
780500.0,1211885.5,-431385.5,431385.5,55.270405
750000.0,1048376.56,-298376.56,298376.56,39.78354
950000.0,1226239.1,-276239.12,276239.12,29.077805
1200000.0,1267049.4,-67049.375,67049.375,5.5874476
540000.0,1245181.4,-705181.4,705181.4,130.58914
800000.0,1268203.5,-468203.5,468203.5,58.525436
2412000.0,1263037.2,1148962.8,1148962.8,47.635273
5980000.0,1117446.9,4862553.0,4862553.0,81.3136
700000.0,1213741.2,-513741.25,513741.25,73.3916
710000.0,1228503.0,-518503.0,518503.0,73.028595
550000.0,1278184.4,-728184.4,728184.4,132.39716
910000.0,1170814.6,-260814.62,260814.62,28.660948
1800000.0,1416079.0,383921.0,383921.0,21.328943
500000.0,1361436.0,-861436.0,861436.0,172.2872
850000.0,1148450.0,-298450.0,298450.0,35.111763
1100000.0,1265555.2,-165555.25,165555.25,15.050477
1300000.0,1243811.0,56189.0,56189.0,4.322231
550000.0,1455714.9,-905714.9,905714.9,164.67543
600000.0,1403972.0,-803972.0,803972.0,133.99533
1750000.0,1215222.0,534778.0,534778.0,30.558744
1000000.0,1244810.0,-244810.0,244810.0,24.481
1015000.0,1259167.0,-244167.0,244167.0,24.055862
1000000.0,1314877.2,-314877.25,314877.25,31.487724
800000.0,1290778.8,-490778.75,490778.75,61.347343
1678000.0,1125402.0,552598.0,552598.0,32.931942
1000000.0,1217892.5,-217892.5,217892.5,21.78925
800000.0,1100681.1,-300681.12,300681.12,37.58514
1200000.0,1143017.1,56982.875,56982.875,4.748573
1000000.0,1210342.6,-210342.62,210342.62,21.034264
1300000.0,1271641.1,28358.875,28358.875,2.181452
700000.0,1122326.5,-422326.5,422326.5,60.33236
2500000.0,1210987.5,1289012.5,1289012.5,51.560497
2000000.0,1554152.9,445847.12,445847.12,22.292356
1517500.0,1296891.0,220609.0,220609.0,14.537661
1200000.0,1248561.6,-48561.625,48561.625,4.046802
1150000.0,1323158.2,-173158.25,173158.25,15.057239
1380000.0,1233694.0,146306.0,146306.0,10.601884
807200.0,1266789.4,-459589.38,459589.38,56.936245
1200000.0,1147850.9,52149.125,52149.125,4.3457603
1000000.0,1220403.2,-220403.25,220403.25,22.040325
1600000.0,1287331.0,312669.0,312669.0,19.541813
900000.0,1554602.9,-654602.9,654602.9,72.73365
950000.0,1281511.1,-331511.12,331511.12,34.89591
800000.0,1208050.0,-408050.0,408050.0,51.006252
930000.0,1342287.1,-412287.12,412287.12,44.33195
600000.0,1266573.6,-666573.6,666573.6,111.095604
1379600.0,1315661.0,63939.0,63939.0,4.6346045
480000.0,1082497.0,-602497.0,602497.0,125.5202
825000.0,1194339.4,-369339.38,369339.38,44.76841
936000.0,1263546.2,-327546.25,327546.25,34.994255
2400000.0,1247745.8,1152254.2,1152254.2,48.010593
738000.0,1229166.6,-491166.62,491166.62,66.55374
2658000.0,1294837.0,1363163.0,1363163.0,51.28529
1202400.0,1219436.1,-17036.125,17036.125,1.4168434
1650000.0,1221073.8,428926.25,428926.25,25.995531
2046800.0,1258360.9,788439.1,788439.1,38.520576
1280000.0,1351153.5,-71153.5,71153.5,5.558867
1500000.0,1296138.6,203861.38,203861.38,13.590759
2000000.0,1161023.0,838977.0,838977.0,41.94885
800000.0,1279525.8,-479525.75,479525.75,59.94072
2720000.0,1188585.0,1531415.0,1531415.0,56.302025
1300000.0,1030397.7,269602.3,269602.3,20.73864
2300000.0,1249104.4,1050895.6,1050895.6,45.691116
612000.0,1177550.1,-565550.1,565550.1,92.41016
900000.0,1232861.4,-332861.38,332861.38,36.9846
1192000.0,1249426.8,-57426.75,57426.75,4.8176804
800000.0,2141168.2,-1341168.2,1341168.2,167.64603
880000.0,1204549.6,-324549.62,324549.62,36.88064
1015000.0,1492423.1,-477423.12,477423.12,47.036762
1550000.0,1148472.2,401527.75,401527.75,25.905016
700000.0,1329196.4,-629196.4,629196.4,89.8852
1342500.0,1291162.1,51337.875,51337.875,3.8240504
1123255.0,1223590.0,-100335.0,100335.0,8.932522
700000.0,867390.4,-167390.38,167390.38,23.91291
580500.0,1167050.2,-586550.25,586550.25,101.042244
1507000.0,1275932.9,231067.12,231067.12,15.332921
1020000.0,1288547.6,-268547.62,268547.62,26.328197
970000.0,1222354.2,-252354.25,252354.25,26.015902
700000.0,1222433.2,-522433.25,522433.25,74.63332
1200000.0,1418718.8,-218718.75,218718.75,18.226562
774000.0,1249304.5,-475304.5,475304.5,61.408848
500000.0,1227273.6,-727273.6,727273.6,145.45473
810000.0,1274756.8,-464756.75,464756.75,57.377373
800000.0,1283936.6,-483936.62,483936.62,60.49208
1300000.0,1217802.2,82197.75,82197.75,6.322904
800000.0,1047067.6,-247067.62,247067.62,30.883451
1025000.0,1373111.0,-348111.0,348111.0,33.96205
450000.0,1040174.94,-590174.94,590174.94,131.14998
667521.0,1247959.0,-580438.0,580438.0,86.95427
665000.0,1205350.4,-540350.4,540350.4,81.2557
500000.0,1258912.8,-758912.75,758912.75,151.78255
780000.0,1259801.8,-479801.75,479801.75,61.513042
650000.0,1198829.0,-548829.0,548829.0,84.435234
612500.0,1138505.8,-526005.75,526005.75,85.878494
915000.0,1149445.1,-234445.12,234445.12,25.62242
925000.0,1162485.8,-237485.75,237485.75,25.674135
2152800.0,1237824.8,914975.25,914975.25,42.501637
600000.0,1277371.8,-677371.75,677371.75,112.89529
900000.0,1253963.6,-353963.62,353963.62,39.329292
10000000.0,1554790.2,8445210.0,8445210.0,84.452095
845000.0,1246598.6,-401598.62,401598.62,47.526463
850000.0,1166097.1,-316097.12,316097.12,37.187897
750000.0,1390680.5,-640680.5,640680.5,85.424065
1100000.0,1096472.4,3527.625,3527.625,0.32069317
800000.0,1324674.1,-524674.1,524674.1,65.58427
650000.0,1289942.8,-639942.75,639942.75,98.45273
1200000.0,1278188.2,-78188.25,78188.25,6.515688
1050000.0,1025885.8,24114.188,24114.188,2.2965894
615000.0,1288363.9,-673363.9,673363.9,109.49006
1600000.0,1233945.2,366054.75,366054.75,22.878422
900000.0,1187178.4,-287178.38,287178.38,31.908709
1600000.0,1286089.1,313910.88,313910.88,19.619429
1220000.0,1174084.9,45915.125,45915.125,3.7635348
700000.0,1274135.2,-574135.25,574135.25,82.019325
848000.0,1313636.5,-465636.5,465636.5,54.90996
750000.0,1253662.8,-503662.75,503662.75,67.15504
2207250.0,1084232.9,1123017.1,1123017.1,50.878567
1500000.0,1272556.1,227443.88,227443.88,15.162926
680000.0,1210577.4,-530577.4,530577.4,78.026085
620000.0,1265397.2,-645397.25,645397.25,104.09633
750000.0,1398674.4,-648674.4,648674.4,86.489914
1000000.0,1360976.4,-360976.38,360976.38,36.097637
700000.0,1210292.1,-510292.12,510292.12,72.89888
700000.0,1227300.4,-527300.4,527300.4,75.32862
710000.0,1210347.8,-500347.75,500347.75,70.47151
850000.0,1492664.0,-642664.0,642664.0,75.60753
800000.0,1214956.5,-414956.5,414956.5,51.869564
550000.0,1141202.1,-591202.1,591202.1,107.49129
1000000.0,1228510.0,-228510.0,228510.0,22.851
750000.0,1175155.4,-425155.38,425155.38,56.687386
935000.0,1451726.2,-516726.25,516726.25,55.264843
1452400.0,1139664.4,312735.62,312735.62,21.532335
950000.0,1341734.8,-391734.75,391734.75,41.235237
468000.0,1421810.8,-953810.75,953810.75,203.80571
1000000.0,1226239.1,-226239.12,226239.12,22.623913
4700000.0,1419586.2,3280413.8,3280413.8,69.796036
650000.0,1208169.5,-558169.5,558169.5,85.87223
1080000.0,1271218.2,-191218.25,191218.25,17.705393
1000000.0,1217765.0,-217765.0,217765.0,21.7765
1500000.0,1131991.0,368009.0,368009.0,24.533934
2160000.0,1233943.4,926056.6,926056.6,42.872993
950000.0,1249022.8,-299022.75,299022.75,31.47608
1650000.0,1088017.2,561982.75,561982.75,34.05956
1000000.0,1334164.8,-334164.75,334164.75,33.416473
2400000.0,1382792.1,1017207.9,1017207.9,42.383663
850000.0,1284678.2,-434678.25,434678.25,51.138615
1100000.0,1103393.0,-3393.0,3393.0,0.30845454
900000.0,1292869.1,-392869.12,392869.12,43.652126
500000.0,1178556.9,-678556.9,678556.9,135.71136
1102000.0,1079779.0,22221.0,22221.0,2.0164247
624000.0,1162690.2,-538690.25,538690.25,86.32857
2330000.0,1382781.5,947218.5,947218.5,40.653152
853000.0,1248122.0,-395122.0,395122.0,46.321453
630000.0,1288097.6,-658097.6,658097.6,104.45994
900000.0,1300964.8,-400964.75,400964.75,44.55164
800000.0,1272726.5,-472726.5,472726.5,59.090813
1200000.0,1234553.9,-34553.875,34553.875,2.8794897
700000.0,1202691.0,-502691.0,502691.0,71.812996
1078000.0,1135201.0,-57201.0,57201.0,5.3062153
872500.0,1151300.0,-278800.0,278800.0,31.954155
1080000.0,1274756.8,-194756.75,194756.75,18.033031
1040000.0,1209476.4,-169476.38,169476.38,16.295805
1500000.0,1217994.5,282005.5,282005.5,18.800365
950000.0,1211453.9,-261453.88,261453.88,27.521461
1700000.0,1372616.9,327383.12,327383.12,19.257832
1480000.0,1264730.4,215269.62,215269.62,14.545245
1050000.0,1154963.4,-104963.375,104963.375,9.996511
10000000.0,1423465.1,8576535.0,8576535.0,85.76535
800000.0,1302112.8,-502112.75,502112.75,62.764095
8800000.0,1514508.0,7285492.0,7285492.0,82.78968
800000.0,870593.8,-70593.81,70593.81,8.824226
700000.0,1223323.2,-523323.25,523323.25,74.76047
800000.0,1242488.2,-442488.25,442488.25,55.31103
1070000.0,1251602.8,-181602.75,181602.75,16.97222
1655000.0,1328323.9,326676.12,326676.12,19.738739
850000.0,1274849.1,-424849.12,424849.12,49.98225
640000.0,1163837.4,-523837.38,523837.38,81.84959
1400000.0,1258712.4,141287.62,141287.62,10.091973
600000.0,1298144.6,-698144.6,698144.6,116.35744
700000.0,1139396.8,-439396.75,439396.75,62.77096
1280000.0,1258594.2,21405.75,21405.75,1.6723242
1800000.0,1250630.5,549369.5,549369.5,30.520529
740000.0,1404518.2,-664518.25,664518.25,89.79976
1190000.0,1283455.4,-93455.375,93455.375,7.8533926
743500.0,1090273.4,-346773.38,346773.38,46.64067
775650.0,1270225.8,-494575.75,494575.75,63.76275
950000.0,1226250.0,-276250.0,276250.0,29.078949
700000.0,1241863.4,-541863.4,541863.4,77.40905
1800000.0,1124980.6,675019.4,675019.4,37.501076
1050000.0,1280121.5,-230121.5,230121.5,21.916332
1000000.0,1272424.1,-272424.12,272424.12,27.242413
1050000.0,1318070.1,-268070.12,268070.12,25.530487
970000.0,1237084.9,-267084.88,267084.88,27.534523
1800000.0,1279323.6,520676.38,520676.38,28.926464
800000.0,1191138.9,-391138.88,391138.88,48.892357
600000.0,1388006.2,-788006.25,788006.25,131.33438
950000.0,1173399.9,-223399.88,223399.88,23.515776
700000.0,1102025.9,-402025.88,402025.88,57.43227
675000.0,1233355.1,-558355.1,558355.1,82.71928
2580000.0,1287405.2,1292594.8,1292594.8,50.10057
1472150.0,1176096.8,296053.25,296053.25,20.110264
1000000.0,1554640.2,-554640.25,554640.25,55.464024
1630000.0,1321024.5,308975.5,308975.5,18.955553
1800000.0,1299613.8,500386.25,500386.25,27.799236
650000.0,1168895.4,-518895.38,518895.38,79.830055
800000.0,1296029.2,-496029.25,496029.25,62.003654
940000.0,1272104.6,-332104.62,332104.62,35.33028
950000.0,1189302.9,-239302.88,239302.88,25.189775
600000.0,1074036.6,-474036.62,474036.62,79.0061
800000.0,1236182.9,-436182.88,436182.88,54.52286
600000.0,1299702.5,-699702.5,699702.5,116.61708
800000.0,1256744.0,-456744.0,456744.0,57.093002
890000.0,1227537.6,-337537.62,337537.62,37.925575
1400000.0,1264451.9,135548.12,135548.12,9.682009
950000.0,1849459.9,-899459.9,899459.9,94.679985
896000.0,1451340.9,-555340.9,555340.9,61.98001
500000.0,1274988.2,-774988.25,774988.25,154.99765
750000.0,1250004.9,-500004.88,500004.88,66.66732
700000.0,1183012.2,-483012.25,483012.25,69.001755
1198562.0,1209856.9,-11294.875,11294.875,0.9423689
750000.0,1248931.5,-498931.5,498931.5,66.5242
540000.0,1268817.5,-728817.5,728817.5,134.9662
567521.0,1247859.1,-680338.1,680338.1,119.87894
1000000.0,862441.06,137558.94,137558.94,13.755894
1365800.0,1050932.8,314867.25,314867.25,23.053686
1061600.0,1246707.9,-185107.88,185107.88,17.436687
1000000.0,1116230.0,-116230.0,116230.0,11.623
1800000.0,1262754.8,537245.25,537245.25,29.846958
1450000.0,1411385.1,38614.875,38614.875,2.6630948
700000.0,1271499.9,-571499.9,571499.9,81.64284
952000.0,1206900.9,-254900.88,254900.88,26.775303
1440000.0,1248973.4,191026.62,191026.62,13.265738
500000.0,1465637.5,-965637.5,965637.5,193.1275
1720000.0,1142316.9,577683.1,577683.1,33.586227
600000.0,1292584.9,-692584.9,692584.9,115.43081
530000.0,1170992.8,-640992.75,640992.75,120.94203
1550000.0,1286051.0,263949.0,263949.0,17.028969
900000.0,1227225.0,-327225.0,327225.0,36.358334
980000.0,1256305.5,-276305.5,276305.5,28.194439
588000.0,1249456.2,-661456.25,661456.25,112.49256
750000.0,1335126.0,-585126.0,585126.0,78.0168
1170000.0,1437469.5,-267469.5,267469.5,22.86064
678138.0,1316641.6,-638503.6,638503.6,94.15541
1701000.0,1239194.6,461805.38,461805.38,27.149052
550000.0,1255286.6,-705286.6,705286.6,128.23393
1000000.0,1350302.8,-350302.75,350302.75,35.030277
1085000.0,1262921.2,-177921.25,177921.25,16.398272
990000.0,1265680.1,-275680.12,275680.12,27.846476
1050000.0,1263847.8,-213847.75,213847.75,20.366453
650000.0,1260070.5,-610070.5,610070.5,93.857
1720000.0,1141059.2,578940.75,578940.75,33.659344
1000000.0,1260651.9,-260651.88,260651.88,26.06519
918000.0,1300274.0,-382274.0,382274.0,41.642048
859000.0,1076099.5,-217099.5,217099.5,25.273518
840000.0,1134274.2,-294274.25,294274.25,35.032646
1505000.0,1229200.5,275799.5,275799.5,18.325548
1200000.0,1423176.6,-223176.62,223176.62,18.598051
2300000.0,1314116.6,985883.4,985883.4,42.864494
840000.0,1230590.2,-390590.25,390590.25,46.498837
900000.0,1325219.9,-425219.88,425219.88,47.246655
1000000.0,1244685.0,-244685.0,244685.0,24.4685
735000.0,1112001.5,-377001.5,377001.5,51.292725
750000.0,1266268.5,-516268.5,516268.5,68.8358
4536000.0,1388827.6,3147172.5,3147172.5,69.38211
910000.0,1285449.1,-375449.12,375449.12,41.258144
1000000.0,1235479.9,-235479.88,235479.88,23.547987
87833.0,1237753.8,-1149920.8,1149920.8,1309.2126
650000.0,1248974.1,-598974.1,598974.1,92.149864
600000.0,1348813.0,-748813.0,748813.0,124.80217
950000.0,1535688.6,-585688.6,585688.6,61.651432
1600000.0,1248816.6,351183.38,351183.38,21.948961
2060000.0,1281752.8,778247.25,778247.25,37.77899
1600000.0,1260265.6,339734.38,339734.38,21.233398
1000000.0,1261609.4,-261609.38,261609.38,26.160938
500000.0,1371327.8,-871327.75,871327.75,174.26555
864000.0,1742450.6,-878450.6,878450.6,101.67253
1000000.0,1199152.5,-199152.5,199152.5,19.91525
500000.0,1246553.4,-746553.4,746553.4,149.31067
927500.0,1205551.5,-278051.5,278051.5,29.978598
920000.0,1220149.9,-300149.88,300149.88,32.62499
700000.0,1284969.8,-584969.75,584969.75,83.56711
580000.0,1231207.5,-651207.5,651207.5,112.27715
1300000.0,1190036.4,109963.625,109963.625,8.45874
1300000.0,1364263.8,-64263.75,64263.75,4.943365
1181000.0,1182085.4,-1085.375,1085.375,0.091903046
600000.0,1170200.2,-570200.25,570200.25,95.03338
2600000.0,1183636.5,1416363.5,1416363.5,54.47552
630000.0,1059431.8,-429431.75,429431.75,68.16377
1680000.0,1266250.9,413749.12,413749.12,24.627924
800000.0,1381486.8,-581486.75,581486.75,72.685844
600000.0,1234046.4,-634046.4,634046.4,105.6744
850000.0,1198066.2,-348066.25,348066.25,40.94897
1650000.0,1279464.6,370535.38,370535.38,22.45669
1100000.0,1269314.2,-169314.25,169314.25,15.392205
900000.0,1188787.5,-288787.5,288787.5,32.087498
900000.0,1277742.4,-377742.38,377742.38,41.971375
1160000.0,1261254.8,-101254.75,101254.75,8.728858
1500000.0,1234842.8,265157.25,265157.25,17.67715
1200000.0,1146838.9,53161.125,53161.125,4.430094
1780000.0,1258361.0,521639.0,521639.0,29.305563
1764000.0,1273571.8,490428.25,490428.25,27.802055
550000.0,1229186.8,-679186.75,679186.75,123.488495
1500000.0,1236378.6,263621.38,263621.38,17.574759
850000.0,1340624.5,-490624.5,490624.5,57.72053
550000.0,1313905.6,-763905.6,763905.6,138.89194
1300000.0,1131823.0,168177.0,168177.0,12.936692
1675000.0,1149081.8,525918.25,525918.25,31.398106
750000.0,1176175.4,-426175.38,426175.38,56.823383
800000.0,1191755.8,-391755.75,391755.75,48.969467
756000.0,1371682.6,-615682.6,615682.6,81.4395
850000.0,1116582.0,-266582.0,266582.0,31.362587
850000.0,1358133.9,-508133.88,508133.88,59.780457
1022500.0,1233761.4,-211261.38,211261.38,20.661259
1200000.0,1296112.5,-96112.5,96112.5,8.009375
500000.0,1405919.0,-905919.0,905919.0,181.1838
1200000.0,1402895.2,-202895.25,202895.25,16.907938
1030000.0,1263904.1,-233904.12,233904.12,22.709139
688000.0,1098734.6,-410734.62,410734.62,59.6998
1400000.0,1199527.4,200472.62,200472.62,14.319473
612000.0,1278621.1,-666621.1,666621.1,108.92502
1550000.0,1147955.0,402045.0,402045.0,25.938385
500000.0,1259949.8,-759949.75,759949.75,151.98994
650000.0,1172973.4,-522973.38,522973.38,80.45744
900000.0,1179824.9,-279824.88,279824.88,31.091652
950000.0,1218190.6,-268190.62,268190.62,28.230593
576000.0,1249415.0,-673415.0,673415.0,116.91233
1348000.0,1180114.9,167885.12,167885.12,12.454386
1280000.0,1210009.4,69990.625,69990.625,5.4680176
1100000.0,1265176.9,-165176.88,165176.88,15.016079
1000000.0,1252156.9,-252156.88,252156.88,25.215689
700000.0,1391369.9,-691369.9,691369.9,98.76713
600000.0,1242815.0,-642815.0,642815.0,107.13583
1400000.0,1280788.9,119211.125,119211.125,8.51508
800000.0,1299639.2,-499639.25,499639.25,62.45491
594000.0,1388193.6,-794193.6,794193.6,133.70264
924400.0,1173125.2,-248725.25,248725.25,26.90667
1150000.0,1410499.4,-260499.38,260499.38,22.652119
1164000.0,1319342.5,-155342.5,155342.5,13.345575
1300000.0,1045505.25,254494.75,254494.75,19.576519
2000000.0,1521970.6,478029.38,478029.38,23.901468
900000.0,1248959.4,-348959.38,348959.38,38.773262
720000.0,1017818.56,-297818.56,297818.56,41.36369
580000.0,1444140.6,-864140.6,864140.6,148.98976
1200000.0,1158569.1,41430.875,41430.875,3.452573
950000.0,1214683.9,-264683.88,264683.88,27.861462
1000000.0,1348641.5,-348641.5,348641.5,34.86415
1050000.0,1259886.1,-209886.12,209886.12,19.989155
1000000.0,1299538.8,-299538.75,299538.75,29.953876
1000000.0,1186807.2,-186807.25,186807.25,18.680725
2437500.0,1240063.0,1197437.0,1197437.0,49.12562
864000.0,1295024.2,-431024.25,431024.25,49.887066
2160000.0,1271495.2,888504.75,888504.75,41.13448
843601.0,1112331.8,-268730.75,268730.75,31.855196
1440000.0,1216047.4,223952.62,223952.62,15.552266
1095000.0,1171799.2,-76799.25,76799.25,7.01363
800000.0,1435321.4,-635321.4,635321.4,79.41517
1321000.0,1232971.1,88028.875,88028.875,6.663806
650000.0,1267736.6,-617736.6,617736.6,95.03641
856000.0,1229208.6,-373208.62,373208.62,43.599136
600000.0,1323440.1,-723440.1,723440.1,120.57336
950000.0,1263526.2,-313526.25,313526.25,33.002766
770000.0,1208968.6,-438968.62,438968.62,57.00891
368000.0,1248724.6,-880724.6,880724.6,239.32733
910000.0,1142379.8,-232379.75,232379.75,25.536236
800000.0,1227000.9,-427000.88,427000.88,53.375107
450000.0,1340558.1,-890558.1,890558.1,197.90181
1460000.0,1129366.5,330633.5,330633.5,22.646132
970000.0,1315748.0,-345748.0,345748.0,35.644123
825000.0,1194401.4,-369401.38,369401.38,44.775925
750000.0,1240161.1,-490161.12,490161.12,65.35482
900000.0,1245321.5,-345321.5,345321.5,38.369057
844000.0,1387661.9,-543661.9,543661.9,64.41491
1300000.0,1283602.5,16397.5,16397.5,1.2613461
1800000.0,1245739.1,554260.9,554260.9,30.792273
1180000.0,1197852.0,-17852.0,17852.0,1.5128814
7000000.0,1331975.8,5668024.0,5668024.0,80.97177
540000.0,1199511.4,-659511.4,659511.4,122.131744
910000.0,1378032.4,-468032.38,468032.38,51.432125
706000.0,1187555.9,-481555.88,481555.88,68.209045
800000.0,1245880.1,-445880.12,445880.12,55.735016
700000.0,1271489.9,-571489.9,571489.9,81.64141
1500000.0,1142007.6,357992.38,357992.38,23.86616
800000.0,1342287.1,-542287.1,542287.1,67.78589
1485000.0,1267745.1,217254.88,217254.88,14.629958
1500000.0,1413057.5,86942.5,86942.5,5.7961664
780000.0,1342349.5,-562349.5,562349.5,72.09609
1050000.0,1293640.1,-243640.12,243640.12,23.203821
1050000.0,1126263.6,-76263.625,76263.625,7.263202
500000.0,1262509.9,-762509.9,762509.9,152.50198
800000.0,1186224.2,-386224.25,386224.25,48.27803
1200000.0,1168893.6,31106.375,31106.375,2.592198
700000.0,1245462.9,-545462.9,545462.9,77.92327
1584000.0,1243152.1,340847.88,340847.88,21.518173
1580000.0,1169501.9,410498.12,410498.12,25.980892
1700000.0,1231356.2,468643.75,468643.75,27.56728
1285600.0,1288596.1,-2996.125,2996.125,0.23305267
945000.0,1349139.5,-404139.5,404139.5,42.766087
1000000.0,1104364.0,-104364.0,104364.0,10.4364
500000.0,1503271.2,-1003271.25,1003271.25,200.65425
1880000.0,1102246.8,777753.25,777753.25,41.369854
1100000.0,1268921.5,-168921.5,168921.5,15.356501
700000.0,1357115.8,-657115.75,657115.75,93.87368
817000.0,1340820.1,-523820.12,523820.12,64.115074
1796548.0,1221443.2,575104.75,575104.75,32.011654
1500000.0,1158404.4,341595.62,341595.62,22.773043
1150000.0,1270809.0,-120809.0,120809.0,10.50513
750000.0,1398641.1,-648641.1,648641.1,86.48548
1600000.0,1288475.0,311525.0,311525.0,19.470314
580000.0,1213695.8,-633695.75,633695.75,109.25789
1580000.0,1121430.8,458569.25,458569.25,29.02337
609650.0,1213590.0,-603940.0,603940.0,99.0634
1099000.0,1273411.1,-174411.12,174411.12,15.869984
1000000.0,1248067.1,-248067.12,248067.12,24.806713
1000000.0,1288434.4,-288434.38,288434.38,28.84344
610000.0,1232739.6,-622739.6,622739.6,102.08846
1000000.0,1265539.0,-265539.0,265539.0,26.5539
800000.0,1398475.8,-598475.75,598475.75,74.80947
650000.0,1066729.2,-416729.25,416729.25,64.11219
650000.0,1209401.9,-559401.9,559401.9,86.06183
900000.0,1119138.0,-219138.0,219138.0,24.348667
772500.0,1329103.9,-556603.9,556603.9,72.052284
756000.0,1290856.5,-534856.5,534856.5,70.748215
1073600.0,1174224.8,-100624.75,100624.75,9.372648
750000.0,1345270.0,-595270.0,595270.0,79.36933
1000000.0,1382809.9,-382809.88,382809.88,38.280987
1000000.0,1432117.2,-432117.25,432117.25,43.211727
800000.0,1078244.6,-278244.62,278244.62,34.78058
2856000.0,1290530.5,1565469.5,1565469.5,54.813354
653400.0,1268547.5,-615147.5,615147.5,94.14562
1160000.0,1216306.1,-56306.125,56306.125,4.8539762
750000.0,1135554.9,-385554.88,385554.88,51.40732
1100000.0,1255769.2,-155769.25,155769.25,14.16084
1000000.0,1132349.9,-132349.88,132349.88,13.234988
1600000.0,1256804.9,343195.12,343195.12,21.449696
2800000.0,1290474.9,1509525.1,1509525.1,53.911613
900000.0,1272775.4,-372775.38,372775.38,41.419487
800000.0,1248931.5,-448931.5,448931.5,56.11644
6300000.0,1290420.9,5009579.0,5009579.0,79.51713
700000.0,1282387.6,-582387.6,582387.6,83.198235
2000000.0,1234284.8,765715.25,765715.25,38.285763
700000.0,1095387.4,-395387.38,395387.38,56.483913
1200000.0,1234545.0,-34545.0,34545.0,2.8787498
1500000.0,1422658.6,77341.375,77341.375,5.1560917
770000.0,1278671.2,-508671.25,508671.25,66.061195
864000.0,1309179.0,-445179.0,445179.0,51.52535
1160000.0,1402400.8,-242400.75,242400.75,20.896616
750000.0,1170062.2,-420062.25,420062.25,56.008297
900000.0,1184426.6,-284426.62,284426.62,31.602959
2000000.0,1193537.6,806462.4,806462.4,40.323116
560000.0,1285696.9,-725696.9,725696.9,129.58873
900000.0,1179635.0,-279635.0,279635.0,31.070555
780000.0,1279548.9,-499548.88,499548.88,64.04472
2250000.0,1132611.5,1117388.5,1117388.5,49.661713
1360000.0,1212896.9,147103.12,147103.12,10.816406
1000000.0,1297462.8,-297462.75,297462.75,29.746277
2000000.0,1212451.8,787548.25,787548.25,39.37741
2920000.0,1390116.8,1529883.2,1529883.2,52.393265
775000.0,1244033.5,-469033.5,469033.5,60.52045
900000.0,1104033.4,-204033.38,204033.38,22.670374
1000000.0,1198290.1,-198290.12,198290.12,19.829012
700000.0,1184927.1,-484927.12,484927.12,69.2753
949500.0,1462011.5,-512511.5,512511.5,53.97699
650000.0,1173289.6,-523289.62,523289.62,80.506096
590000.0,1235547.6,-645547.6,645547.6,109.41485
1050000.0,1230717.0,-180717.0,180717.0,17.211142
800000.0,1029612.56,-229612.56,229612.56,28.70157
1600000.0,1263310.0,336690.0,336690.0,21.043125
1800000.0,1235153.9,564846.1,564846.1,31.38034
788000.0,1390246.4,-602246.4,602246.4,76.4272
580500.0,1267698.5,-687198.5,687198.5,118.38045
600000.0,1248465.9,-648465.9,648465.9,108.077644
650000.0,1272851.9,-622851.9,622851.9,95.823364
1352000.0,1196360.5,155639.5,155639.5,11.511798
1200000.0,1214560.0,-14560.0,14560.0,1.2133332
1800000.0,1082847.9,717152.1,717152.1,39.841785
801653.0,1154052.6,-352399.62,352399.62,43.95912
720000.0,1241232.1,-521232.12,521232.12,72.39335
1600000.0,1233360.0,366640.0,366640.0,22.914999
875000.0,1229164.6,-354164.62,354164.62,40.47596
1200000.0,1023026.6,176973.38,176973.38,14.747781
1500000.0,1284826.8,215173.25,215173.25,14.344883
900000.0,1281464.4,-381464.38,381464.38,42.38493
800000.0,1382042.9,-582042.9,582042.9,72.75536
2000000.0,1741997.5,258002.5,258002.5,12.900125
500000.0,1026186.25,-526186.25,526186.25,105.23724
1050000.0,1288628.9,-238628.88,238628.88,22.726559
1050000.0,1203163.1,-153163.12,153163.12,14.586965
2200000.0,1260960.1,939039.9,939039.9,42.68363
600000.0,1284402.5,-684402.5,684402.5,114.06708
1000000.0,1267836.5,-267836.5,267836.5,26.783651
600000.0,1404318.0,-804318.0,804318.0,134.05301
770000.0,1052277.8,-282277.75,282277.75,36.65945
700000.0,1227441.5,-527441.5,527441.5,75.348785
756000.0,1241684.8,-485684.75,485684.75,64.24401
1480000.0,1205222.5,274777.5,274777.5,18.566046
500000.0,1223396.1,-723396.1,723396.1,144.67923
1200000.0,1255435.4,-55435.375,55435.375,4.6196146
730000.0,1246671.6,-516671.62,516671.62,70.77693
1500000.0,1264633.9,235366.12,235366.12,15.691074
1600000.0,1226645.4,373354.62,373354.62,23.334663
600000.0,1274968.4,-674968.4,674968.4,112.49473
670000.0,1275133.5,-605133.5,605133.5,90.318436
1032000.0,1080945.5,-48945.5,48945.5,4.742781
670000.0,1278621.1,-608621.1,608621.1,90.838974
1200000.0,1257425.2,-57425.25,57425.25,4.7854376
1245000.0,1228777.2,16222.75,16222.75,1.3030322
800000.0,1143803.2,-343803.25,343803.25,42.975407
1099560.0,1281247.6,-181687.62,181687.62,16.523666
2400000.0,1312351.5,1087648.5,1087648.5,45.318687
350000.0,1103980.1,-753980.1,753980.1,215.4229
2660000.0,1236066.2,1423933.8,1423933.8,53.53134
800000.0,1298488.0,-498488.0,498488.0,62.311
1120000.0,1260913.2,-140913.25,140913.25,12.581541
800000.0,1584267.8,-784267.75,784267.75,98.03347
3000000.0,1214711.1,1785288.9,1785288.9,59.50963
700000.0,1379609.9,-679609.9,679609.9,97.08713
400000.0,1176093.1,-776093.1,776093.1,194.02327
793000.0,1182505.2,-389505.25,389505.25,49.11794
910000.0,1142307.0,-232307.0,232307.0,25.528244
520000.0,1316649.4,-796649.4,796649.4,153.20181
1000000.0,1163813.5,-163813.5,163813.5,16.38135
710000.0,1205568.2,-495568.25,495568.25,69.79835
955000.0,1214479.6,-259479.62,259479.62,27.17064
700000.0,1205227.4,-505227.38,505227.38,72.17534
600000.0,1260379.6,-660379.6,660379.6,110.06326
1000000.0,1238484.6,-238484.62,238484.62,23.848461
1012500.0,1269992.5,-257492.5,257492.5,25.431358
500000.0,1227295.8,-727295.75,727295.75,145.45915
1400000.0,1142426.5,257573.5,257573.5,18.398108
1250000.0,1340183.5,-90183.5,90183.5,7.21468
1700000.0,1100292.8,599707.25,599707.25,35.276897
500000.0,1072859.6,-572859.6,572859.6,114.57193
588500.0,1302164.9,-713664.9,713664.9,121.26846
950000.0,1211464.4,-261464.38,261464.38,27.522568
865000.0,1364498.9,-499498.88,499498.88,57.745533
700002.0,1205507.4,-505505.38,505505.38,72.21485
970000.0,1182004.1,-212004.12,212004.12,21.856094
540000.0,1297373.5,-757373.5,757373.5,140.25435
2000000.0,1220884.4,779115.6,779115.6,38.95578
1400000.0,1286546.2,113453.75,113453.75,8.103839
600000.0,1349139.5,-749139.5,749139.5,124.85658
700000.0,1227546.9,-527546.9,527546.9,75.36384
814008.0,1145577.9,-331569.88,331569.88,40.733
800000.0,1224610.9,-424610.88,424610.88,53.076355
800000.0,1231272.9,-431272.88,431272.88,53.90911
1336000.0,1228036.2,107963.75,107963.75,8.081119
2320000.0,1198898.0,1121102.0,1121102.0,48.323364
1120000.0,1269266.0,-149266.0,149266.0,13.327321
702000.0,1355256.2,-653256.25,653256.25,93.05645
588000.0,1187624.0,-599624.0,599624.0,101.97687
655000.0,1151271.8,-496271.75,496271.75,75.76668
769000.0,1332475.2,-563475.25,563475.25,73.273766
550000.0,1236524.4,-686524.4,686524.4,124.82262
789500.0,1278180.1,-488680.12,488680.12,61.897423
1200000.0,1242815.0,-42815.0,42815.0,3.5679166
700000.0,1029716.7,-329716.7,329716.7,47.102383
765000.0,1290830.4,-525830.4,525830.4,68.736
1160000.0,2163112.8,-1003112.75,1003112.75,86.475235
850000.0,1196250.5,-346250.5,346250.5,40.73535
1600000.0,1279380.5,320619.5,320619.5,20.03872
1000000.0,1342290.4,-342290.38,342290.38,34.22904
1090000.0,1183367.0,-93367.0,93367.0,8.56578
500000.0,1253550.6,-753550.6,753550.6,150.71013
1079126.0,1157578.6,-78452.625,78452.625,7.2700152
770000.0,1237228.2,-467228.25,467228.25,60.678993
650000.0,1243110.8,-593110.75,593110.75,91.24781
650000.0,1203570.1,-553570.1,553570.1,85.164635
1150000.0,1278408.1,-128408.125,128408.125,11.165924
1370000.0,1218154.8,151845.25,151845.25,11.083594
720000.0,1246039.0,-526039.0,526039.0,73.060974
800000.0,1364066.0,-564066.0,564066.0,70.50825
800000.0,1241202.9,-441202.88,441202.88,55.15036
553800.0,1270263.6,-716463.6,716463.6,129.37227
850000.0,1278279.9,-428279.88,428279.88,50.385868
650000.0,1342254.4,-692254.4,692254.4,106.50067
18750000.0,1281754.1,17468246.0,17468246.0,93.16398
1352800.0,1097664.6,255135.38,255135.38,18.8598
1800000.0,1290776.9,509223.12,509223.12,28.290173
810000.0,1092257.2,-282257.25,282257.25,34.846573
540000.0,1219398.1,-679398.1,679398.1,125.81446
800000.0,1398664.4,-598664.4,598664.4,74.833046
660000.0,1283961.4,-623961.4,623961.4,94.539604
709000.0,1354278.2,-645278.25,645278.25,91.01245
900000.0,1330012.4,-430012.38,430012.38,47.779152
1470000.0,1173322.2,296677.75,296677.75,20.18216
593000.0,1231389.4,-638389.4,638389.4,107.65419
810000.0,1249415.0,-439415.0,439415.0,54.248768
1000000.0,1266780.9,-266780.88,266780.88,26.67809
2330000.0,1246181.2,1083818.8,1083818.8,46.515827
600000.0,1252520.0,-652520.0,652520.0,108.753334
768000.0,1200454.6,-432454.62,432454.62,56.309193
714000.0,1120733.6,-406733.62,406733.62,56.965492
640000.0,1042965.44,-402965.44,402965.44,62.96335
1490600.0,1090416.0,400184.0,400184.0,26.847176
540000.0,1144872.8,-604872.75,604872.75,112.01347
1704000.0,1252649.2,451350.75,451350.75,26.48772
600000.0,1261051.5,-661051.5,661051.5,110.175255
1160000.0,1216306.1,-56306.125,56306.125,4.8539762
1350000.0,1148464.5,201535.5,201535.5,14.9285555
800000.0,1184849.6,-384849.62,384849.62,48.1062
6600000.0,1175607.1,5424393.0,5424393.0,82.187775
800000.0,1490871.1,-690871.1,690871.1,86.358894
1050000.0,1300981.5,-250981.5,250981.5,23.903
1800000.0,1266114.0,533886.0,533886.0,29.660332
700000.0,1222532.8,-522532.75,522532.75,74.64754
800000.0,1398664.4,-598664.4,598664.4,74.833046
1690300.0,1289401.1,400898.88,400898.88,23.717617
2625000.0,1148439.8,1476560.2,1476560.2,56.249916
1100000.0,1491289.2,-391289.25,391289.25,35.57175
1262500.0,1223819.4,38680.625,38680.625,3.063812
700000.0,1579896.2,-879896.25,879896.25,125.69946
862801.0,1170962.4,-308161.38,308161.38,35.716393
850000.0,1176591.8,-326591.75,326591.75,38.422558
1570000.0,1105878.2,464121.75,464121.75,29.561895
1800000.0,1226754.1,573245.9,573245.9,31.846994
1000000.0,1263213.0,-263213.0,263213.0,26.3213
750000.0,1239058.8,-489058.75,489058.75,65.20783
1080000.0,1089649.8,-9649.75,9649.75,0.8934953
1000000.0,1332472.5,-332472.5,332472.5,33.24725
750000.0,1381900.9,-631900.9,631900.9,84.25345
950000.0,1247022.5,-297022.5,297022.5,31.265528
6706000.0,1349139.5,5356860.5,5356860.5,79.88161
800000.0,1088023.1,-288023.12,288023.12,36.002888
1000000.0,1274695.9,-274695.88,274695.88,27.469587
1298000.0,1181600.1,116399.875,116399.875,8.967633
1200000.0,1208691.1,-8691.125,8691.125,0.7242604
642500.0,1143369.6,-500869.62,500869.62,77.95636
2400000.0,1296134.1,1103865.9,1103865.9,45.99441
1481000.0,1084389.9,396610.12,396610.12,26.779886
500000.0,1203630.6,-703630.6,703630.6,140.72612
800000.0,1320440.6,-520440.62,520440.62,65.05508
1200000.0,1285304.0,-85304.0,85304.0,7.108667
500000.0,1102025.9,-602025.9,602025.9,120.405174
1100000.0,1555435.0,-455435.0,455435.0,41.40318
694400.0,1259196.1,-564796.1,564796.1,81.335846
1260000.0,1285435.9,-25435.875,25435.875,2.0187204
1200000.0,1141602.0,58398.0,58398.0,4.8665
1690000.0,1190645.5,499354.5,499354.5,29.547606
2400000.0,1166397.6,1233602.4,1233602.4,51.4001
500000.0,1198311.1,-698311.1,698311.1,139.66223
800000.0,1232754.2,-432754.25,432754.25,54.09428
500000.0,1499612.4,-999612.4,999612.4,199.92249
1500000.0,1254636.9,245363.12,245363.12,16.35754
990000.0,1262997.1,-272997.12,272997.12,27.575466
1080000.0,1134182.2,-54182.25,54182.25,5.016875
1160000.0,1275257.6,-115257.625,115257.625,9.936002
700000.0,1124700.1,-424700.12,424700.12,60.671448
840000.0,1209441.0,-369441.0,369441.0,43.98107
810000.0,1115989.0,-305989.0,305989.0,37.77642
1371000.0,1421153.2,-50153.25,50153.25,3.658151
1000000.0,1382809.9,-382809.88,382809.88,38.280987
2400000.0,1221079.1,1178920.9,1178920.9,49.1217
1600000.0,1362484.0,237516.0,237516.0,14.844749
1800000.0,1220204.9,579795.1,579795.1,32.21084
925000.0,1093699.9,-168699.88,168699.88,18.237825
1000000.0,1224443.0,-224443.0,224443.0,22.4443
1170000.0,1417868.5,-247868.5,247868.5,21.18534
1680000.0,1217937.9,462062.12,462062.12,27.503698
990000.0,1250072.4,-260072.38,260072.38,26.269936
1400000.0,1263893.1,136106.88,136106.88,9.72192
1800000.0,1166523.0,633477.0,633477.0,35.193165
2110000.0,1288839.5,821160.5,821160.5,38.91756
1250000.0,1286052.4,-36052.375,36052.375,2.88419
471000.0,1172098.9,-701098.9,701098.9,148.85327
750000.0,1123760.0,-373760.0,373760.0,49.834667
800000.0,1049537.0,-249537.0,249537.0,31.192123
800000.0,1163866.9,-363866.88,363866.88,45.48336
2300000.0,1260043.9,1039956.1,1039956.1,45.215485
600000.0,1220486.1,-620486.1,620486.1,103.41436
680000.0,1389783.5,-709783.5,709783.5,104.37993
980000.0,1026052.8,-46052.812,46052.812,4.699267
980000.0,1222086.2,-242086.25,242086.25,24.702679
900000.0,1267982.6,-367982.62,367982.62,40.88696
1440000.0,1255284.9,184715.12,184715.12,12.827439
800000.0,1204400.0,-404400.0,404400.0,50.550003
1160000.0,1278254.8,-118254.75,118254.75,10.194375
700000.0,1118097.2,-418097.25,418097.25,59.72818
1050000.0,1285762.2,-235762.25,235762.25,22.453548
1590000.0,1228619.1,361380.88,361380.88,22.728357
1000000.0,1274180.9,-274180.88,274180.88,27.418089
1040000.0,1204768.2,-164768.25,164768.25,15.843101
1200000.0,1249672.0,-49672.0,49672.0,4.1393332
2100000.0,1254040.6,845959.4,845959.4,40.28378
700000.0,1217938.2,-517938.25,517938.25,73.99118
1218000.0,1225088.1,-7088.125,7088.125,0.58194786
1800000.0,1161090.9,638909.1,638909.1,35.49495
900000.0,1382273.6,-482273.62,482273.62,53.58596
1125000.0,1458239.9,-333239.88,333239.88,29.62132
1625000.0,1129143.2,495856.75,495856.75,30.514261
1600000.0,1265095.9,334904.12,334904.12,20.931507
1160000.0,1973067.0,-813067.0,813067.0,70.09198
1050000.0,1181903.9,-131903.88,131903.88,12.562273
1440000.0,1222398.6,217601.38,217601.38,15.111206
1200000.0,1287517.5,-87517.5,87517.5,7.293125
1495000.0,1241171.4,253828.62,253828.62,16.978504
1450000.0,1287075.6,162924.38,162924.38,11.236164
792500.0,1345965.1,-553465.1,553465.1,69.83787
700000.0,1256695.6,-556695.6,556695.6,79.52795
1300000.0,1215078.4,84921.625,84921.625,6.532433
800000.0,1272103.9,-472103.88,472103.88,59.012985
1800000.0,1138958.6,661041.4,661041.4,36.724518
1230000.0,1308021.6,-78021.625,78021.625,6.3432217
1160000.0,1339120.2,-179120.25,179120.25,15.4414015
925000.0,1240077.1,-315077.12,315077.12,34.062393
1200000.0,1048571.3,151428.69,151428.69,12.619058
580500.0,1030756.8,-450256.8,450256.8,77.56362
503000.0,1265924.4,-762924.4,762924.4,151.67484
1300000.0,1263732.6,36267.375,36267.375,2.789798
1440000.0,1286919.6,153080.38,153080.38,10.630582
1071400.0,1099984.0,-28584.0,28584.0,2.667911
900000.0,1232861.8,-332861.75,332861.75,36.984642
600000.0,1286981.2,-686981.25,686981.25,114.49687
1000000.0,1256137.4,-256137.38,256137.38,25.613737
1350000.0,1166356.9,183643.12,183643.12,13.603194
1075200.0,1248792.1,-173592.12,173592.12,16.145102
1850000.0,1229609.1,620390.9,620390.9,33.53464
2000000.0,1200741.8,799258.25,799258.25,39.962914
1750000.0,1288738.1,461261.88,461261.88,26.35782
1000000.0,1256720.0,-256720.0,256720.0,25.672
600000.0,1120106.2,-520106.25,520106.25,86.68438
850000.0,1222073.5,-372073.5,372073.5,43.773354
1020000.0,1382838.4,-362838.38,362838.38,35.572388
920000.0,1210543.5,-290543.5,290543.5,31.580814
720000.0,1265481.8,-545481.75,545481.75,75.76135
1400000.0,1390559.5,9440.5,9440.5,0.6743214
1160000.0,1304168.1,-144168.12,144168.12,12.428287
588500.0,1173628.2,-585128.25,585128.25,99.42706
910000.0,1208143.9,-298143.88,298143.88,32.763065
800000.0,1233352.0,-433352.0,433352.0,54.169
1000000.0,1255884.2,-255884.25,255884.25,25.588427
1034400.0,1181608.0,-147208.0,147208.0,14.231245
1300000.0,1217921.8,82078.25,82078.25,6.313711
465000.0,1252726.9,-787726.9,787726.9,169.40363
838000.0,1061035.0,-223035.0,223035.0,26.615154
618000.0,1155809.0,-537809.0,537809.0,87.02411
1100000.0,1247238.8,-147238.75,147238.75,13.385341
2600000.0,1258831.0,1341169.0,1341169.0,51.58342
800000.0,1263117.1,-463117.12,463117.12,57.88964
730000.0,1285526.5,-555526.5,555526.5,76.09952
800000.0,1269925.9,-469925.88,469925.88,58.740734
700000.0,1120791.5,-420791.5,420791.5,60.11307
1530000.0,1260541.9,269458.12,269458.12,17.611643
500000.0,1199937.2,-699937.25,699937.25,139.98744
1300000.0,1174765.0,125235.0,125235.0,9.633461
900000.0,1271970.0,-371970.0,371970.0,41.33
800000.0,1198349.9,-398349.88,398349.88,49.793736
720000.0,1216262.4,-496262.38,496262.38,68.92532
1350000.0,1279495.6,70504.375,70504.375,5.222546
1000000.0,1254061.2,-254061.25,254061.25,25.406126
1950000.0,1210569.9,739430.1,739430.1,37.919495
800000.0,1174266.9,-374266.88,374266.88,46.78336
1315000.0,1274481.6,40518.375,40518.375,3.0812452
600000.0,1209053.5,-609053.5,609053.5,101.50892
1250000.0,1209433.2,40566.75,40566.75,3.2453399
935000.0,1246256.6,-311256.62,311256.62,33.28948
1100000.0,876426.56,223573.44,223573.44,20.324858
1055000.0,1237536.4,-182536.38,182536.38,17.302027
1500000.0,1266153.4,233846.62,233846.62,15.589775
565000.0,1266238.0,-701238.0,701238.0,124.112915
800000.0,1161817.9,-361817.88,361817.88,45.227234
700000.0,1269082.2,-569082.25,569082.25,81.29746
750000.0,1184582.5,-434582.5,434582.5,57.944332
800000.0,1271711.2,-471711.25,471711.25,58.963905
550000.0,1211914.8,-661914.75,661914.75,120.34813
1450000.0,1270251.0,179749.0,179749.0,12.396483
1295000.0,1277047.6,17952.375,17952.375,1.3862838
650000.0,1122326.5,-472326.5,472326.5,72.66561
904800.0,1181291.0,-276491.0,276491.0,30.558247
1130000.0,1197695.0,-67695.0,67695.0,5.990708
1000000.0,1498109.5,-498109.5,498109.5,49.810947
1390000.0,1261646.0,128354.0,128354.0,9.2341
1350000.0,1248000.2,101999.75,101999.75,7.5555367
1206000.0,1341505.9,-135505.88,135505.88,11.235976
922500.0,1267428.0,-344928.0,344928.0,37.390568
1620000.0,1259564.2,360435.75,360435.75,22.24912
798400.0,1218077.5,-419677.5,419677.5,52.56482
1152000.0,1241361.8,-89361.75,89361.75,7.757096
1000000.0,1258244.0,-258244.0,258244.0,25.8244
840000.0,1241736.0,-401736.0,401736.0,47.825714
1600000.0,1248476.5,351523.5,351523.5,21.970219
1833650.0,1141726.1,691923.9,691923.9,37.734787
800000.0,1151277.8,-351277.75,351277.75,43.90972
1400000.0,1224878.2,175121.75,175121.75,12.508697
1320000.0,1219447.6,100552.375,100552.375,7.617604
1008000.0,1225597.0,-217597.0,217597.0,21.587004
950000.0,1222361.5,-272361.5,272361.5,28.669632
1000000.0,1128209.6,-128209.625,128209.625,12.820962
830001.0,1136229.2,-306228.25,306228.25,36.894928
500000.0,1255987.2,-755987.25,755987.25,151.19745
600000.0,1115997.9,-515997.88,515997.88,85.99964
1170000.0,1387596.4,-217596.38,217596.38,18.59798
1445000.0,1311034.4,133965.62,133965.62,9.270977
870000.0,994089.06,-124089.06,124089.06,14.263111
805000.0,1106804.9,-301804.88,301804.88,37.491287
458500.0,1125032.1,-666532.1,666532.1,145.37233
900000.0,1277515.5,-377515.5,377515.5,41.946167
550000.0,1137919.4,-587919.4,587919.4,106.89443
1400000.0,1204787.8,195212.25,195212.25,13.943731
700000.0,1249039.9,-549039.9,549039.9,78.43427
2600000.0,1262568.9,1337431.1,1337431.1,51.43966
500000.0,1269116.5,-769116.5,769116.5,153.8233
750000.0,1176405.9,-426405.88,426405.88,56.85412
600000.0,1191151.2,-591151.25,591151.25,98.52521
1600000.0,1149381.5,450618.5,450618.5,28.163656
600000.0,1223400.1,-623400.1,623400.1,103.90002
1330000.0,1231274.9,98725.125,98725.125,7.422942
1170000.0,1049479.4,120520.625,120520.625,10.300908
1000000.0,1214897.6,-214897.62,214897.62,21.489761
1300000.0,1175988.6,124011.375,124011.375,9.539337
1200000.0,1175353.9,24646.125,24646.125,2.0538437
2800000.0,1311310.2,1488689.8,1488689.8,53.167492
700000.0,1256870.1,-556870.1,556870.1,79.55288
1800000.0,1332472.6,467527.38,467527.38,25.973743
520000.0,1251074.4,-731074.4,731074.4,140.59123
2800000.0,1242815.0,1557185.0,1557185.0,55.61375
688000.0,1194270.4,-506270.38,506270.38,73.58581
1000000.0,1383972.1,-383972.12,383972.12,38.397213
660000.0,1442064.5,-782064.5,782064.5,118.49462
851000.0,1269646.0,-418646.0,418646.0,49.194595
1500000.0,1289493.0,210507.0,210507.0,14.0338
1625000.0,1275142.2,349857.75,349857.75,21.529707
600000.0,1115268.8,-515268.75,515268.75,85.87813
1920000.0,1269713.8,650286.25,650286.25,33.869076
650000.0,1327267.5,-677267.5,677267.5,104.195
580500.0,1283561.5,-703061.5,703061.5,121.1131
1500000.0,1072217.5,427782.5,427782.5,28.518835
2000000.0,1291490.6,708509.4,708509.4,35.42547
884400.0,1218067.1,-333667.12,333667.12,37.728077
1150000.0,1106708.8,43291.25,43291.25,3.7644565
1002000.0,1217938.6,-215938.62,215938.62,21.55076
950000.0,1233054.1,-283054.12,283054.12,29.79517
630000.0,1218077.5,-588077.5,588077.5,93.345634
720000.0,1299349.1,-579349.1,579349.1,80.46516
1050000.0,1280085.5,-230085.5,230085.5,21.912905
1500000.0,1360440.5,139559.5,139559.5,9.3039665
960000.0,1263164.0,-303164.0,303164.0,31.579584
800000.0,1180685.5,-380685.5,380685.5,47.585686
1230000.0,1297400.6,-67400.625,67400.625,5.4797254
1600000.0,1171284.8,428715.25,428715.25,26.794703
1000000.0,1554648.2,-554648.25,554648.25,55.46482
790000.0,1129859.0,-339859.0,339859.0,43.020126
1600000.0,1219675.9,380324.12,380324.12,23.770258
810000.0,1332426.6,-522426.62,522426.62,64.497116
1000000.0,1332472.5,-332472.5,332472.5,33.24725
1641600.0,1389389.2,252210.75,252210.75,15.363715
994200.0,1212762.8,-218562.75,218562.75,21.983782
900000.0,1215781.0,-315781.0,315781.0,35.086777
1920000.0,1220368.0,699632.0,699632.0,36.439167
2500000.0,1666863.5,833136.5,833136.5,33.325462
1150000.0,1291188.1,-141188.12,141188.12,12.277228
705000.0,1205551.5,-500551.5,500551.5,71.00021
1050000.0,1037999.06,12000.9375,12000.9375,1.1429465
500000.0,1148938.8,-648938.75,648938.75,129.78775
700000.0,1046142.8,-346142.8,346142.8,49.448975
508000.0,1237062.6,-729062.6,729062.6,143.51627
750000.0,1174823.6,-424823.62,424823.62,56.64315
2040000.0,1242021.5,797978.5,797978.5,39.116592
1200000.0,1287662.5,-87662.5,87662.5,7.3052087
900000.0,1213452.2,-313452.25,313452.25,34.82803
941000.0,1260385.8,-319385.75,319385.75,33.941097
800000.0,1318453.2,-518453.25,518453.25,64.806656
2400000.0,1382792.1,1017207.9,1017207.9,42.383663
8000000.0,1282354.9,6717645.0,6717645.0,83.970566
600000.0,1470089.2,-870089.25,870089.25,145.01488
950000.0,1504454.0,-554454.0,554454.0,58.36358
500000.0,1359472.2,-859472.25,859472.25,171.89445
620000.0,1170946.6,-550946.6,550946.6,88.86236
500000.0,1356590.5,-856590.5,856590.5,171.3181
1550000.0,1316520.8,233479.25,233479.25,15.063177
1500000.0,1350659.2,149340.75,149340.75,9.95605
1080000.0,1174560.2,-94560.25,94560.25,8.755579
625000.0,1266883.8,-641883.75,641883.75,102.7014
650000.0,1286286.6,-636286.6,636286.6,97.89025
1000000.0,1174645.2,-174645.25,174645.25,17.464525
710000.0,1259532.9,-549532.9,549532.9,77.398994
1960000.0,1247704.9,712295.1,712295.1,36.341587
900000.0,1149392.4,-249392.38,249392.38,27.710264
1100000.0,1371160.8,-271160.75,271160.75,24.650978
700000.0,1231197.8,-531197.75,531197.75,75.88539
1540000.0,1257892.2,282107.75,282107.75,18.318684
2340000.0,1210711.1,1129288.9,1129288.9,48.26021
850000.0,1248896.2,-398896.25,398896.25,46.92897
1947500.0,1247621.8,699878.25,699878.25,35.937263
1320000.0,1260402.8,59597.25,59597.25,4.514943
935000.0,1249634.1,-314634.12,314634.12,33.650707
1160000.0,1224906.6,-64906.625,64906.625,5.595399
8325001.0,1187126.5,7137874.5,7137874.5,85.74023
900000.0,1683921.4,-783921.4,783921.4,87.10238
2152000.0,1186181.0,965819.0,965819.0,44.880066
100000.0,1132398.1,-1032398.1,1032398.1,1032.3981
670000.0,1189776.4,-519776.38,519776.38,77.57856
957000.0,1223749.0,-266749.0,266749.0,27.873459
800000.0,1221918.0,-421918.0,421918.0,52.73975
650000.0,1240636.9,-590636.9,590636.9,90.86721
1800000.0,1265014.2,534985.75,534985.75,29.72143
800000.0,1179771.8,-379771.75,379771.75,47.47147
1300000.0,1848625.6,-548625.6,548625.6,42.201973
1100000.0,1113578.6,-13578.625,13578.625,1.2344205
700000.0,1272120.5,-572120.5,572120.5,81.7315
1000000.0,1244796.4,-244796.38,244796.38,24.479637
1280000.0,1186850.1,93149.875,93149.875,7.2773337
700000.0,1212376.9,-512376.88,512376.88,73.1967
800000.0,1280404.5,-480404.5,480404.5,60.050564
700000.0,1182313.6,-482313.62,482313.62,68.90195
895000.0,1140430.8,-245430.75,245430.75,27.422432
1240000.0,1246516.0,-6516.0,6516.0,0.52548385
1100000.0,1090447.8,9552.25,9552.25,0.8683864
2020000.0,1202491.2,817508.75,817508.75,40.47073
980000.0,1281655.5,-301655.5,301655.5,30.781174
1100000.0,1283829.8,-183829.75,183829.75,16.711796
1600000.0,1245826.8,354173.25,354173.25,22.135828
980000.0,1171071.1,-191071.12,191071.12,19.497053
900000.0,1245171.2,-345171.25,345171.25,38.35236
900000.0,1245783.2,-345783.25,345783.25,38.42036
612500.0,1053648.6,-441148.62,441148.62,72.02427
800000.0,715649.7,84350.31,84350.31,10.543789
1322000.0,1258690.9,63309.125,63309.125,4.78889
5000000.0,1353525.8,3646474.2,3646474.2,72.92948
650000.0,1147961.9,-497961.88,497961.88,76.60952
1200000.0,1233675.1,-33675.125,33675.125,2.8062603
2000000.0,1552662.5,447337.5,447337.5,22.366875
650000.0,1135777.5,-485777.5,485777.5,74.735
1090000.0,1239815.5,-149815.5,149815.5,13.744542
1360000.0,1549215.2,-189215.25,189215.25,13.912887
1400000.0,1275562.0,124438.0,124438.0,8.888429
1279260.0,1422220.4,-142960.38,142960.38,11.17524
1000000.0,1188896.6,-188896.62,188896.62,18.889662
1000000.0,1200629.5,-200629.5,200629.5,20.06295
1242001.0,1170038.1,71962.875,71962.875,5.7941074
500000.0,1181513.5,-681513.5,681513.5,136.3027
1600000.0,1270540.9,329459.12,329459.12,20.591194
1120000.0,1216807.2,-96807.25,96807.25,8.643504
1200000.0,1471908.8,-271908.75,271908.75,22.659061
600000.0,1206836.2,-606836.25,606836.25,101.13938
1166000.0,1199499.4,-33499.375,33499.375,2.8730166
1500000.0,1371376.2,128623.75,128623.75,8.574917
980000.0,1204840.6,-224840.62,224840.62,22.94292
700000.0,1141465.4,-441465.38,441465.38,63.066483
5160000.0,1228518.0,3931482.0,3931482.0,76.191505
800000.0,1220125.8,-420125.75,420125.75,52.51572
1100000.0,1107612.6,-7612.625,7612.625,0.69205683
1073500.0,1185099.9,-111599.875,111599.875,10.395889
700000.0,1251181.4,-551181.4,551181.4,78.7402
800000.0,1201000.1,-401000.12,401000.12,50.125015
1100000.0,1148553.9,-48553.875,48553.875,4.4139886
800000.0,1261509.2,-461509.25,461509.25,57.688652
550000.0,1122565.8,-572565.75,572565.75,104.10286
3951000.0,1167459.9,2783540.0,2783540.0,70.45153
1340000.0,1259242.0,80758.0,80758.0,6.0267167
620000.0,1324131.8,-704131.75,704131.75,113.56964
1100000.0,2243575.8,-1143575.8,1143575.8,103.96143
850000.0,1258039.4,-408039.38,408039.38,48.004635
1200000.0,1474002.8,-274002.75,274002.75,22.83356
10000000.0,1329059.5,8670940.0,8670940.0,86.7094
975000.0,1217966.0,-242966.0,242966.0,24.91959
400000.0,1247237.6,-847237.6,847237.6,211.8094
676800.0,1283893.1,-607093.1,607093.1,89.70052
850000.0,1849037.5,-999037.5,999037.5,117.53383
740000.0,1212665.9,-472665.88,472665.88,63.873768
850000.0,1269422.9,-419422.88,419422.88,49.34387
600000.0,1303853.1,-703853.1,703853.1,117.30885
2700000.0,1118349.8,1581650.2,1581650.2,58.579643
1560000.0,1255777.5,304222.5,304222.5,19.501442
550000.0,1125514.9,-575514.9,575514.9,104.63907
900000.0,1269895.8,-369895.75,369895.75,41.09953
1040000.0,1127452.1,-87452.125,87452.125,8.408858
1700000.0,1204335.4,495664.62,495664.62,29.156742
750000.0,396664.6,353335.4,353335.4,47.111385
882000.0,1255363.1,-373363.12,373363.12,42.33142
768000.0,1241132.9,-473132.88,473132.88,61.605843
500000.0,1272726.0,-772726.0,772726.0,154.5452
1625000.0,1272189.4,352810.62,352810.62,21.711422
830000.0,1208970.0,-378970.0,378970.0,45.659035
2051400.0,1050184.1,1001215.9,1001215.9,48.80647
660000.0,1218077.5,-558077.5,558077.5,84.5572
810000.0,1100681.1,-290681.12,290681.12,35.88656
1000000.0,1251708.0,-251708.0,251708.0,25.1708
1000000.0,1248542.5,-248542.5,248542.5,24.85425
800000.0,1262808.2,-462808.25,462808.25,57.85103
950000.0,1195532.5,-245532.5,245532.5,25.845528
720000.0,1295805.2,-575805.25,575805.25,79.97295
900000.0,1248774.0,-348774.0,348774.0,38.752666
700000.0,1225486.0,-525486.0,525486.0,75.06943
970000.0,1376014.9,-406014.88,406014.88,41.857204
1000000.0,1350302.8,-350302.75,350302.75,35.030277
864000.0,1174695.0,-310695.0,310695.0,35.960068
1087151.0,1188719.4,-101568.375,101568.375,9.342619
1100000.0,1312037.0,-212037.0,212037.0,19.27609
750000.0,1182226.1,-432226.12,432226.12,57.63015
1600000.0,1260520.1,339479.88,339479.88,21.217493
650000.0,1213983.8,-563983.75,563983.75,86.76673
2400000.0,1302744.1,1097255.9,1097255.9,45.718994
811500.0,983044.9,-171544.88,171544.88,21.139233
850000.0,1554650.5,-704650.5,704650.5,82.90006
2500000.0,1255764.9,1244235.1,1244235.1,49.769405
600000.0,1135090.4,-535090.4,535090.4,89.181725
550000.0,1386350.0,-836350.0,836350.0,152.06363
774000.0,1274761.9,-500761.88,500761.88,64.697914
2250000.0,1150651.2,1099348.8,1099348.8,48.859943
1520000.0,1287714.6,232285.38,232285.38,15.281932
450000.0,1208420.4,-758420.4,758420.4,168.53787
1000000.0,1183115.0,-183115.0,183115.0,18.3115
640000.0,1245014.1,-605014.1,605014.1,94.533455
900000.0,1226774.2,-326774.25,326774.25,36.30825
1205600.0,1285990.8,-80390.75,80390.75,6.668112
1100000.0,1268348.0,-168348.0,168348.0,15.304364
650000.0,1027487.1,-377487.12,377487.12,58.074944
1000000.0,1270833.0,-270833.0,270833.0,27.083298
860000.0,1122903.6,-262903.62,262903.62,30.570189
890000.0,1275746.5,-385746.5,385746.5,43.342304
590000.0,997479.25,-407479.25,407479.25,69.06428
1800000.0,1278158.6,521841.38,521841.38,28.991186
1200000.0,1271944.9,-71944.875,71944.875,5.995406
820000.0,1125341.2,-305341.25,305341.25,37.23674
1400000.0,1278403.2,121596.75,121596.75,8.685482
815000.0,1283958.0,-468958.0,468958.0,57.54086
600000.0,1143745.5,-543745.5,543745.5,90.62425
480000.0,1247914.6,-767914.6,767914.6,159.98222
710000.0,1187253.6,-477253.62,477253.62,67.21882
700000.0,1283825.6,-583825.6,583825.6,83.403656
793000.0,1269646.0,-476646.0,476646.0,60.10668
700000.0,1265226.4,-565226.4,565226.4,80.74663
670500.0,1247413.6,-576913.6,576913.6,86.042305
1000000.0,1256730.0,-256730.0,256730.0,25.672998
1015000.0,1356248.2,-341248.25,341248.25,33.620518
2030000.0,1235534.1,794465.9,794465.9,39.13625
980000.0,1135334.5,-155334.5,155334.5,15.850459
1294860.0,1299200.6,-4340.625,4340.625,0.33521965
800000.0,1381551.8,-581551.75,581551.75,72.69397
1160000.0,1348326.1,-188326.12,188326.12,16.23501
900000.0,1191128.1,-291128.12,291128.12,32.34757
2468000.0,1130478.1,1337521.9,1337521.9,54.194565
1800000.0,2264724.0,-464724.0,464724.0,25.817999
1090000.0,1431453.9,-341453.88,341453.88,31.326044
784000.0,1282540.0,-498540.0,498540.0,63.589287
570000.0,1215871.5,-645871.5,645871.5,113.31079
800000.0,1168867.9,-368867.88,368867.88,46.108482
400000.0,1223685.0,-823685.0,823685.0,205.92125
400000.0,1364110.0,-964110.0,964110.0,241.0275
2910000.0,1245210.6,1664789.4,1664789.4,57.20926
1200000.0,1257631.0,-57631.0,57631.0,4.802583
835000.0,1118062.0,-283062.0,283062.0,33.899643
1528000.0,1186821.1,341178.88,341178.88,22.32846
1100000.0,1290448.8,-190448.75,190448.75,17.313522
632500.0,1231404.9,-598904.9,598904.9,94.688515
680000.0,1172603.2,-492603.25,492603.25,72.44166
1320000.0,1107759.9,212240.12,212240.12,16.078796
685000.0,1167433.9,-482433.88,482433.88,70.42831
526000.0,1388139.6,-862139.6,862139.6,163.90488
1200000.0,1382827.6,-182827.62,182827.62,15.235636
900000.0,1244704.0,-344704.0,344704.0,38.300446
1900000.0,1087681.2,812318.75,812318.75,42.75362
1752000.0,1299414.8,452585.25,452585.25,25.832493
830000.0,1336074.4,-506074.38,506074.38,60.972816
7000000.0,1315475.0,5684525.0,5684525.0,81.207504
540000.0,1274772.1,-734772.1,734772.1,136.06891
800000.0,1197723.2,-397723.25,397723.25,49.715405
1530000.0,1206868.1,323131.88,323131.88,21.11973
1760000.0,1221090.4,538909.6,538909.6,30.619865
1100000.0,1216162.1,-116162.125,116162.125,10.560193
1600000.0,1262996.8,337003.25,337003.25,21.062704
1200000.0,1173020.0,26980.0,26980.0,2.2483335
1550000.0,1034612.06,515387.94,515387.94,33.250835
631000.0,1254854.0,-623854.0,623854.0,98.86751
900000.0,1183132.1,-283132.12,283132.12,31.459126
1108000.0,1199587.4,-91587.375,91587.375,8.266008
1050000.0,1198844.6,-148844.62,148844.62,14.175679
800000.0,1340247.1,-540247.1,540247.1,67.53089
687441.0,1269948.6,-582507.6,582507.6,84.73566
1380000.0,1250935.9,129064.125,129064.125,9.352473
1400000.0,1204928.2,195071.75,195071.75,13.933696
1390000.0,1253511.4,136488.62,136488.62,9.819325
1527000.0,1229731.1,297268.88,297268.88,19.46751
1350000.0,1282783.8,67216.25,67216.25,4.9789815
1400000.0,1163217.2,236782.75,236782.75,16.913054
830000.0,1542735.4,-712735.4,712735.4,85.871735
1400000.0,1135533.9,264466.12,264466.12,18.890438
1600000.0,1272696.6,327303.38,327303.38,20.45646
1200000.0,1212105.4,-12105.375,12105.375,1.0087812
1090000.0,1224603.8,-134603.75,134603.75,12.348968
650000.0,2738719.2,-2088719.2,2088719.2,321.34143
750000.0,1282192.8,-532192.75,532192.75,70.95903
600000.0,1269124.6,-669124.6,669124.6,111.52077
720000.0,1286224.0,-566224.0,566224.0,78.64222
1250000.0,1243678.5,6321.5,6321.5,0.50571996
800000.0,1247576.8,-447576.75,447576.75,55.947094
2817200.0,1444900.8,1372299.2,1372299.2,48.71146
1000000.0,1285751.4,-285751.38,285751.38,28.575138
628000.0,1217347.5,-589347.5,589347.5,93.84514
800000.0,1306159.0,-506159.0,506159.0,63.26988
800000.0,1147970.0,-347970.0,347970.0,43.49625
2400000.0,1231076.2,1168923.8,1168923.8,48.70516
850000.0,1237964.5,-387964.5,387964.5,45.642883
1220000.0,1148675.1,71324.875,71324.875,5.846301
700000.0,1220072.5,-520072.5,520072.5,74.29607
1996000.0,1249887.4,746112.6,746112.6,37.38039
800000.0,1257775.0,-457775.0,457775.0,57.221878
1100000.0,1228589.2,-128589.25,128589.25,11.689932
1270000.0,1190341.1,79658.875,79658.875,6.2723527
1181000.0,1285860.0,-104860.0,104860.0,8.878917
800000.0,1227711.9,-427711.88,427711.88,53.46398
759500.0,1227775.4,-468275.38,468275.38,61.655743
980000.0,1328523.0,-348523.0,348523.0,35.563572
1980000.0,1276901.6,703098.4,703098.4,35.510017
5000000.0,1498409.2,3501590.8,3501590.8,70.031815
927500.0,1232678.1,-305178.12,305178.12,32.9033
1200000.0,1316925.0,-116925.0,116925.0,9.74375
1140000.0,1354555.5,-214555.5,214555.5,18.820658
1006500.0,1241729.4,-235229.38,235229.38,23.371025
710000.0,1150413.1,-440413.12,440413.12,62.030018
1580000.0,1218356.5,361643.5,361643.5,22.888828
2800000.0,1264190.9,1535809.1,1535809.1,54.850327
1550000.0,1228498.4,321501.62,321501.62,20.74204
1100000.0,1246827.0,-146827.0,146827.0,13.347909
700000.0,1285751.6,-585751.6,585751.6,83.6788
1633200.0,1178556.1,454643.88,454643.88,27.837614
800000.0,1272069.0,-472069.0,472069.0,59.00862
1500000.0,1216274.2,283725.75,283725.75,18.91505
620000.0,1105660.1,-485660.12,485660.12,78.33228
2400000.0,1382792.1,1017207.9,1017207.9,42.383663
825000.0,1067854.1,-242854.12,242854.12,29.436863
500000.0,1210709.2,-710709.25,710709.25,142.14186
800000.0,1135075.0,-335075.0,335075.0,41.884377
