Actual_Income,Predicted_Income,Residual,Absolute_Error,Percentage_Error
700000.0,922938.1,-222938.125,222938.125,31.84830357142857
1627600.0,1289728.0,337872.0,337872.0,20.75890882280659
1000000.0,833291.44,166708.5625,166708.5625,16.67085625
855500.0,1149195.4,-293695.375,293695.375,34.330260081823496
800000.0,946715.0,-146715.0,146715.0,18.339375
1000000.0,1130321.4,-130321.375,130321.375,13.0321375
1170000.0,1051036.6,118963.375,118963.375,10.167809829059829
800000.0,956520.06,-156520.0625,156520.0625,19.5650078125
800000.0,979925.1,-179925.125,179925.125,22.490640625
1000000.0,975888.06,24111.9375,24111.9375,2.41119375
1330000.0,1056108.5,273891.5,273891.5,20.593345864661654
1350000.0,956812.9,393187.125,393187.125,29.124972222222222
1388200.0,1351347.9,36852.125,36852.125,2.6546697161792245
800000.0,996049.25,-196049.25,196049.25,24.50615625
693300.0,909948.4,-216648.375,216648.375,31.24886412808308
9668000.0,1058563.0,8609437.0,8609437.0,89.05085850227555
1345000.0,1242610.1,102389.875,102389.875,7.612630111524163
750000.0,1105473.9,-355473.875,355473.875,47.39651666666666
807500.0,1180566.4,-373066.375,373066.375,46.20017027863777
1500000.0,1049090.6,450909.375,450909.375,30.060625
650000.0,859734.0,-209734.0,209734.0,32.266769230769235
1000000.0,1242274.5,-242274.5,242274.5,24.22745
2660000.0,1192912.4,1467087.625,1467087.625,55.15367011278195
1080000.0,1273416.6,-193416.625,193416.625,17.90894675925926
1120000.0,1080010.0,39990.0,39990.0,3.570535714285714
1400000.0,953565.5,446434.5,446434.5,31.888178571428572
700000.0,1112140.1,-412140.125,412140.125,58.877160714285715
760000.0,977177.5,-217177.5,217177.5,28.575986842105262
1000000.0,1378471.8,-378471.75,378471.75,37.847175
1200000.0,938627.6,261372.375,261372.375,21.781031249999998
524500.0,858093.0,-333593.0,333593.0,63.60209723546234
800000.0,1176318.1,-376318.125,376318.125,47.039765625
2200000.0,923281.6,1276718.375,1276718.375,58.032653409090905
1500000.0,1287198.2,212801.75,212801.75,14.186783333333333
800000.0,921809.2,-121809.1875,121809.1875,15.226148437500001
700000.0,1024583.0,-324583.0,324583.0,46.369
6400000.0,912335.7,5487664.3125,5487664.3125,85.7447548828125
850000.0,982378.5,-132378.5,132378.5,15.573941176470587
1170000.0,1076632.4,93367.625,93367.625,7.98013888888889
1322000.0,1151978.8,170021.25,170021.25,12.860911497730712
1288000.0,1017384.8,270615.1875,270615.1875,21.010495923913044
650000.0,877233.56,-227233.5625,227233.5625,34.959009615384616
1060000.0,1091511.9,-31511.875,31511.875,2.9728183962264154
500000.0,768037.8,-268037.8125,268037.8125,53.60756249999999
700000.0,837820.4,-137820.375,137820.375,19.688625000000002
1300000.0,1057478.5,242521.5,242521.5,18.6555
780000.0,1088347.4,-308347.375,308347.375,39.53171474358974
1500000.0,1301959.4,198040.625,198040.625,13.202708333333332
1350000.0,993887.0,356113.0,356113.0,26.378740740740742
1327000.0,1168256.5,158743.5,158743.5,11.962584777694046
2596000.0,1411739.5,1184260.5,1184260.5,45.61866332819723
900000.0,1066422.1,-166422.125,166422.125,18.491347222222224
6300000.0,2273422.5,4026577.5,4026577.5,63.91392857142857
700000.0,1022299.4,-322299.375,322299.375,46.042767857142856
1400000.0,1514995.4,-114995.375,114995.375,8.213955357142858
1160000.0,1076955.9,83044.125,83044.125,7.158976293103449
630000.0,1052264.4,-422264.375,422264.375,67.02609126984127
2100000.0,1269553.8,830446.25,830446.25,39.54505952380952
940000.0,1024648.06,-84648.0625,84648.0625,9.005113031914894
750000.0,995838.0,-245838.0,245838.0,32.778400000000005
600000.0,878859.56,-278859.5625,278859.5625,46.47659375
598000.0,872172.9,-274172.875,274172.875,45.84830685618729
590000.0,1055120.4,-465120.375,465120.375,78.83396186440677
1300000.0,1212712.0,87288.0,87288.0,6.7144615384615385
580500.0,947662.9,-367162.875,367162.875,63.24941860465116
1050000.0,1271841.4,-221841.375,221841.375,21.12775
600000.0,1128044.0,-528044.0,528044.0,88.00733333333334
1155000.0,984607.56,170392.4375,170392.4375,14.75259199134199
600000.0,931841.25,-331841.25,331841.25,55.306875
650000.0,714357.2,-64357.1875,64357.1875,9.90110576923077
3362000.0,1450965.2,1911034.75,1911034.75,56.8421995835812
1000000.0,1019956.06,-19956.0625,19956.0625,1.99560625
588000.0,865384.06,-277384.0625,277384.0625,47.17416028911565
2002100.0,1685098.2,317001.75,317001.75,15.833462364517256
1300000.0,1138530.0,161470.0,161470.0,12.420769230769231
1045000.0,1114867.5,-69867.5,69867.5,6.685885167464114
705000.0,895450.4,-190450.375,190450.375,27.014237588652485
700000.0,913269.25,-213269.25,213269.25,30.46703571428571
650000.0,1036215.9,-386215.875,386215.875,59.41782692307692
1150000.0,1222040.0,-72040.0,72040.0,6.264347826086956
910000.0,1055847.8,-145847.75,145847.75,16.027225274725275
688000.0,841957.06,-153957.0625,153957.0625,22.377480014534886
940000.0,815642.75,124357.25,124357.25,13.229494680851065
800000.0,1011603.9,-211603.875,211603.875,26.450484375
1350000.0,1338221.6,11778.375,11778.375,0.8724722222222222
2054550.0,933949.5,1120600.5,1120600.5,54.542381543403664
910000.0,1086156.4,-176156.375,176156.375,19.357843406593407
1200000.0,2289864.2,-1089864.25,1089864.25,90.82202083333333
650000.0,984178.94,-334178.9375,334178.9375,51.41214423076923
650000.0,944022.0,-294022.0,294022.0,45.234153846153845
2200000.0,954091.44,1245908.5625,1245908.5625,56.63220738636363
1200000.0,1039393.4,160606.625,160606.625,13.383885416666667
1100000.0,963560.8,136439.1875,136439.1875,12.4035625
800000.0,928063.75,-128063.75,128063.75,16.00796875
800000.0,937035.7,-137035.6875,137035.6875,17.1294609375
800000.0,1029204.25,-229204.25,229204.25,28.65053125
1100000.0,1198614.1,-98614.125,98614.125,8.964920454545453
1160000.0,1155937.0,4063.0,4063.0,0.3502586206896552
1300000.0,981337.56,318662.4375,318662.4375,24.512495192307693
800000.0,893290.2,-93290.1875,93290.1875,11.6612734375
600000.0,890457.25,-290457.25,290457.25,48.40954166666667
793000.0,979573.75,-186573.75,186573.75,23.527585119798232
1200000.0,958211.8,241788.1875,241788.1875,20.149015625
1600000.0,1204560.2,395439.75,395439.75,24.714984375
650000.0,735004.9,-85004.875,85004.875,13.077673076923077
610000.0,868415.56,-258415.5625,258415.5625,42.36320696721311
1080000.0,911004.56,168995.4375,168995.4375,15.647725694444444
956000.0,854094.56,101905.4375,101905.4375,10.65956459205021
1001480.0,940819.56,60660.4375,60660.4375,6.057079272676439
1130000.0,1080971.2,49028.75,49028.75,4.338827433628318
700000.0,850634.25,-150634.25,150634.25,21.519178571428572
1420800.0,1338871.5,81928.5,81928.5,5.76636402027027
750000.0,922958.75,-172958.75,172958.75,23.061166666666665
600000.0,948725.4,-348725.375,348725.375,58.12089583333333
2856000.0,2002147.2,853852.75,853852.75,29.896804971988793
1000000.0,1362407.4,-362407.375,362407.375,36.240737499999994
850000.0,866426.3,-16426.3125,16426.3125,1.9325073529411767
588000.0,819941.2,-231941.1875,231941.1875,39.44578018707483
800000.0,826252.8,-26252.8125,26252.8125,3.2816015625
950000.0,889071.75,60928.25,60928.25,6.4135
1500000.0,1096177.6,403822.375,403822.375,26.921491666666668
1800000.0,1272367.5,527632.5,527632.5,29.312916666666666
2185000.0,1171635.9,1013364.125,1013364.125,46.37822082379863
1050000.0,1024714.0,25286.0,25286.0,2.408190476190476
1500000.0,1056292.5,443707.5,443707.5,29.580499999999997
700000.0,992898.94,-292898.9375,292898.9375,41.842705357142854
780000.0,895942.0,-115942.0,115942.0,14.864358974358973
850000.0,1034132.06,-184132.0625,184132.0625,21.662595588235295
1200000.0,930682.4,269317.625,269317.625,22.443135416666667
1100000.0,1091466.0,8534.0,8534.0,0.7758181818181819
1600000.0,966866.9,633133.125,633133.125,39.5708203125
1500000.0,1114285.2,385714.75,385714.75,25.714316666666665
1500000.0,1451302.6,48697.375,48697.375,3.246491666666667
1160000.0,1137638.0,22362.0,22362.0,1.927758620689655
1583100.0,1325546.0,257554.0,257554.0,16.268965952877267
700000.0,928262.25,-228262.25,228262.25,32.608892857142855
1240000.0,1052837.4,187162.625,187162.625,15.093760080645161
1200000.0,1636387.1,-436387.125,436387.125,36.36559375
1620000.0,1103179.2,516820.75,516820.75,31.902515432098767
1500000.0,1054242.8,445757.25,445757.25,29.717149999999997
1374000.0,1151067.5,222932.5,222932.5,16.225072780203785
1100000.0,1088135.6,11864.375,11864.375,1.0785795454545455
760000.0,1012863.1,-252863.125,252863.125,33.271463815789474
738000.0,960788.75,-222788.75,222788.75,30.188177506775066
1680000.0,1412017.9,267982.125,267982.125,15.951316964285715
1300000.0,1412069.5,-112069.5,112069.5,8.62073076923077
1060000.0,1106782.6,-46782.625,46782.625,4.4134551886792455
730000.0,1215534.8,-485534.75,485534.75,66.5116095890411
450000.0,712517.8,-262517.8125,262517.8125,58.337291666666665
661001.0,904426.3,-243425.3125,243425.3125,36.82676917281517
600000.0,894388.2,-294388.1875,294388.1875,49.06469791666667
1350000.0,869851.6,480148.375,480148.375,35.566546296296295
1044000.0,1068555.5,-24555.5,24555.5,2.35205938697318
1900000.0,1436200.8,463799.25,463799.25,24.410486842105264
1260000.0,1080880.2,179119.75,179119.75,14.215853174603174
900000.0,939597.1,-39597.125,39597.125,4.399680555555555
800000.0,1043211.3,-243211.3125,243211.3125,30.4014140625
650000.0,918738.7,-268738.6875,268738.6875,41.34441346153846
696000.0,1100317.0,-404317.0,404317.0,58.09152298850575
670000.0,955551.2,-285551.1875,285551.1875,42.6195802238806
1000000.0,1079816.6,-79816.625,79816.625,7.9816625000000005
800000.0,935790.3,-135790.3125,135790.3125,16.9737890625
900000.0,1330193.2,-430193.25,430193.25,47.79925
2000000.0,1513023.1,486976.875,486976.875,24.34884375
1200000.0,1234014.6,-34014.625,34014.625,2.834552083333333
670000.0,880126.9,-210126.875,210126.875,31.362220149253734
1000000.0,1175502.5,-175502.5,175502.5,17.550250000000002
900000.0,1128539.1,-228539.125,228539.125,25.39323611111111
580000.0,825546.1,-245546.125,245546.125,42.33553879310345
800000.0,1441167.9,-641167.875,641167.875,80.145984375
917000.0,928758.56,-11758.5625,11758.5625,1.2822859869138494
850000.0,959151.0,-109151.0,109151.0,12.84129411764706
620000.0,896152.94,-276152.9375,276152.9375,44.54079637096775
700000.0,848349.0,-148349.0,148349.0,21.19271428571429
900000.0,1169427.5,-269427.5,269427.5,29.93638888888889
705000.0,832197.9,-127197.875,127197.875,18.042251773049646
1125000.0,928662.94,196337.0625,196337.0625,17.45218333333333
2382000.0,1132555.1,1249444.875,1249444.875,52.45360516372796
800000.0,1191024.1,-391024.125,391024.125,48.878015624999996
900000.0,1020194.56,-120194.5625,120194.5625,13.354951388888889
1050000.0,969600.9,80399.125,80399.125,7.657059523809524
740000.0,1055394.1,-315394.125,315394.125,42.6208277027027
975000.0,1046409.56,-71409.5625,71409.5625,7.324057692307692
500000.0,867889.56,-367889.5625,367889.5625,73.5779125
1040000.0,1148170.8,-108170.75,108170.75,10.401033653846154
600000.0,967262.7,-367262.6875,367262.6875,61.210447916666666
800000.0,1146822.9,-346822.875,346822.875,43.352859375
1020000.0,1041284.8,-21284.8125,21284.8125,2.0867463235294115
950000.0,974353.4,-24353.375,24353.375,2.5635131578947368
1092000.0,1138894.0,-46894.0,46894.0,4.294322344322345
979000.0,1121393.2,-142393.25,142393.25,14.54476506639428
1318600.0,1118246.0,200354.0,200354.0,15.194448657667223
1050000.0,875862.5,174137.5,174137.5,16.58452380952381
1045000.0,970424.7,74575.3125,74575.3125,7.136393540669856
1073600.0,872952.75,200647.25,200647.25,18.689199888226526
700000.0,863939.5,-163939.5,163939.5,23.41992857142857
600000.0,920935.06,-320935.0625,320935.0625,53.48917708333333
630000.0,1081541.9,-451541.875,451541.875,71.6733134920635
1260500.0,1166753.4,93746.625,93746.625,7.437257040856802
985000.0,1078665.8,-93665.75,93665.75,9.509213197969544
1535000.0,1066723.1,468276.875,468276.875,30.50663680781759
500000.0,849015.56,-349015.5625,349015.5625,69.8031125
400000.0,901110.4,-501110.375,501110.375,125.27759375000001
700000.0,1054921.0,-354921.0,354921.0,50.702999999999996
800000.0,790304.3,9695.6875,9695.6875,1.2119609375
1100000.0,1224350.5,-124350.5,124350.5,11.304590909090908
588000.0,902267.6,-314267.625,314267.625,53.446875000000006
600000.0,920899.94,-320899.9375,320899.9375,53.483322916666665
1100000.0,1286239.9,-186239.875,186239.875,16.93089772727273
656000.0,944479.6,-288479.625,288479.625,43.97555259146341
650000.0,753622.8,-103622.8125,103622.8125,15.941971153846154
700000.0,1016677.44,-316677.4375,316677.4375,45.23963392857143
700000.0,1006296.1,-306296.125,306296.125,43.756589285714284
550000.0,857046.7,-307046.6875,307046.6875,55.82667045454546
800000.0,1015763.7,-215763.6875,215763.6875,26.9704609375
1151000.0,1106515.6,44484.375,44484.375,3.864845786272806
1100000.0,1111265.1,-11265.125,11265.125,1.0241022727272726
2200000.0,1098592.8,1101407.25,1101407.25,50.06396590909091
1020000.0,1181335.8,-161335.75,161335.75,15.817230392156864
700000.0,909964.25,-209964.25,209964.25,29.994892857142858
4350000.0,2678593.2,1671406.75,1671406.75,38.42314367816092
800000.0,993750.44,-193750.4375,193750.4375,24.2188046875
840000.0,1094263.1,-254263.125,254263.125,30.269419642857144
1400000.0,1098598.1,301401.875,301401.875,21.528705357142858
1620400.0,1237888.2,382511.75,382511.75,23.60600777585781
700000.0,864694.44,-164694.4375,164694.4375,23.527776785714284
1500000.0,1224285.2,275714.75,275714.75,18.380983333333333
800000.0,1002868.0,-202868.0,202868.0,25.3585
1200000.0,1025393.25,174606.75,174606.75,14.5505625
900000.0,1119575.2,-219575.25,219575.25,24.39725
675000.0,921880.1,-246880.125,246880.125,36.57483333333333
1050000.0,1153278.8,-103278.75,103278.75,9.83607142857143
1600000.0,1324579.9,275420.125,275420.125,17.2137578125
1000000.0,918878.2,81121.8125,81121.8125,8.11218125
2130500.0,1722716.1,407783.875,407783.875,19.14028983806618
800000.0,1000290.56,-200290.5625,200290.5625,25.0363203125
908000.0,957740.25,-49740.25,49740.25,5.478001101321587
750000.0,1127321.9,-377321.875,377321.875,50.30958333333333
1500000.0,1023305.94,476694.0625,476694.0625,31.779604166666665
1350000.0,1099751.4,250248.625,250248.625,18.536935185185186
700000.0,838551.1,-138551.125,138551.125,19.793017857142857
730000.0,1107464.9,-377464.875,377464.875,51.70751712328767
560000.0,830840.7,-270840.6875,270840.6875,48.364408482142856
1750000.0,1204285.4,545714.625,545714.625,31.18369285714286
795000.0,1047448.9,-252448.875,252448.875,31.754575471698114
2000000.0,846388.2,1153611.8125,1153611.8125,57.680590624999994
830700.0,925672.75,-94972.75,94972.75,11.432857830745155
1026000.0,964900.44,61099.5625,61099.5625,5.955123050682261
1250000.0,1097875.4,152124.625,152124.625,12.16997
700000.0,907307.25,-207307.25,207307.25,29.615321428571427
750000.0,1071318.5,-321318.5,321318.5,42.84246666666667
625000.0,1023049.2,-398049.1875,398049.1875,63.687870000000004
1200000.0,1085321.4,114678.625,114678.625,9.556552083333333
1200000.0,1173578.8,26421.25,26421.25,2.2017708333333332
620000.0,872974.2,-252974.1875,252974.1875,40.802288306451615
1000000.0,1208082.1,-208082.125,208082.125,20.8082125
580000.0,813903.8,-233903.8125,233903.8125,40.32824353448276
1800000.0,1338866.6,461133.375,461133.375,25.618520833333335
800000.0,994732.9,-194732.875,194732.875,24.341609375
1500000.0,890780.06,609219.9375,609219.9375,40.6146625
620000.0,911945.44,-291945.4375,291945.4375,47.08797379032258
1400000.0,1113983.5,286016.5,286016.5,20.42975
725000.0,1100644.4,-375644.375,375644.375,51.81301724137931
1300000.0,983388.4,316611.625,316611.625,24.354740384615383
750000.0,1034115.06,-284115.0625,284115.0625,37.88200833333333
604000.0,884473.5,-280473.5,280473.5,46.436009933774834
1000000.0,1039997.4,-39997.375,39997.375,3.9997375
900000.0,1054767.2,-154767.25,154767.25,17.19636111111111
1500000.0,1305701.1,194298.875,194298.875,12.953258333333334
800000.0,854735.9,-54735.875,54735.875,6.841984375
1240000.0,1159774.2,80225.75,80225.75,6.469818548387096
3725000.0,1962463.1,1762536.875,1762536.875,47.31642617449665
650000.0,960343.56,-310343.5625,310343.5625,47.74516346153846
650000.0,848470.9,-198470.875,198470.875,30.533980769230766
837016.0,869459.8,-32443.8125,32443.8125,3.8761281146358018
1340000.0,1187556.6,152443.375,152443.375,11.376371268656717
900000.0,1043667.2,-143667.1875,143667.1875,15.963020833333333
2000000.0,1107237.5,892762.5,892762.5,44.638125
1020000.0,1066659.6,-46659.625,46659.625,4.574473039215686
650000.0,858952.7,-208952.6875,208952.6875,32.14656730769231
900000.0,1101908.4,-201908.375,201908.375,22.43426388888889
1200000.0,1164361.6,35638.375,35638.375,2.969864583333333
500000.0,976142.8,-476142.8125,476142.8125,95.22856250000001
1000000.0,1043194.6,-43194.625,43194.625,4.3194625
2020800.0,991468.44,1029331.5625,1029331.5625,50.93683504057799
800000.0,975929.6,-175929.625,175929.625,21.991203125
1250000.0,941274.56,308725.4375,308725.4375,24.698034999999997
1112000.0,1067285.1,44714.875,44714.875,4.021121852517986
1000000.0,1121381.2,-121381.25,121381.25,12.138124999999999
1150000.0,1321378.0,-171378.0,171378.0,14.902434782608696
2915360.0,1294437.0,1620923.0,1620923.0,55.59941139344712
1408000.0,1075899.9,332100.125,332100.125,23.58665660511364
1500000.0,958190.9,541809.125,541809.125,36.12060833333333
680000.0,1145324.6,-465324.625,465324.625,68.4300919117647
885000.0,861486.6,23513.375,23513.375,2.6568785310734464
1820000.0,2060104.6,-240104.625,240104.625,13.192561813186812
810000.0,910772.8,-100772.8125,100772.8125,12.441087962962962
864522.0,1053518.5,-188996.5,188996.5,21.861386986103305
640000.0,896650.3,-256650.3125,256650.3125,40.101611328124996
650000.0,862337.44,-212337.4375,212337.4375,32.66729807692308
1800000.0,1969781.0,-169781.0,169781.0,9.432277777777779
1500000.0,957039.9,542960.125,542960.125,36.19734166666667
1320000.0,1118381.9,201618.125,201618.125,15.274100378787878
585090.0,923922.4,-338832.375,338832.375,57.911154694149616
840000.0,1053764.4,-213764.375,213764.375,25.448139880952382
801600.0,811162.06,-9562.0625,9562.0625,1.1928720683632734
1000000.0,1073443.0,-73443.0,73443.0,7.3443
700000.0,1102052.1,-402052.125,402052.125,57.436017857142865
1000000.0,896294.44,103705.5625,103705.5625,10.37055625
1600000.0,1390702.0,209298.0,209298.0,13.081124999999998
700000.0,998715.75,-298715.75,298715.75,42.67367857142857
1440000.0,1001301.4,438698.625,438698.625,30.465182291666665
700000.0,990478.44,-290478.4375,290478.4375,41.496919642857144
665000.0,970830.9,-305830.875,305830.875,45.9896052631579
650000.0,942648.3,-292648.3125,292648.3125,45.02281730769231
804000.0,840302.5,-36302.5,36302.5,4.51523631840796
713700.0,942787.5,-229087.5,229087.5,32.098570828079026
2000000.0,1180651.2,819348.75,819348.75,40.967437499999996
750000.0,1003794.9,-253794.875,253794.875,33.83931666666667
548000.0,805807.4,-257807.375,257807.375,47.04514142335766
750000.0,915325.7,-165325.6875,165325.6875,22.043425
800000.0,1031464.2,-231464.1875,231464.1875,28.9330234375
750000.0,976089.94,-226089.9375,226089.9375,30.145325
900000.0,1169919.5,-269919.5,269919.5,29.99105555555556
600000.0,983912.6,-383912.625,383912.625,63.985437499999996
577000.0,971815.3,-394815.3125,394815.3125,68.42553076256499
1880000.0,1168845.5,711154.5,711154.5,37.8273670212766
1500000.0,1173560.8,326439.25,326439.25,21.762616666666666
650000.0,1094323.0,-444323.0,444323.0,68.35738461538462
910000.0,897602.4,12397.625,12397.625,1.3623763736263736
1600000.0,1023435.1,576564.875,576564.875,36.0353046875
810000.0,889782.44,-79782.4375,79782.4375,9.849683641975309
1450000.0,1163332.8,286667.25,286667.25,19.77015517241379
1230000.0,1300149.6,-70149.625,70149.625,5.703221544715447
780000.0,957513.44,-177513.4375,177513.4375,22.758133012820515
550000.0,888948.44,-338948.4375,338948.4375,61.626988636363635
1100000.0,900194.4,199805.625,199805.625,18.164147727272727
720000.0,1050226.9,-330226.875,330226.875,45.86484375
1050000.0,1068082.2,-18082.25,18082.25,1.7221190476190478
1900000.0,1644721.8,255278.25,255278.25,13.435697368421055
730000.0,896147.4,-166147.375,166147.375,22.759914383561643
1080000.0,967992.7,112007.3125,112007.3125,10.371047453703703
1147500.0,960006.25,187493.75,187493.75,16.339324618736384
1290000.0,895669.2,394330.8125,394330.8125,30.56828003875969
1435000.0,1004714.75,430285.25,430285.25,29.985034843205575
720000.0,1168652.2,-448652.25,448652.25,62.31281250000001
800000.0,1209366.1,-409366.125,409366.125,51.170765625
900000.0,1368454.4,-468454.375,468454.375,52.05048611111111
1800000.0,1215546.5,584453.5,584453.5,32.46963888888889
745000.0,982811.8,-237811.8125,237811.8125,31.92104865771812
1160000.0,1313794.1,-153794.125,153794.125,13.258114224137932
700000.0,949083.25,-249083.25,249083.25,35.58332142857143
1052000.0,1027341.2,24658.8125,24658.8125,2.34399358365019
1600000.0,1110624.8,489375.25,489375.25,30.585953125
730000.0,908274.44,-178274.4375,178274.4375,24.421155821917807
1362000.0,881794.94,480205.0625,480205.0625,35.257346732745965
1275000.0,1198792.8,76207.25,76207.25,5.977039215686275
3360000.0,1717274.5,1642725.5,1642725.5,48.89063988095238
1250000.0,1038713.8,211286.1875,211286.1875,16.902895
1200000.0,1010050.1,189949.875,189949.875,15.82915625
1200000.0,1267692.4,-67692.375,67692.375,5.641031249999999
1000000.0,1035818.06,-35818.0625,35818.0625,3.5818062499999996
2640000.0,1466413.5,1173586.5,1173586.5,44.45403409090909
3168000.0,2308636.2,859363.75,859363.75,27.126380997474747
1909000.0,1548412.6,360587.375,360587.375,18.888809586170773
1200000.0,807151.94,392848.0625,392848.0625,32.73733854166667
1400000.0,1250017.2,149982.75,149982.75,10.71305357142857
1320000.0,1190634.2,129365.75,129365.75,9.800435606060606
1000000.0,1118758.5,-118758.5,118758.5,11.87585
854101.0,838597.06,15503.9375,15503.9375,1.8152346736510085
976000.0,1436472.0,-460472.0,460472.0,47.17950819672131
1585000.0,1347483.1,237516.875,237516.875,14.985291798107255
2250000.0,1294189.6,955810.375,955810.375,42.48046111111111
924000.0,761866.56,162133.4375,162133.4375,17.54690882034632
1110000.0,1035993.44,74006.5625,74006.5625,6.6672578828828835
810000.0,963832.2,-153832.1875,153832.1875,18.991628086419755
1211000.0,1355593.4,-144593.375,144593.375,11.939997935590421
1500000.0,1503005.6,-3005.625,3005.625,0.200375
800000.0,1015885.7,-215885.6875,215885.6875,26.985710937500002
995000.0,1007618.25,-12618.25,12618.25,1.2681658291457287
817000.0,864829.56,-47829.5625,47829.5625,5.854291615667075
1392000.0,1151846.9,240153.125,240153.125,17.25237966954023
1030000.0,1074910.0,-44910.0,44910.0,4.360194174757281
1600000.0,1041377.4,558622.625,558622.625,34.9139140625
910000.0,1071076.4,-161076.375,161076.375,17.70070054945055
800000.0,1138028.5,-338028.5,338028.5,42.2535625
1400000.0,1184176.1,215823.875,215823.875,15.415991071428573
850000.0,1040010.75,-190010.75,190010.75,22.35420588235294
800000.0,1043919.6,-243919.625,243919.625,30.489953125000003
740000.0,801879.5,-61879.5,61879.5,8.362094594594595
700000.0,983847.56,-283847.5625,283847.5625,40.54965178571429
657500.0,811124.25,-153624.25,153624.25,23.36490494296578
850000.0,938741.44,-88741.4375,88741.4375,10.44016911764706
500000.0,825773.25,-325773.25,325773.25,65.15465
500000.0,946868.06,-446868.0625,446868.0625,89.3736125
705600.0,893228.94,-187628.9375,187628.9375,26.5914027069161
900000.0,1148613.9,-248613.875,248613.875,27.62376388888889
500000.0,762945.1,-262945.125,262945.125,52.589025
1000000.0,1007283.3,-7283.3125,7283.3125,0.72833125
662500.0,997102.1,-334602.125,334602.125,50.505981132075476
1200000.0,1580469.4,-380469.375,380469.375,31.705781249999998
650000.0,933568.06,-283568.0625,283568.0625,43.62585576923077
961380.0,851227.1,110152.875,110152.875,11.457787243337702
720000.0,875507.7,-155507.6875,155507.6875,21.598289930555556
580000.0,1354159.4,-774159.375,774159.375,133.47575431034483
720000.0,989116.25,-269116.25,269116.25,37.37725694444444
1620000.0,2813539.8,-1193539.75,1193539.75,73.67529320987654
750000.0,835091.7,-85091.6875,85091.6875,11.345558333333333
1050000.0,1127179.4,-77179.375,77179.375,7.350416666666666
720000.0,990722.2,-270722.1875,270722.1875,37.60030381944445
1200000.0,903232.25,296767.75,296767.75,24.730645833333334
1490000.0,1178517.4,311482.625,311482.625,20.904874161073824
900000.0,1016895.56,-116895.5625,116895.5625,12.988395833333332
720000.0,996457.44,-276457.4375,276457.4375,38.39686631944444
1800000.0,1319544.6,480455.375,480455.375,26.69196527777778
810000.0,1009638.4,-199638.375,199638.375,24.64671296296296
1150000.0,1367239.8,-217239.75,217239.75,18.89041304347826
938000.0,875376.06,62623.9375,62623.9375,6.676325959488273
2063600.0,1091194.6,972405.375,972405.375,47.12179564838147
650000.0,1018163.7,-368163.6875,368163.6875,56.6405673076923
650000.0,873006.3,-223006.3125,223006.3125,34.308663461538465
900000.0,927237.3,-27237.3125,27237.3125,3.0263680555555554
743000.0,878353.25,-135353.25,135353.25,18.2171265141319
508000.0,885188.75,-377188.75,377188.75,74.24975393700788
900000.0,1110388.0,-210388.0,210388.0,23.376444444444445
650000.0,1134955.9,-484955.875,484955.875,74.60859615384615
1650000.0,1408494.6,241505.375,241505.375,14.636689393939395
1500000.0,1450431.4,49568.625,49568.625,3.304575
1000000.0,1101065.4,-101065.375,101065.375,10.1065375
850000.0,885414.4,-35414.375,35414.375,4.16639705882353
1350000.0,1156366.0,193634.0,193634.0,14.34325925925926
1400000.0,1024407.44,375592.5625,375592.5625,26.828040178571428
720000.0,1128829.2,-408829.25,408829.25,56.781840277777775
1300000.0,1263993.9,36006.125,36006.125,2.769701923076923
700000.0,1005298.9,-305298.875,305298.875,43.614125
1000000.0,841265.9,158734.125,158734.125,15.8734125
1350000.0,1086228.0,263772.0,263772.0,19.538666666666664
900000.0,942169.0,-42169.0,42169.0,4.685444444444444
500000.0,799806.6,-299806.625,299806.625,59.961325
600000.0,956810.0,-356810.0,356810.0,59.468333333333334
735000.0,1311838.2,-576838.25,576838.25,78.48139455782312
680000.0,923101.9,-243101.875,243101.875,35.75027573529412
1300000.0,842727.6,457272.375,457272.375,35.174798076923075
1000000.0,1054727.9,-54727.875,54727.875,5.4727875
1050000.0,1027737.4,22262.625,22262.625,2.12025
830000.0,1121748.5,-291748.5,291748.5,35.15042168674699
600000.0,931609.94,-331609.9375,331609.9375,55.26832291666667
1000000.0,1002113.8,-2113.8125,2113.8125,0.21138125
756000.0,1073252.6,-317252.625,317252.625,41.96463293650793
1300000.0,849101.7,450898.3125,450898.3125,34.68448557692307
550000.0,918958.25,-368958.25,368958.25,67.08331818181819
1340000.0,817093.94,522906.0625,522906.0625,39.022840485074624
2400000.0,1055072.1,1344927.875,1344927.875,56.03866145833334
800000.0,963372.75,-163372.75,163372.75,20.42159375
1200000.0,1025114.4,174885.625,174885.625,14.573802083333334
650000.0,880925.9,-230925.875,230925.875,35.52705769230769
550000.0,901090.6,-351090.625,351090.625,63.8346590909091
1200000.0,1398707.6,-198707.625,198707.625,16.55896875
1257000.0,1063542.2,193457.75,193457.75,15.390433571996818
800000.0,1009365.75,-209365.75,209365.75,26.17071875
1262580.0,1494587.2,-232007.25,232007.25,18.375647483723803
5047360.0,5385649.0,-338289.0,338289.0,6.702295853673999
1200000.0,1522707.8,-322707.75,322707.75,26.8923125
800000.0,1043272.7,-243272.6875,243272.6875,30.409085937500002
1800000.0,1861428.1,-61428.125,61428.125,3.412673611111111
850000.0,1009253.6,-159253.625,159253.625,18.735720588235296
1920000.0,1342852.0,577148.0,577148.0,30.05979166666667
1200000.0,1156797.1,43202.875,43202.875,3.6002395833333334
900000.0,974021.0,-74021.0,74021.0,8.224555555555556
1250000.0,1184015.2,65984.75,65984.75,5.27878
1174000.0,920485.06,253514.9375,253514.9375,21.594117333901192
1900000.0,1407553.8,492446.25,492446.25,25.918223684210528
1000000.0,1069298.0,-69298.0,69298.0,6.9298
900000.0,1060075.1,-160075.125,160075.125,17.786125
950000.0,1013973.9,-63973.875,63973.875,6.734092105263158
875000.0,966609.56,-91609.5625,91609.5625,10.469664285714286
800000.0,1044255.9,-244255.875,244255.875,30.531984375
3543600.0,1891026.5,1652573.5,1652573.5,46.63544135906987
800000.0,939617.6,-139617.625,139617.625,17.452203124999997
800000.0,1078434.9,-278434.875,278434.875,34.804359375
480000.0,929227.2,-449227.1875,449227.1875,93.58899739583333
900000.0,1143107.8,-243107.75,243107.75,27.011972222222226
2000000.0,1268539.1,731460.875,731460.875,36.573043750000004
650000.0,894389.2,-244389.1875,244389.1875,37.59833653846154
750000.0,721568.5,28431.5,28431.5,3.7908666666666666
873000.0,899181.4,-26181.375,26181.375,2.999012027491409
920000.0,970397.1,-50397.125,50397.125,5.477948369565217
4260000.0,1524392.0,2735608.0,2735608.0,64.21615023474179
1000000.0,976156.94,23843.0625,23843.0625,2.3843062500000003
1600000.0,1102346.2,497653.75,497653.75,31.103359375
2580000.0,1183554.0,1396446.0,1396446.0,54.125813953488375
700000.0,813296.06,-113296.0625,113296.0625,16.185151785714286
1100000.0,989416.4,110583.625,110583.625,10.053056818181819
1280000.0,1104588.0,175412.0,175412.0,13.7040625
790000.0,1056160.6,-266160.625,266160.625,33.69121835443038
600000.0,894016.1,-294016.125,294016.125,49.0026875
2413700.0,1716772.8,696927.25,696927.25,28.87381406139951
1675000.0,842394.7,832605.3125,832605.3125,49.70777985074627
2500000.0,1589032.9,910967.125,910967.125,36.438685
1160000.0,1064457.2,95542.75,95542.75,8.23644396551724
912000.0,1044905.06,-132905.0625,132905.0625,14.572923519736841
1200000.0,989141.0,210859.0,210859.0,17.571583333333333
894000.0,1098967.9,-204967.875,204967.875,22.927055369127515
1100000.0,887059.1,212940.875,212940.875,19.358261363636366
1000000.0,899100.4,100899.625,100899.625,10.0899625
800000.0,900905.8,-100905.8125,100905.8125,12.6132265625
1260000.0,1110032.6,149967.375,149967.375,11.902172619047619
710000.0,928432.06,-218432.0625,218432.0625,30.76507922535211
1780000.0,1994329.0,-214329.0,214329.0,12.040955056179776
2039500.0,1294731.5,744768.5,744768.5,36.51721010051483
760000.0,893004.9,-133004.875,133004.875,17.50064144736842
1500000.0,1755229.0,-255229.0,255229.0,17.01526666666667
875000.0,1102879.1,-227879.125,227879.125,26.04332857142857
3500000.0,974545.8,2525454.1875,2525454.1875,72.15583392857144
500000.0,987637.5,-487637.5,487637.5,97.5275
800000.0,1015869.7,-215869.6875,215869.6875,26.9837109375
800000.0,1099965.4,-299965.375,299965.375,37.495671875
603000.0,833597.3,-230597.3125,230597.3125,38.24167703150912
1340000.0,1067236.5,272763.5,272763.5,20.355485074626866
1000000.0,971940.6,28059.375,28059.375,2.8059375
550000.0,926197.9,-376197.875,376197.875,68.39961363636363
500000.0,872351.5,-372351.5,372351.5,74.4703
500000.0,874716.0,-374716.0,374716.0,74.9432
1650000.0,1580866.4,69133.625,69133.625,4.189916666666667
626400.0,912126.0,-285726.0,285726.0,45.6139846743295
1044000.0,958383.2,85616.8125,85616.8125,8.200844109195403
3200000.0,1152968.8,2047031.25,2047031.25,63.96972656249999
1060000.0,939641.4,120358.625,120358.625,11.354587264150943
1325000.0,926826.7,398173.3125,398173.3125,30.05081603773585
800000.0,810880.4,-10880.375,10880.375,1.360046875
750000.0,955049.94,-205049.9375,205049.9375,27.33999166666667
1000000.0,1321775.9,-321775.875,321775.875,32.1775875
600000.0,920010.7,-320010.6875,320010.6875,53.33511458333333
1300000.0,947173.94,352826.0625,352826.0625,27.140466346153847
700000.0,961153.6,-261153.625,261153.625,37.30766071428571
1500000.0,1009490.8,490509.1875,490509.1875,32.7006125
1000000.0,1029479.56,-29479.5625,29479.5625,2.94795625
1400000.0,908501.3,491498.6875,491498.6875,35.107049107142856
700000.0,973184.3,-273184.3125,273184.3125,39.02633035714286
1200000.0,1455734.0,-255734.0,255734.0,21.31116666666667
870000.0,1034946.9,-164946.875,164946.875,18.95941091954023
650000.0,842077.2,-192077.1875,192077.1875,29.550336538461536
900000.0,1017587.75,-117587.75,117587.75,13.065305555555556
1000000.0,866126.75,133873.25,133873.25,13.387325
1500000.0,913151.2,586848.8125,586848.8125,39.12325416666667
864000.0,877654.94,-13654.9375,13654.9375,1.5804325810185185
860000.0,941388.8,-81388.8125,81388.8125,9.463815406976744
1400000.0,1158217.0,241783.0,241783.0,17.270214285714285
990000.0,847365.75,142634.25,142634.25,14.4075
620000.0,971388.1,-351388.125,351388.125,56.67550403225806
1360000.0,1536336.1,-176336.125,176336.125,12.965891544117646
800000.0,1023529.3,-223529.3125,223529.3125,27.9411640625
13840000.0,11585565.0,2254435.0,2254435.0,16.289270231213873
7000000.0,897597.94,6102402.0625,6102402.0625,87.17717232142857
624000.0,909044.3,-285044.3125,285044.3125,45.68017828525641
1500000.0,1029802.0,470198.0,470198.0,31.346533333333333
750000.0,954331.94,-204331.9375,204331.9375,27.24425833333333
1800000.0,1787615.5,12384.5,12384.5,0.6880277777777778
500000.0,859906.3,-359906.3125,359906.3125,71.9812625
1380000.0,1169330.9,210669.125,210669.125,15.265878623188406
620000.0,914630.06,-294630.0625,294630.0625,47.52097782258065
500000.0,900220.8,-400220.8125,400220.8125,80.0441625
1050000.0,1015368.56,34631.4375,34631.4375,3.298232142857143
500000.0,976004.7,-476004.6875,476004.6875,95.20093750000001
2247800.0,1323962.5,923837.5,923837.5,41.09963075006674
610000.0,978575.2,-368575.1875,368575.1875,60.422161885245906
1344000.0,1096077.9,247922.125,247922.125,18.44658668154762
802600.0,970819.94,-168219.9375,168219.9375,20.95937422128084
6450000.0,2751519.8,3698480.25,3698480.25,57.34077906976744
1180000.0,907453.25,272546.75,272546.75,23.097182203389828
1408000.0,1044474.4,363525.625,363525.625,25.818581321022727
1200000.0,942067.8,257932.1875,257932.1875,21.494348958333333
1200000.0,1528650.1,-328650.125,328650.125,27.387510416666665
350000.0,966092.1,-616092.125,616092.125,176.0263214285714
750000.0,855003.0,-105003.0,105003.0,14.000399999999999
850000.0,967052.06,-117052.0625,117052.0625,13.770830882352941
1863000.0,1026157.25,836842.75,836842.75,44.91909554482018
1600000.0,1582853.2,17146.75,17146.75,1.071671875
800000.0,840689.56,-40689.5625,40689.5625,5.0861953125
1000000.0,1110564.9,-110564.875,110564.875,11.056487500000001
1780000.0,1232509.6,547490.375,547490.375,30.757886235955056
1200000.0,966205.5,233794.5,233794.5,19.482875
702000.0,932265.25,-230265.25,230265.25,32.80131766381766
825000.0,1020036.3,-195036.3125,195036.3125,23.640765151515154
1982500.0,1945841.4,36658.625,36658.625,1.8491109709962168
1100000.0,916682.25,183317.75,183317.75,16.66525
3850000.0,1594642.4,2255357.625,2255357.625,58.58071753246753
1000000.0,1048194.1,-48194.125,48194.125,4.819412499999999
1060000.0,1049195.4,10804.625,10804.625,1.019304245283019
600000.0,1004097.06,-404097.0625,404097.0625,67.34951041666667
2700000.0,1044551.2,1655448.8125,1655448.8125,61.31291898148148
570000.0,884684.6,-314684.625,314684.625,55.20782894736842
688000.0,840293.5,-152293.5,152293.5,22.135683139534883
986000.0,841128.6,144871.375,144871.375,14.692837221095335
1160000.0,1112025.2,47974.75,47974.75,4.1357543103448275
1800000.0,1606141.9,193858.125,193858.125,10.769895833333333
700000.0,977947.8,-277947.8125,277947.8125,39.706830357142856
620000.0,856756.2,-236756.1875,236756.1875,38.18648185483871
850000.0,1096233.4,-246233.375,246233.375,28.968632352941174
700000.0,1055921.2,-355921.25,355921.25,50.84589285714286
700000.0,840038.44,-140038.4375,140038.4375,20.005491071428573
772000.0,911406.94,-139406.9375,139406.9375,18.057893458549223
5760000.0,2097757.0,3662243.0,3662243.0,63.580607638888885
1000000.0,1061663.5,-61663.5,61663.5,6.16635
1200000.0,1200291.9,-291.875,291.875,0.024322916666666666
919000.0,963168.6,-44168.625,44168.625,4.806161588683351
730000.0,912765.2,-182765.1875,182765.1875,25.036327054794523
800000.0,962936.06,-162936.0625,162936.0625,20.3670078125
760000.0,748436.0,11564.0,11564.0,1.521578947368421
1936000.0,1236805.1,699194.875,699194.875,36.11543775826446
1400000.0,1141850.0,258150.0,258150.0,18.439285714285713
8000000.0,5537428.0,2462572.0,2462572.0,30.78215
700000.0,895356.06,-195356.0625,195356.0625,27.908008928571427
2300000.0,1459996.1,840003.875,840003.875,36.521907608695656
1265000.0,1252018.8,12981.25,12981.25,1.026185770750988
1265000.0,936049.94,328950.0625,328950.0625,26.00395750988142
1015000.0,1146644.0,-131644.0,131644.0,12.969852216748768
800000.0,925802.25,-125802.25,125802.25,15.72528125
1150000.0,1158857.6,-8857.625,8857.625,0.7702282608695652
1500000.0,1869218.4,-369218.375,369218.375,24.614558333333335
614000.0,844324.3,-230324.3125,230324.3125,37.51210301302932
920000.0,928247.7,-8247.6875,8247.6875,0.8964877717391304
1320000.0,1398654.4,-78654.375,78654.375,5.958664772727273
1160000.0,1088972.1,71027.875,71027.875,6.123092672413793
800000.0,938595.6,-138595.625,138595.625,17.324453125
650000.0,1007126.1,-357126.125,357126.125,54.94248076923077
1350000.0,1012771.94,337228.0625,337228.0625,24.979856481481484
775000.0,884217.94,-109217.9375,109217.9375,14.092637096774194
1000000.0,1105130.4,-105130.375,105130.375,10.5130375
800000.0,911981.0,-111981.0,111981.0,13.997625
1217800.0,860004.4,357795.625,357795.625,29.380491460009857
1600000.0,1262159.5,337840.5,337840.5,21.115031249999998
676000.0,905377.0,-229377.0,229377.0,33.931508875739645
820000.0,883792.94,-63792.9375,63792.9375,7.7796265243902445
650000.0,997425.94,-347425.9375,347425.9375,53.450144230769226
850000.0,1144204.4,-294204.375,294204.375,34.61227941176471
1920000.0,1506712.1,413287.875,413287.875,21.52541015625
680000.0,883655.4,-203655.375,203655.375,29.949319852941176
2100000.0,1267845.1,832154.875,832154.875,39.62642261904762
1000000.0,1053097.4,-53097.375,53097.375,5.309737500000001
700000.0,960752.44,-260752.4375,260752.4375,37.250348214285715
900000.0,909469.25,-9469.25,9469.25,1.052138888888889
1290000.0,1015673.8,274326.1875,274326.1875,21.265595930232557
700000.0,985505.4,-285505.375,285505.375,40.786482142857146
500000.0,764059.06,-264059.0625,264059.0625,52.8118125
900000.0,926085.1,-26085.125,26085.125,2.898347222222222
810000.0,953046.9,-143046.875,143046.875,17.660108024691358
705000.0,867109.0,-162109.0,162109.0,22.99418439716312
1480000.0,1373698.0,106302.0,106302.0,7.182567567567568
1600000.0,1150735.6,449264.375,449264.375,28.079023437500002
900000.0,1086063.6,-186063.625,186063.625,20.67373611111111
771100.0,885970.0,-114870.0,114870.0,14.89690053170795
825000.0,950223.6,-125223.625,125223.625,15.178621212121213
650000.0,989955.0,-339955.0,339955.0,52.30076923076923
500000.0,908843.56,-408843.5625,408843.5625,81.76871249999999
790000.0,1118259.4,-328259.375,328259.375,41.55181962025317
700000.0,913847.0,-213847.0,213847.0,30.549571428571426
600000.0,865227.06,-265227.0625,265227.0625,44.204510416666665
1200000.0,1082804.9,117195.125,117195.125,9.766260416666666
745000.0,850106.1,-105106.125,105106.125,14.108204697986576
800000.0,1124133.0,-324133.0,324133.0,40.516625
500000.0,859234.9,-359234.875,359234.875,71.846975
550000.0,918313.6,-368313.625,368313.625,66.96611363636363
1100000.0,1103280.0,-3280.0,3280.0,0.29818181818181816
1152000.0,1055023.0,96977.0,96977.0,8.41814236111111
1400000.0,1129216.6,270783.375,270783.375,19.34166964285714
1100000.0,947242.75,152757.25,152757.25,13.887022727272727
600000.0,993048.9,-393048.875,393048.875,65.50814583333333
730000.0,1112092.1,-382092.125,382092.125,52.34138698630137
700000.0,875464.75,-175464.75,175464.75,25.066392857142855
800000.0,1023704.3,-223704.3125,223704.3125,27.963039062500002
980000.0,960680.8,19319.1875,19319.1875,1.9713456632653064
612500.0,953323.7,-340823.6875,340823.6875,55.64468367346939
900000.0,1589971.8,-689971.75,689971.75,76.66352777777777
965000.0,884093.9,80906.125,80906.125,8.384054404145077
750000.0,993379.94,-243379.9375,243379.9375,32.45065833333333
889000.0,932614.0,-43614.0,43614.0,4.905961754780652
550000.0,794557.0,-244557.0,244557.0,44.46490909090909
1000000.0,1004865.25,-4865.25,4865.25,0.486525
850000.0,1097522.0,-247522.0,247522.0,29.12023529411765
588000.0,1010515.0,-422515.0,422515.0,71.8562925170068
1200000.0,972837.94,227162.0625,227162.0625,18.930171875
800000.0,979728.9,-179728.875,179728.875,22.466109375000002
970000.0,1070892.5,-100892.5,100892.5,10.401288659793813
1100000.0,874749.44,225250.5625,225250.5625,20.47732386363636
1000000.0,1139497.1,-139497.125,139497.125,13.9497125
4700000.0,3404786.0,1295214.0,1295214.0,27.557744680851066
560000.0,815217.8,-255217.8125,255217.8125,45.574609375
1760000.0,1167945.0,592055.0,592055.0,33.63948863636364
750000.0,824823.8,-74823.8125,74823.8125,9.976508333333333
1050000.0,958828.5,91171.5,91171.5,8.683
815000.0,1440103.6,-625103.625,625103.625,76.69983128834356
1680000.0,1094034.4,585965.625,585965.625,34.87890625
650000.0,1054627.8,-404627.75,404627.75,62.25042307692308
1000000.0,959517.06,40482.9375,40482.9375,4.04829375
580000.0,943765.9,-363765.875,363765.875,62.718254310344825
1300000.0,1362717.1,-62717.125,62717.125,4.824394230769231
650000.0,913179.7,-263179.6875,263179.6875,40.48918269230769
2200000.0,1007252.7,1192747.3125,1192747.3125,54.21578693181818
1020000.0,1007389.6,12610.375,12610.375,1.236311274509804
750000.0,935270.06,-185270.0625,185270.0625,24.702675
590000.0,942266.94,-352266.9375,352266.9375,59.70626059322034
1300000.0,1002481.9,297518.125,297518.125,22.886009615384616
1500000.0,1125407.5,374592.5,374592.5,24.972833333333334
700000.0,1111875.9,-411875.875,411875.875,58.83941071428571
1139200.0,905806.3,233393.6875,233393.6875,20.48750768082865
1600000.0,1703065.6,-103065.625,103065.625,6.441601562500001
700000.0,1080398.4,-380398.375,380398.375,54.342625
1020000.0,1002617.06,17382.9375,17382.9375,1.7042095588235293
1020000.0,1279204.4,-259204.375,259204.375,25.41219362745098
3200000.0,1363613.1,1836386.875,1836386.875,57.387089843750005
1520000.0,893987.9,626012.125,626012.125,41.185008223684214
673500.0,929475.75,-255975.75,255975.75,38.006792873051225
6500000.0,1069489.1,5430510.875,5430510.875,83.54632115384616
700000.0,947990.06,-247990.0625,247990.0625,35.42715178571429
600000.0,806394.9,-206394.875,206394.875,34.399145833333336
1465250.0,1223505.4,241744.625,241744.625,16.498524142637773
1350000.0,974005.5,375994.5,375994.5,27.851444444444446
630000.0,842305.25,-212305.25,212305.25,33.699246031746036
1700000.0,1064463.2,635536.75,635536.75,37.38451470588235
550000.0,893140.25,-343140.25,343140.25,62.38913636363637
1020000.0,994555.6,25444.375,25444.375,2.494546568627451
1290000.0,1018926.1,271073.875,271073.875,21.013478682170543
900000.0,931677.6,-31677.625,31677.625,3.519736111111111
600000.0,1020496.2,-420496.1875,420496.1875,70.08269791666667
700000.0,951014.7,-251014.6875,251014.6875,35.85924107142857
540000.0,874020.1,-334020.125,334020.125,61.855578703703706
1232500.0,1093861.5,138638.5,138638.5,11.248559837728195
600000.0,874536.56,-274536.5625,274536.5625,45.75609375
1200000.0,896397.8,303602.1875,303602.1875,25.30018229166667
1862000.0,1107701.4,754298.625,754298.625,40.510130236305045
650000.0,869688.1,-219688.125,219688.125,33.79817307692308
650000.0,899267.06,-249267.0625,249267.0625,38.34877884615385
1729325.0,1312541.2,416783.75,416783.75,24.100949792549116
1500000.0,2303696.2,-803696.25,803696.25,53.579750000000004
1200000.0,1115608.0,84392.0,84392.0,7.032666666666667
800000.0,1072349.9,-272349.875,272349.875,34.043734375
588000.0,846541.9,-258541.875,258541.875,43.96970663265306
1216000.0,850609.6,365390.375,365390.375,30.048550575657895
1940000.0,1139812.5,800187.5,800187.5,41.24677835051546
500000.0,942185.5,-442185.5,442185.5,88.4371
500000.0,932289.44,-432289.4375,432289.4375,86.4578875
500000.0,830549.44,-330549.4375,330549.4375,66.1098875
1472800.0,1207517.2,265282.75,265282.75,18.012136746333514
750000.0,800953.4,-50953.375,50953.375,6.793783333333334
650000.0,806802.1,-156802.125,156802.125,24.123403846153845
1065000.0,1084104.6,-19104.625,19104.625,1.7938615023474178
1300000.0,1038424.75,261575.25,261575.25,20.12117307692308
850000.0,1149119.8,-299119.75,299119.75,35.19055882352941
750000.0,929509.06,-179509.0625,179509.0625,23.934541666666668
1408000.0,1070055.4,337944.625,337944.625,24.00174893465909
759000.0,855172.9,-96172.875,96172.875,12.670998023715416
1400000.0,1070892.4,329107.625,329107.625,23.5076875
550000.0,822831.44,-272831.4375,272831.4375,49.60571590909091
850000.0,1162767.9,-312767.875,312767.875,36.79622058823529
500000.0,918651.94,-418651.9375,418651.9375,83.7303875
800000.0,1049977.8,-249977.75,249977.75,31.24721875
700000.0,959313.7,-259313.6875,259313.6875,37.0448125
1065400.0,1181213.9,-115813.875,115813.875,10.87045945184907
1600000.0,877644.56,722355.4375,722355.4375,45.14721484375
800000.0,911976.5,-111976.5,111976.5,13.997062499999998
950000.0,1267261.8,-317261.75,317261.75,33.39597368421053
650000.0,834115.3,-184115.3125,184115.3125,28.325432692307693
1360000.0,914246.94,445753.0625,445753.0625,32.775960477941176
1450000.0,1308678.2,141321.75,141321.75,9.746327586206895
700000.0,968585.1,-268585.125,268585.125,38.36930357142857
1539000.0,1270092.2,268907.75,268907.75,17.472888239116312
940000.0,1048967.8,-108967.75,108967.75,11.592313829787235
1500000.0,1270743.4,229256.625,229256.625,15.283774999999999
2385000.0,1367967.1,1017032.875,1017032.875,42.64288784067086
600000.0,867695.2,-267695.1875,267695.1875,44.615864583333334
700000.0,978832.6,-278832.625,278832.625,39.83323214285714
700000.0,990569.4,-290569.375,290569.375,41.509910714285716
500000.0,900118.4,-400118.375,400118.375,80.02367500000001
1600000.0,1442773.4,157226.625,157226.625,9.826664062499999
1014000.0,1335427.0,-321427.0,321427.0,31.698915187376723
1050000.0,976395.4,73604.625,73604.625,7.009964285714286
2000000.0,2080907.1,-80907.125,80907.125,4.04535625
800000.0,961848.94,-161848.9375,161848.9375,20.2311171875
1170000.0,1104681.4,65318.625,65318.625,5.5827884615384615
2390000.0,1012386.7,1377613.3125,1377613.3125,57.64072437238493
850000.0,1015250.4,-165250.375,165250.375,19.441220588235293
1180000.0,985301.5,194698.5,194698.5,16.49987288135593
750000.0,956747.5,-206747.5,206747.5,27.566333333333333
1600000.0,1076075.0,523925.0,523925.0,32.745312500000004
700000.0,888926.9,-188926.875,188926.875,26.98955357142857
900000.0,1008308.1,-108308.125,108308.125,12.034236111111111
1000000.0,842567.56,157432.4375,157432.4375,15.74324375
1056000.0,1015326.06,40673.9375,40673.9375,3.8516986268939393
640000.0,920913.6,-280913.625,280913.625,43.89275390625
1540000.0,1095372.1,444627.875,444627.875,28.871939935064933
2400000.0,1392500.5,1007499.5,1007499.5,41.979145833333334
580000.0,909312.25,-329312.25,329312.25,56.77797413793103
800000.0,1348189.6,-548189.625,548189.625,68.523703125
1000000.0,839245.4,160754.625,160754.625,16.0754625
1100000.0,873953.56,226046.4375,226046.4375,20.549676136363637
650000.0,772398.25,-122398.25,122398.25,18.8305
910000.0,1098230.6,-188230.625,188230.625,20.684684065934068
1280000.0,1051362.1,228637.875,228637.875,17.862333984375
776000.0,1185709.8,-409709.75,409709.75,52.79764819587629
700000.0,969126.25,-269126.25,269126.25,38.44660714285714
900000.0,1298354.4,-398354.375,398354.375,44.26159722222222
4834000.0,951782.6,3882217.375,3882217.375,80.3106614604882
1993000.0,1612492.8,380507.25,380507.25,19.09218514801806
500000.0,1019244.5,-519244.5,519244.5,103.8489
1000000.0,1073088.0,-73088.0,73088.0,7.3088
1700000.0,2053843.6,-353843.625,353843.625,20.81433088235294
600000.0,913174.0,-313174.0,313174.0,52.19566666666666
855600.0,1381464.2,-525864.25,525864.25,61.4614597942964
783000.0,1127270.9,-344270.875,344270.875,43.96818326947638
1350000.0,856577.2,493422.8125,493422.8125,36.54983796296296
757000.0,955964.25,-198964.25,198964.25,26.283256274768824
1400000.0,1015765.9,384234.125,384234.125,27.445294642857142
1561600.0,1439078.1,122521.875,122521.875,7.8459192494877055
1101500.0,2663961.8,-1562461.75,1562461.75,141.84854743531548
1400000.0,1597988.1,-197988.125,197988.125,14.142008928571428
1200000.0,1286201.0,-86201.0,86201.0,7.183416666666667
945000.0,1078484.1,-133484.125,133484.125,14.125304232804234
900000.0,1042306.8,-142306.8125,142306.8125,15.811868055555555
700000.0,770524.6,-70524.625,70524.625,10.074946428571428
1000000.0,1050518.6,-50518.625,50518.625,5.0518624999999995
900000.0,1123367.1,-223367.125,223367.125,24.818569444444442
620000.0,827714.4,-207714.375,207714.375,33.502318548387095
1288000.0,1229777.1,58222.875,58222.875,4.5204095496894405
650000.0,915109.0,-265109.0,265109.0,40.786
7000000.0,5941561.0,1058439.0,1058439.0,15.120557142857145
2221200.0,1284480.9,936719.125,936719.125,42.17175963443184
610000.0,971992.0,-361992.0,361992.0,59.34295081967213
700000.0,1020725.4,-320725.375,320725.375,45.817910714285716
577000.0,974234.8,-397234.8125,397234.8125,68.84485485268631
816400.0,878477.75,-62077.75,62077.75,7.603840029397355
900000.0,1086371.5,-186371.5,186371.5,20.707944444444447
788000.0,1189266.6,-401266.625,401266.625,50.92216053299492
877250.0,965614.75,-88364.75,88364.75,10.072926759760616
650000.0,1012641.44,-362641.4375,362641.4375,55.79099038461538
650000.0,972608.7,-322608.6875,322608.6875,49.63210576923077
800000.0,845236.25,-45236.25,45236.25,5.65453125
1500000.0,986476.9,513523.125,513523.125,34.234874999999995
1160000.0,1146146.5,13853.5,13853.5,1.1942672413793103
800000.0,933506.06,-133506.0625,133506.0625,16.688257812499998
900000.0,1078282.1,-178282.125,178282.125,19.809124999999998
950000.0,1129560.5,-179560.5,179560.5,18.901105263157895
2000000.0,1444321.5,555678.5,555678.5,27.783924999999996
550000.0,1085999.2,-535999.25,535999.25,97.4544090909091
1100000.0,1137660.5,-37660.5,37660.5,3.423681818181818
1125000.0,1057558.1,67441.875,67441.875,5.994833333333333
506372.0,970441.25,-464069.25,464069.25,91.64591446604473
448000.0,794274.94,-346274.9375,346274.9375,77.29351283482143
900000.0,1038329.1,-138329.125,138329.125,15.369902777777778
1150000.0,906462.8,243537.1875,243537.1875,21.177146739130436
540000.0,1042063.06,-502063.0625,502063.0625,92.9746412037037
400000.0,846364.56,-446364.5625,446364.5625,111.591140625
700000.0,821080.8,-121080.8125,121080.8125,17.29725892857143
950000.0,1010565.44,-60565.4375,60565.4375,6.375309210526316
1600000.0,1140338.2,459661.75,459661.75,28.728859375
1250000.0,1206739.4,43260.625,43260.625,3.46085
1824000.0,1357090.2,466909.75,466909.75,25.598122258771934
2480000.0,1671364.5,808635.5,808635.5,32.606270161290325
810000.0,927085.1,-117085.125,117085.125,14.454953703703705
1800000.0,1085305.9,714694.125,714694.125,39.70522916666667
1100000.0,932775.44,167224.5625,167224.5625,15.202232954545455
839000.0,905005.7,-66005.6875,66005.6875,7.867185637663885
800000.0,830489.3,-30489.3125,30489.3125,3.8111640624999996
1100000.0,964935.3,135064.6875,135064.6875,12.278607954545455
725000.0,1083484.5,-358484.5,358484.5,49.446137931034485
2600000.0,2039204.1,560795.875,560795.875,21.569072115384618
750000.0,827275.7,-77275.6875,77275.6875,10.303424999999999
900000.0,1066133.0,-166133.0,166133.0,18.45922222222222
1000000.0,1048638.8,-48638.75,48638.75,4.863875
1800000.0,1124304.9,675695.125,675695.125,37.53861805555555
700000.0,1066366.9,-366366.875,366366.875,52.338125000000005
1500000.0,1518852.5,-18852.5,18852.5,1.2568333333333335
800000.0,1030635.6,-230635.625,230635.625,28.829453124999997
680000.0,874967.2,-194967.1875,194967.1875,28.67164522058824
3560000.0,1958933.8,1601066.25,1601066.25,44.97377106741573
1296000.0,1066680.4,229319.625,229319.625,17.694415509259258
692500.0,863642.4,-171142.375,171142.375,24.71370036101083
1200000.0,1090968.4,109031.625,109031.625,9.08596875
1400000.0,962270.3,437729.6875,437729.6875,31.26640625
700000.0,896159.3,-196159.3125,196159.3125,28.022758928571427
738819.0,1037237.44,-298418.4375,298418.4375,40.3912781750334
1730000.0,1362270.6,367729.375,367729.375,21.25603323699422
775000.0,992268.8,-217268.8125,217268.8125,28.03468548387097
600000.0,811489.9,-211489.875,211489.875,35.2483125
1220000.0,1297743.0,-77743.0,77743.0,6.3723770491803275
810000.0,923629.0,-113629.0,113629.0,14.028271604938272
1558500.0,1404812.4,153687.625,153687.625,9.861252807186398
1200000.0,1209961.0,-9961.0,9961.0,0.8300833333333334
1600000.0,1086340.4,513659.625,513659.625,32.1037265625
1400000.0,874259.7,525740.3125,525740.3125,37.552879464285716
1200000.0,1048220.94,151779.0625,151779.0625,12.648255208333333
500000.0,882929.1,-382929.125,382929.125,76.585825
600000.0,934927.7,-334927.6875,334927.6875,55.82128125
1350000.0,852808.5,497191.5,497191.5,36.829
796000.0,1084745.4,-288745.375,288745.375,36.27454459798995
1250000.0,876936.8,373063.1875,373063.1875,29.845055
1000000.0,934398.75,65601.25,65601.25,6.560125
1100000.0,1157186.6,-57186.625,57186.625,5.198784090909091
788000.0,867139.44,-79139.4375,79139.4375,10.043075824873096
2880000.0,1419999.8,1460000.25,1460000.25,50.694453125
600000.0,902279.75,-302279.75,302279.75,50.37995833333333
900000.0,1054752.5,-154752.5,154752.5,17.19472222222222
1034000.0,933650.44,100349.5625,100349.5625,9.704986702127659
700000.0,879653.06,-179653.0625,179653.0625,25.66472321428571
1036000.0,1128618.0,-92618.0,92618.0,8.93996138996139
2088730.0,1001968.3,1086761.6875,1086761.6875,52.02978304998731
600000.0,776876.8,-176876.8125,176876.8125,29.47946875
808000.0,866980.2,-58980.1875,58980.1875,7.299528155940595
700000.0,924059.3,-224059.3125,224059.3125,32.008473214285715
700000.0,1298464.5,-598464.5,598464.5,85.49492857142857
450000.0,796921.8,-346921.8125,346921.8125,77.09373611111111
750000.0,1235912.5,-485912.5,485912.5,64.78833333333334
3200000.0,1226910.8,1973089.25,1973089.25,61.6590390625
650000.0,910543.06,-260543.0625,260543.0625,40.08354807692307
700000.0,985364.5,-285364.5,285364.5,40.76635714285714
400000.0,923139.0,-523139.0,523139.0,130.78475
1000000.0,1009840.4,-9840.375,9840.375,0.9840375
1200000.0,920528.44,279471.5625,279471.5625,23.289296875
600000.0,813456.25,-213456.25,213456.25,35.57604166666667
1900000.0,1059902.8,840097.25,840097.25,44.21564473684211
890000.0,994950.6,-104950.625,104950.625,11.792205056179775
700000.0,836685.4,-136685.375,136685.375,19.526482142857144
1300000.0,882059.7,417940.3125,417940.3125,32.14925480769231
1900000.0,1175151.0,724849.0,724849.0,38.14994736842105
1400000.0,1275326.8,124673.25,124673.25,8.905232142857143
1400000.0,1426057.4,-26057.375,26057.375,1.8612410714285714
818000.0,832067.06,-14067.0625,14067.0625,1.7196897921760392
1190000.0,1472311.8,-282311.75,282311.75,23.723676470588234
900000.0,1121416.0,-221416.0,221416.0,24.601777777777777
700000.0,892782.3,-192782.3125,192782.3125,27.540330357142857
830000.0,1099333.2,-269333.25,269333.25,32.44978915662651
1030000.0,1092826.8,-62826.75,62826.75,6.099684466019417
1020000.0,1117928.9,-97928.875,97928.875,9.600870098039216
500000.0,900131.06,-400131.0625,400131.0625,80.0262125
700000.0,1050045.1,-350045.125,350045.125,50.00644642857143
1000000.0,849390.3,150609.6875,150609.6875,15.06096875
6300000.0,1923191.6,4376808.375,4376808.375,69.4731488095238
630000.0,941141.56,-311141.5625,311141.5625,49.387549603174605
900000.0,966726.8,-66726.8125,66726.8125,7.414090277777778
1220700.0,1074355.8,146344.25,146344.25,11.988551650692225
500000.0,990272.56,-490272.5625,490272.5625,98.0545125
1000000.0,942596.06,57403.9375,57403.9375,5.74039375
1020000.0,1018339.94,1660.0625,1660.0625,0.16275122549019608
600000.0,977099.1,-377099.125,377099.125,62.84985416666666
965000.0,889565.7,75434.3125,75434.3125,7.8170272020725395
882000.0,968639.56,-86639.5625,86639.5625,9.823079648526077
1116000.0,1105550.6,10449.375,10449.375,0.9363239247311828
1150000.0,1072205.1,77794.875,77794.875,6.764771739130435
750000.0,906658.4,-156658.375,156658.375,20.887783333333335
1408600.0,924106.0,484494.0,484494.0,34.39542808462303
1440000.0,1175665.2,264334.75,264334.75,18.35657986111111
650000.0,1094846.2,-444846.25,444846.25,68.43788461538462
450000.0,858868.25,-408868.25,408868.25,90.85961111111112
1700000.0,1221566.9,478433.125,478433.125,28.143125
950000.0,2062093.8,-1112093.75,1112093.75,117.0625
859200.0,1028783.4,-169583.375,169583.375,19.7373574255121
975000.0,986494.5,-11494.5,11494.5,1.178923076923077
1530000.0,1129616.4,400383.625,400383.625,26.168864379084965
656400.0,979962.06,-323562.0625,323562.0625,49.293428168799515
1170000.0,1018468.7,151531.3125,151531.3125,12.951394230769232
600000.0,903432.2,-303432.1875,303432.1875,50.57203125
1600000.0,1119860.4,480139.625,480139.625,30.008726562499998
5000000.0,4220625.0,779375.0,779375.0,15.587500000000002
900000.0,1052739.8,-152739.75,152739.75,16.971083333333333
498500.0,780286.4,-281786.375,281786.375,56.52685556670009
785000.0,856354.7,-71354.6875,71354.6875,9.089769108280255
710000.0,865182.3,-155182.3125,155182.3125,21.856663732394367
2500000.0,944478.75,1555521.25,1555521.25,62.220850000000006
364000.0,1098783.0,-734783.0,734783.0,201.86346153846154
904000.0,958393.6,-54393.625,54393.625,6.016993915929204
740000.0,975084.94,-235084.9375,235084.9375,31.768234797297296
1000000.0,942336.75,57663.25,57663.25,5.766325
1535200.0,1219922.5,315277.5,315277.5,20.536575039082855
480000.0,946367.2,-466367.1875,466367.1875,97.15983072916666
600000.0,909586.1,-309586.125,309586.125,51.5976875
1000000.0,970666.06,29333.9375,29333.9375,2.93339375
950000.0,925415.9,24584.125,24584.125,2.5878026315789473
1470000.0,1528886.4,-58886.375,58886.375,4.005875850340137
1800000.0,1668987.1,131012.875,131012.875,7.278493055555556
960000.0,1315268.5,-355268.5,355268.5,37.007135416666664
1200000.0,940903.4,259096.625,259096.625,21.591385416666668
1530000.0,1060677.6,469322.375,469322.375,30.674665032679737
1440000.0,1068626.5,371373.5,371373.5,25.789826388888887
700000.0,846526.56,-146526.5625,146526.5625,20.93236607142857
1650000.0,1159574.6,490425.375,490425.375,29.722749999999998
684000.0,850794.44,-166794.4375,166794.4375,24.385151681286548
2475000.0,1918263.5,556736.5,556736.5,22.49440404040404
800000.0,947228.94,-147228.9375,147228.9375,18.4036171875
1150000.0,1175714.2,-25714.25,25714.25,2.2360217391304347
2400000.0,1038788.0,1361212.0,1361212.0,56.717166666666664
650000.0,1008350.7,-358350.6875,358350.6875,55.130875
800000.0,935865.4,-135865.375,135865.375,16.983171875
650000.0,722567.9,-72567.875,72567.875,11.164288461538462
625000.0,845339.6,-220339.625,220339.625,35.25434
1700000.0,1075723.2,624276.75,624276.75,36.72216176470589
756000.0,1189351.2,-433351.25,433351.25,57.32159391534392
970000.0,968031.6,1968.375,1968.375,0.20292525773195877
1600000.0,1452806.2,147193.75,147193.75,9.199609375
600000.0,1029222.56,-429222.5625,429222.5625,71.53709375
800000.0,980479.6,-180479.625,180479.625,22.559953125
1200000.0,1439968.8,-239968.75,239968.75,19.997395833333336
1500000.0,1034503.8,465496.1875,465496.1875,31.033079166666667
920000.0,1192305.2,-272305.25,272305.25,29.598396739130433
2620001.0,992177.0,1627824.0,1627824.0,62.13066330890713
870000.0,1039627.75,-169627.75,169627.75,19.497442528735633
904800.0,894992.06,9807.9375,9807.9375,1.0839895557029178
645500.0,833206.2,-187706.1875,187706.1875,29.079192486444615
600000.0,899001.3,-299001.3125,299001.3125,49.83355208333333
738000.0,873580.06,-135580.0625,135580.0625,18.371282181571814
1198000.0,1122274.9,75725.125,75725.125,6.32096202003339
854000.0,1073144.2,-219144.25,219144.25,25.660919203747074
800000.0,1005836.56,-205836.5625,205836.5625,25.729570312499998
970800.0,883017.75,87782.25,87782.25,9.042258961681087
950000.0,1074967.1,-124967.125,124967.125,13.154434210526317
120000.0,916660.25,-796660.25,796660.25,663.8835416666667
800000.0,1043827.25,-243827.25,243827.25,30.47840625
460000.0,901481.5,-441481.5,441481.5,95.97423913043478
938000.0,1249154.4,-311154.375,311154.375,33.17210820895522
700000.0,1091101.5,-391101.5,391101.5,55.87164285714286
606000.0,920987.06,-314987.0625,314987.0625,51.97806311881188
960000.0,994534.7,-34534.6875,34534.6875,3.5973632812500003
580000.0,850083.75,-270083.75,270083.75,46.56616379310345
670000.0,802903.7,-132903.6875,132903.6875,19.836371268656716
850000.0,749636.6,100363.375,100363.375,11.80745588235294
1280000.0,1090074.8,189925.25,189925.25,14.83791015625
486500.0,846472.0,-359972.0,359972.0,73.99218910585817
560000.0,890695.56,-330695.5625,330695.5625,59.05277901785714
900000.0,945596.7,-45596.6875,45596.6875,5.066298611111112
850000.0,1075541.5,-225541.5,225541.5,26.53429411764706
810000.0,888419.8,-78419.8125,78419.8125,9.681458333333333
1620000.0,1074860.8,545139.25,545139.25,33.65057098765432
1000000.0,969975.06,30024.9375,30024.9375,3.00249375
717500.0,985502.44,-268002.4375,268002.4375,37.352256097560975
990000.0,1044742.1,-54742.125,54742.125,5.529507575757576
500000.0,881121.2,-381121.1875,381121.1875,76.2242375
803682.0,935546.5,-131864.5,131864.5,16.407546766009443
900000.0,1088061.1,-188061.125,188061.125,20.895680555555558
900000.0,916114.4,-16114.375,16114.375,1.790486111111111
1125000.0,1048556.2,76443.8125,76443.8125,6.795005555555555
650000.0,1002578.56,-352578.5625,352578.5625,54.24285576923077
1000000.0,1092469.5,-92469.5,92469.5,9.24695
1850000.0,1533739.9,316260.125,316260.125,17.095141891891892
1097600.0,1523922.8,-426322.75,426322.75,38.84135841836734
800000.0,904308.25,-104308.25,104308.25,13.038531249999998
900000.0,1077888.4,-177888.375,177888.375,19.765375
2280000.0,1059350.6,1220649.375,1220649.375,53.53725328947368
1000000.0,1443227.5,-443227.5,443227.5,44.32275
1000000.0,994159.44,5840.5625,5840.5625,0.58405625
900000.0,999152.3,-99152.3125,99152.3125,11.01692361111111
1150000.0,1050735.8,99264.25,99264.25,8.631673913043478
950000.0,1664138.0,-714138.0,714138.0,75.17242105263158
458950.0,993941.44,-534991.4375,534991.4375,116.56856683734611
700000.0,873302.5,-173302.5,173302.5,24.7575
1200000.0,1187418.6,12581.375,12581.375,1.0484479166666667
1110000.0,915229.75,194770.25,194770.25,17.546869369369368
550000.0,875615.44,-325615.4375,325615.4375,59.20280681818182
850000.0,1042021.7,-192021.6875,192021.6875,22.590786764705882
1378000.0,982040.6,395959.375,395959.375,28.734352322206096
500000.0,755665.5,-255665.5,255665.5,51.1331
1920000.0,1220259.6,699740.375,699740.375,36.444811197916664
1925000.0,1645945.5,279054.5,279054.5,14.496337662337663
1500000.0,1397693.6,102306.375,102306.375,6.820424999999999
583500.0,924189.9,-340689.875,340689.875,58.38729648671808
1250000.0,1077832.9,172167.125,172167.125,13.773369999999998
1800000.0,1363859.1,436140.875,436140.875,24.23004861111111
1200000.0,1175497.1,24502.875,24502.875,2.0419062500000003
736251.0,817521.8,-81270.8125,81270.8125,11.038465482559616
688000.0,992536.4,-304536.375,304536.375,44.264007994186045
1015000.0,788048.8,226951.1875,226951.1875,22.359722906403942
1087571.0,1072939.2,14631.75,14631.75,1.3453604408355868
835000.0,945276.56,-110276.5625,110276.5625,13.206773952095807
1352000.0,1009372.56,342627.4375,342627.4375,25.34226608727811
1400000.0,1051047.0,348953.0,348953.0,24.925214285714286
1050000.0,1033197.7,16802.3125,16802.3125,1.6002202380952382
1344000.0,1306419.5,37580.5,37580.5,2.7961681547619044
850000.0,1259765.9,-409765.875,409765.875,48.20775
720000.0,1088464.8,-368464.75,368464.75,51.17565972222222
1000000.0,984640.44,15359.5625,15359.5625,1.53595625
1400000.0,1632105.4,-232105.375,232105.375,16.578955357142856
1000000.0,1195416.5,-195416.5,195416.5,19.54165
1348000.0,1305872.8,42127.25,42127.25,3.1251669139465874
1350000.0,996846.7,353153.3125,353153.3125,26.15950462962963
800000.0,694668.2,105331.8125,105331.8125,13.166476562500002
850000.0,1102339.2,-252339.25,252339.25,29.686970588235294
485400.0,970555.94,-485155.9375,485155.9375,99.94971930366708
945000.0,1019645.6,-74645.625,74645.625,7.899007936507936
650000.0,1011715.9,-361715.875,361715.875,55.64859615384615
530000.0,931428.7,-401428.6875,401428.6875,75.74126179245283
700000.0,1011910.6,-311910.625,311910.625,44.558660714285715
1000000.0,926852.5,73147.5,73147.5,7.31475
918250.0,1057667.0,-139417.0,139417.0,15.182902259733188
1221000.0,910617.44,310382.5625,310382.5625,25.420357289107287
800000.0,1091980.5,-291980.5,291980.5,36.4975625
1320000.0,1121252.5,198747.5,198747.5,15.056628787878786
900000.0,1118668.0,-218668.0,218668.0,24.296444444444447
750500.0,986659.2,-236159.1875,236159.1875,31.466913724183875
1430000.0,1300413.2,129586.75,129586.75,9.06201048951049
1200000.0,1180674.4,19325.625,19325.625,1.61046875
772000.0,1013679.1,-241679.125,241679.125,31.305586139896374
2008000.0,951107.75,1056892.25,1056892.25,52.63407619521912
142500.0,982771.4,-840271.375,840271.375,589.6641228070176
1160000.0,1108786.5,51213.5,51213.5,4.4149568965517245
1340800.0,1171603.6,169196.375,169196.375,12.619061381264917
950000.0,1102939.2,-152939.25,152939.25,16.098868421052632
1650000.0,1097839.4,552160.625,552160.625,33.4642803030303
1400000.0,1366422.0,33578.0,33578.0,2.3984285714285716
600000.0,960721.44,-360721.4375,360721.4375,60.12023958333334
1520000.0,1052837.0,467163.0,467163.0,30.734407894736844
965000.0,1016921.75,-51921.75,51921.75,5.380492227979275
1920000.0,1026447.6,893552.375,893552.375,46.53918619791666
700000.0,880457.6,-180457.625,180457.625,25.77966071428571
750000.0,782394.44,-32394.4375,32394.4375,4.319258333333333
1130000.0,1015511.5,114488.5,114488.5,10.131725663716814
640000.0,993967.5,-353967.5,353967.5,55.307421874999996
1040000.0,1090738.0,-50738.0,50738.0,4.8786538461538465
650000.0,863789.4,-213789.375,213789.375,32.89067307692308
750000.0,779821.3,-29821.3125,29821.3125,3.976175
1200000.0,1054247.9,145752.125,145752.125,12.146010416666666
900000.0,1014776.6,-114776.625,114776.625,12.752958333333334
568000.0,765998.06,-197998.0625,197998.0625,34.85881382042253
1890000.0,1098611.6,791388.375,791388.375,41.87240079365079
900000.0,890425.25,9574.75,9574.75,1.0638611111111111
830000.0,1007131.06,-177131.0625,177131.0625,21.34109186746988
850000.0,763379.06,86620.9375,86620.9375,10.190698529411765
700000.0,1074835.1,-374835.125,374835.125,53.547875
1500000.0,1075108.0,424892.0,424892.0,28.32613333333333
1675000.0,822039.3,852960.6875,852960.6875,50.923026119402984
1000000.0,1090124.0,-90124.0,90124.0,9.0124
600000.0,1027475.8,-427475.8125,427475.8125,71.24596875
1710000.0,937908.25,772091.75,772091.75,45.15156432748538
800000.0,884147.9,-84147.875,84147.875,10.518484375
600000.0,850246.8,-250246.8125,250246.8125,41.707802083333334
675000.0,933362.4,-258362.375,258362.375,38.2759074074074
2400000.0,1936538.8,463461.25,463461.25,19.310885416666668
4834000.0,1010166.9,3823833.125,3823833.125,79.10287805130326
420000.0,992950.1,-572950.125,572950.125,136.41669642857144
1300000.0,1088954.8,211045.25,211045.25,16.23425
1650000.0,1170494.9,479505.125,479505.125,29.060916666666664
900000.0,1152673.0,-252673.0,252673.0,28.074777777777776
1300000.0,1200669.6,99330.375,99330.375,7.640798076923076
9000000.0,8362590.5,637409.5,637409.5,7.0823277777777776
500000.0,823653.0,-323653.0,323653.0,64.73060000000001
705000.0,906392.1,-201392.125,201392.125,28.56625886524823
500000.0,914347.9,-414347.875,414347.875,82.869575
800000.0,832773.44,-32773.4375,32773.4375,4.0966796875
1200000.0,1041313.4,158686.625,158686.625,13.223885416666667
500000.0,892507.5,-392507.5,392507.5,78.50150000000001
1300000.0,1019741.0,280259.0,280259.0,21.558384615384615
1453000.0,1199766.2,253233.75,253233.75,17.428337921541637
900000.0,1116283.0,-216283.0,216283.0,24.031444444444443
859280.0,970777.3,-111497.3125,111497.3125,12.975667128293455
790000.0,1087478.9,-297478.875,297478.875,37.65555379746836
745000.0,1084659.8,-339659.75,339659.75,45.59191275167785
3222000.0,1142080.8,2079919.25,2079919.25,64.55367008069523
1000000.0,1141299.4,-141299.375,141299.375,14.1299375
825000.0,1162602.2,-337602.25,337602.25,40.921484848484845
936000.0,972261.1,-36261.125,36261.125,3.8740518162393163
804000.0,1099272.9,-295272.875,295272.875,36.725481965174126
850000.0,984787.0,-134787.0,134787.0,15.857294117647058
890000.0,983434.06,-93434.0625,93434.0625,10.49820926966292
940000.0,937642.2,2357.8125,2357.8125,0.2508311170212766
640000.0,880692.44,-240692.4375,240692.4375,37.608193359374994
700000.0,1285207.0,-585207.0,585207.0,83.601
875000.0,919390.4,-44390.375,44390.375,5.073185714285714
935000.0,900116.7,34883.3125,34883.3125,3.7308355614973263
1000000.0,1001263.75,-1263.75,1263.75,0.126375
650000.0,1242459.9,-592459.875,592459.875,91.14767307692307
605000.0,863067.56,-258067.5625,258067.5625,42.655795454545455
1100000.0,1218783.9,-118783.875,118783.875,10.798534090909092
2200000.0,1084853.0,1115147.0,1115147.0,50.688500000000005
890000.0,1038183.4,-148183.375,148183.375,16.649817415730336
650000.0,962223.9,-312223.875,312223.875,48.03444230769231
890000.0,1112035.2,-222035.25,222035.25,24.947780898876402
580500.0,851903.6,-271403.625,271403.625,46.75342377260982
800000.0,1057596.0,-257596.0,257596.0,32.1995
500000.0,862795.25,-362795.25,362795.25,72.55905
1643000.0,1035152.6,607847.375,607847.375,36.996188374923925
1300000.0,1065991.1,234008.875,234008.875,18.00068269230769
829200.0,866137.2,-36937.1875,36937.1875,4.454557103232031
600000.0,881270.7,-281270.6875,281270.6875,46.878447916666666
1218800.0,983666.44,235133.5625,235133.5625,19.29221878076797
2280000.0,1025983.44,1254016.5625,1254016.5625,55.00072642543859
760000.0,869625.1,-109625.125,109625.125,14.424358552631578
1621320.0,1180316.4,441003.625,441003.625,27.2002827942664
1050000.0,942939.56,107060.4375,107060.4375,10.196232142857141
680000.0,999658.2,-319658.1875,319658.1875,47.00855698529412
750000.0,960088.6,-210088.625,210088.625,28.011816666666668
1800000.0,1157049.6,642950.375,642950.375,35.71946527777778
821000.0,946517.94,-125517.9375,125517.9375,15.28842113276492
1438000.0,1300607.9,137392.125,137392.125,9.554389777468707
700000.0,975020.2,-275020.1875,275020.1875,39.28859821428571
660000.0,988811.5,-328811.5,328811.5,49.81992424242424
780000.0,1009679.0,-229679.0,229679.0,29.446025641025642
680000.0,943588.3,-263588.3125,263588.3125,38.76298713235294
1620000.0,1095131.4,524868.625,524868.625,32.399297839506175
1320000.0,1059567.1,260432.875,260432.875,19.729763257575758
875000.0,1028402.1,-153402.125,153402.125,17.53167142857143
842743.0,1003410.8,-160667.8125,160667.8125,19.064864674046536
1282000.0,1150841.8,131158.25,131158.25,10.230752730109206
950000.0,971073.0,-21073.0,21073.0,2.2182105263157896
500000.0,870213.44,-370213.4375,370213.4375,74.0426875
16300000.0,5195154.5,11104845.5,11104845.5,68.12788650306749
650000.0,736253.9,-86253.875,86253.875,13.269826923076925
540000.0,855246.7,-315246.6875,315246.6875,58.379016203703706
1250000.0,1086882.8,163117.25,163117.25,13.04938
520000.0,848879.06,-328879.0625,328879.0625,63.2459735576923
550000.0,853863.94,-303863.9375,303863.9375,55.24798863636363
500000.0,845896.6,-345896.625,345896.625,69.179325
1125000.0,1061273.9,63726.125,63726.125,5.664544444444444
720000.0,910508.5,-190508.5,190508.5,26.459513888888893
850000.0,1076749.9,-226749.875,226749.875,26.67645588235294
1400000.0,1078689.2,321310.75,321310.75,22.950767857142857
600000.0,956611.0,-356611.0,356611.0,59.43516666666666
700000.0,960158.44,-260158.4375,260158.4375,37.16549107142857
600000.0,1313511.9,-713511.875,713511.875,118.91864583333333
1100000.0,1186239.1,-86239.125,86239.125,7.839920454545454
1150000.0,1011861.7,138138.3125,138138.3125,12.012027173913044
600000.0,837544.25,-237544.25,237544.25,39.59070833333334
1000000.0,1079560.4,-79560.375,79560.375,7.9560375
850000.0,1122557.5,-272557.5,272557.5,32.065588235294115
790000.0,1051811.9,-261811.875,261811.875,33.140743670886074
750000.0,832000.06,-82000.0625,82000.0625,10.933341666666667
1200000.0,1043811.1,156188.875,156188.875,13.015739583333334
800000.0,936518.06,-136518.0625,136518.0625,17.0647578125
900000.0,1525019.5,-625019.5,625019.5,69.44661111111111
900000.0,1125429.8,-225429.75,225429.75,25.04775
1500000.0,972343.4,527656.625,527656.625,35.17710833333334
1000000.0,935804.75,64195.25,64195.25,6.419524999999999
630000.0,983708.25,-353708.25,353708.25,56.14416666666666
720000.0,1103396.4,-383396.375,383396.375,53.24949652777777
600000.0,1105621.6,-505621.625,505621.625,84.27027083333334
850000.0,975546.75,-125546.75,125546.75,14.770205882352942
1776000.0,1345415.1,430584.875,430584.875,24.244643862612612
750000.0,1018531.7,-268531.6875,268531.6875,35.804225
970000.0,1007268.56,-37268.5625,37268.5625,3.8421198453608243
1200000.0,1012081.2,187918.8125,187918.8125,15.659901041666666
1050000.0,1074469.0,-24469.0,24469.0,2.3303809523809527
1200000.0,994416.25,205583.75,205583.75,17.131979166666667
1916000.0,1304981.4,611018.625,611018.625,31.89032489561587
882000.0,1000971.25,-118971.25,118971.25,13.488803854875284
1397500.0,1165314.0,232186.0,232186.0,16.614382826475847
1120000.0,997819.9,122180.125,122180.125,10.908939732142857
620000.0,928586.94,-308586.9375,308586.9375,49.77208669354839
2250000.0,1510140.4,739859.625,739859.625,32.882650000000005
750000.0,884736.75,-134736.75,134736.75,17.9649
700000.0,975671.4,-275671.375,275671.375,39.381625
1147500.0,966551.94,180948.0625,180948.0625,15.768894335511982
1450000.0,1342499.9,107500.125,107500.125,7.41380172413793
950000.0,1064597.5,-114597.5,114597.5,12.062894736842106
1460000.0,1138811.5,321188.5,321188.5,21.999212328767122
1600000.0,1196128.8,403871.25,403871.25,25.241953125
811500.0,987021.1,-175521.125,175521.125,21.62922057917437
930000.0,1131946.6,-201946.625,201946.625,21.714690860215054
588000.0,890901.6,-302901.625,302901.625,51.51388180272109
900000.0,1239125.9,-339125.875,339125.875,37.68065277777778
1060000.0,1035755.5,24244.5,24244.5,2.2872169811320755
960000.0,1206246.6,-246246.625,246246.625,25.650690104166667
2760000.0,2189938.0,570062.0,570062.0,20.65442028985507
950000.0,1054903.1,-104903.125,104903.125,11.042434210526315
690000.0,963766.4,-273766.375,273766.375,39.676286231884056
1300000.0,1194626.8,105373.25,105373.25,8.105634615384616
1430000.0,1339678.9,90321.125,90321.125,6.316162587412586
1080000.0,1077206.1,2793.875,2793.875,0.2586921296296296
910000.0,868707.2,41292.8125,41292.8125,4.537671703296704
530000.0,868745.06,-338745.0625,338745.0625,63.914162735849054
5000000.0,4962664.5,37335.5,37335.5,0.74671
680000.0,1007835.6,-327835.625,327835.625,48.21112132352941
930000.0,870150.3,59849.6875,59849.6875,6.435450268817204
1350000.0,890480.44,459519.5625,459519.5625,34.03848611111111
800000.0,936984.44,-136984.4375,136984.4375,17.1230546875
2275000.0,1552499.9,722500.125,722500.125,31.758247252747253
950000.0,989519.0,-39519.0,39519.0,4.159894736842105
2137500.0,1512814.9,624685.125,624685.125,29.2250350877193
900000.0,1029358.2,-129358.1875,129358.1875,14.373131944444445
784000.0,777892.2,6107.8125,6107.8125,0.7790577168367346
1710000.0,1143243.9,566756.125,566756.125,33.14363304093567
2161000.0,1178081.8,982918.25,982918.25,45.484416936603424
5280000.0,2612478.2,2667521.75,2667521.75,50.521245265151514
600000.0,837527.44,-237527.4375,237527.4375,39.587906249999996
950000.0,1086323.0,-136323.0,136323.0,14.34978947368421
1500000.0,1020387.8,479612.1875,479612.1875,31.974145833333335
650000.0,902700.6,-252700.625,252700.625,38.877019230769235
640000.0,1051247.0,-411247.0,411247.0,64.25734374999999
700000.0,1045149.0,-345149.0,345149.0,49.307
1700000.0,1352870.9,347129.125,347129.125,20.41936029411765
980000.0,833501.7,146498.3125,146498.3125,14.948807397959182
980000.0,891767.8,88232.1875,88232.1875,9.00328443877551
710000.0,763219.1,-53219.125,53219.125,7.495651408450704
1350000.0,1239945.2,110054.75,110054.75,8.152203703703703
1500000.0,981033.9,518966.125,518966.125,34.597741666666664
1345000.0,1028925.0,316075.0,316075.0,23.5
750000.0,960470.44,-210470.4375,210470.4375,28.062725
898000.0,933100.0,-35100.0,35100.0,3.908685968819599
900000.0,1737662.2,-837662.25,837662.25,93.07358333333333
588000.0,988644.7,-400644.6875,400644.6875,68.13685161564625
950000.0,926806.3,23193.6875,23193.6875,2.4414407894736843
542000.0,946259.4,-404259.375,404259.375,74.58660055350553
690000.0,878534.44,-188534.4375,188534.4375,27.323831521739127
1885000.0,1894917.5,-9917.5,9917.5,0.5261273209549072
600000.0,840168.0,-240168.0,240168.0,40.028000000000006
780000.0,972344.44,-192344.4375,192344.4375,24.65954326923077
2400000.0,1382835.5,1017164.5,1017164.5,42.38185416666666
1450000.0,1421007.2,28992.75,28992.75,1.9994999999999998
650000.0,882065.25,-232065.25,232065.25,35.70234615384615
1008000.0,1099339.8,-91339.75,91339.75,9.061483134920636
1300000.0,1084269.2,215730.75,215730.75,16.594673076923076
600000.0,897378.2,-297378.1875,297378.1875,49.56303125
959000.0,956001.4,2998.625,2998.625,0.31268248175182484
860000.0,867066.7,-7066.6875,7066.6875,0.8217078488372094
1350000.0,1049743.0,300257.0,300257.0,22.24125925925926
700000.0,1080283.0,-380283.0,380283.0,54.326142857142855
950000.0,1090309.9,-140309.875,140309.875,14.76946052631579
570000.0,893643.8,-323643.8125,323643.8125,56.779616228070175
900000.0,817941.25,82058.75,82058.75,9.117638888888889
1000000.0,770147.75,229852.25,229852.25,22.985225
950000.0,1254833.2,-304833.25,304833.25,32.08771052631579
622500.0,843505.8,-221005.8125,221005.8125,35.50294176706827
15105000.0,8433378.0,6671622.0,6671622.0,44.168301886792456
1265000.0,869850.94,395149.0625,395149.0625,31.237080039525694
950000.0,890270.5,59729.5,59729.5,6.287315789473684
400000.0,784720.2,-384720.1875,384720.1875,96.180046875
5000000.0,1823467.0,3176533.0,3176533.0,63.530660000000005
1270000.0,1047198.5,222801.5,222801.5,17.543425196850393
700000.0,935780.8,-235780.8125,235780.8125,33.68297321428572
3295000.0,1360039.5,1934960.5,1934960.5,58.724142640364185
850000.0,1163787.4,-313787.375,313787.375,36.91616176470588
1428000.0,1006961.8,421038.1875,421038.1875,29.484466911764706
900800.0,957408.2,-56608.1875,56608.1875,6.284212644316163
714850.0,881381.6,-166531.625,166531.625,23.296023641323355
900000.0,990016.94,-90016.9375,90016.9375,10.001881944444445
750000.0,943277.8,-193277.8125,193277.8125,25.770375
760000.0,957995.44,-197995.4375,197995.4375,26.052031250000002
850000.0,940952.44,-90952.4375,90952.4375,10.700286764705883
550000.0,1021984.25,-471984.25,471984.25,85.81531818181818
10844000.0,7706290.0,3137710.0,3137710.0,28.934987089634824
800000.0,926313.8,-126313.8125,126313.8125,15.7892265625
800000.0,1227170.2,-427170.25,427170.25,53.39628125
800000.0,889858.7,-89858.6875,89858.6875,11.2323359375
900000.0,1064484.2,-164484.25,164484.25,18.276027777777777
900000.0,1120262.4,-220262.375,220262.375,24.47359722222222
1350000.0,1325229.9,24770.125,24770.125,1.8348240740740742
1530000.0,967963.4,562036.625,562036.625,36.73441993464052
1900000.0,1535108.4,364891.625,364891.625,19.204822368421056
2040000.0,1090840.4,949159.625,949159.625,46.52743259803921
1600000.0,1067093.6,532906.375,532906.375,33.3066484375
700000.0,1113777.9,-413777.875,413777.875,59.111125
900000.0,1142711.8,-242711.75,242711.75,26.96797222222222
765600.0,1025242.7,-259642.6875,259642.6875,33.913621669278996
1050000.0,962643.2,87356.8125,87356.8125,8.319696428571428
900000.0,1140195.9,-240195.875,240195.875,26.688430555555552
500000.0,886679.25,-386679.25,386679.25,77.33585
800000.0,1055058.1,-255058.125,255058.125,31.882265625
2400000.0,1024080.4,1375919.625,1375919.625,57.329984374999995
1008000.0,971965.94,36034.0625,36034.0625,3.5748077876984126
2000000.0,1131648.2,868351.75,868351.75,43.417587499999996
558800.0,936226.44,-377426.4375,377426.4375,67.5423116499642
850000.0,860156.6,-10156.625,10156.625,1.1948970588235293
780000.0,988058.4,-208058.375,208058.375,26.67415064102564
1000000.0,1052002.4,-52002.375,52002.375,5.2002375
960000.0,1241309.0,-281309.0,281309.0,29.30302083333333
1300000.0,990824.25,309175.75,309175.75,23.78275
2388000.0,1176570.8,1211429.25,1211429.25,50.72986809045226
1000000.0,873393.75,126606.25,126606.25,12.660625
1500000.0,951418.7,548581.3125,548581.3125,36.5720875
1600000.0,1187294.6,412705.375,412705.375,25.7940859375
600000.0,853463.3,-253463.3125,253463.3125,42.243885416666664
800000.0,953134.4,-153134.375,153134.375,19.141796875
624000.0,836774.1,-212774.125,212774.125,34.098417467948714
1530000.0,1134562.8,395437.25,395437.25,25.845571895424836
1200000.0,1131400.9,68599.125,68599.125,5.71659375
720000.0,1073511.2,-353511.25,353511.25,49.09878472222222
750000.0,845889.2,-95889.1875,95889.1875,12.785225
1050000.0,942398.44,107601.5625,107601.5625,10.247767857142858
1100000.0,1036775.75,63224.25,63224.25,5.7476590909090906
840000.0,813765.1,26234.875,26234.875,3.1231994047619045
950000.0,1038885.3,-88885.3125,88885.3125,9.356348684210527
693000.0,938372.25,-245372.25,245372.25,35.407251082251086
1400000.0,1105711.0,294289.0,294289.0,21.020642857142857
650000.0,996408.25,-346408.25,346408.25,53.29357692307693
600000.0,849521.2,-249521.1875,249521.1875,41.58686458333333
650000.0,987837.56,-337837.5625,337837.5625,51.975009615384614
500000.0,754519.4,-254519.375,254519.375,50.903875
1300000.0,1036537.94,263462.0625,263462.0625,20.2663125
1000000.0,995387.94,4612.0625,4612.0625,0.46120625
800000.0,877305.2,-77305.1875,77305.1875,9.6631484375
620000.0,695443.44,-75443.4375,75443.4375,12.168296370967742
1800000.0,1278863.6,521136.375,521136.375,28.952020833333332
1350000.0,1051594.5,298405.5,298405.5,22.10411111111111
725000.0,1042322.0,-317322.0,317322.0,43.768551724137936
800000.0,1117547.8,-317547.75,317547.75,39.69346875
1250000.0,1167664.5,82335.5,82335.5,6.58684
1280000.0,1049470.6,230529.375,230529.375,18.010107421875
1008000.0,1051051.0,-43051.0,43051.0,4.27093253968254
7500000.0,4962507.0,2537493.0,2537493.0,33.833239999999996
800000.0,934044.44,-134044.4375,134044.4375,16.7555546875
800000.0,905170.94,-105170.9375,105170.9375,13.1463671875
1056000.0,1035686.6,20313.375,20313.375,1.9236150568181818
1000000.0,1021244.3,-21244.3125,21244.3125,2.12443125
1020000.0,1027758.06,-7758.0625,7758.0625,0.7605943627450981
400000.0,1057026.2,-657026.25,657026.25,164.2565625
800000.0,863363.7,-63363.6875,63363.6875,7.9204609375
900000.0,1042853.7,-142853.6875,142853.6875,15.872631944444446
792000.0,1055898.1,-263898.125,263898.125,33.32047032828283
920000.0,939387.8,-19387.8125,19387.8125,2.1073709239130434
900000.0,1200531.1,-300531.125,300531.125,33.39234722222223
850000.0,1127521.8,-277521.75,277521.75,32.649617647058825
1650000.0,1110608.4,539391.625,539391.625,32.690401515151514
650000.0,880431.3,-230431.3125,230431.3125,35.450971153846154
851200.0,1205585.9,-354385.875,354385.875,41.63367892387218
700000.0,850800.9,-150800.875,150800.875,21.54298214285714
1401680.0,1155810.9,245869.125,245869.125,17.541031119799097
780000.0,971174.0,-191174.0,191174.0,24.50948717948718
3000000.0,1368634.0,1631366.0,1631366.0,54.37886666666667
1080000.0,1062084.9,17915.125,17915.125,1.6588078703703701
550000.0,884598.8,-334598.8125,334598.8125,60.836147727272724
5000000.0,1036799.9,3963200.125,3963200.125,79.2640025
65000000.0,86795280.0,-21795280.0,21795280.0,33.5312
1020000.0,1026359.1,-6359.125,6359.125,0.6234436274509804
700000.0,934965.94,-234965.9375,234965.9375,33.5665625
700000.0,1103826.8,-403826.75,403826.75,57.68953571428571
1060000.0,1116320.4,-56320.375,56320.375,5.313242924528302
1380000.0,1150729.8,229270.25,229270.25,16.61378623188406
2000000.0,1058419.8,941580.25,941580.25,47.0790125
1020000.0,863454.4,156545.625,156545.625,15.347610294117647
4950000.0,3235832.8,1714167.25,1714167.25,34.62964141414142
2000000.0,923184.6,1076815.375,1076815.375,53.84076875
1000000.0,1237862.8,-237862.75,237862.75,23.786275
2660000.0,875962.0,1784038.0,1784038.0,67.0690977443609
1812000.0,994100.06,817899.9375,817899.9375,45.13796564569537
650000.0,911819.2,-261819.1875,261819.1875,40.279875
1400000.0,1029498.75,370501.25,370501.25,26.464375
1720000.0,1367661.9,352338.125,352338.125,20.484774709302325
500000.0,837543.75,-337543.75,337543.75,67.50874999999999
800000.0,1150598.1,-350598.125,350598.125,43.824765625
806000.0,866543.94,-60543.9375,60543.9375,7.511654776674938
610000.0,931330.6,-321330.625,321330.625,52.67715163934427
700000.0,952219.75,-252219.75,252219.75,36.031392857142855
1030000.0,1280239.6,-250239.625,250239.625,24.29510922330097
1587200.0,1413883.9,173316.125,173316.125,10.919614730342742
1100000.0,1016559.0,83441.0,83441.0,7.585545454545454
1520000.0,1459364.8,60635.25,60635.25,3.989161184210526
1500000.0,885995.1,614004.875,614004.875,40.933658333333334
700000.0,899287.75,-199287.75,199287.75,28.46967857142857
500000.0,1138438.4,-638438.375,638438.375,127.687675
950000.0,1093528.0,-143528.0,143528.0,15.10821052631579
700000.0,1019253.5,-319253.5,319253.5,45.60764285714286
800000.0,1028263.4,-228263.375,228263.375,28.532921875
694900.0,960947.3,-266047.3125,266047.3125,38.28569758238595
612000.0,950359.8,-338359.8125,338359.8125,55.2875510620915
600000.0,891630.1,-291630.125,291630.125,48.605020833333334
1279500.0,932773.5,346726.5,346726.5,27.098593200468933
700000.0,921928.2,-221928.1875,221928.1875,31.704026785714284
1050000.0,758357.75,291642.25,291642.25,27.77545238095238
624500.0,957728.06,-333228.0625,333228.0625,53.3591773418735
650000.0,962983.0,-312983.0,312983.0,48.15123076923077
700000.0,860887.9,-160887.875,160887.875,22.983982142857144
889200.0,970488.44,-81288.4375,81288.4375,9.141749606387764
1200000.0,930535.94,269464.0625,269464.0625,22.455338541666666
705000.0,1036630.1,-331630.125,331630.125,47.03973404255319
900000.0,1138787.8,-238787.75,238787.75,26.531972222222223
720000.0,912065.0,-192065.0,192065.0,26.675694444444442
1620000.0,1217408.6,402591.375,402591.375,24.851319444444446
550000.0,829200.25,-279200.25,279200.25,50.763681818181816
1500000.0,1155912.1,344087.875,344087.875,22.939191666666666
1280000.0,1046491.0,233509.0,233509.0,18.242890625
950000.0,1191832.2,-241832.25,241832.25,25.456026315789476
1000000.0,925834.9,74165.125,74165.125,7.4165125
1291500.0,1109413.6,182086.375,182086.375,14.098828881145955
800000.0,884451.2,-84451.1875,84451.1875,10.5563984375
1110000.0,1059969.8,50030.25,50030.25,4.50722972972973
900000.0,1374237.4,-474237.375,474237.375,52.69304166666666
880000.0,962458.75,-82458.75,82458.75,9.3703125
700000.0,912986.2,-212986.1875,212986.1875,30.426598214285715
1000000.0,1067071.0,-67071.0,67071.0,6.7071000000000005
1160000.0,1056156.4,103843.625,103843.625,8.952036637931036
600000.0,959827.3,-359827.3125,359827.3125,59.97121875
818969.0,878520.25,-59551.25,59551.25,7.271490129663027
600000.0,841501.6,-241501.625,241501.625,40.25027083333333
860000.0,1011130.5,-151130.5,151130.5,17.573313953488373
1400000.0,1085674.1,314325.875,314325.875,22.451848214285715
1000000.0,871179.94,128820.0625,128820.0625,12.88200625
800000.0,958065.75,-158065.75,158065.75,19.75821875
750000.0,1021396.4,-271396.375,271396.375,36.18618333333333
750000.0,1405555.5,-655555.5,655555.5,87.4074
1400000.0,1258074.4,141925.625,141925.625,10.137544642857142
956000.0,1021829.3,-65829.3125,65829.3125,6.885911349372385
600000.0,1101453.2,-501453.25,501453.25,83.57554166666667
900000.0,1213738.9,-313738.875,313738.875,34.859875
1400000.0,1193936.4,206063.625,206063.625,14.718830357142856
1067000.0,1106883.9,-39883.875,39883.875,3.7379451733833178
935000.0,1156358.2,-221358.25,221358.25,23.674679144385028
2000000.0,1173480.4,826519.625,826519.625,41.32598125
1000000.0,966344.0,33656.0,33656.0,3.3655999999999997
730000.0,979166.75,-249166.75,249166.75,34.132431506849315
1400000.0,1380584.0,19416.0,19416.0,1.3868571428571428
600000.0,897591.7,-297591.6875,297591.6875,49.59861458333334
580500.0,3874854.2,-3294354.25,3294354.25,567.5028854435832
650000.0,935639.4,-285639.375,285639.375,43.94451923076923
804000.0,815711.5,-11711.5,11711.5,1.4566542288557214
2280000.0,1060125.8,1219874.25,1219874.25,53.503256578947365
800000.0,817910.06,-17910.0625,17910.0625,2.2387578125000003
1480000.0,1054899.4,425100.625,425100.625,28.7230152027027
1080000.0,1528080.8,-448080.75,448080.75,41.48895833333333
600000.0,877995.6,-277995.625,277995.625,46.33260416666667
841000.0,1019182.8,-178182.8125,178182.8125,21.187016944114152
1030000.0,938079.44,91920.5625,91920.5625,8.92432645631068
712000.0,800095.4,-88095.375,88095.375,12.372945926966292
1250000.0,1208594.8,41405.25,41405.25,3.31242
2160000.0,1383012.4,776987.625,776987.625,35.97164930555555
850000.0,1068406.2,-218406.25,218406.25,25.69485294117647
3250000.0,2180467.8,1069532.25,1069532.25,32.908684615384615
750000.0,850433.5,-100433.5,100433.5,13.391133333333332
850000.0,945037.4,-95037.375,95037.375,11.180867647058824
1600000.0,1156123.4,443876.625,443876.625,27.742289062499996
600000.0,1142480.2,-542480.25,542480.25,90.413375
1000000.0,1039622.7,-39622.6875,39622.6875,3.9622687500000002
800000.0,1211892.6,-411892.625,411892.625,51.486578125
1100000.0,962578.44,137421.5625,137421.5625,12.492869318181818
1008000.0,1301619.0,-293619.0,293619.0,29.128869047619048
750000.0,867434.9,-117434.875,117434.875,15.657983333333334
927500.0,847508.25,79991.75,79991.75,8.6244474393531
800000.0,959361.6,-159361.625,159361.625,19.920203125
1100000.0,1055311.0,44689.0,44689.0,4.062636363636363
1440000.0,1020233.3,419766.6875,419766.6875,29.150464409722222
900000.0,1072971.6,-172971.625,172971.625,19.219069444444443
570000.0,912617.1,-342617.125,342617.125,60.108267543859654
2400000.0,1648446.5,751553.5,751553.5,31.314729166666666
720400.0,928314.44,-207914.4375,207914.4375,28.86097133536924
1160000.0,1130292.1,29707.875,29707.875,2.561023706896552
700000.0,1015175.4,-315175.375,315175.375,45.02505357142857
1770000.0,1152730.0,617270.0,617270.0,34.874011299435026
765000.0,938946.94,-173946.9375,173946.9375,22.738161764705882
1400000.0,1040732.2,359267.8125,359267.8125,25.661986607142858
1200000.0,1342928.6,-142928.625,142928.625,11.910718750000001
1600000.0,955647.3,644352.6875,644352.6875,40.27204296875
1370500.0,1078217.1,292282.875,292282.875,21.326732944180957
2000000.0,1153896.9,846103.125,846103.125,42.305156249999996
790000.0,1009814.5,-219814.5,219814.5,27.824620253164557
800000.0,876682.6,-76682.625,76682.625,9.585328125
1080000.0,969108.56,110891.4375,110891.4375,10.267725694444445
2250000.0,1527678.4,722321.625,722321.625,32.103183333333334
600000.0,878283.75,-278283.75,278283.75,46.380624999999995
588000.0,937935.06,-349935.0625,349935.0625,59.51276573129252
1082000.0,904079.56,177920.4375,177920.4375,16.443663354898337
1000000.0,1058381.0,-58381.0,58381.0,5.8381
1100000.0,1335454.6,-235454.625,235454.625,21.404965909090908
750000.0,937911.9,-187911.875,187911.875,25.054916666666667
560000.0,870083.75,-310083.75,310083.75,55.372098214285714
1200000.0,1132660.6,67339.375,67339.375,5.611614583333333
600000.0,1003805.4,-403805.375,403805.375,67.30089583333333
2100000.0,970838.75,1129161.25,1129161.25,53.76958333333334
1150000.0,889117.7,260882.3125,260882.3125,22.685418478260868
1200000.0,1409551.1,-209551.125,209551.125,17.46259375
717360.0,959707.56,-242347.5625,242347.5625,33.7832556178209
750000.0,833606.94,-83606.9375,83606.9375,11.147591666666665
1620000.0,1052162.5,567837.5,567837.5,35.051697530864196
1680000.0,1063376.0,616624.0,616624.0,36.703809523809525
670000.0,829214.06,-159214.0625,159214.0625,23.76329291044776
1500000.0,1383458.1,116541.875,116541.875,7.769458333333333
2172000.0,1298761.0,873239.0,873239.0,40.20437384898711
800000.0,1047417.3,-247417.3125,247417.3125,30.9271640625
1000000.0,1130111.5,-130111.5,130111.5,13.011149999999999
1700000.0,1128695.0,571305.0,571305.0,33.60617647058823
2000000.0,998570.7,1001429.3125,1001429.3125,50.071465625
1300000.0,936271.5,363728.5,363728.5,27.979115384615383
920000.0,910560.44,9439.5625,9439.5625,1.026039402173913
650000.0,924848.4,-274848.375,274848.375,42.284365384615384
500000.0,860153.44,-360153.4375,360153.4375,72.0306875
770000.0,960963.56,-190963.5625,190963.5625,24.800462662337665
1100000.0,865441.1,234558.875,234558.875,21.323534090909092
2278000.0,1374576.2,903423.75,903423.75,39.658636962247584
1100000.0,1047945.56,52054.4375,52054.4375,4.732221590909091
1260000.0,808088.56,451911.4375,451911.4375,35.865987103174604
1200000.0,1226923.8,-26923.75,26923.75,2.2436458333333333
600000.0,1072925.9,-472925.875,472925.875,78.82097916666667
1000000.0,1319887.0,-319887.0,319887.0,31.988699999999998
700000.0,920731.56,-220731.5625,220731.5625,31.533080357142858
1000000.0,929287.56,70712.4375,70712.4375,7.071243750000001
840000.0,937056.0,-97056.0,97056.0,11.554285714285713
900000.0,992989.7,-92989.6875,92989.6875,10.3321875
1800000.0,1244934.2,555065.75,555065.75,30.83698611111111
1600000.0,1581872.0,18128.0,18128.0,1.133
2450000.0,1169299.2,1280700.75,1280700.75,52.2735
1000000.0,953277.75,46722.25,46722.25,4.672225
900000.0,1074866.6,-174866.625,174866.625,19.429625
640000.0,713085.06,-73085.0625,73085.0625,11.419541015624999
900000.0,972017.8,-72017.8125,72017.8125,8.001979166666667
800000.0,951529.44,-151529.4375,151529.4375,18.9411796875
688000.0,981793.56,-293793.5625,293793.5625,42.70255268895349
800000.0,1035907.7,-235907.6875,235907.6875,29.4884609375
1128000.0,916194.25,211805.75,211805.75,18.7771054964539
1224000.0,1205331.2,18668.75,18668.75,1.5252246732026142
3000000.0,950355.75,2049644.25,2049644.25,68.32147499999999
850000.0,1007666.0,-157666.0,157666.0,18.54894117647059
1500000.0,929732.7,570267.3125,570267.3125,38.01782083333333
1700000.0,1083394.8,616605.25,616605.25,36.27089705882353
1374625.0,1438447.4,-63822.375,63822.375,4.642893516413568
1000000.0,875970.94,124029.0625,124029.0625,12.40290625
1558000.0,1120926.1,437073.875,437073.875,28.053522143774067
1147500.0,983263.1,164236.875,164236.875,14.312581699346405
680000.0,956240.0,-276240.0,276240.0,40.62352941176471
1400000.0,1095639.9,304360.125,304360.125,21.740008928571427
690000.0,861186.56,-171186.5625,171186.5625,24.809646739130432
1320000.0,1068836.4,251163.625,251163.625,19.02754734848485
960000.0,1326299.5,-366299.5,366299.5,38.15619791666667
1200000.0,1046771.6,153228.375,153228.375,12.769031250000001
1768800.0,1308515.2,460284.75,460284.75,26.022430461329716
1260000.0,1050526.9,209473.125,209473.125,16.62485119047619
1560000.0,1371620.1,188379.875,188379.875,12.075633012820512
1000000.0,1371380.5,-371380.5,371380.5,37.13805
400000.0,796249.06,-396249.0625,396249.0625,99.062265625
650000.0,753416.6,-103416.625,103416.625,15.910250000000001
800000.0,928558.6,-128558.625,128558.625,16.069828125
900000.0,1085240.1,-185240.125,185240.125,20.58223611111111
1200000.0,2149785.0,-949785.0,949785.0,79.14875
450000.0,832656.25,-382656.25,382656.25,85.03472222222223
650000.0,909750.25,-259750.25,259750.25,39.961576923076926
1200000.0,950685.3,249314.6875,249314.6875,20.776223958333333
1170000.0,1053286.5,116713.5,116713.5,9.97551282051282
1318600.0,1174971.9,143628.125,143628.125,10.892471181556196
3465000.0,2643783.8,821216.25,821216.25,23.700324675324673
1280000.0,1220181.9,59818.125,59818.125,4.673291015625
700000.0,1057578.1,-357578.125,357578.125,51.082589285714285
900000.0,1099222.5,-199222.5,199222.5,22.13583333333333
2856000.0,2105645.0,750355.0,750355.0,26.272934173669466
2560000.0,2025049.8,534950.25,534950.25,20.896494140625
900000.0,982661.7,-82661.6875,82661.6875,9.184631944444446
905775.0,825263.3,80511.6875,80511.6875,8.888707184455301
1000000.0,1121884.0,-121884.0,121884.0,12.188400000000001
500000.0,914043.1,-414043.125,414043.125,82.808625
500000.0,842024.25,-342024.25,342024.25,68.40485
1656000.0,1085927.9,570072.125,570072.125,34.424645229468595
695000.0,759749.75,-64749.75,64749.75,9.316510791366907
750000.0,952923.3,-202923.3125,202923.3125,27.056441666666665
1420000.0,1310303.4,109696.625,109696.625,7.725114436619718
893500.0,876781.6,16718.375,16718.375,1.8711108002238388
788000.0,926031.25,-138031.25,138031.25,17.516656091370557
790000.0,1021179.44,-231179.4375,231179.4375,29.26321993670886
675000.0,978074.1,-303074.125,303074.125,44.89987037037037
700000.0,1025405.3,-325405.3125,325405.3125,46.48647321428571
936000.0,1076487.8,-140487.75,140487.75,15.009375
700000.0,806102.3,-106102.3125,106102.3125,15.157473214285714
558720.0,988939.1,-430219.125,430219.125,77.00084568298969
600000.0,958665.7,-358665.6875,358665.6875,59.77761458333334
1400000.0,1312042.2,87957.75,87957.75,6.282696428571429
950000.0,1085108.9,-135108.875,135108.875,14.221986842105263
5870000.0,4337256.0,1532744.0,1532744.0,26.111482112436118
800000.0,941400.25,-141400.25,141400.25,17.67503125
2300000.0,2936990.5,-636990.5,636990.5,27.695239130434786
2120000.0,1094166.4,1025833.625,1025833.625,48.388378537735846
800000.0,1158927.9,-358927.875,358927.875,44.865984375000004
1400000.0,1063555.8,336444.25,336444.25,24.031732142857145
1000000.0,919070.3,80929.6875,80929.6875,8.09296875
588000.0,857628.1,-269628.125,269628.125,45.85512329931973
950000.0,983746.6,-33746.625,33746.625,3.5522763157894737
500000.0,933658.56,-433658.5625,433658.5625,86.7317125
850000.0,1032806.44,-182806.4375,182806.4375,21.506639705882353
588000.0,879939.4,-291939.375,291939.375,49.64955357142857
601500.0,939877.8,-338377.8125,338377.8125,56.25566292601829
850000.0,1010881.3,-160881.3125,160881.3125,18.92721323529412
500000.0,767163.75,-267163.75,267163.75,53.43275
1000000.0,1031513.06,-31513.0625,31513.0625,3.15130625
705793.0,1039680.5,-333887.5,333887.5,47.30671740864531
927500.0,898002.9,29497.125,29497.125,3.1802830188679243
600000.0,984611.75,-384611.75,384611.75,64.10195833333333
745000.0,916925.6,-171925.625,171925.625,23.07726510067114
1907200.0,1105022.1,802177.875,802177.875,42.06050099622483
1200000.0,904430.9,295569.125,295569.125,24.630760416666668
1100000.0,1095732.0,4268.0,4268.0,0.388
570000.0,803805.0,-233805.0,233805.0,41.018421052631574
760000.0,1053051.1,-293051.125,293051.125,38.55935855263158
1000000.0,1091965.2,-91965.25,91965.25,9.196525
900000.0,1012440.0,-112440.0,112440.0,12.493333333333332
7290000.0,6972522.0,317478.0,317478.0,4.354979423868312
1000000.0,2070315.8,-1070315.75,1070315.75,107.031575
620000.0,1072410.1,-452410.125,452410.125,72.969375
720000.0,997702.8,-277702.8125,277702.8125,38.569835069444444
1200000.0,915860.5,284139.5,284139.5,23.678291666666667
500000.0,980998.1,-480998.125,480998.125,96.199625
1200000.0,1046477.7,153522.3125,153522.3125,12.793526041666667
2500000.0,1291351.1,1208648.875,1208648.875,48.345955000000004
1440000.0,1063485.8,376514.25,376514.25,26.146822916666668
920000.0,1071846.1,-151846.125,151846.125,16.505013586956522
1000000.0,1114973.0,-114973.0,114973.0,11.497300000000001
1500000.0,3171878.8,-1671878.75,1671878.75,111.45858333333334
800000.0,1005545.2,-205545.1875,205545.1875,25.693148437500003
2923250.0,3119569.0,-196319.0,196319.0,6.715778670999743
1500000.0,1076933.1,423066.875,423066.875,28.20445833333333
850000.0,896461.9,-46461.875,46461.875,5.46610294117647
650000.0,995523.25,-345523.25,345523.25,53.157423076923074
290000.0,926883.0,-636883.0,636883.0,219.61482758620693
2186800.0,1118745.0,1068055.0,1068055.0,48.841000548747026
1755000.0,1329697.6,425302.375,425302.375,24.23375356125356
500000.0,858973.44,-358973.4375,358973.4375,71.7946875
1100000.0,1267294.2,-167294.25,167294.25,15.208568181818183
775000.0,1032425.44,-257425.4375,257425.4375,33.216185483870966
2400000.0,1058819.0,1341181.0,1341181.0,55.88254166666666
1250000.0,1198050.8,51949.25,51949.25,4.15594
1400000.0,1122777.8,277222.25,277222.25,19.801589285714286
580000.0,860698.4,-280698.375,280698.375,48.39627155172414
1200000.0,1051894.6,148105.375,148105.375,12.342114583333332
1800000.0,1158448.5,641551.5,641551.5,35.64175
3400000.0,1359164.1,2040835.875,2040835.875,60.024584558823534
2060000.0,1523467.1,536532.875,536532.875,26.045285194174756
2780000.0,1322841.8,1457158.25,1457158.25,52.41576438848921
1600000.0,1301546.4,298453.625,298453.625,18.6533515625
1044250.0,863627.6,180622.375,180622.375,17.296851807517356
700000.0,1003281.2,-303281.1875,303281.1875,43.32588392857143
1023000.0,991044.1,31955.875,31955.875,3.123741446725318
970000.0,1002444.2,-32444.1875,32444.1875,3.3447615979381444
650000.0,816126.9,-166126.875,166126.875,25.55798076923077
1500000.0,1113031.1,386968.875,386968.875,25.797925
900000.0,978071.75,-78071.75,78071.75,8.67463888888889
780000.0,870577.3,-90577.3125,90577.3125,11.612475961538461
550000.0,734933.2,-184933.1875,184933.1875,33.62421590909091
1000000.0,1104900.4,-104900.375,104900.375,10.4900375
1229000.0,943781.5,285218.5,285218.5,23.207363710333603
850000.0,932456.6,-82456.625,82456.625,9.700779411764705
1680000.0,1149056.8,530943.25,530943.25,31.60376488095238
1812000.0,914097.56,897902.4375,897902.4375,49.55311465231788
840000.0,1175111.6,-335111.625,335111.625,39.894241071428574
1200000.0,1122218.6,77781.375,77781.375,6.48178125
850000.0,848679.4,1320.625,1320.625,0.15536764705882353
1250000.0,1207782.5,42217.5,42217.5,3.3773999999999997
1000000.0,1135080.1,-135080.125,135080.125,13.5080125
690000.0,1023500.3,-333500.3125,333500.3125,48.33337862318841
850000.0,1098508.5,-248508.5,248508.5,29.23629411764706
1900000.0,1657567.5,242432.5,242432.5,12.759605263157894
750000.0,941448.56,-191448.5625,191448.5625,25.526474999999998
800000.0,1029338.75,-229338.75,229338.75,28.66734375
435000.0,821289.8,-386289.8125,386289.8125,88.80225574712644
900000.0,1500471.0,-600471.0,600471.0,66.719
2560000.0,1787356.6,772643.375,772643.375,30.181381835937497
1200000.0,1037309.75,162690.25,162690.25,13.557520833333333
500000.0,891579.25,-391579.25,391579.25,78.31585
840000.0,1154465.9,-314465.875,314465.875,37.436413690476186
750000.0,905588.8,-155588.8125,155588.8125,20.745175
780000.0,995434.2,-215434.1875,215434.1875,27.61976762820513
1171760.0,1053024.9,118735.125,118735.125,10.133058390796752
700000.0,904112.9,-204112.875,204112.875,29.15898214285714
1012000.0,884994.1,127005.875,127005.875,12.549987648221345
737250.0,935670.4,-198420.375,198420.375,26.91358087487284
1200000.0,1098621.1,101378.875,101378.875,8.448239583333333
1015000.0,858650.44,156349.5625,156349.5625,15.40389778325123
1000000.0,981826.56,18173.4375,18173.4375,1.81734375
1800000.0,1084504.1,715495.875,715495.875,39.74977083333333
600000.0,684913.75,-84913.75,84913.75,14.152291666666667
660000.0,905815.25,-245815.25,245815.25,37.24473484848485
1700000.0,1044769.56,655230.4375,655230.4375,38.5429669117647
5000000.0,4642028.5,357971.5,357971.5,7.15943
1000000.0,842718.7,157281.3125,157281.3125,15.728131249999999
960000.0,1038172.94,-78172.9375,78172.9375,8.143014322916667
1260000.0,1140226.1,119773.875,119773.875,9.505863095238096
1340000.0,1297906.1,42093.875,42093.875,3.141333955223881
800000.0,1066922.8,-266922.75,266922.75,33.36534375
2560000.0,1117132.9,1442867.125,1442867.125,56.3619970703125
876000.0,949931.56,-73931.5625,73931.5625,8.439676084474886
1190000.0,1180152.9,9847.125,9847.125,0.8274894957983192
936000.0,1021002.06,-85002.0625,85002.0625,9.081416933760684
1150000.0,999815.9,150184.125,150184.125,13.059489130434782
1350000.0,1120533.4,229466.625,229466.625,16.997527777777776
971000.0,966219.4,4780.625,4780.625,0.4923403707518022
1300000.0,1192394.8,107605.25,107605.25,8.277326923076924
700000.0,1038785.56,-338785.5625,338785.5625,48.3979375
3000000.0,1834074.6,1165925.375,1165925.375,38.864179166666666
1125000.0,1072930.1,52069.875,52069.875,4.628433333333333
759600.0,875833.0,-116233.0,116233.0,15.301869404949976
600000.0,895643.4,-295643.375,295643.375,49.273895833333334
800000.0,925220.06,-125220.0625,125220.0625,15.6525078125
942000.0,1594949.1,-652949.125,652949.125,69.31519373673036
756000.0,913039.94,-157039.9375,157039.9375,20.772478505291005
1650000.0,958408.75,691591.25,691591.25,41.91462121212121
580500.0,1046705.6,-466205.625,466205.625,80.31104651162791
1350000.0,1332468.8,17531.25,17531.25,1.2986111111111112
1170000.0,1051923.9,118076.125,118076.125,10.091976495726495
550000.0,997711.2,-447711.1875,447711.1875,81.4020340909091
700000.0,966839.7,-266839.6875,266839.6875,38.11995535714286
2000000.0,1078221.6,921778.375,921778.375,46.088918750000005
1420000.0,1277574.1,142425.875,142425.875,10.029991197183099
1000000.0,1279469.1,-279469.125,279469.125,27.9469125
2808000.0,2553630.5,254369.5,254369.5,9.058742877492877
990000.0,1114890.5,-124890.5,124890.5,12.615202020202021
2750000.0,1865524.1,884475.875,884475.875,32.16275909090909
900000.0,1070168.2,-170168.25,170168.25,18.907583333333335
1150000.0,943505.8,206494.1875,206494.1875,17.956016304347827
1248000.0,1357870.5,-109870.5,109870.5,8.803725961538461
2540000.0,1214687.4,1325312.625,1325312.625,52.1776624015748
1850000.0,978926.94,871073.0625,871073.0625,47.085030405405405
1000000.0,1057437.8,-57437.75,57437.75,5.743775
600000.0,1035367.5,-435367.5,435367.5,72.56125
800000.0,873156.7,-73156.6875,73156.6875,9.144585937499999
700000.0,904126.4,-204126.375,204126.375,29.160910714285716
1800000.0,1348257.4,451742.625,451742.625,25.0968125
1530000.0,918620.06,611379.9375,611379.9375,39.95947303921569
730000.0,881238.2,-151238.1875,151238.1875,20.717559931506848
1200000.0,870974.3,329025.6875,329025.6875,27.41880729166667
665000.0,1046737.44,-381737.4375,381737.4375,57.40412593984963
63000000.0,89132510.0,-26132512.0,26132512.0,41.480177777777776
700000.0,920173.8,-220173.8125,220173.8125,31.453401785714284
1461200.0,1173105.8,288094.25,288094.25,19.716277716944976
600000.0,880533.1,-280533.125,280533.125,46.755520833333335
700000.0,970353.8,-270353.8125,270353.8125,38.62197321428572
500000.0,809620.94,-309620.9375,309620.9375,61.9241875
700000.0,865185.1,-165185.125,165185.125,23.597875
2180000.0,1453823.4,726176.625,726176.625,33.31085435779816
1800000.0,1311953.2,488046.75,488046.75,27.11370833333333
800000.0,965931.8,-165931.8125,165931.8125,20.7414765625
1010000.0,948037.0,61963.0,61963.0,6.134950495049505
1170000.0,1000705.4,169294.625,169294.625,14.469626068376067
700000.0,833742.7,-133742.6875,133742.6875,19.106098214285712
900000.0,1041271.7,-141271.6875,141271.6875,15.696854166666666
800000.0,846074.06,-46074.0625,46074.0625,5.7592578125000005
1050000.0,1233737.2,-183737.25,183737.25,17.498785714285713
560000.0,870328.2,-310328.1875,310328.1875,55.41574776785714
740000.0,1073760.5,-333760.5,333760.5,45.10277027027027
1000000.0,1081959.0,-81959.0,81959.0,8.1959
785000.0,985947.8,-200947.8125,200947.8125,25.5984474522293
1250000.0,1026473.3,223526.6875,223526.6875,17.882134999999998
850000.0,978766.2,-128766.1875,128766.1875,15.148963235294119
742500.0,1221141.9,-478641.875,478641.875,64.46355218855219
900000.0,985052.0,-85052.0,85052.0,9.450222222222223
1000000.0,902274.6,97725.375,97725.375,9.7725375
600000.0,902916.25,-302916.25,302916.25,50.48604166666667
810000.0,1085509.6,-275509.625,275509.625,34.01353395061729
1000000.0,1036380.1,-36380.125,36380.125,3.6380125
1200000.0,1009046.5,190953.5,190953.5,15.912791666666667
550000.0,895453.9,-345453.875,345453.875,62.80979545454546
832000.0,1024655.25,-192655.25,192655.25,23.155679086538463
1010000.0,1063275.9,-53275.875,53275.875,5.274839108910891
850000.0,868659.4,-18659.375,18659.375,2.1952205882352938
692400.0,847881.8,-155481.8125,155481.8125,22.45548996244945
577000.0,834830.2,-257830.1875,257830.1875,44.68460788561525
1000000.0,1025150.9,-25150.875,25150.875,2.5150875
1300000.0,1043289.1,256710.875,256710.875,19.746990384615383
2360000.0,1046836.5,1313163.5,1313163.5,55.642521186440675
540000.0,871113.8,-331113.8125,331113.8125,61.31737268518519
688000.0,881053.75,-193053.75,193053.75,28.060138081395348
1000000.0,995437.44,4562.5625,4562.5625,0.45625625
1530000.0,1012228.44,517771.5625,517771.5625,33.84127859477124
500000.0,933801.8,-433801.8125,433801.8125,86.7603625
500000.0,976343.25,-476343.25,476343.25,95.26865
1245000.0,1346072.1,-101072.125,101072.125,8.11824297188755
820000.0,915893.6,-95893.625,95893.625,11.694344512195123
765000.0,1020865.1,-255865.125,255865.125,33.44642156862745
650000.0,802726.9,-152726.875,152726.875,23.49644230769231
1800000.0,1031261.25,768738.75,768738.75,42.707708333333336
910000.0,838626.7,71373.3125,71373.3125,7.843221153846154
1840000.0,1671724.8,168275.25,168275.25,9.145394021739131
598000.0,863428.56,-265428.5625,265428.5625,44.386047240802675
1234500.0,1472106.1,-237606.125,237606.125,19.247154718509517
600000.0,866242.8,-266242.8125,266242.8125,44.37380208333334
1015000.0,979487.56,35512.4375,35512.4375,3.498762315270936
1020000.0,1073313.1,-53313.125,53313.125,5.2267769607843135
1404000.0,1390821.0,13179.0,13179.0,0.9386752136752138
1097000.0,882123.9,214876.125,214876.125,19.58761394712853
1260000.0,1481031.5,-221031.5,221031.5,17.542182539682543
900000.0,1026282.4,-126282.375,126282.375,14.031374999999999
1800000.0,985817.9,814182.125,814182.125,45.23234027777778
840000.0,1032730.06,-192730.0625,192730.0625,22.94405505952381
980000.0,1013063.6,-33063.625,33063.625,3.3738392857142854
2500000.0,1102938.1,1397061.875,1397061.875,55.882475
1000000.0,993874.9,6125.125,6125.125,0.6125125
900000.0,940711.25,-40711.25,40711.25,4.523472222222223
843000.0,1115938.1,-272938.125,272938.125,32.37700177935943
600000.0,888759.2,-288759.1875,288759.1875,48.12653125
900000.0,1079229.1,-179229.125,179229.125,19.914347222222222
719200.0,1018352.0,-299152.0,299152.0,41.595105672969964
5000000.0,3173111.8,1826888.25,1826888.25,36.537765
700000.0,897991.2,-197991.1875,197991.1875,28.284455357142857
1500000.0,1018897.06,481102.9375,481102.9375,32.07352916666667
2500000.0,1174905.0,1325095.0,1325095.0,53.0038
860000.0,873222.1,-13222.125,13222.125,1.5374563953488372
750000.0,1010238.5,-260238.5,260238.5,34.69846666666667
800000.0,909762.2,-109762.1875,109762.1875,13.7202734375
1862000.0,913276.0,948724.0,948724.0,50.95187969924812
1460000.0,1151492.6,308507.375,308507.375,21.13064212328767
669200.0,978945.4,-309745.375,309745.375,46.28591975493126
500000.0,867170.8,-367170.8125,367170.8125,73.4341625
1400000.0,1342490.2,57509.75,57509.75,4.107839285714285
1267140.0,922264.94,344875.0625,344875.0625,27.216808126963084
1200000.0,1014036.56,185963.4375,185963.4375,15.496953125
1400000.0,1157189.9,242810.125,242810.125,17.34358035714286
1238800.0,1011388.94,227411.0625,227411.0625,18.35736700839522
900000.0,908005.75,-8005.75,8005.75,0.8895277777777778
1100000.0,1185739.9,-85739.875,85739.875,7.794534090909091
700000.0,1306444.6,-606444.625,606444.625,86.63494642857142
560000.0,866468.06,-306468.0625,306468.0625,54.726439732142865
700000.0,986076.94,-286076.9375,286076.9375,40.868133928571424
980000.0,837372.0,142628.0,142628.0,14.553877551020408
900000.0,924671.94,-24671.9375,24671.9375,2.741326388888889
1800000.0,1439121.1,360878.875,360878.875,20.048826388888887
1012500.0,1082247.5,-69747.5,69747.5,6.888641975308642
500000.0,1022527.56,-522527.5625,522527.5625,104.5055125
800000.0,1082790.0,-282790.0,282790.0,35.34875
1700000.0,1080141.8,619858.25,619858.25,36.462250000000004
1000000.0,1083599.9,-83599.875,83599.875,8.3599875
1020000.0,866886.6,153113.375,153113.375,15.011115196078432
1130000.0,1106778.0,23222.0,23222.0,2.0550442477876105
1298835.0,1224723.9,74111.125,74111.125,5.705969195471326
1485000.0,1690838.4,-205838.375,205838.375,13.861170033670033
1098400.0,1217430.0,-119030.0,119030.0,10.836671522214129
800000.0,1029101.6,-229101.625,229101.625,28.637703125
1426500.0,1014934.0,411566.0,411566.0,28.851454609183314
604500.0,973872.06,-369372.0625,369372.0625,61.103732423490484
1170000.0,1078998.2,91001.75,91001.75,7.777927350427351
724000.0,902716.6,-178716.625,178716.625,24.684616712707182
1545000.0,1170906.4,374093.625,374093.625,24.213179611650485
1000000.0,1039814.1,-39814.125,39814.125,3.9814125
900000.0,933885.8,-33885.8125,33885.8125,3.765090277777778
1500000.0,1020213.5,479786.5,479786.5,31.985766666666667
580000.0,975112.6,-395112.625,395112.625,68.12286637931034
2630000.0,1415593.8,1214406.25,1214406.25,46.175142585551335
1500000.0,985536.0,514464.0,514464.0,34.2976
650000.0,906709.44,-256709.4375,256709.4375,39.49375961538462
1900000.0,1011090.1,888909.875,888909.875,46.78473026315789
1400000.0,1121941.4,278058.625,278058.625,19.861330357142855
1400000.0,1639403.1,-239403.125,239403.125,17.100223214285716
970000.0,916241.5,53758.5,53758.5,5.542113402061856
780000.0,1051764.8,-271764.75,271764.75,34.84163461538461
1600000.0,1355712.1,244287.875,244287.875,15.2679921875
700000.0,1026978.25,-326978.25,326978.25,46.71117857142857
430000.0,761678.7,-331678.6875,331678.6875,77.1345784883721
875000.0,960030.4,-85030.375,85030.375,9.717757142857144
1850000.0,1201036.2,648963.75,648963.75,35.079121621621624
1900000.0,1127607.8,772392.25,772392.25,40.652223684210526
1394000.0,1093256.9,300743.125,300743.125,21.574112266857963
520000.0,998513.0,-478513.0,478513.0,92.02173076923077
600000.0,870046.7,-270046.6875,270046.6875,45.00778125
1350000.0,1119995.9,230004.125,230004.125,17.03734259259259
1100000.0,1029272.3,70727.6875,70727.6875,6.429789772727272
882000.0,1085487.0,-203487.0,203487.0,23.071088435374147
770000.0,1290310.0,-520310.0,520310.0,67.57272727272728
1300000.0,771356.6,528643.375,528643.375,40.664875
1000000.0,1030332.44,-30332.4375,30332.4375,3.03324375
1000000.0,987287.6,12712.375,12712.375,1.2712375
1400000.0,1528600.4,-128600.375,128600.375,9.185741071428572
1800000.0,1696574.9,103425.125,103425.125,5.745840277777778
540000.0,1018801.7,-478801.6875,478801.6875,88.66697916666666
882000.0,1115087.5,-233087.5,233087.5,26.427154195011337
750000.0,787069.06,-37069.0625,37069.0625,4.942541666666667
1200000.0,1080399.2,119600.75,119600.75,9.966729166666667
700000.0,912410.44,-212410.4375,212410.4375,30.344348214285716
1320000.0,1070593.0,249407.0,249407.0,18.894469696969697
960000.0,939896.8,20103.1875,20103.1875,2.09408203125
850000.0,1058939.2,-208939.25,208939.25,24.581088235294118
1125000.0,1369396.8,-244396.75,244396.75,21.724155555555555
900000.0,1112596.6,-212596.625,212596.625,23.62184722222222
1130000.0,1162390.0,-32390.0,32390.0,2.866371681415929
2200000.0,1830683.2,369316.75,369316.75,16.787125
700000.0,1026712.44,-326712.4375,326712.4375,46.673205357142855
1000000.0,1052315.9,-52315.875,52315.875,5.2315875
588000.0,1036209.44,-448209.4375,448209.4375,76.22609481292517
700000.0,1050699.4,-350699.375,350699.375,50.09991071428571
780000.0,1068783.8,-288783.75,288783.75,37.02355769230769
640000.0,1079543.6,-439543.625,439543.625,68.67869140625001
2200000.0,1053531.6,1146468.375,1146468.375,52.11219886363636
800000.0,929441.9,-129441.875,129441.875,16.180234374999998
1160000.0,1147486.2,12513.75,12513.75,1.078771551724138
750000.0,1244373.2,-494373.25,494373.25,65.91643333333333
600000.0,854435.94,-254435.9375,254435.9375,42.40598958333333
1600000.0,1092664.1,507335.875,507335.875,31.7084921875
1800000.0,974750.44,825249.5625,825249.5625,45.847197916666666
588000.0,1227625.2,-639625.25,639625.25,108.77980442176872
2500000.0,1539748.6,960251.375,960251.375,38.410055
1600000.0,1186910.9,413089.125,413089.125,25.8180703125
700000.0,1034263.9,-334263.875,334263.875,47.751982142857145
950000.0,804162.8,145837.1875,145837.1875,15.351282894736842
750000.0,885255.1,-135255.125,135255.125,18.034016666666666
828000.0,1044127.0,-216127.0,216127.0,26.10229468599034
500000.0,905968.3,-405968.3125,405968.3125,81.1936625
2160000.0,1318624.9,841375.125,841375.125,38.95255208333334
900000.0,1107885.1,-207885.125,207885.125,23.098347222222223
842400.0,980112.56,-137712.5625,137712.5625,16.34764512108262
1652800.0,1567977.5,84822.5,84822.5,5.1320486447241045
454500.0,898951.7,-444451.6875,444451.6875,97.78915016501651
970000.0,1039471.9,-69471.875,69471.875,7.162048969072165
1300000.0,958894.5,341105.5,341105.5,26.238884615384617
800000.0,942259.6,-142259.625,142259.625,17.782453125
1500000.0,1347115.0,152885.0,152885.0,10.192333333333334
1600000.0,1345913.6,254086.375,254086.375,15.880398437500002
650000.0,848253.6,-198253.625,198253.625,30.500557692307694
330000.0,712221.4,-382221.375,382221.375,115.8246590909091
1200000.0,1127124.6,72875.375,72875.375,6.072947916666667
720000.0,959066.9,-239066.875,239066.875,33.20373263888889
800000.0,965241.25,-165241.25,165241.25,20.65515625
1330500.0,793512.4,536987.625,536987.625,40.3598365276212
580500.0,998808.25,-418308.25,418308.25,72.05999138673558
949660.0,1017930.0,-68270.0,68270.0,7.188888654887012
600000.0,832751.7,-232751.6875,232751.6875,38.79194791666667
710000.0,974270.6,-264270.625,264270.625,37.2212147887324
900000.0,1124866.2,-224866.25,224866.25,24.985138888888887
700000.0,843182.75,-143182.75,143182.75,20.454678571428573
700000.0,910236.94,-210236.9375,210236.9375,30.03384821428571
1020000.0,1004113.1,15886.875,15886.875,1.5575367647058822
700000.0,884935.44,-184935.4375,184935.4375,26.419348214285716
900000.0,1169753.9,-269753.875,269753.875,29.972652777777775
800000.0,992154.0,-192154.0,192154.0,24.01925
850000.0,917532.4,-67532.375,67532.375,7.9449852941176475
770000.0,1038336.56,-268336.5625,268336.5625,34.84890422077922
1015000.0,880227.2,134772.8125,134772.8125,13.27810960591133
625000.0,847703.8,-222703.8125,222703.8125,35.63261
950000.0,1058309.0,-108309.0,108309.0,11.400947368421052
650000.0,908495.44,-258495.4375,258495.4375,39.76852884615384
1500000.0,1944570.1,-444570.125,444570.125,29.63800833333333
980000.0,951764.1,28235.875,28235.875,2.8812117346938773
850000.0,1092403.4,-242403.375,242403.375,28.518044117647058
1150000.0,1348893.4,-198893.375,198893.375,17.29507608695652
1950000.0,1214702.8,735297.25,735297.25,37.707551282051284
500000.0,879465.4,-379465.375,379465.375,75.893075
1675000.0,813036.7,861963.3125,861963.3125,51.46049626865672
1100000.0,924332.44,175667.5625,175667.5625,15.96977840909091
550000.0,765547.7,-215547.6875,215547.6875,39.19048863636363
1485000.0,1350433.6,134566.375,134566.375,9.061708754208754
830000.0,1094181.4,-264181.375,264181.375,31.829081325301207
600000.0,782614.9,-182614.875,182614.875,30.435812499999997
758900.0,940919.0,-182019.0,182019.0,23.98458294900514
800000.0,1073704.5,-273704.5,273704.5,34.2130625
650000.0,972635.56,-322635.5625,322635.5625,49.636240384615384
660000.0,968980.25,-308980.25,308980.25,46.81518939393939
650000.0,896468.2,-246468.1875,246468.1875,37.918182692307695
670000.0,859947.5,-189947.5,189947.5,28.35037313432836
1000000.0,1483394.6,-483394.625,483394.625,48.3394625
1200000.0,1028341.9,171658.125,171658.125,14.304843749999998
750000.0,1016334.44,-266334.4375,266334.4375,35.51125833333334
588000.0,977211.75,-389211.75,389211.75,66.19247448979591
881750.0,838151.75,43598.25,43598.25,4.944513751063226
870000.0,859456.7,10543.3125,10543.3125,1.211875
750000.0,788111.8,-38111.8125,38111.8125,5.081575
1600000.0,1183999.9,416000.125,416000.125,26.000007812499998
700000.0,1259829.9,-559829.875,559829.875,79.97569642857142
1000000.0,2489877.5,-1489877.5,1489877.5,148.98775
1050000.0,1071812.5,-21812.5,21812.5,2.0773809523809526
2300000.0,1799379.6,500620.375,500620.375,21.766103260869567
500000.0,879915.4,-379915.375,379915.375,75.983075
850000.0,1000493.06,-150493.0625,150493.0625,17.705066176470588
974250.0,1460860.5,-486610.5,486610.5,49.94719014626636
500000.0,733403.6,-233403.625,233403.625,46.680725
960000.0,1092669.2,-132669.25,132669.25,13.819713541666667
1500000.0,1013839.06,486160.9375,486160.9375,32.41072916666667
540000.0,944747.0,-404747.0,404747.0,74.95314814814816
800000.0,954549.0,-154549.0,154549.0,19.318625
600000.0,1113661.9,-513661.875,513661.875,85.61031249999999
1000000.0,1037343.56,-37343.5625,37343.5625,3.73435625
500000.0,973535.7,-473535.6875,473535.6875,94.7071375
700000.0,985488.06,-285488.0625,285488.0625,40.78400892857143
1350000.0,1045679.44,304320.5625,304320.5625,22.54226388888889
670000.0,897581.94,-227581.9375,227581.9375,33.96745335820896
2440000.0,1137280.1,1302719.875,1302719.875,53.39015881147541
800000.0,1014226.94,-214226.9375,214226.9375,26.778367187500002
600000.0,964702.75,-364702.75,364702.75,60.783791666666666
950000.0,1068618.8,-118618.75,118618.75,12.486184210526316
1920000.0,1248674.9,671325.125,671325.125,34.96485026041667
720000.0,847967.75,-127967.75,127967.75,17.77329861111111
800000.0,1041053.1,-241053.125,241053.125,30.131640625
1300000.0,1280032.1,19967.875,19967.875,1.5359903846153846
1250000.0,1108528.0,141472.0,141472.0,11.31776
600000.0,1141552.0,-541552.0,541552.0,90.25866666666667
741000.0,1000012.56,-259012.5625,259012.5625,34.95446187584346
1560000.0,1038713.5,521286.5,521286.5,33.415801282051284
1075000.0,1061442.2,13557.75,13557.75,1.261186046511628
1625000.0,1353353.9,271646.125,271646.125,16.716684615384615
2811800.0,1213480.2,1598319.75,1598319.75,56.8432943310335
800000.0,997860.3,-197860.3125,197860.3125,24.7325390625
700000.0,1178588.2,-478588.25,478588.25,68.36975
1500000.0,1603624.5,-103624.5,103624.5,6.9083000000000006
2097600.0,1431655.5,665944.5,665944.5,31.747926201373
600000.0,831814.25,-231814.25,231814.25,38.63570833333333
800000.0,1437648.1,-637648.125,637648.125,79.706015625
2200000.0,1852168.4,347831.625,347831.625,15.81052840909091
1402800.0,1187735.4,215064.625,215064.625,15.331096735101227
782000.0,991751.6,-209751.625,209751.625,26.8224584398977
500000.0,923112.7,-423112.6875,423112.6875,84.62253749999999
600000.0,1114850.1,-514850.125,514850.125,85.80835416666666
1400000.0,1013039.06,386960.9375,386960.9375,27.640066964285715
650000.0,870718.4,-220718.375,220718.375,33.956673076923074
700000.0,910877.4,-210877.375,210877.375,30.125339285714286
1415600.0,923713.8,491886.1875,491886.1875,34.74754079542244
817000.0,895117.2,-78117.1875,78117.1875,9.561467258261933
1000000.0,1137283.6,-137283.625,137283.625,13.7283625
1500000.0,904324.06,595675.9375,595675.9375,39.711729166666665
1000000.0,1062166.8,-62166.75,62166.75,6.216675
1500000.0,1232556.4,267443.625,267443.625,17.829575000000002
1260000.0,1026188.25,233811.75,233811.75,18.556488095238095
1600000.0,1269589.9,330410.125,330410.125,20.6506328125
650000.0,933743.1,-283743.125,283743.125,43.652788461538464
742000.0,1050332.0,-308332.0,308332.0,41.55417789757412
1286000.0,1171320.5,114679.5,114679.5,8.91753499222395
1200000.0,1705226.6,-505226.625,505226.625,42.10221875
1100000.0,913191.2,186808.8125,186808.8125,16.98261931818182
1530000.0,871249.9,658750.125,658750.125,43.055563725490195
900000.0,823749.3,76250.6875,76250.6875,8.47229861111111
1400000.0,993575.7,406424.3125,406424.3125,29.030308035714285
1500000.0,1040113.56,459886.4375,459886.4375,30.659095833333332
650000.0,971804.0,-321804.0,321804.0,49.50830769230769
850000.0,960115.44,-110115.4375,110115.4375,12.954757352941176
3521500.0,1422925.0,2098575.0,2098575.0,59.59321311940934
740000.0,1204299.6,-464299.625,464299.625,62.74319256756756
800000.0,873555.06,-73555.0625,73555.0625,9.1943828125
630000.0,1071043.9,-441043.875,441043.875,70.00696428571429
1550000.0,1096510.4,453489.625,453489.625,29.257395161290322
900000.0,1329904.8,-429904.75,429904.75,47.76719444444444
1200000.0,1010059.2,189940.8125,189940.8125,15.828401041666668
800000.0,1359348.0,-559348.0,559348.0,69.9185
1500000.0,1147410.1,352589.875,352589.875,23.505991666666667
900000.0,1077355.8,-177355.75,177355.75,19.706194444444446
1854000.0,1379533.1,474466.875,474466.875,25.59152508090615
810400.0,1121707.5,-311307.5,311307.5,38.414054787759135
1280000.0,1099287.8,180712.25,180712.25,14.11814453125
490000.0,897051.94,-407051.9375,407051.9375,83.07182397959184
936000.0,1087118.2,-151118.25,151118.25,16.145112179487178
3200000.0,1039741.44,2160258.5625,2160258.5625,67.508080078125
2125000.0,1171041.4,953958.625,953958.625,44.89217058823529
845000.0,1029701.0,-184701.0,184701.0,21.858106508875743
4158000.0,1616916.0,2541084.0,2541084.0,61.113131313131305
1000000.0,1078068.6,-78068.625,78068.625,7.8068625
1976000.0,1225217.5,750782.5,750782.5,37.995065789473685
600000.0,889451.56,-289451.5625,289451.5625,48.24192708333334
1479000.0,1114267.1,364732.875,364732.875,24.660775862068967
850000.0,1083258.9,-233258.875,233258.875,27.442220588235294
800000.0,892764.56,-92764.5625,92764.5625,11.5955703125
700000.0,926151.56,-226151.5625,226151.5625,32.307366071428575
650000.0,1051539.4,-401539.375,401539.375,61.77528846153846
720000.0,992329.1,-272329.125,272329.125,37.823489583333334
1400000.0,1153565.5,246434.5,246434.5,17.602464285714287
953000.0,949278.8,3721.1875,3721.1875,0.3904708814270724
798000.0,968401.75,-170401.75,170401.75,21.353602756892233
1216000.0,1113756.0,102244.0,102244.0,8.408223684210526
640000.0,895629.9,-255629.875,255629.875,39.94216796875
1920000.0,1781236.9,138763.125,138763.125,7.227246093750001
950000.0,1023388.4,-73388.375,73388.375,7.725092105263158
1420000.0,1290438.4,129561.625,129561.625,9.124058098591549
1479000.0,1155276.5,323723.5,323723.5,21.887998647734953
600000.0,865183.44,-265183.4375,265183.4375,44.19723958333333
3250000.0,1269827.0,1980173.0,1980173.0,60.9284
811000.0,994602.9,-183602.875,183602.875,22.639072133168927
387000.0,982989.25,-595989.25,595989.25,154.00239018087856
800000.0,1008899.9,-208899.875,208899.875,26.112484375
1375000.0,1209053.5,165946.5,165946.5,12.068836363636363
1083600.0,1089511.1,-5911.125,5911.125,0.5455080287929125
705000.0,895498.75,-190498.75,190498.75,27.021099290780143
1015000.0,817160.6,197839.375,197839.375,19.491564039408868
1300000.0,1217525.0,82475.0,82475.0,6.3442307692307685
1532000.0,928542.8,603457.1875,603457.1875,39.390155842036556
1400000.0,988083.3,411916.6875,411916.6875,29.422620535714284
700000.0,1049058.0,-349058.0,349058.0,49.86542857142857
1300000.0,1246926.5,53073.5,53073.5,4.082576923076923
5800000.0,4559705.5,1240294.5,1240294.5,21.38438793103448
1520000.0,1550375.6,-30375.625,30375.625,1.9983963815789474
1050000.0,1001323.2,48676.8125,48676.8125,4.635886904761905
1610000.0,1043671.56,566328.4375,566328.4375,35.17567934782609
2342000.0,1094518.2,1247481.75,1247481.75,53.26565969257045
1200000.0,1138166.9,61833.125,61833.125,5.152760416666666
500000.0,851710.5,-351710.5,351710.5,70.3421
700000.0,895852.25,-195852.25,195852.25,27.978892857142856
630000.0,906506.06,-276506.0625,276506.0625,43.88985119047619
1692500.0,1057438.4,635061.625,635061.625,37.522104874446086
650000.0,933932.7,-283932.6875,283932.6875,43.68195192307692
1160000.0,1178061.1,-18061.125,18061.125,1.5569935344827586
588000.0,918201.2,-330201.1875,330201.1875,56.15666454081632
5000000.0,3517982.2,1482017.75,1482017.75,29.640355000000003
1400000.0,1058759.4,341240.625,341240.625,24.374330357142856
900000.0,2658213.8,-1758213.75,1758213.75,195.35708333333332
1700000.0,1352337.9,347662.125,347662.125,20.450713235294117
900000.0,1148870.6,-248870.625,248870.625,27.652291666666667
1823400.0,1143278.0,680122.0,680122.0,37.299659975869254
800000.0,947290.06,-147290.0625,147290.0625,18.4112578125
1170000.0,1101473.4,68526.625,68526.625,5.856976495726496
2790000.0,1784140.0,1005860.0,1005860.0,36.05232974910395
800000.0,997552.44,-197552.4375,197552.4375,24.6940546875
700000.0,873787.44,-173787.4375,173787.4375,24.826776785714287
650000.0,1032166.2,-382166.1875,382166.1875,58.79479807692307
702000.0,1071713.6,-369713.625,369713.625,52.665758547008544
1600000.0,1104692.1,495307.875,495307.875,30.9567421875
1600000.0,1394316.4,205683.625,205683.625,12.8552265625
550000.0,919247.3,-369247.3125,369247.3125,67.135875
1200000.0,1145432.2,54567.75,54567.75,4.5473125
749000.0,1063205.1,-314205.125,314205.125,41.949949933244326
2560000.0,1350412.5,1209587.5,1209587.5,47.24951171875
1170000.0,1015787.8,154212.1875,154212.1875,13.180528846153846
1310000.0,1172470.2,137529.75,137529.75,10.498454198473283
800000.0,865420.25,-65420.25,65420.25,8.17753125
500000.0,803063.1,-303063.125,303063.125,60.612624999999994
600000.0,950739.75,-350739.75,350739.75,58.456624999999995
1100000.0,1016084.75,83915.25,83915.25,7.628659090909092
1000000.0,1070654.5,-70654.5,70654.5,7.065449999999999
850000.0,1168707.6,-318707.625,318707.625,37.495014705882355
1500000.0,977198.94,522801.0625,522801.0625,34.85340416666667
1000000.0,1089546.1,-89546.125,89546.125,8.9546125
800000.0,1129166.4,-329166.375,329166.375,41.145796875
1350000.0,1011831.25,338168.75,338168.75,25.04953703703704
595000.0,1029968.1,-434968.125,434968.125,73.10388655462184
1170000.0,1099870.6,70129.375,70129.375,5.993963675213675
2000000.0,1004727.3,995272.6875,995272.6875,49.763634374999995
901250.0,971796.4,-70546.375,70546.375,7.827614424410541
630000.0,988446.2,-358446.1875,358446.1875,56.89622023809524
1300000.0,1105435.2,194564.75,194564.75,14.966519230769231
960000.0,953558.44,6441.5625,6441.5625,0.67099609375
850000.0,941530.8,-91530.8125,91530.8125,10.768330882352942
950000.0,993240.3,-43240.3125,43240.3125,4.551611842105263
950000.0,1096050.0,-146050.0,146050.0,15.373684210526317
1000000.0,937890.75,62109.25,62109.25,6.210925
1060000.0,959945.4,100054.625,100054.625,9.439115566037735
1133000.0,912930.25,220069.75,220069.75,19.423631950573697
1400000.0,1418553.1,-18553.125,18553.125,1.3252232142857143
700000.0,901398.3,-201398.3125,201398.3125,28.7711875
500000.0,903828.75,-403828.75,403828.75,80.76575
800000.0,1027565.06,-227565.0625,227565.0625,28.445632812499998
1500000.0,1068000.4,431999.625,431999.625,28.799975
890000.0,1027553.5,-137553.5,137553.5,15.455449438202248
1400000.0,1085899.9,314100.125,314100.125,22.435723214285712
980000.0,900258.6,79741.375,79741.375,8.136875
550000.0,928959.56,-378959.5625,378959.5625,68.90173863636365
861480.0,836572.94,24907.0625,24907.0625,2.8911945140920277
1800000.0,1192177.6,607822.375,607822.375,33.76790972222222
1000000.0,1056528.8,-56528.75,56528.75,5.652875
1700000.0,1364138.4,335861.625,335861.625,19.75656617647059
1600000.0,1166916.5,433083.5,433083.5,27.067718750000004
500000.0,840699.25,-340699.25,340699.25,68.13985
800000.0,862057.7,-62057.6875,62057.6875,7.7572109375
588000.0,846808.44,-258808.4375,258808.4375,44.01504039115646
2765000.0,1454995.9,1310004.125,1310004.125,47.3780877034358
900000.0,1017164.2,-117164.1875,117164.1875,13.018243055555557
1049500.0,1134943.0,-85443.0,85443.0,8.14130538351596
1197000.0,1180881.6,16118.375,16118.375,1.34656432748538
600000.0,884976.7,-284976.6875,284976.6875,47.49611458333333
600000.0,820275.06,-220275.0625,220275.0625,36.71251041666667
1500000.0,2165211.8,-665211.75,665211.75,44.34745
750000.0,918475.5,-168475.5,168475.5,22.4634
800000.0,1058688.2,-258688.25,258688.25,32.336031250000005
1450000.0,1108283.4,341716.625,341716.625,23.566663793103448
1400000.0,1094412.8,305587.25,305587.25,21.827660714285717
1800000.0,1154550.0,645450.0,645450.0,35.858333333333334
808100.0,919888.8,-111788.8125,111788.8125,13.83353700037124
650000.0,910909.1,-260909.125,260909.125,40.13986538461538
910000.0,935722.3,-25722.3125,25722.3125,2.826627747252747
700000.0,949053.2,-249053.1875,249053.1875,35.579026785714284
2500000.0,1459861.1,1040138.875,1040138.875,41.605555
1000000.0,1031337.3,-31337.3125,31337.3125,3.13373125
500000.0,968706.4,-468706.375,468706.375,93.741275
775000.0,972630.06,-197630.0625,197630.0625,25.500653225806452
6350000.0,948987.6,5401012.375,5401012.375,85.05531299212599
750000.0,1070848.1,-320848.125,320848.125,42.77975
1200000.0,1021663.56,178336.4375,178336.4375,14.861369791666668
800000.0,1160090.6,-360090.625,360090.625,45.011328125
1000000.0,1063294.6,-63294.625,63294.625,6.329462499999999
840000.0,950874.1,-110874.125,110874.125,13.199300595238094
700000.0,856040.7,-156040.6875,156040.6875,22.291526785714286
1080000.0,1106165.2,-26165.25,26165.25,2.4227083333333335
500000.0,922490.75,-422490.75,422490.75,84.49815000000001
700000.0,1004951.2,-304951.1875,304951.1875,43.564455357142855
500000.0,959557.8,-459557.8125,459557.8125,91.9115625
580000.0,803409.2,-223409.1875,223409.1875,38.51882543103448
910000.0,866362.7,43637.3125,43637.3125,4.795309065934066
1260000.0,1856615.9,-596615.875,596615.875,47.35046626984127
448000.0,856900.56,-408900.5625,408900.5625,91.27244698660715
2000000.0,1108973.0,891027.0,891027.0,44.55135
560000.0,790270.25,-230270.25,230270.25,41.119687500000005
1050000.0,1045116.56,4883.4375,4883.4375,0.4650892857142857
1100000.0,1032904.0,67096.0,67096.0,6.099636363636363
650000.0,807080.3,-157080.3125,157080.3125,24.166201923076926
1000000.0,1006137.6,-6137.625,6137.625,0.6137625
1300000.0,861054.3,438945.6875,438945.6875,33.76505288461538
400000.0,739423.94,-339423.9375,339423.9375,84.855984375
750000.0,915150.75,-165150.75,165150.75,22.0201
2304000.0,1444149.0,859851.0,859851.0,37.319921875
554500.0,946301.44,-391801.4375,391801.4375,70.65850991884581
790000.0,1282942.1,-492942.125,492942.125,62.39773734177215
1520000.0,1085805.8,434194.25,434194.25,28.565411184210525
1200000.0,2147000.0,-947000.0,947000.0,78.91666666666667
945000.0,946270.06,-1270.0625,1270.0625,0.13439814814814816
1250000.0,1063282.0,186718.0,186718.0,14.937439999999999
480000.0,875935.06,-395935.0625,395935.0625,82.48647135416667
2387600.0,1061261.0,1326339.0,1326339.0,55.55113921929971
900000.0,1005156.94,-105156.9375,105156.9375,11.684104166666668
700000.0,1024532.8,-324532.8125,324532.8125,46.36183035714286
1000000.0,1161388.1,-161388.125,161388.125,16.1388125
1500000.0,972763.0,527237.0,527237.0,35.14913333333333
640000.0,1152206.5,-512206.5,512206.5,80.032265625
1200000.0,908346.2,291653.8125,291653.8125,24.304484374999998
490000.0,876558.75,-386558.75,386558.75,78.88954081632653
1300000.0,880991.6,419008.375,419008.375,32.23141346153846
750000.0,915558.2,-165558.1875,165558.1875,22.074425
750000.0,1052198.9,-302198.875,302198.875,40.29318333333333
850000.0,1155963.6,-305963.625,305963.625,35.995720588235294
880000.0,1030413.44,-150413.4375,150413.4375,17.092436079545454
800000.0,926999.3,-126999.3125,126999.3125,15.8749140625
1417000.0,1288273.5,128726.5,128726.5,9.084438955539872
1600000.0,1283344.8,316655.25,316655.25,19.790953124999998
1200000.0,1248054.5,-48054.5,48054.5,4.004541666666666
1280000.0,1564161.9,-284161.875,284161.875,22.200146484375
600000.0,997453.7,-397453.6875,397453.6875,66.24228125
654400.0,904208.7,-249808.6875,249808.6875,38.1736991900978
1260000.0,1111514.4,148485.625,148485.625,11.784573412698412
1200000.0,1091633.4,108366.625,108366.625,9.030552083333333
1320000.0,990755.44,329244.5625,329244.5625,24.942769886363635
1362500.0,1083805.1,278694.875,278694.875,20.454669724770643
1000000.0,920123.7,79876.3125,79876.3125,7.987631250000001
1250000.0,822556.0,427444.0,427444.0,34.19552
950000.0,1091132.4,-141132.375,141132.375,14.85603947368421
492000.0,876443.7,-384443.6875,384443.6875,78.13896087398375
1600000.0,2415721.2,-815721.25,815721.25,50.982578125
780000.0,1084441.2,-304441.25,304441.25,39.03092948717949
976400.0,996696.7,-20296.6875,20296.6875,2.0787267001229006
850000.0,1284721.2,-434721.25,434721.25,51.14367647058824
800000.0,918420.7,-118420.6875,118420.6875,14.802585937500002
600000.0,837999.25,-237999.25,237999.25,39.66654166666667
625000.0,1008374.1,-383374.125,383374.125,61.33986
680000.0,955915.75,-275915.75,275915.75,40.575845588235296
1712000.0,1607855.0,104145.0,104145.0,6.083235981308411
959660.0,1210524.1,-250864.125,250864.125,26.140937936352458
700000.0,868028.3,-168028.3125,168028.3125,24.004044642857142
1000000.0,881757.5,118242.5,118242.5,11.82425
950000.0,1209989.8,-259989.75,259989.75,27.36734210526316
780000.0,1034733.25,-254733.25,254733.25,32.658108974358974
2160000.0,1305705.8,854294.25,854294.25,39.55065972222222
800000.0,1027375.9,-227375.875,227375.875,28.421984374999997
812000.0,1057175.9,-245175.875,245175.875,30.19407327586207
4085369.0,2937345.0,1148024.0,1148024.0,28.10086432828956
800000.0,943126.56,-143126.5625,143126.5625,17.8908203125
669200.0,910485.6,-241285.625,241285.625,36.05583158995816
1200000.0,1121159.5,78840.5,78840.5,6.570041666666667
800000.0,946665.3,-146665.3125,146665.3125,18.3331640625
700000.0,873926.3,-173926.3125,173926.3125,24.84661607142857
600000.0,1007088.0,-407088.0,407088.0,67.848
650000.0,833959.3,-183959.3125,183959.3125,28.301432692307692
1000000.0,1031409.94,-31409.9375,31409.9375,3.14099375
600000.0,810747.44,-210747.4375,210747.4375,35.12457291666667
800000.0,1028667.3,-228667.3125,228667.3125,28.5834140625
700000.0,964323.25,-264323.25,264323.25,37.760464285714285
765000.0,816208.1,-51208.125,51208.125,6.693872549019608
600000.0,986449.3,-386449.3125,386449.3125,64.40821875
565000.0,932352.1,-367352.125,367352.125,65.01807522123893
870000.0,1319279.9,-449279.875,449279.875,51.64136494252873
1800000.0,989402.0,810598.0,810598.0,45.03322222222222
850000.0,1010543.3,-160543.3125,160543.3125,18.887448529411767
1564000.0,998315.0,565685.0,565685.0,36.169117647058826
1300000.0,988746.0,311254.0,311254.0,23.942615384615383
700000.0,748548.06,-48548.0625,48548.0625,6.9354375
1500000.0,938171.75,561828.25,561828.25,37.45521666666667
700000.0,991437.3,-291437.3125,291437.3125,41.633901785714286
1650000.0,1088509.1,561490.875,561490.875,34.02975
600000.0,938660.75,-338660.75,338660.75,56.44345833333333
928000.0,837740.94,90259.0625,90259.0625,9.726192079741379
2856000.0,1544042.2,1311957.75,1311957.75,45.93689600840336
850000.0,952623.4,-102623.375,102623.375,12.073338235294118
800000.0,850553.06,-50553.0625,50553.0625,6.3191328125
620000.0,923918.75,-303918.75,303918.75,49.01915322580645
500000.0,1021004.75,-521004.75,521004.75,104.20095
1586000.0,766400.75,819599.25,819599.25,51.67712799495586
700000.0,856240.2,-156240.1875,156240.1875,22.320026785714287
670000.0,983686.5,-313686.5,313686.5,46.818880597014925
1310000.0,1282471.4,27528.625,27528.625,2.101421755725191
720000.0,994918.9,-274918.875,274918.875,38.183177083333334
700000.0,897391.3,-197391.3125,197391.3125,28.198758928571426
450000.0,889124.06,-439124.0625,439124.0625,97.58312500000001
850000.0,1084846.5,-234846.5,234846.5,27.628999999999998
3700000.0,2251515.8,1448484.25,1448484.25,39.148222972972974
700000.0,1051383.5,-351383.5,351383.5,50.19764285714285
700000.0,923561.0,-223561.0,223561.0,31.937285714285714
1160000.0,1178300.9,-18300.875,18300.875,1.5776616379310344
940000.0,1045388.75,-105388.75,105388.75,11.21156914893617
1031899.0,955081.1,76817.875,76817.875,7.444321101193044
1000000.0,900684.9,99315.125,99315.125,9.9315125
1200000.0,1646914.8,-446914.75,446914.75,37.242895833333336
1292000.0,1597968.6,-305968.625,305968.625,23.681782120743033
1120000.0,1076182.9,43817.125,43817.125,3.9122433035714286
599800.0,869972.75,-270172.75,270172.75,45.043806268756256
1950000.0,1379388.1,570611.875,570611.875,29.262147435897433
860000.0,995923.75,-135923.75,135923.75,15.805087209302327
600000.0,826077.25,-226077.25,226077.25,37.679541666666665
600000.0,868508.4,-268508.375,268508.375,44.75139583333333
986000.0,951926.4,34073.625,34073.625,3.4557429006085196
770000.0,1111765.9,-341765.875,341765.875,44.385178571428575
2361875.0,1694600.0,667275.0,667275.0,28.25191849695687
1200000.0,1185482.1,14517.875,14517.875,1.2098229166666667
800000.0,900391.94,-100391.9375,100391.9375,12.5489921875
800000.0,855995.75,-55995.75,55995.75,6.99946875
640000.0,876589.2,-236589.1875,236589.1875,36.967060546875004
1020000.0,1093795.1,-73795.125,73795.125,7.234816176470588
1020000.0,929077.6,90922.375,90922.375,8.913958333333333
1725000.0,1244648.9,480351.125,480351.125,27.846442028985507
770000.0,868153.4,-98153.375,98153.375,12.747191558441559
2400000.0,1090034.5,1309965.5,1309965.5,54.58189583333334
420000.0,842059.25,-422059.25,422059.25,100.49029761904762
1105000.0,1056701.2,48298.75,48298.75,4.370927601809955
3334800.0,3282800.5,51999.5,51999.5,1.5592989084802686
2156000.0,1251576.5,904423.5,904423.5,41.94914192949907
690000.0,1073979.2,-383979.25,383979.25,55.64916666666667
2040000.0,1408194.8,631805.25,631805.25,30.970845588235296
1320000.0,1056001.8,263998.25,263998.25,19.999867424242424
550000.0,744295.06,-194295.0625,194295.0625,35.326375
400000.0,887847.0,-487847.0,487847.0,121.96175
450000.0,647384.6,-197384.625,197384.625,43.86325
1170000.0,1076923.9,93076.125,93076.125,7.95522435897436
1375000.0,909442.44,465557.5625,465557.5625,33.85873181818182
2388840.0,1038882.4,1349957.625,1349957.625,56.511010574169894
1240000.0,1093852.9,146147.125,146147.125,11.786058467741936
1600000.0,1036587.25,563412.75,563412.75,35.213296875
1140000.0,979062.5,160937.5,160937.5,14.117324561403507
582000.0,871909.3,-289909.3125,289909.3125,49.81259664948453
682000.0,951157.06,-269157.0625,269157.0625,39.46584494134897
1200000.0,3497247.5,-2297247.5,2297247.5,191.43729166666668
1400000.0,861051.7,538948.3125,538948.3125,38.496308035714286
1000000.0,1103459.4,-103459.375,103459.375,10.3459375
1265000.0,1618332.0,-353332.0,353332.0,27.931383399209487
900000.0,1064282.4,-164282.375,164282.375,18.253597222222222
1200000.0,1070144.5,129855.5,129855.5,10.821291666666667
4700000.0,1014132.94,3685867.0625,3685867.0625,78.4227034574468
1380000.0,1096999.8,283000.25,283000.25,20.507264492753624
790000.0,1065474.8,-275474.75,275474.75,34.87022151898734
600000.0,814027.5,-214027.5,214027.5,35.67125
708000.0,894889.7,-186889.6875,186889.6875,26.396848516949152
540000.0,938873.5,-398873.5,398873.5,73.86546296296295
1850000.0,1418774.1,431225.875,431225.875,23.309506756756758
970000.0,977391.2,-7391.1875,7391.1875,0.7619780927835051
1200000.0,1071824.9,128175.125,128175.125,10.681260416666667
1625000.0,1126456.8,498543.25,498543.25,30.679584615384613
650000.0,914202.25,-264202.25,264202.25,40.6465
650000.0,994303.8,-344303.8125,344303.8125,52.96981730769231
700000.0,771251.75,-71251.75,71251.75,10.178821428571428
1300000.0,1146110.0,153890.0,153890.0,11.837692307692308
1000000.0,948115.5,51884.5,51884.5,5.18845
1375000.0,1025237.25,349762.75,349762.75,25.43729090909091
720000.0,1107173.4,-387173.375,387173.375,53.77407986111111
1425000.0,802396.75,622603.25,622603.25,43.69145614035087
1000000.0,868639.94,131360.0625,131360.0625,13.136006250000001
1360000.0,1117873.8,242126.25,242126.25,17.80340073529412
850000.0,1069590.2,-219590.25,219590.25,25.834147058823532
700000.0,871142.2,-171142.1875,171142.1875,24.44888392857143
700000.0,839365.75,-139365.75,139365.75,19.90939285714286
1575000.0,1106683.2,468316.75,468316.75,29.734396825396825
670000.0,1473823.8,-803823.75,803823.75,119.97369402985075
1868700.0,1762351.9,106348.125,106348.125,5.69102183336009
975000.0,957334.9,17665.125,17665.125,1.8118076923076925
750000.0,878615.3,-128615.3125,128615.3125,17.148708333333335
1500000.0,1382030.5,117969.5,117969.5,7.864633333333333
1360000.0,1162680.0,197320.0,197320.0,14.508823529411766
670000.0,803421.44,-133421.4375,133421.4375,19.9136473880597
886000.0,1336807.6,-450807.625,450807.625,50.881221783295715
700000.0,800530.7,-100530.6875,100530.6875,14.361526785714284
1100000.0,1118305.0,-18305.0,18305.0,1.664090909090909
2200000.0,1121858.0,1078142.0,1078142.0,49.006454545454545
1025000.0,1091624.5,-66624.5,66624.5,6.499951219512195
1000000.0,1020938.0,-20938.0,20938.0,2.0938
400000.0,856044.2,-456044.1875,456044.1875,114.011046875
1090000.0,916571.2,173428.8125,173428.8125,15.9109002293578
404500.0,952912.4,-548412.375,548412.375,135.5778430160692
535000.0,912227.5,-377227.5,377227.5,70.50981308411215
1100000.0,955275.8,144724.1875,144724.1875,13.156744318181818
1290000.0,1188412.6,101587.375,101587.375,7.874990310077519
900000.0,932948.06,-32948.0625,32948.0625,3.660895833333333
1287000.0,1350755.8,-63755.75,63755.75,4.953826728826729
630000.0,938246.56,-308246.5625,308246.5625,48.92802579365079
800000.0,1292284.6,-492284.625,492284.625,61.535578125
992500.0,983509.56,8990.4375,8990.4375,0.905837531486146
530000.0,959680.56,-429680.5625,429680.5625,81.07180424528302
1600000.0,1352700.8,247299.25,247299.25,15.456203125000002
660000.0,954793.44,-294793.4375,294793.4375,44.66567234848485
700000.0,855397.25,-155397.25,155397.25,22.199607142857143
750000.0,1068100.8,-318100.75,318100.75,42.41343333333333
900000.0,1019940.56,-119940.5625,119940.5625,13.326729166666668
750000.0,1012873.0,-262873.0,262873.0,35.049733333333336
770000.0,907075.5,-137075.5,137075.5,17.80201298701299
2156000.0,1132502.2,1023497.75,1023497.75,47.47206632653061
770000.0,935602.94,-165602.9375,165602.9375,21.506875
850000.0,1045099.25,-195099.25,195099.25,22.95285294117647
1300000.0,1150426.5,149573.5,149573.5,11.505653846153846
1000000.0,1120256.0,-120256.0,120256.0,12.0256
8000000.0,3818208.0,4181792.0,4181792.0,52.2724
490000.0,787037.94,-297037.9375,297037.9375,60.619987244897956
850000.0,1058412.0,-208412.0,208412.0,24.51905882352941
890000.0,1083266.2,-193266.25,193266.25,21.715308988764047
850000.0,893214.1,-43214.125,43214.125,5.084014705882353
907500.0,971040.8,-63540.8125,63540.8125,7.001742424242424
680000.0,800742.3,-120742.3125,120742.3125,17.75622242647059
580000.0,846906.0,-266906.0,266906.0,46.01827586206896
800000.0,1007432.0,-207432.0,207432.0,25.929000000000002
900000.0,996142.4,-96142.375,96142.375,10.68248611111111
1500000.0,1275685.1,224314.875,224314.875,14.954324999999999
750000.0,791007.44,-41007.4375,41007.4375,5.4676583333333335
1200000.0,1048365.2,151634.8125,151634.8125,12.636234374999999
1379000.0,1127700.4,251299.625,251299.625,18.22332306018854
10000000.0,8595023.0,1404977.0,1404977.0,14.04977
800000.0,1034312.75,-234312.75,234312.75,29.28909375
7500000.0,2721894.2,4778105.75,4778105.75,63.70807666666667
700000.0,1038295.7,-338295.6875,338295.6875,48.327955357142855
900000.0,932547.75,-32547.75,32547.75,3.6164166666666664
1145200.0,1023789.94,121410.0625,121410.0625,10.601647092210968
600000.0,1113181.1,-513181.125,513181.125,85.5301875
9000000.0,2697279.2,6302720.75,6302720.75,70.03023055555555
420000.0,1057066.0,-637066.0,637066.0,151.68238095238095
570000.0,882913.06,-312913.0625,312913.0625,54.897028508771925
980000.0,1051491.6,-71491.625,71491.625,7.2950637755102035
468000.0,967990.06,-499990.0625,499990.0625,106.83548344017093
1936000.0,1190768.2,745231.75,745231.75,38.49337551652893
840000.0,1907290.8,-1067290.75,1067290.75,127.05842261904763
800000.0,974227.4,-174227.375,174227.375,21.778421875
1445500.0,1270122.4,175377.625,175377.625,12.132661708751296
1712500.0,1580542.4,131957.625,131957.625,7.705554744525547
448000.0,879902.06,-431902.0625,431902.0625,96.40671037946429
3600000.0,1552894.2,2047105.75,2047105.75,56.86404861111111
1320800.0,1157839.6,162960.375,162960.375,12.338005375529981
1707410.0,1228826.2,478583.75,478583.75,28.029808306147906
600000.0,975447.25,-375447.25,375447.25,62.574541666666676
2300000.0,1139291.6,1160708.375,1160708.375,50.46558152173913
1500000.0,1009084.9,490915.125,490915.125,32.727675
700000.0,1232167.8,-532167.75,532167.75,76.02396428571429
800000.0,943353.6,-143353.625,143353.625,17.919203125
650000.0,886708.75,-236708.75,236708.75,36.41673076923077
500000.0,879865.4,-379865.375,379865.375,75.973075
950000.0,946074.44,3925.5625,3925.5625,0.4132171052631579
1100000.0,1067308.4,32691.625,32691.625,2.971965909090909
980800.0,1114121.4,-133321.375,133321.375,13.593125509787928
700000.0,896992.3,-196992.3125,196992.3125,28.14175892857143
950000.0,970427.06,-20427.0625,20427.0625,2.150217105263158
1125000.0,895259.6,229740.375,229740.375,20.421366666666664
590000.0,793926.75,-203926.75,203926.75,34.56385593220339
1050000.0,1116388.4,-66388.375,66388.375,6.322702380952381
600000.0,849635.1,-249635.125,249635.125,41.60585416666667
907000.0,960892.44,-53892.4375,53892.4375,5.94183434399118
750000.0,850471.5,-100471.5,100471.5,13.3962
1200000.0,1104992.1,95007.875,95007.875,7.9173229166666665
1125000.0,1057668.9,67331.125,67331.125,5.984988888888889
1700000.0,1088248.0,611752.0,611752.0,35.98541176470588
1200000.0,1157085.5,42914.5,42914.5,3.576208333333333
1550000.0,1308362.0,241638.0,241638.0,15.589548387096775
700000.0,960021.8,-260021.8125,260021.8125,37.14597321428572
800000.0,1012984.56,-212984.5625,212984.5625,26.6230703125
890000.0,985538.5,-95538.5,95538.5,10.734662921348315
1150000.0,1432369.4,-282369.375,282369.375,24.553858695652174
600000.0,1173593.6,-573593.625,573593.625,95.5989375
850000.0,1089048.9,-239048.875,239048.875,28.123397058823528
800000.0,851874.7,-51874.6875,51874.6875,6.484335937500001
1600000.0,1146510.0,453490.0,453490.0,28.343125
900000.0,1096651.2,-196651.25,196651.25,21.85013888888889
1780000.0,1386749.4,393250.625,393250.625,22.092731741573033
505800.0,836778.2,-330978.1875,330978.1875,65.43657325029656
1200000.0,875648.75,324351.25,324351.25,27.029270833333335
635000.0,894974.1,-259974.125,259974.125,40.94080708661417
820000.0,1069323.8,-249323.75,249323.75,30.40533536585366
1920000.0,1198966.1,721033.875,721033.875,37.55384765625
550000.0,964644.7,-414644.6875,414644.6875,75.38994318181818
1080000.0,837632.25,242367.75,242367.75,22.441458333333333
589800.0,921743.44,-331943.4375,331943.4375,56.28067777212614
700000.0,832738.06,-132738.0625,132738.0625,18.96258035714286
2500000.0,1695703.8,804296.25,804296.25,32.17185
1342000.0,993997.8,348002.1875,348002.1875,25.931608606557376
1264500.0,969024.8,295475.1875,295475.1875,23.366958283906683
3000000.0,1929203.0,1070797.0,1070797.0,35.69323333333333
1000000.0,994907.4,5092.625,5092.625,0.5092625
800000.0,1121157.5,-321157.5,321157.5,40.144687499999996
1700000.0,1088779.8,611220.25,611220.25,35.95413235294117
940000.0,986570.56,-46570.5625,46570.5625,4.9543151595744686
1746000.0,1099458.2,646541.75,646541.75,37.02988258877434
1218000.0,1091955.8,126044.25,126044.25,10.348460591133005
1300000.0,985466.56,314533.4375,314533.4375,24.194879807692306
650000.0,973683.56,-323683.5625,323683.5625,49.79747115384615
3200000.0,939959.4,2260040.625,2260040.625,70.62626953125
1500000.0,1043586.44,456413.5625,456413.5625,30.427570833333334
900000.0,858961.6,41038.375,41038.375,4.559819444444444
1100000.0,933971.1,166028.875,166028.875,15.093534090909092
700000.0,938933.4,-238933.375,238933.375,34.133339285714285
900000.0,968027.75,-68027.75,68027.75,7.558638888888888
700000.0,1032768.7,-332768.6875,332768.6875,47.53838392857143
1343000.0,996370.6,346629.375,346629.375,25.8100800446761
800000.0,1047598.06,-247598.0625,247598.0625,30.9497578125
850000.0,939323.25,-89323.25,89323.25,10.508617647058824
808000.0,1014427.94,-206427.9375,206427.9375,25.54801206683168
2000000.0,1257298.0,742702.0,742702.0,37.1351
1250000.0,1130481.1,119518.875,119518.875,9.56151
1675000.0,803508.0,871492.0,871492.0,52.02937313432836
700000.0,924225.25,-224225.25,224225.25,32.032178571428574
610000.0,856675.2,-246675.1875,246675.1875,40.438555327868855
1600000.0,1101650.8,498349.25,498349.25,31.146828125
600000.0,946301.25,-346301.25,346301.25,57.716875
1030000.0,967833.4,62166.625,62166.625,6.035594660194175
1280000.0,1209256.1,70743.875,70743.875,5.526865234375
812000.0,1196066.0,-384066.0,384066.0,47.2987684729064
750000.0,965353.7,-215353.6875,215353.6875,28.713825
2700000.0,1551792.8,1148207.25,1148207.25,42.52619444444444
1184000.0,1095517.5,88482.5,88482.5,7.473184121621622
600000.0,1030874.9,-430874.875,430874.875,71.81247916666666
1600000.0,1106866.8,493133.25,493133.25,30.820828125
501000.0,747467.94,-246467.9375,246467.9375,49.195197105788424
650000.0,1047801.56,-397801.5625,397801.5625,61.20024038461539
990600.0,1009010.7,-18410.6875,18410.6875,1.8585390167575206
700000.0,959379.1,-259379.125,259379.125,37.054160714285715
758000.0,889699.8,-131699.8125,131699.8125,17.37464544854881
670000.0,1071871.0,-401871.0,401871.0,59.980746268656716
750000.0,1029459.8,-279459.8125,279459.8125,37.26130833333333
1400000.0,1779215.6,-379215.625,379215.625,27.086830357142855
1300000.0,947538.7,352461.3125,352461.3125,27.112408653846153
887000.0,802431.0,84569.0,84569.0,9.534272829763248
880000.0,1029000.75,-149000.75,149000.75,16.93190340909091
866000.0,939733.7,-73733.6875,73733.6875,8.514282621247112
858750.0,1248354.0,-389604.0,389604.0,45.36873362445415
1356000.0,1094475.8,261524.25,261524.25,19.28644911504425
1100000.0,1012845.8,87154.1875,87154.1875,7.923107954545454
1500000.0,997675.44,502324.5625,502324.5625,33.488304166666666
1268300.0,1093922.0,174378.0,174378.0,13.748955294488685
1150000.0,1322914.4,-172914.375,172914.375,15.03603260869565
800000.0,922175.2,-122175.1875,122175.1875,15.2718984375
700000.0,958129.75,-258129.75,258129.75,36.87567857142857
750000.0,713914.1,36085.875,36085.875,4.81145
1050000.0,952430.56,97569.4375,97569.4375,9.292327380952381
1408000.0,1062149.0,345851.0,345851.0,24.56328125
670000.0,1063372.9,-393372.875,393372.875,58.712369402985075
1000000.0,1076428.8,-76428.75,76428.75,7.642875
1019500.0,981840.06,37659.9375,37659.9375,3.693961500735655
810000.0,897882.94,-87882.9375,87882.9375,10.84974537037037
850000.0,1031193.1,-181193.125,181193.125,21.316838235294117
1400000.0,977211.9,422788.125,422788.125,30.199151785714285
3000000.0,2590025.5,409974.5,409974.5,13.665816666666666
800000.0,902331.75,-102331.75,102331.75,12.791468750000002
1105000.0,1038987.25,66012.75,66012.75,5.974004524886878
600000.0,862496.94,-262496.9375,262496.9375,43.749489583333336
1200000.0,1002510.2,197489.8125,197489.8125,16.457484375
800000.0,929917.25,-129917.25,129917.25,16.23965625
528600.0,947258.6,-418658.625,418658.625,79.2014046538025
800000.0,935494.75,-135494.75,135494.75,16.93684375
5000000.0,1068349.2,3931650.75,3931650.75,78.633015
1560000.0,1456503.9,103496.125,103496.125,6.634366987179487
950000.0,1071077.6,-121077.625,121077.625,12.745013157894736
3000000.0,1103482.8,1896517.25,1896517.25,63.217241666666666
1400000.0,1181270.9,218729.125,218729.125,15.623508928571429
1000000.0,1099432.9,-99432.875,99432.875,9.9432875
582800.0,1038124.75,-455324.75,455324.75,78.12710192175703
750000.0,834198.2,-84198.1875,84198.1875,11.226424999999999
695000.0,804259.7,-109259.6875,109259.6875,15.720818345323742
468000.0,972894.9,-504894.875,504894.875,107.8835202991453
940000.0,1021179.1,-81179.125,81179.125,8.636077127659576
700000.0,931008.0,-231008.0,231008.0,33.00114285714286
700000.0,918677.9,-218677.875,218677.875,31.239696428571428
860000.0,921617.06,-61617.0625,61617.0625,7.164774709302326
1425000.0,1249308.5,175691.5,175691.5,12.329228070175438
1400000.0,857444.44,542555.5625,542555.5625,38.75396875
700000.0,861953.3,-161953.3125,161953.3125,23.1361875
774000.0,807369.2,-33369.1875,33369.1875,4.311264534883721
1750000.0,1318517.4,431482.625,431482.625,24.65615
1200000.0,1340043.4,-140043.375,140043.375,11.67028125
1100000.0,1111507.5,-11507.5,11507.5,1.0461363636363636
1240000.0,1086531.6,153468.375,153468.375,12.37648185483871
600000.0,841567.6,-241567.625,241567.625,40.261270833333334
1600000.0,1169443.4,430556.625,430556.625,26.9097890625
10000000.0,4539765.5,5460234.5,5460234.5,54.602345
1050000.0,983201.1,66798.875,66798.875,6.3617976190476195
500000.0,803298.8,-303298.8125,303298.8125,60.6597625
1400000.0,1448392.6,-48392.625,48392.625,3.4566160714285714
465000.0,873264.5,-408264.5,408264.5,87.79881720430107
10000000.0,9470171.0,529829.0,529829.0,5.29829
994000.0,994458.9,-458.875,458.875,0.04616448692152918
720000.0,1058832.0,-338832.0,338832.0,47.06
560000.0,930629.25,-370629.25,370629.25,66.18379464285714
600000.0,842152.1,-242152.125,242152.125,40.3586875
1055000.0,1090321.0,-35321.0,35321.0,3.3479620853080565
850000.0,970190.9,-120190.875,120190.875,14.140102941176472
1600000.0,1161969.6,438030.375,438030.375,27.376898437500003
1300000.0,1079600.5,220399.5,220399.5,16.95380769230769
1200000.0,1228314.9,-28314.875,28314.875,2.3595729166666666
960000.0,1203385.4,-243385.375,243385.375,25.352643229166667
1100000.0,1049080.5,50919.5,50919.5,4.629045454545454
2000000.0,1241830.1,758169.875,758169.875,37.90849375
914000.0,878458.5,35541.5,35541.5,3.8885667396061265
870000.0,721322.75,148677.25,148677.25,17.08933908045977
850000.0,1058933.0,-208933.0,208933.0,24.58035294117647
880000.0,941622.75,-61622.75,61622.75,7.002585227272727
2150000.0,1052677.5,1097322.5,1097322.5,51.03825581395349
1760000.0,1208662.4,551337.625,551337.625,31.326001420454546
900000.0,944405.6,-44405.625,44405.625,4.933958333333333
750000.0,868918.75,-118918.75,118918.75,15.855833333333333
12000000.0,10628498.0,1371502.0,1371502.0,11.429183333333333
600000.0,930159.2,-330159.1875,330159.1875,55.02653125
800000.0,966510.8,-166510.8125,166510.8125,20.8138515625
840000.0,885962.9,-45962.875,45962.875,5.471770833333333
900000.0,1321767.9,-421767.875,421767.875,46.86309722222222
1000000.0,1078945.5,-78945.5,78945.5,7.894550000000001
600000.0,781257.9,-181257.875,181257.875,30.209645833333333
970000.0,1150476.2,-180476.25,180476.25,18.605798969072165
810000.0,889098.06,-79098.0625,79098.0625,9.765192901234569
850000.0,1197860.2,-347860.25,347860.25,40.924735294117646
8000000.0,8501031.0,-501031.0,501031.0,6.2628875
1458000.0,1259634.5,198365.5,198365.5,13.605315500685872
1200000.0,1383970.0,-183970.0,183970.0,15.330833333333333
736000.0,942771.2,-206771.1875,206771.1875,28.093911345108697
1000000.0,998246.75,1753.25,1753.25,0.175325
800000.0,1157060.9,-357060.875,357060.875,44.632609375
950000.0,957269.75,-7269.75,7269.75,0.7652368421052632
600000.0,903119.56,-303119.5625,303119.5625,50.519927083333336
5670000.0,1061504.4,4608495.625,4608495.625,81.27858245149912
1295000.0,925628.3,369371.6875,369371.6875,28.52291023166023
540000.0,988637.8,-448637.8125,448637.8125,83.08107638888889
980000.0,1130673.9,-150673.875,150673.875,15.37488520408163
772582.0,825549.8,-52967.8125,52967.8125,6.855947006272474
750000.0,821006.56,-71006.5625,71006.5625,9.467541666666666
1020000.0,983981.06,36018.9375,36018.9375,3.5312683823529407
1450000.0,999316.44,450683.5625,450683.5625,31.081625000000003
561600.0,882422.1,-320822.125,320822.125,57.12644675925927
1248500.0,1211839.8,36660.25,36660.25,2.936343612334802
868000.0,1006241.94,-138241.9375,138241.9375,15.926490495391704
700000.0,897767.1,-197767.125,197767.125,28.252446428571425
2640000.0,1462873.9,1177126.125,1177126.125,44.58811079545455
650000.0,1041080.6,-391080.625,391080.625,60.16625
670000.0,931227.7,-261227.6875,261227.6875,38.98920708955224
624000.0,1003856.9,-379856.875,379856.875,60.87449919871795
1200000.0,960641.2,239358.8125,239358.8125,19.946567708333333
710000.0,959425.1,-249425.125,249425.125,35.13029929577465
1450000.0,1202449.1,247550.875,247550.875,17.072474137931035
1200000.0,1095824.9,104175.125,104175.125,8.681260416666667
454500.0,859395.75,-404895.75,404895.75,89.08597359735974
420000.0,993183.9,-573183.875,573183.875,136.4723511904762
1824800.0,1407593.5,417206.5,417206.5,22.863135686102588
2000000.0,1337677.5,662322.5,662322.5,33.116125000000004
1000000.0,1108242.0,-108242.0,108242.0,10.824200000000001
2865000.0,2000728.2,864271.75,864271.75,30.16655322862129
700000.0,900126.56,-200126.5625,200126.5625,28.589508928571426
500000.0,756509.3,-256509.3125,256509.3125,51.3018625
1064000.0,1006263.4,57736.625,57736.625,5.426374530075187
1800000.0,992986.8,807013.1875,807013.1875,44.83406597222222
600000.0,973842.06,-373842.0625,373842.0625,62.307010416666664
803682.0,894714.56,-91032.5625,91032.5625,11.32693807998686
920000.0,1043258.4,-123258.375,123258.375,13.39764945652174
1800000.0,1075712.2,724287.75,724287.75,40.23820833333333
840000.0,1042460.6,-202460.625,202460.625,24.10245535714286
1200000.0,1401190.1,-201190.125,201190.125,16.765843750000002
1380000.0,891056.8,488943.1875,488943.1875,35.430665760869566
853000.0,1120151.2,-267151.25,267151.25,31.319021101992966
800000.0,1017481.1,-217481.125,217481.125,27.185140625
696000.0,1075093.4,-379093.375,379093.375,54.46743893678161
950000.0,943752.9,6247.125,6247.125,0.6575921052631579
830000.0,939102.94,-109102.9375,109102.9375,13.144932228915662
1005000.0,879241.5,125758.5,125758.5,12.513283582089551
1200000.0,1032838.4,167161.625,167161.625,13.930135416666667
900000.0,851180.7,48819.3125,48819.3125,5.424368055555555
1200000.0,1036351.7,163648.3125,163648.3125,13.637359374999999
735000.0,1047925.3,-312925.3125,312925.3125,42.57487244897959
500000.0,873722.2,-373722.1875,373722.1875,74.7444375
657500.0,1712388.2,-1054888.25,1054888.25,160.43927756653994
1140000.0,992239.8,147760.1875,147760.1875,12.961419956140352
1420000.0,898949.9,521050.125,521050.125,36.693670774647885
1040000.0,1152506.1,-112506.125,112506.125,10.817896634615384
1020000.0,1024232.8,-4232.8125,4232.8125,0.41498161764705876
600000.0,902882.5,-302882.5,302882.5,50.48041666666667
720000.0,1000089.94,-280089.9375,280089.9375,38.901380208333336
1288000.0,1218888.1,69111.875,69111.875,5.365828804347826
1050000.0,1064857.2,-14857.25,14857.25,1.4149761904761904
600000.0,895441.7,-295441.6875,295441.6875,49.24028125
864000.0,1059211.0,-195211.0,195211.0,22.59386574074074
926400.0,1093777.5,-167377.5,167377.5,18.067519430051814
1200000.0,987274.25,212725.75,212725.75,17.72714583333333
475000.0,953212.5,-478212.5,478212.5,100.67631578947369
1140000.0,1047960.5,92039.5,92039.5,8.073640350877193
1434000.0,1195225.6,238774.375,238774.375,16.650932705718272
720000.0,979527.9,-259527.875,259527.875,36.04553819444444
2761600.0,1917361.0,844239.0,844239.0,30.570647450753185
1160000.0,1143218.4,16781.625,16781.625,1.4466918103448276
1400000.0,1368293.1,31706.875,31706.875,2.2647767857142855
1152000.0,1029805.44,122194.5625,122194.5625,10.607166883680556
800000.0,899846.06,-99846.0625,99846.0625,12.4807578125
1220000.0,876724.6,343275.375,343275.375,28.13732581967213
1300000.0,922999.75,377000.25,377000.25,29.00001923076923
1760750.0,1265603.0,495147.0,495147.0,28.1213687349141
588000.0,970856.3,-382856.3125,382856.3125,65.11161777210884
500000.0,806368.75,-306368.75,306368.75,61.27375000000001
800000.0,950791.75,-150791.75,150791.75,18.84896875
765000.0,1028227.2,-263227.1875,263227.1875,34.408782679738565
2042500.0,1522781.4,519718.625,519718.625,25.445220318237453
846000.0,892202.06,-46202.0625,46202.0625,5.4612367021276595
1294000.0,1158080.2,135919.75,135919.75,10.503844667697065
500000.0,962097.94,-462097.9375,462097.9375,92.4195875
1806000.0,1303177.4,502822.625,502822.625,27.841784330011077
580000.0,1955576.0,-1375576.0,1375576.0,237.16827586206898
1000000.0,1078226.2,-78226.25,78226.25,7.8226249999999995
800000.0,1020359.94,-220359.9375,220359.9375,27.5449921875
900000.0,1072982.4,-172982.375,172982.375,19.220263888888887
670000.0,816654.06,-146654.0625,146654.0625,21.88866604477612
1100000.0,1201859.2,-101859.25,101859.25,9.259931818181819
990000.0,1065651.8,-75651.75,75651.75,7.641590909090909
580000.0,868002.0,-288002.0,288002.0,49.65551724137931
1061600.0,1019195.25,42404.75,42404.75,3.9944188018085907
800000.0,931430.8,-131430.8125,131430.8125,16.4288515625
1000000.0,872169.3,127830.6875,127830.6875,12.783068750000002
882000.0,904494.5,-22494.5,22494.5,2.5503968253968257
1950000.0,1464983.1,485016.875,485016.875,24.872660256410256
800000.0,1195183.1,-395183.125,395183.125,49.397890625
830000.0,1079956.6,-249956.625,249956.625,30.115256024096386
1200000.0,1047227.7,152772.3125,152772.3125,12.731026041666665
450000.0,925083.94,-475083.9375,475083.9375,105.57420833333333
850000.0,865582.3,-15582.3125,15582.3125,1.8332132352941177
680000.0,841458.0,-161458.0,161458.0,23.743823529411763
576000.0,982928.94,-406928.9375,406928.9375,70.6473849826389
1368000.0,1192329.6,175670.375,175670.375,12.841401681286548
1160000.0,1078459.1,81540.875,81540.875,7.029385775862069
800000.0,868816.44,-68816.4375,68816.4375,8.6020546875
1521000.0,885880.1,635119.875,635119.875,41.75673076923077
1300000.0,1176844.0,123156.0,123156.0,9.47353846153846
800000.0,1059683.9,-259683.875,259683.875,32.460484375
750000.0,1007423.2,-257423.1875,257423.1875,34.32309166666666
1200000.0,1117496.0,82504.0,82504.0,6.875333333333334
600000.0,935713.5,-335713.5,335713.5,55.95225000000001
800000.0,964483.9,-164483.875,164483.875,20.560484374999998
1020000.0,1023815.75,-3815.75,3815.75,0.37409313725490195
1472000.0,1024802.7,447197.3125,447197.3125,30.38025220788044
942500.0,1105275.8,-162775.75,162775.75,17.270636604774538
800000.0,1051836.1,-251836.125,251836.125,31.479515624999998
600000.0,1006426.8,-406426.8125,406426.8125,67.73780208333334
2653444.0,2113027.2,540416.75,540416.75,20.36661599038834
650000.0,1033291.75,-383291.75,383291.75,58.96796153846153
624000.0,950028.25,-326028.25,326028.25,52.248116987179486
650000.0,894983.3,-244983.3125,244983.3125,37.689740384615384
1520000.0,1560193.5,-40193.5,40193.5,2.6443092105263157
700000.0,913435.2,-213435.1875,213435.1875,30.490741071428573
800000.0,879589.75,-79589.75,79589.75,9.948718750000001
400000.0,928571.25,-528571.25,528571.25,132.1428125
2800000.0,1406142.2,1393857.75,1393857.75,49.780633928571426
1400000.0,999092.5,400907.5,400907.5,28.63625
800000.0,829692.8,-29692.8125,29692.8125,3.7116015625
970000.0,986296.75,-16296.75,16296.75,1.6800773195876288
1000000.0,892603.06,107396.9375,107396.9375,10.739693749999999
900000.0,1130252.8,-230252.75,230252.75,25.58363888888889
1500000.0,1071370.1,428629.875,428629.875,28.575325000000003
700000.0,1036392.94,-336392.9375,336392.9375,48.05613392857143
970000.0,1126072.2,-156072.25,156072.25,16.08992268041237
2400000.0,1132266.2,1267733.75,1267733.75,52.82223958333333
730000.0,1064093.8,-334093.75,334093.75,45.766267123287676
1760000.0,1118698.4,641301.625,641301.625,36.43759232954545
688000.0,877074.1,-189074.125,189074.125,27.48170421511628
1260000.0,1162792.6,97207.375,97207.375,7.714871031746032
1020000.0,1077050.4,-57050.375,57050.375,5.593174019607843
730000.0,973575.4,-243575.375,243575.375,33.366489726027396
900000.0,1108137.9,-208137.875,208137.875,23.126430555555554
1400000.0,1240159.6,159840.375,159840.375,11.417169642857143
750000.0,911720.44,-161720.4375,161720.4375,21.562725
1500000.0,1064138.9,435861.125,435861.125,29.057408333333335
650000.0,797842.06,-147842.0625,147842.0625,22.744932692307692
1460000.0,1499802.9,-39802.875,39802.875,2.7262243150684933
730000.0,1001654.0,-271654.0,271654.0,37.21287671232877
600000.0,877710.75,-277710.75,277710.75,46.285125
673000.0,1034937.5,-361937.5,361937.5,53.7797176820208
1070000.0,983984.9,86015.125,86015.125,8.038796728971963
765000.0,928431.1,-163431.125,163431.125,21.363545751633986
600000.0,905959.56,-305959.5625,305959.5625,50.993260416666665
988800.0,971447.0,17353.0,17353.0,1.754955501618123
550000.0,923769.9,-373769.875,373769.875,67.95815909090909
780000.0,1005886.2,-225886.1875,225886.1875,28.959767628205128
1015000.0,1843136.2,-828136.25,828136.25,81.58977832512315
1170000.0,1057535.6,112464.375,112464.375,9.612339743589745
1300000.0,1121356.6,178643.375,178643.375,13.741798076923075
706400.0,893375.9,-186975.875,186975.875,26.46883847678369
2100000.0,1312740.6,787259.375,787259.375,37.48854166666667
968000.0,1035985.1,-67985.125,67985.125,7.023256714876033
800000.0,910431.3,-110431.3125,110431.3125,13.8039140625
546000.0,752993.44,-206993.4375,206993.4375,37.91088598901099
1400000.0,1370709.0,29291.0,29291.0,2.092214285714286
1457800.0,992485.56,465314.4375,465314.4375,31.918948929894363
3884500.0,1490998.6,2393501.375,2393501.375,61.616717080705364
1500000.0,1424403.6,75596.375,75596.375,5.039758333333333
750000.0,899574.3,-149574.3125,149574.3125,19.943241666666665
800000.0,932072.5,-132072.5,132072.5,16.5090625
1100000.0,1084049.6,15950.375,15950.375,1.450034090909091
1460000.0,981489.9,478510.125,478510.125,32.77466609589041
1500000.0,895594.75,604405.25,604405.25,40.293683333333334
730000.0,863493.9,-133493.875,133493.875,18.28683219178082
800000.0,911687.3,-111687.3125,111687.3125,13.960914062499999
600000.0,790470.1,-190470.125,190470.125,31.74502083333333
1600000.0,1467973.8,132026.25,132026.25,8.251640624999999
1600000.0,1207213.4,392786.625,392786.625,24.5491640625
779880.0,899757.4,-119877.375,119877.375,15.371259039852283
880000.0,910117.25,-30117.25,30117.25,3.4224147727272722
890000.0,980100.7,-90100.6875,90100.6875,10.12367275280899
800000.0,1002272.6,-202272.625,202272.625,25.284078124999997
900000.0,984735.75,-84735.75,84735.75,9.415083333333333
1160000.0,1113942.9,46057.125,46057.125,3.970441810344828
1100000.0,1106364.9,-6364.875,6364.875,0.578625
970000.0,1019096.25,-49096.25,49096.25,5.0614690721649485
1300000.0,952429.9,347570.125,347570.125,26.73616346153846
850000.0,1090642.6,-240642.625,240642.625,28.31089705882353
650000.0,897732.94,-247732.9375,247732.9375,38.11275961538462
1015000.0,894729.8,120270.1875,120270.1875,11.849279556650247
1200000.0,937990.7,262009.3125,262009.3125,21.834109375
850000.0,1077300.5,-227300.5,227300.5,26.74123529411765
650000.0,929068.44,-279068.4375,279068.4375,42.93360576923077
680000.0,956277.9,-276277.875,276277.875,40.62909926470588
600000.0,794023.5,-194023.5,194023.5,32.33725
500000.0,871501.9,-371501.875,371501.875,74.300375
1176000.0,1126399.6,49600.375,49600.375,4.217718962585034
850000.0,1051211.8,-201211.75,201211.75,23.671970588235293
1500000.0,1045288.44,454711.5625,454711.5625,30.314104166666667
700000.0,754865.1,-54865.125,54865.125,7.8378749999999995
1000000.0,1134381.9,-134381.875,134381.875,13.438187500000002
800000.0,1441706.0,-641706.0,641706.0,80.21325
1850000.0,1012391.44,837608.5625,837608.5625,45.276138513513516
600000.0,678456.06,-78456.0625,78456.0625,13.076010416666668
600000.0,807653.0,-207653.0,207653.0,34.60883333333334
1363800.0,1138242.9,225557.125,225557.125,16.53887116879308
700000.0,998193.6,-298193.625,298193.625,42.599089285714285
1600000.0,1239676.4,360323.625,360323.625,22.5202265625
400000.0,855445.7,-455445.6875,455445.6875,113.86142187499999
800000.0,962908.75,-162908.75,162908.75,20.36359375
1460000.0,1528454.5,-68454.5,68454.5,4.688664383561644
1474600.0,1118463.0,356137.0,356137.0,24.15143089651431
3612000.0,2040581.4,1571418.625,1571418.625,43.50549903100775
700000.0,965953.44,-265953.4375,265953.4375,37.99334821428572
503720.0,773626.4,-269906.375,269906.375,53.58262030493132
650000.0,979309.4,-329309.375,329309.375,50.66298076923077
1006000.0,862399.56,143600.4375,143600.4375,14.27439736580517
1200000.0,2076746.2,-876746.25,876746.25,73.0621875
594000.0,885148.7,-291148.6875,291148.6875,49.01493055555556
1862000.0,1067445.1,794554.875,794554.875,42.67212003222342
700000.0,820050.6,-120050.625,120050.625,17.150089285714284
458000.0,976449.75,-518449.75,518449.75,113.19863537117905
1000000.0,1025359.9,-25359.875,25359.875,2.5359875
1870000.0,959457.25,910542.75,910542.75,48.6921256684492
800000.0,1016275.1,-216275.125,216275.125,27.034390625
790000.0,845850.6,-55850.625,55850.625,7.069699367088608
859000.0,1098583.5,-239583.5,239583.5,27.890977881257278
843000.0,888213.06,-45213.0625,45213.0625,5.363352609727165
1888000.0,1588950.1,299049.875,299049.875,15.839506091101697
700000.0,832718.7,-132718.6875,132718.6875,18.9598125
600000.0,851963.56,-251963.5625,251963.5625,41.99392708333333
750000.0,951309.2,-201309.1875,201309.1875,26.841225
970000.0,981776.9,-11776.875,11776.875,1.214110824742268
600000.0,877716.06,-277716.0625,277716.0625,46.28601041666667
2088000.0,2087105.1,894.875,894.875,0.042857998084291186
1400000.0,1148857.4,251142.625,251142.625,17.93875892857143
600000.0,1111874.9,-511874.875,511874.875,85.31247916666666
950000.0,839237.3,110762.6875,110762.6875,11.659230263157895
1200000.0,1008996.6,191003.375,191003.375,15.916947916666665
900000.0,1179013.6,-279013.625,279013.625,31.001513888888887
1400000.0,1132115.0,267885.0,267885.0,19.134642857142858
800000.0,885654.9,-85654.875,85654.875,10.706859375
700000.0,697637.8,2362.1875,2362.1875,0.3374553571428571
693000.0,1050467.4,-357467.375,357467.375,51.58259379509379
500000.0,829129.9,-329129.875,329129.875,65.825975
600000.0,941345.94,-341345.9375,341345.9375,56.89098958333333
500000.0,813468.44,-313468.4375,313468.4375,62.693687499999996
700000.0,1141636.5,-441636.5,441636.5,63.09092857142857
630000.0,881791.5,-251791.5,251791.5,39.966904761904765
1833000.0,1277571.4,555428.625,555428.625,30.30161620294599
936000.0,1024564.4,-88564.375,88564.375,9.462005876068377
1512000.0,1121781.0,390219.0,390219.0,25.808134920634924
750000.0,853285.75,-103285.75,103285.75,13.771433333333333
850000.0,1065416.1,-215416.125,215416.125,25.343073529411765
850000.0,842029.56,7970.4375,7970.4375,0.9376985294117648
1000000.0,1033250.3,-33250.3125,33250.3125,3.32503125
600000.0,863059.94,-263059.9375,263059.9375,43.843322916666665
980000.0,1027418.56,-47418.5625,47418.5625,4.838628826530613
800000.0,952099.44,-152099.4375,152099.4375,19.0124296875
540000.0,995277.6,-455277.625,455277.625,84.31067129629629
1700000.0,1188297.6,511702.375,511702.375,30.100139705882352
2187500.0,4377712.0,-2190212.0,2190212.0,100.12397714285714
1225000.0,1119918.2,105081.75,105081.75,8.578102040816326
1500000.0,1188230.1,311769.875,311769.875,20.784658333333333
1100000.0,1510584.6,-410584.625,410584.625,37.325874999999996
800000.0,882277.5,-82277.5,82277.5,10.2846875
1200000.0,1107033.0,92967.0,92967.0,7.74725
500000.0,1093992.1,-593992.125,593992.125,118.798425
990000.0,1362546.4,-372546.375,372546.375,37.63094696969697
800000.0,978307.56,-178307.5625,178307.5625,22.2884453125
700000.0,800430.9,-100430.875,100430.875,14.347267857142857
5800000.0,5625739.0,174261.0,174261.0,3.0044999999999997
700000.0,984826.94,-284826.9375,284826.9375,40.6895625
747000.0,1084679.2,-337679.25,337679.25,45.20471887550201
3217500.0,2789684.8,427815.25,427815.25,13.296511266511265
1400000.0,1253878.4,146121.625,146121.625,10.43725892857143
1125000.0,1079441.4,45558.625,45558.625,4.049655555555556
750000.0,889857.1,-139857.125,139857.125,18.647616666666668
1600000.0,919294.4,680705.625,680705.625,42.544101562499996
650000.0,1002516.44,-352516.4375,352516.4375,54.23329807692308
1080000.0,1057759.5,22240.5,22240.5,2.0593055555555555
1070000.0,1123204.2,-53204.25,53204.25,4.972359813084112
1136620.0,1089812.9,46807.125,46807.125,4.118097957100878
898000.0,991475.06,-93475.0625,93475.0625,10.409249721603564
855600.0,940249.4,-84649.375,84649.375,9.893568840579709
1320000.0,1169896.5,150103.5,150103.5,11.371477272727274
1150000.0,1025343.75,124656.25,124656.25,10.839673913043478
950000.0,1228255.6,-278255.625,278255.625,29.290065789473687
758000.0,1004560.6,-246560.625,246560.625,32.527786939313984
900000.0,1090537.2,-190537.25,190537.25,21.170805555555557
470000.0,886958.1,-416958.125,416958.125,88.71449468085106
650000.0,723553.0,-73553.0,73553.0,11.315846153846154
2817200.0,1116816.5,1700383.5,1700383.5,60.35721638506318
612000.0,1002863.3,-390863.3125,390863.3125,63.86655433006536
1975000.0,1670320.8,304679.25,304679.25,15.426797468354431
887000.0,966985.7,-79985.6875,79985.6875,9.01755214205186
625000.0,856432.44,-231432.4375,231432.4375,37.02919
500000.0,915628.3,-415628.3125,415628.3125,83.1256625
944000.0,888923.56,55076.4375,55076.4375,5.834368379237288
830000.0,914172.5,-84172.5,84172.5,10.141265060240965
950000.0,1058165.0,-108165.0,108165.0,11.385789473684211
900000.0,886919.6,13080.375,13080.375,1.453375
800000.0,988739.4,-188739.375,188739.375,23.592421875
420000.0,866935.56,-446935.5625,446935.5625,106.41322916666667
800000.0,1114114.2,-314114.25,314114.25,39.264281249999996
810000.0,965196.9,-155196.875,155196.875,19.160108024691358
733000.0,1988213.6,-1255213.625,1255213.625,171.24333219645294
1000000.0,929451.4,70548.625,70548.625,7.0548625000000005
2300000.0,1484093.2,815906.75,815906.75,35.474206521739134
1050000.0,873145.1,176854.875,176854.875,16.84332142857143
1760000.0,1199931.6,560068.375,560068.375,31.822066761363637
1112000.0,1058885.8,53114.25,53114.25,4.776461330935252
1200000.0,1258173.1,-58173.125,58173.125,4.847760416666667
588000.0,916068.2,-328068.1875,328068.1875,55.793909438775515
650000.0,1039865.7,-389865.6875,389865.6875,59.97933653846154
600000.0,962182.2,-362182.1875,362182.1875,60.363697916666666
6706000.0,977886.8,5728113.1875,5728113.1875,85.41773318669847
650000.0,1051416.8,-401416.75,401416.75,61.75642307692307
1100000.0,1729576.4,-629576.375,629576.375,57.23421590909091
2000000.0,969044.4,1030955.625,1030955.625,51.54778125
1680000.0,1091589.4,588410.625,588410.625,35.024441964285714
1590875.0,2140118.0,-549243.0,549243.0,34.524585526832716
1522500.0,1329687.6,192812.375,192812.375,12.66419540229885
1500000.0,1182074.4,317925.625,317925.625,21.19504166666667
759129.0,994243.1,-235114.125,235114.125,30.971564121512944
1550000.0,1384041.1,165958.875,165958.875,10.707024193548387
1512500.0,1080579.0,431921.0,431921.0,28.556760330578513
2400000.0,908157.25,1491842.75,1491842.75,62.16011458333334
1356000.0,1057122.5,298877.5,298877.5,22.04111356932153
500000.0,852498.8,-352498.8125,352498.8125,70.4997625
482000.0,842402.5,-360402.5,360402.5,74.77230290456431
800000.0,1000597.25,-200597.25,200597.25,25.07465625
1540000.0,1412073.4,127926.625,127926.625,8.306923701298702
1100000.0,991008.06,108991.9375,108991.9375,9.908357954545455
1600000.0,1138757.5,461242.5,461242.5,28.82765625
800000.0,961889.44,-161889.4375,161889.4375,20.236179687499998
1000000.0,965487.3,34512.6875,34512.6875,3.45126875
700000.0,966323.75,-266323.75,266323.75,38.04625
730000.0,933411.5,-203411.5,203411.5,27.86458904109589
1160000.0,1074889.0,85111.0,85111.0,7.337155172413794
1000000.0,1081350.2,-81350.25,81350.25,8.135025
2620000.0,1323638.8,1296361.25,1296361.25,49.47943702290076
1400000.0,1297345.2,102654.75,102654.75,7.332482142857143
1020000.0,1731604.9,-711604.875,711604.875,69.76518382352941
1000000.0,1015545.7,-15545.6875,15545.6875,1.55456875
720000.0,967579.5,-247579.5,247579.5,34.386041666666664
1380000.0,919863.4,460136.625,460136.625,33.343233695652174
1152000.0,1079983.4,72016.625,72016.625,6.251443142361111
840000.0,1115485.6,-275485.625,275485.625,32.79590773809524
1040000.0,1018782.25,21217.75,21217.75,2.040168269230769
150000.0,924446.06,-774446.0625,774446.0625,516.297375
850000.0,1028089.75,-178089.75,178089.75,20.951735294117647
750000.0,950292.3,-200292.3125,200292.3125,26.70564166666667
1960000.0,1787980.1,172019.875,172019.875,8.776524234693877
700000.0,973862.25,-273862.25,273862.25,39.123178571428575
2004800.0,1486639.1,518160.875,518160.875,25.846013318036714
1000000.0,1148127.2,-148127.25,148127.25,14.812724999999999
750000.0,1080334.8,-330334.75,330334.75,44.04463333333333
850000.0,916617.75,-66617.75,66617.75,7.837382352941176
650000.0,1093037.5,-443037.5,443037.5,68.15961538461538
1220000.0,1211020.2,8979.75,8979.75,0.7360450819672132
820000.0,925726.4,-105726.375,105726.375,12.89346036585366
1040000.0,1136943.9,-96943.875,96943.875,9.321526442307693
500000.0,1081904.0,-581904.0,581904.0,116.3808
400000.0,914557.44,-514557.4375,514557.4375,128.639359375
900000.0,1194812.0,-294812.0,294812.0,32.75688888888889
650000.0,957243.2,-307243.1875,307243.1875,47.26818269230769
1050000.0,976339.2,73660.8125,73660.8125,7.015315476190476
880000.0,1058267.4,-178267.375,178267.375,20.25765625
1957500.0,1511056.1,446443.875,446443.875,22.80683908045977
1350000.0,1010142.3,339857.6875,339857.6875,25.17464351851852
700000.0,1645596.0,-945596.0,945596.0,135.08514285714287
800000.0,898312.25,-98312.25,98312.25,12.28903125
2103200.0,1385031.0,718169.0,718169.0,34.14649106124001
680000.0,800263.94,-120263.9375,120263.9375,17.685873161764707
794400.0,1025797.94,-231397.9375,231397.9375,29.12864268630413
960000.0,1040234.0,-80234.0,80234.0,8.357708333333333
1600000.0,1192553.1,407446.875,407446.875,25.465429687500002
1240000.0,1046986.75,193013.25,193013.25,15.565584677419356
1850000.0,1174126.8,675873.25,675873.25,36.53368918918919
680000.0,807640.8,-127640.8125,127640.8125,18.770707720588238
750000.0,1099699.6,-349699.625,349699.625,46.62661666666666
700000.0,909092.25,-209092.25,209092.25,29.87032142857143
800000.0,1136967.6,-336967.625,336967.625,42.120953125
8800000.0,3812662.2,4987337.75,4987337.75,56.67429261363637
500000.0,1076897.8,-576897.75,576897.75,115.37955
3000000.0,1350467.6,1649532.375,1649532.375,54.984412500000005
900000.0,1327472.0,-427472.0,427472.0,47.49688888888889
950000.0,2174704.0,-1224704.0,1224704.0,128.91621052631578
670000.0,833814.5,-163814.5,163814.5,24.449925373134327
2500000.0,1627843.4,872156.625,872156.625,34.886265
1160000.0,1101906.1,58093.875,58093.875,5.008092672413793
950000.0,1005647.3,-55647.3125,55647.3125,5.857611842105263
950000.0,866163.0,83837.0,83837.0,8.824947368421054
650000.0,1184251.0,-534251.0,534251.0,82.19246153846154
700000.0,1283812.4,-583812.375,583812.375,83.40176785714286
1600000.0,2343755.0,-743755.0,743755.0,46.4846875
1000000.0,979407.0,20593.0,20593.0,2.0593
800000.0,854737.44,-54737.4375,54737.4375,6.8421796875
2600000.0,2648207.0,-48207.0,48207.0,1.8541153846153846
1200000.0,1120137.0,79863.0,79863.0,6.65525
1150000.0,1054859.1,95140.875,95140.875,8.273119565217392
900000.0,1035693.2,-135693.1875,135693.1875,15.077020833333332
800000.0,975375.8,-175375.8125,175375.8125,21.9219765625
1160000.0,1052927.0,107073.0,107073.0,9.23043103448276
750000.0,988122.56,-238122.5625,238122.5625,31.749675
800000.0,1162556.5,-362556.5,362556.5,45.319562499999996
750000.0,1040945.9,-290945.875,290945.875,38.79278333333333
1000000.0,995951.4,4048.625,4048.625,0.4048625
1200000.0,1597948.8,-397948.75,397948.75,33.162395833333335
1000000.0,1094036.0,-94036.0,94036.0,9.403599999999999
800000.0,1073575.6,-273575.625,273575.625,34.196953125
2541000.0,2360991.0,180009.0,180009.0,7.084179456906729
1000000.0,1085607.8,-85607.75,85607.75,8.560775
595000.0,832409.5,-237409.5,237409.5,39.900756302521
900000.0,941222.8,-41222.8125,41222.8125,4.5803125
1100000.0,1021957.06,78042.9375,78042.9375,7.0948125
910000.0,1387536.1,-477536.125,477536.125,52.47649725274726
800000.0,839072.7,-39072.6875,39072.6875,4.8840859375
1149500.0,1117966.1,31533.875,31533.875,2.7432688125271856
1510000.0,1233426.4,276573.625,276573.625,18.316134105960266
700000.0,1326485.6,-626485.625,626485.625,89.49794642857142
800000.0,1194837.6,-394837.625,394837.625,49.354703125
1500000.0,1142405.1,357594.875,357594.875,23.839658333333333
1210800.0,956606.2,254193.8125,254193.8125,20.993872852659397
580500.0,900853.94,-320353.9375,320353.9375,55.18586347975882
324000.0,785674.06,-461674.0625,461674.0625,142.49199459876542
800000.0,1058676.6,-258676.625,258676.625,32.334578125
1310000.0,904371.8,405628.1875,405628.1875,30.963983778625952
1400000.0,893421.1,506578.875,506578.875,36.18420535714286
1295000.0,842633.94,452366.0625,452366.0625,34.93174227799228
1200000.0,1109537.5,90462.5,90462.5,7.538541666666666
1000000.0,1063588.2,-63588.25,63588.25,6.3588249999999995
800000.0,897847.94,-97847.9375,97847.9375,12.2309921875
1000000.0,823985.7,176014.3125,176014.3125,17.601431249999997
780000.0,1156502.0,-376502.0,376502.0,48.26948717948718
1061600.0,976630.06,84969.9375,84969.9375,8.003950405048982
1200000.0,1248294.6,-48294.625,48294.625,4.024552083333333
669200.0,928715.6,-259515.625,259515.625,38.779979826658696
560000.0,881631.2,-321631.1875,321631.1875,57.434140625
710000.0,897006.8,-187006.8125,187006.8125,26.338987676056334
1400000.0,1531046.1,-131046.125,131046.125,9.3604375
720000.0,1220212.1,-500212.125,500212.125,69.47390625
1300000.0,1152512.9,147487.125,147487.125,11.345163461538462
1000000.0,1014478.6,-14478.625,14478.625,1.4478625
882000.0,967455.44,-85455.4375,85455.4375,9.688825113378686
980000.0,987556.75,-7556.75,7556.75,0.7710969387755102
584000.0,875120.94,-291120.9375,291120.9375,49.84947559931507
951500.0,991091.44,-39591.4375,39591.4375,4.1609498160798735
800000.0,1364599.1,-564599.125,564599.125,70.574890625
1200000.0,1000663.6,199336.375,199336.375,16.611364583333334
900000.0,975923.6,-75923.625,75923.625,8.435958333333334
320000.0,841909.7,-521909.6875,521909.6875,163.09677734375
1800000.0,1486857.5,313142.5,313142.5,17.396805555555556
720000.0,1020775.8,-300775.8125,300775.8125,41.77441840277778
750000.0,833236.6,-83236.625,83236.625,11.098216666666668
989500.0,1074857.6,-85357.625,85357.625,8.62633906013138
1200000.0,979856.56,220143.4375,220143.4375,18.345286458333334
556000.0,983827.75,-427827.75,427827.75,76.94743705035971
1410000.0,912067.94,497932.0625,497932.0625,35.31433067375887
1850000.0,1141281.5,708718.5,708718.5,38.309108108108106
800000.0,1028817.3,-228817.3125,228817.3125,28.6021640625
761500.0,898868.75,-137368.75,137368.75,18.039231779382796
1352000.0,864020.0,487980.0,487980.0,36.09319526627219
1680000.0,1438920.5,241079.5,241079.5,14.349970238095239
800000.0,1125364.4,-325364.375,325364.375,40.670546875
630000.0,1007700.6,-377700.625,377700.625,59.95248015873016
2250000.0,1508569.8,741430.25,741430.25,32.95245555555555
588000.0,933256.6,-345256.625,345256.625,58.71711309523809
3200000.0,1653195.6,1546804.375,1546804.375,48.33763671875
1425000.0,896555.0,528445.0,528445.0,37.08385964912281
50000000.0,46623770.0,3376232.0,3376232.0,6.752464
1200000.0,918350.25,281649.75,281649.75,23.470812499999997
852500.0,885872.75,-33372.75,33372.75,3.9146920821114373
900000.0,1082305.6,-182305.625,182305.625,20.256180555555556
700000.0,829876.8,-129876.8125,129876.8125,18.553830357142857
1240000.0,1111464.4,128535.625,128535.625,10.36577620967742
900000.0,922926.75,-22926.75,22926.75,2.5474166666666664
500000.0,862776.56,-362776.5625,362776.5625,72.5553125
900000.0,955271.6,-55271.625,55271.625,6.141291666666667
1500000.0,1213897.9,286102.125,286102.125,19.073475000000002
700000.0,1006566.2,-306566.1875,306566.1875,43.79516964285714
2000000.0,1414289.8,585710.25,585710.25,29.2855125
650000.0,986621.75,-336621.75,336621.75,51.78796153846154
737200.0,965730.25,-228530.25,228530.25,30.99976261530114
9000000.0,1357710.0,7642290.0,7642290.0,84.91433333333333
490000.0,981309.7,-491309.6875,491309.6875,100.26728316326529
701000.0,723673.06,-22673.0625,22673.0625,3.234388373751783
1000000.0,925994.7,74005.3125,74005.3125,7.40053125
4100000.0,880473.06,3219526.9375,3219526.9375,78.52504725609755
2900000.0,1306422.0,1593578.0,1593578.0,54.95096551724138
650000.0,999113.1,-349113.125,349113.125,53.709711538461534
9300000.0,8165523.0,1134477.0,1134477.0,12.198677419354839
2400000.0,1689866.0,710134.0,710134.0,29.588916666666666
1796000.0,999251.4,796748.625,796748.625,44.3623956013363
1500000.0,1089612.2,410387.75,410387.75,27.35918333333333
1280000.0,1083941.9,196058.125,196058.125,15.317041015625
800000.0,967395.0,-167395.0,167395.0,20.924375
1400000.0,1241450.9,158549.125,158549.125,11.3249375
600000.0,1010246.6,-410246.625,410246.625,68.3744375
1218000.0,1107193.2,110806.75,110806.75,9.09743431855501
740000.0,985460.94,-245460.9375,245460.9375,33.17039695945946
600000.0,811266.4,-211266.375,211266.375,35.211062500000004
700000.0,826877.06,-126877.0625,126877.0625,18.125294642857142
917000.0,787427.75,129572.25,129572.25,14.130016357688113
1302200.0,1166590.5,135609.5,135609.5,10.413876516664107
1280000.0,854386.9,425613.125,425613.125,33.251025390625
1200000.0,1657037.8,-457037.75,457037.75,38.08647916666666
1000000.0,1116139.0,-116139.0,116139.0,11.613900000000001
1500000.0,974302.25,525697.75,525697.75,35.04651666666667
1800000.0,1075730.8,724269.25,724269.25,40.237180555555554
856000.0,1043758.5,-187758.5,187758.5,21.93440420560748
884000.0,849918.3,34081.6875,34081.6875,3.8553945135746606
890000.0,995950.25,-105950.25,105950.25,11.904522471910111
1100000.0,916960.9,183039.125,183039.125,16.639920454545454
1020000.0,1800394.5,-780394.5,780394.5,76.50926470588234
660000.0,956773.56,-296773.5625,296773.5625,44.96569128787879
540000.0,812572.56,-272572.5625,272572.5625,50.476400462962964
1158400.0,1158359.2,40.75,40.75,0.003517783149171271
950000.0,1014749.8,-64749.8125,64749.8125,6.815769736842105
1160000.0,1229118.8,-69118.75,69118.75,5.958512931034483
1290000.0,1023078.06,266921.9375,266921.9375,20.691623062015505
2100000.0,1074084.1,1025915.875,1025915.875,48.853136904761904
1324000.0,1030393.06,293606.9375,293606.9375,22.175750566465258
1800000.0,1080475.8,719524.25,719524.25,39.97356944444444
1150000.0,1329714.2,-179714.25,179714.25,15.627326086956522
900000.0,1079392.0,-179392.0,179392.0,19.932444444444446
540000.0,979551.1,-439551.125,439551.125,81.39835648148149
1000000.0,1056465.2,-56465.25,56465.25,5.6465250000000005
810000.0,1037211.75,-227211.75,227211.75,28.050833333333337
1000000.0,1037057.6,-37057.625,37057.625,3.7057624999999996
790000.0,1013219.25,-223219.25,223219.25,28.255601265822783
1280000.0,1009000.8,270999.1875,270999.1875,21.1718115234375
1920000.0,1415003.0,504997.0,504997.0,26.301927083333332
1250000.0,1201766.0,48234.0,48234.0,3.8587200000000004
1000000.0,1139785.4,-139785.375,139785.375,13.978537499999998
692200.0,973326.2,-281126.1875,281126.1875,40.613433617451605
405600.0,861576.3,-455976.3125,455976.3125,112.42019538954635
1000000.0,838806.3,161193.6875,161193.6875,16.11936875
700000.0,854347.94,-154347.9375,154347.9375,22.049705357142855
810000.0,958101.44,-148101.4375,148101.4375,18.284128086419756
900000.0,1269990.9,-369990.875,369990.875,41.11009722222222
610000.0,780488.9,-170488.875,170488.875,27.948995901639346
900000.0,1137482.1,-237482.125,237482.125,26.386902777777777
1000000.0,1125750.8,-125750.75,125750.75,12.575075
800000.0,1057179.4,-257179.375,257179.375,32.147421875
1579600.0,1109550.8,470049.25,470049.25,29.7574860724234
700000.0,1036604.8,-336604.8125,336604.8125,48.08640178571429
1800000.0,983387.9,816612.125,816612.125,45.36734027777778
1060000.0,1060280.9,-280.875,280.875,0.026497641509433963
1442500.0,1534200.0,-91700.0,91700.0,6.357019064124783
845000.0,1044507.5,-199507.5,199507.5,23.6103550295858
936000.0,1035661.9,-99661.875,99661.875,10.647636217948717
800000.0,1057116.2,-257116.25,257116.25,32.13953125
1247500.0,1251799.4,-4299.375,4299.375,0.34463927855711424
1054375.0,1317181.2,-262806.25,262806.25,24.925311203319502
750000.0,908280.4,-158280.375,158280.375,21.10405
670000.0,1000239.6,-330239.625,330239.625,49.28949626865672
810000.0,1019395.06,-209395.0625,209395.0625,25.851242283950615
2550000.0,1491610.1,1058389.875,1058389.875,41.50548529411765
1160000.0,1076826.8,83173.25,83173.25,7.170107758620689
2770200.0,2514770.5,255429.5,255429.5,9.220615840011552
430000.0,932689.5,-502689.5,502689.5,116.90453488372093
780250.0,947775.7,-167525.6875,167525.6875,21.47077058635053
3200000.0,994143.25,2205856.75,2205856.75,68.9330234375
950000.0,985748.9,-35748.875,35748.875,3.7630394736842105
1200000.0,1067962.9,132037.125,132037.125,11.00309375
810000.0,997844.2,-187844.1875,187844.1875,23.190640432098768
945000.0,858932.44,86067.5625,86067.5625,9.10767857142857
1000000.0,1043490.5,-43490.5,43490.5,4.34905
1487000.0,1110355.8,376644.25,376644.25,25.32913584398117
585000.0,955729.1,-370729.125,370729.125,63.372499999999995
950000.0,1151142.4,-201142.375,201142.375,21.17288157894737
938400.0,1079180.5,-140780.5,140780.5,15.002184569479965
900000.0,982523.4,-82523.375,82523.375,9.169263888888889
850000.0,1081313.2,-231313.25,231313.25,27.213323529411763
1350000.0,1005459.75,344540.25,344540.25,25.521500000000003
1020000.0,1084802.6,-64802.625,64802.625,6.353198529411765
800000.0,1165096.9,-365096.875,365096.875,45.637109375
1300000.0,1540885.1,-240885.125,240885.125,18.529625
750000.0,883876.06,-133876.0625,133876.0625,17.850141666666666
700000.0,810465.3,-110465.3125,110465.3125,15.780758928571428
610000.0,853186.06,-243186.0625,243186.0625,39.866567622950825
2400000.0,1041806.4,1358193.625,1358193.625,56.591401041666664
900000.0,1304603.4,-404603.375,404603.375,44.955930555555554
2660000.0,1237097.1,1422902.875,1422902.875,53.49258928571429
1100000.0,1067403.5,32596.5,32596.5,2.963318181818182
500000.0,901515.2,-401515.1875,401515.1875,80.3030375
1334001.0,1008123.5,325877.5,325877.5,24.428579888620774
1950000.0,1938645.4,11354.625,11354.625,0.5822884615384615
810000.0,1026110.56,-216110.5625,216110.5625,26.68031635802469
750000.0,835205.2,-85205.1875,85205.1875,11.360691666666668
2250000.0,1547828.5,702171.5,702171.5,31.20762222222222
583000.0,901897.75,-318897.75,318897.75,54.69944253859348
800000.0,1039414.75,-239414.75,239414.75,29.92684375
460000.0,802185.8,-342185.8125,342185.8125,74.38822010869566
650000.0,1082207.6,-432207.625,432207.625,66.49348076923077
1500000.0,908624.4,591375.625,591375.625,39.425041666666665
900000.0,1048278.06,-148278.0625,148278.0625,16.47534027777778
2000000.0,1231617.9,768382.125,768382.125,38.41910625
714840.0,884001.6,-169161.625,169161.625,23.664264031111856
1600000.0,1249588.4,350411.625,350411.625,21.9007265625
840000.0,621136.25,218863.75,218863.75,26.055208333333336
1398500.0,1024334.44,374165.5625,374165.5625,26.75477744011441
1450000.0,1397842.5,52157.5,52157.5,3.5970689655172414
820000.0,1106484.8,-286484.75,286484.75,34.93716463414634
1000000.0,906900.44,93099.5625,93099.5625,9.309956249999999
1740000.0,1846036.9,-106036.875,106036.875,6.094073275862069
2000000.0,1666186.5,333813.5,333813.5,16.690675
333000.0,809490.6,-476490.625,476490.625,143.09027777777777
720000.0,1006703.75,-286703.75,286703.75,39.81996527777778
720000.0,883709.4,-163709.375,163709.375,22.737413194444443
1206000.0,975808.06,230191.9375,230191.9375,19.087225331674958
1000000.0,1202403.8,-202403.75,202403.75,20.240375
636400.0,936962.4,-300562.375,300562.375,47.228531583909486
1000000.0,1012195.4,-12195.375,12195.375,1.2195375
710000.0,975339.8,-265339.8125,265339.8125,37.37180457746479
1286000.0,1035853.1,250146.875,250146.875,19.451545489891135
1197000.0,972010.94,224989.0625,224989.0625,18.79607873851295
470000.0,1030616.7,-560616.6875,560616.6875,119.28014627659576
800000.0,960464.9,-160464.875,160464.875,20.058109375
1886000.0,1174366.0,711634.0,711634.0,37.732449628844115
5960000.0,2259058.2,3700941.75,3700941.75,62.09633808724833
1600000.0,1091446.4,508553.625,508553.625,31.784601562499997
708500.0,805864.6,-97364.625,97364.625,13.742360621030345
560000.0,822301.06,-262301.0625,262301.0625,46.839475446428565
810000.0,1060843.9,-250843.875,250843.875,30.968379629629627
850000.0,1067759.2,-217759.25,217759.25,25.618735294117645
560000.0,887214.9,-327214.875,327214.875,58.43122767857143
540000.0,916109.5,-376109.5,376109.5,69.64990740740741
970000.0,960854.6,9145.375,9145.375,0.9428221649484536
1000000.0,1111533.4,-111533.375,111533.375,11.153337500000001
1200000.0,968968.2,231031.8125,231031.8125,19.252651041666667
1200000.0,1067531.2,132468.75,132468.75,11.0390625
750000.0,1107215.9,-357215.875,357215.875,47.62878333333334
950000.0,1055460.1,-105460.125,105460.125,11.101065789473683
550000.0,856764.56,-306764.5625,306764.5625,55.775375000000004
1200000.0,2742808.0,-1542808.0,1542808.0,128.56733333333332
1000000.0,1199811.4,-199811.375,199811.375,19.981137500000003
960000.0,882003.1,77996.875,77996.875,8.124674479166668
1976000.0,1330604.8,645395.25,645395.25,32.66170293522267
700000.0,901323.7,-201323.6875,201323.6875,28.760526785714287
3400000.0,915269.0,2484731.0,2484731.0,73.08032352941176
1100000.0,927801.75,172198.25,172198.25,15.654386363636362
900000.0,1110586.6,-210586.625,210586.625,23.39851388888889
700000.0,1169779.8,-469779.75,469779.75,67.11139285714286
800000.0,848862.06,-48862.0625,48862.0625,6.1077578125
750000.0,942789.7,-192789.6875,192789.6875,25.705291666666668
1000000.0,1034063.4,-34063.375,34063.375,3.4063375
1905500.0,950414.6,955085.375,955085.375,50.12255969561795
550000.0,886691.75,-336691.75,336691.75,61.21668181818182
1500000.0,893426.7,606573.3125,606573.3125,40.43822083333333
840000.0,1063987.8,-223987.75,223987.75,26.665208333333336
690000.0,824973.8,-134973.8125,134973.8125,19.561422101449274
700000.0,853966.0,-153966.0,153966.0,21.99514285714286
850000.0,1034811.94,-184811.9375,184811.9375,21.74258088235294
504000.0,783565.44,-279565.4375,279565.4375,55.469332837301586
1160000.0,1171899.5,-11899.5,11899.5,1.0258189655172414
500000.0,768202.7,-268202.6875,268202.6875,53.64053749999999
700000.0,878666.6,-178666.625,178666.625,25.523803571428573
1250000.0,1021239.3,228760.6875,228760.6875,18.300855
787500.0,950281.9,-162781.875,162781.875,20.670714285714286
800000.0,888191.4,-88191.375,88191.375,11.023921875000001
1200000.0,966114.4,233885.625,233885.625,19.49046875
800000.0,855508.6,-55508.625,55508.625,6.938578125
900000.0,1026851.9,-126851.875,126851.875,14.094652777777778
1724150.0,1107876.2,616273.75,616273.75,35.743627294608935
400000.0,708163.1,-308163.125,308163.125,77.04078125
700000.0,1159632.9,-459632.875,459632.875,65.66183928571428
1200000.0,1515460.0,-315460.0,315460.0,26.288333333333334
840000.0,1003090.5,-163090.5,163090.5,19.415535714285713
1200000.0,1022983.56,177016.4375,177016.4375,14.751369791666665
837000.0,856707.44,-19707.4375,19707.4375,2.3545325567502986
803900.0,912099.25,-108199.25,108199.25,13.459292200522452
850000.0,1119411.5,-269411.5,269411.5,31.695470588235292
800000.0,915598.56,-115598.5625,115598.5625,14.4498203125
750000.0,1024049.06,-274049.0625,274049.0625,36.539875
600000.0,897547.6,-297547.625,297547.625,49.59127083333333
2326736.0,947579.9,1379156.125,1379156.125,59.27428487804375
400000.0,943819.4,-543819.375,543819.375,135.95484375
900000.0,778518.1,121481.875,121481.875,13.49798611111111
560000.0,780591.5,-220591.5,220591.5,39.39133928571428
800000.0,881694.1,-81694.125,81694.125,10.211765625
450000.0,835032.3,-385032.3125,385032.3125,85.56273611111112
1200000.0,1877138.0,-677138.0,677138.0,56.42816666666667
600000.0,1188395.4,-588395.375,588395.375,98.06589583333334
845000.0,901215.75,-56215.75,56215.75,6.6527514792899405
512500.0,1602324.0,-1089824.0,1089824.0,212.64858536585365
700000.0,870872.7,-170872.6875,170872.6875,24.410383928571427
800000.0,790349.2,9650.8125,9650.8125,1.2063515625
1380000.0,1313745.4,66254.625,66254.625,4.801059782608696
1200000.0,1103218.0,96782.0,96782.0,8.065166666666666
1000000.0,956677.75,43322.25,43322.25,4.332225
960000.0,804560.2,155439.8125,155439.8125,16.191647135416666
1458000.0,1436844.9,21155.125,21155.125,1.450968792866941
500000.0,927588.6,-427588.625,427588.625,85.517725
650000.0,823483.2,-173483.1875,173483.1875,26.68972115384615
600000.0,885983.94,-285983.9375,285983.9375,47.66398958333333
500000.0,922730.1,-422730.125,422730.125,84.546025
872000.0,951147.6,-79147.625,79147.625,9.0765625
880000.0,908156.0,-28156.0,28156.0,3.1995454545454542
800000.0,984576.0,-184576.0,184576.0,23.072
900000.0,1083274.0,-183274.0,183274.0,20.363777777777777
700000.0,963204.2,-263204.1875,263204.1875,37.60059821428571
798000.0,1104606.5,-306606.5,306606.5,38.4218671679198
700000.0,862823.25,-162823.25,162823.25,23.260464285714285
1120000.0,1074933.9,45066.125,45066.125,4.023761160714286
650000.0,910549.25,-260549.25,260549.25,40.0845
650000.0,1020530.0,-370530.0,370530.0,57.004615384615384
1900000.0,1399853.4,500146.625,500146.625,26.32350657894737
1600000.0,1035842.9,564157.125,564157.125,35.259820312500004
600000.0,786558.7,-186558.6875,186558.6875,31.093114583333332
3485000.0,892630.25,2592369.75,2592369.75,74.38650645624104
1260000.0,1123622.4,136377.625,136377.625,10.823621031746033
1060800.0,987380.0,73420.0,73420.0,6.921191553544495
1005000.0,1096203.0,-91203.0,91203.0,9.074925373134327
1250000.0,1351512.1,-101512.125,101512.125,8.12097
700000.0,1043590.56,-343590.5625,343590.5625,49.08436607142857
1520000.0,1586932.6,-66932.625,66932.625,4.403462171052632
850000.0,1041158.5,-191158.5,191158.5,22.489235294117645
600000.0,955790.7,-355790.6875,355790.6875,59.29844791666666
750000.0,797149.1,-47149.125,47149.125,6.28655
749000.0,949513.44,-200513.4375,200513.4375,26.7708194259012
750000.0,840390.9,-90390.875,90390.875,12.052116666666667
700000.0,890361.2,-190361.1875,190361.1875,27.194455357142854
1000000.0,943790.25,56209.75,56209.75,5.6209750000000005
2400000.0,1102624.6,1297375.375,1297375.375,54.05730729166667
1000000.0,1033215.0,-33215.0,33215.0,3.3215000000000003
760000.0,1061923.5,-301923.5,301923.5,39.72677631578947
1600000.0,1088469.0,511531.0,511531.0,31.9706875
500000.0,765664.56,-265664.5625,265664.5625,53.132912499999996
1323000.0,1035522.3,287477.6875,287477.6875,21.729228080120937
970000.0,1088091.1,-118091.125,118091.125,12.174342783505153
1720000.0,1240251.9,479748.125,479748.125,27.89233284883721
3600000.0,1204257.5,2395742.5,2395742.5,66.54840277777778
1120000.0,1083010.4,36989.625,36989.625,3.302645089285714
1600000.0,1148257.5,451742.5,451742.5,28.23390625
800000.0,938559.9,-138559.875,138559.875,17.319984375
2000000.0,1142137.5,857862.5,857862.5,42.893125
1120000.0,1214998.8,-94998.75,94998.75,8.482031249999999
1400000.0,979970.6,420029.375,420029.375,30.002098214285716
1580000.0,1162000.2,417999.75,417999.75,26.455680379746838
560000.0,920633.5,-360633.5,360633.5,64.39883928571429
1400000.0,1106618.4,293381.625,293381.625,20.955830357142858
1100000.0,1066727.6,33272.375,33272.375,3.0247613636363635
900000.0,912670.75,-12670.75,12670.75,1.407861111111111
1100000.0,1280517.0,-180517.0,180517.0,16.410636363636364
720000.0,919899.06,-199899.0625,199899.0625,27.763758680555554
900000.0,981759.9,-81759.875,81759.875,9.084430555555556
5300000.0,814915.56,4485084.4375,4485084.4375,84.62423466981132
1130000.0,1105574.6,24425.375,24425.375,2.1615376106194693
6400000.0,1307480.8,5092519.25,5092519.25,79.57061328125
1050000.0,1045082.44,4917.5625,4917.5625,0.46833928571428574
710000.0,1010702.44,-300702.4375,300702.4375,42.35245598591549
2400000.0,1195008.4,1204991.625,1204991.625,50.207984375
700000.0,954056.56,-254056.5625,254056.5625,36.293794642857144
750000.0,901061.0,-151061.0,151061.0,20.141466666666666
600000.0,945495.75,-345495.75,345495.75,57.582625
600000.0,947764.7,-347764.6875,347764.6875,57.960781250000004
800000.0,1095915.6,-295915.625,295915.625,36.989453125
750000.0,969810.4,-219810.375,219810.375,29.30805
1530000.0,1340128.2,189871.75,189871.75,12.409918300653596
790000.0,1013992.75,-223992.75,223992.75,28.353512658227846
960000.0,1024525.3,-64525.3125,64525.3125,6.72138671875
700000.0,972435.06,-272435.0625,272435.0625,38.919294642857146
860000.0,1006644.56,-146644.5625,146644.5625,17.05169331395349
2150000.0,1024664.2,1125335.8125,1125335.8125,52.341200581395356
4224000.0,3763982.2,460017.75,460017.75,10.890571732954546
800000.0,1051326.9,-251326.875,251326.875,31.415859375
778500.0,719461.06,59038.9375,59038.9375,7.583678548490687
946400.0,946376.75,23.25,23.25,0.0024566779374471685
900000.0,918077.44,-18077.4375,18077.4375,2.0086041666666663
600000.0,852797.56,-252797.5625,252797.5625,42.132927083333335
590000.0,920267.4,-330267.375,330267.375,55.97752118644068
978800.0,1004325.56,-25525.5625,25525.5625,2.6078425112382506
1625000.0,1422055.2,202944.75,202944.75,12.488907692307691
580000.0,966259.9,-386259.875,386259.875,66.5965301724138
500000.0,818565.94,-318565.9375,318565.9375,63.713187500000004
700000.0,1010883.75,-310883.75,310883.75,44.411964285714284
1116700.0,1059266.5,57433.5,57433.5,5.143144980746843
850000.0,1054111.2,-204111.25,204111.25,24.013088235294116
950000.0,922070.2,27929.8125,27929.8125,2.939980263157895
500000.0,920087.4,-420087.375,420087.375,84.01747499999999
650000.0,997113.0,-347113.0,347113.0,53.40200000000001
1205001.0,834407.4,370593.625,370593.625,30.75463215383224
588000.0,847479.94,-259479.9375,259479.9375,44.129241071428574
1230000.0,1078456.5,151543.5,151543.5,12.32060975609756
700000.0,980115.1,-280115.125,280115.125,40.01644642857143
1000000.0,1085270.5,-85270.5,85270.5,8.52705
1020000.0,1057945.8,-37945.75,37945.75,3.7201715686274515
980000.0,941360.8,38639.1875,38639.1875,3.9427742346938777
1300000.0,1068415.5,231584.5,231584.5,17.81419230769231
1015000.0,1010987.1,4012.875,4012.875,0.39535714285714285
1000000.0,1010411.0,-10411.0,10411.0,1.0411
1440000.0,2098899.2,-658899.25,658899.25,45.75689236111111
800000.0,1256956.5,-456956.5,456956.5,57.1195625
624000.0,1338870.4,-714870.375,714870.375,114.56256009615385
650000.0,910144.9,-260144.875,260144.875,40.022288461538466
630000.0,963806.8,-333806.8125,333806.8125,52.98520833333333
1000000.0,1011518.75,-11518.75,11518.75,1.151875
520000.0,917008.06,-397008.0625,397008.0625,76.34770432692306
1980000.0,1566006.1,413993.875,413993.875,20.908781565656565
780000.0,905430.0,-125430.0,125430.0,16.08076923076923
700000.0,986272.25,-286272.25,286272.25,40.896035714285716
850000.0,1463873.8,-613873.75,613873.75,72.22044117647059
1500000.0,1135142.9,364857.125,364857.125,24.323808333333332
1260000.0,1058700.6,201299.375,201299.375,15.976140873015874
1135000.0,1092193.8,42806.25,42806.25,3.7714757709251105
800000.0,891460.0,-91460.0,91460.0,11.4325
884000.0,717929.6,166070.375,166070.375,18.786241515837105
1100000.0,985464.25,114535.75,114535.75,10.412340909090908
582000.0,2707696.5,-2125696.5,2125696.5,365.23994845360824
1200000.0,1060778.1,139221.875,139221.875,11.601822916666666
1060000.0,1131387.8,-71387.75,71387.75,6.734693396226415
1250000.0,1098529.9,151470.125,151470.125,12.117609999999999
1300000.0,1582951.8,-282951.75,282951.75,21.765519230769232
1305000.0,1222132.2,82867.75,82867.75,6.350019157088123
800000.0,901736.9,-101736.875,101736.875,12.717109375
650000.0,1021852.2,-371852.1875,371852.1875,57.208028846153844
1260000.0,989488.3,270511.6875,270511.6875,21.469181547619048
1460000.0,1079119.1,380880.875,380880.875,26.08773116438356
9000000.0,6078327.0,2921673.0,2921673.0,32.463033333333335
950000.0,1075273.8,-125273.75,125273.75,13.186710526315789
2684000.0,1662133.2,1021866.75,1021866.75,38.07253166915052
1000000.0,876377.7,123622.3125,123622.3125,12.36223125
750000.0,751995.0,-1995.0,1995.0,0.266
700000.0,942356.44,-242356.4375,242356.4375,34.622348214285715
750000.0,1013596.7,-263596.6875,263596.6875,35.146225
1040000.0,1286516.1,-246516.125,246516.125,23.70347355769231
1540000.0,1185475.1,354524.875,354524.875,23.02109577922078
950000.0,1153877.5,-203877.5,203877.5,21.460789473684212
600000.0,877992.75,-277992.75,277992.75,46.332125000000005
500000.0,919365.56,-419365.5625,419365.5625,83.8731125
1300000.0,974927.9,325072.125,325072.125,25.005548076923077
800000.0,994694.56,-194694.5625,194694.5625,24.3368203125
1860000.0,810895.75,1049104.25,1049104.25,56.40345430107527
1200000.0,1099858.4,100141.625,100141.625,8.345135416666666
600000.0,1080958.1,-480958.125,480958.125,80.1596875
1000000.0,1128473.5,-128473.5,128473.5,12.847349999999999
567500.0,879267.7,-311767.6875,311767.6875,54.93703744493392
480000.0,811954.94,-331954.9375,331954.9375,69.15727864583333
850000.0,882409.56,-32409.5625,32409.5625,3.812889705882353
670000.0,1086137.0,-416137.0,416137.0,62.11
750000.0,876926.06,-126926.0625,126926.0625,16.923475
550000.0,903369.2,-353369.1875,353369.1875,64.24894318181819
1600000.0,1450779.1,149220.875,149220.875,9.3263046875
1370000.0,1216639.0,153361.0,153361.0,11.194233576642336
850000.0,974331.25,-124331.25,124331.25,14.627205882352943
850000.0,1079812.1,-229812.125,229812.125,27.036720588235298
1000000.0,1106737.8,-106737.75,106737.75,10.673775000000001
1300000.0,964265.94,335734.0625,335734.0625,25.825697115384617
1074000.0,955214.94,118785.0625,118785.0625,11.06006168528864
1160000.0,1133287.9,26712.125,26712.125,2.302769396551724
1061600.0,1058471.8,3128.25,3128.25,0.294673134890731
1250000.0,926271.6,323728.375,323728.375,25.89827
1500000.0,1318598.2,181401.75,181401.75,12.09345
1050000.0,1071605.5,-21605.5,21605.5,2.0576666666666665
1600000.0,1478436.6,121563.375,121563.375,7.5977109375000005
600000.0,957647.4,-357647.375,357647.375,59.60789583333334
1080000.0,1079960.2,39.75,39.75,0.003680555555555556
2300000.0,1367034.4,932965.625,932965.625,40.56372282608696
966000.0,1069112.2,-103112.25,103112.25,10.67414596273292
1125000.0,997961.4,127038.625,127038.625,11.292322222222221
500000.0,969904.9,-469904.875,469904.875,93.980975
688000.0,890841.06,-202841.0625,202841.0625,29.48271257267442
1000000.0,1207096.4,-207096.375,207096.375,20.7096375
1400000.0,1250243.5,149756.5,149756.5,10.696892857142858
880000.0,1034101.44,-154101.4375,154101.4375,17.511526988636366
810000.0,928908.2,-118908.1875,118908.1875,14.680023148148146
1280000.0,1076985.4,203014.625,203014.625,15.860517578125
775000.0,990792.56,-215792.5625,215792.5625,27.844201612903223
820000.0,1300834.2,-480834.25,480834.25,58.63832317073171
700000.0,913145.4,-213145.375,213145.375,30.449339285714284
1000000.0,994955.75,5044.25,5044.25,0.504425
7000000.0,6921206.0,78794.0,78794.0,1.1256285714285714
990000.0,838912.2,151087.8125,151087.8125,15.261395202020203
900000.0,1041564.6,-141564.625,141564.625,15.729402777777779
450000.0,797182.25,-347182.25,347182.25,77.15161111111111
1050000.0,990423.6,59576.375,59576.375,5.673940476190476
1350000.0,1072685.8,277314.25,277314.25,20.541796296296297
2850000.0,1782529.2,1067470.75,1067470.75,37.45511403508772
800000.0,923448.56,-123448.5625,123448.5625,15.431070312500001
1080000.0,1285851.6,-205851.625,205851.625,19.06033564814815
550000.0,933230.0,-383230.0,383230.0,69.67818181818181
1420000.0,1403373.0,16627.0,16627.0,1.1709154929577466
950000.0,1038346.94,-88346.9375,88346.9375,9.299677631578946
670000.0,901720.8,-231720.8125,231720.8125,34.58519589552239
910000.0,1083896.8,-173896.75,173896.75,19.109532967032965
792800.0,983544.2,-190744.1875,190744.1875,24.059559472754792
550000.0,806526.1,-256526.125,256526.125,46.641113636363634
895200.0,1073944.5,-178744.5,178744.5,19.966990616621985
9400000.0,8352797.0,1047203.0,1047203.0,11.14045744680851
565000.0,949979.94,-384979.9375,384979.9375,68.13804203539823
2660000.0,1129012.4,1530987.625,1530987.625,57.5559257518797
700000.0,1218532.6,-518532.625,518532.625,74.07608928571429
620000.0,777331.8,-157331.8125,157331.8125,25.376098790322583
1095000.0,1247510.8,-152510.75,152510.75,13.927922374429224
650000.0,1110157.1,-460157.125,460157.125,70.79340384615385
990000.0,994252.25,-4252.25,4252.25,0.429520202020202
720000.0,1005970.56,-285970.5625,285970.5625,39.71813368055555
700000.0,836502.94,-136502.9375,136502.9375,19.500419642857143
1200000.0,1007513.4,192486.625,192486.625,16.040552083333335
1280000.0,934736.25,345263.75,345263.75,26.973730468750002
75833.0,1160095.9,-1084262.875,1084262.875,1429.803482652671
3084000.0,1264384.1,1819615.875,1819615.875,59.00181177042801
1650000.0,1205650.6,444349.375,444349.375,26.930265151515155
1500000.0,1354154.6,145845.375,145845.375,9.723025
950000.0,1165791.2,-215791.25,215791.25,22.714868421052632
1200000.0,1432592.4,-232592.375,232592.375,19.382697916666665
550000.0,1020423.94,-470423.9375,470423.9375,85.531625
850000.0,858897.9,-8897.875,8897.875,1.0468088235294117
636400.0,812448.56,-176048.5625,176048.5625,27.66319335323696
560000.0,933970.3,-373970.3125,373970.3125,66.78041294642857
2200000.0,1046814.4,1153185.625,1153185.625,52.417528409090906
800000.0,1034086.8,-234086.8125,234086.8125,29.2608515625
600000.0,863885.25,-263885.25,263885.25,43.980875000000005
867500.0,1127862.4,-260362.375,260362.375,30.012953890489914
500000.0,1029019.4,-529019.375,529019.375,105.80387499999999
1160000.0,1137697.5,22302.5,22302.5,1.9226293103448275
2543200.0,1078016.6,1465183.375,1465183.375,57.61180304340988
4836900.0,2306315.5,2530584.5,2530584.5,52.318313382538406
1350000.0,990591.56,359408.4375,359408.4375,26.622847222222223
900000.0,1138361.8,-238361.75,238361.75,26.484638888888888
730000.0,1076054.1,-346054.125,346054.125,47.404674657534244
1100000.0,1069591.2,30408.75,30408.75,2.7644318181818184
1218000.0,1181825.1,36174.875,36174.875,2.970022577996716
1102000.0,972976.4,129023.625,129023.625,11.708132940108893
840000.0,1470214.2,-630214.25,630214.25,75.02550595238095
880000.0,821259.2,58740.8125,58740.8125,6.675092329545454
540000.0,925915.0,-385915.0,385915.0,71.46574074074074
725000.0,1070249.2,-345249.25,345249.25,47.620586206896554
1600000.0,1105863.8,494136.25,494136.25,30.883515625
720000.0,891766.75,-171766.75,171766.75,23.856493055555557
930000.0,1061893.4,-131893.375,131893.375,14.182083333333335
530000.0,904786.5,-374786.5,374786.5,70.71443396226415
1580000.0,1336745.6,243254.375,243254.375,15.39584651898734
700000.0,899401.56,-199401.5625,199401.5625,28.485937500000002
700000.0,1103481.8,-403481.75,403481.75,57.64025
964000.0,765216.9,198783.125,198783.125,20.62065612033195
600000.0,873020.8,-273020.8125,273020.8125,45.503468749999996
925000.0,881982.5,43017.5,43017.5,4.650540540540541
3628000.0,1471240.6,2156759.375,2156759.375,59.447612320837926
1565000.0,1080828.8,484171.25,484171.25,30.937460063897763
490000.0,889190.4,-399190.375,399190.375,81.46742346938775
800000.0,1078347.1,-278347.125,278347.125,34.793390625
700000.0,1030762.4,-330762.375,330762.375,47.25176785714286
1600000.0,1318495.1,281504.875,281504.875,17.594054687499998
850000.0,1161437.0,-311437.0,311437.0,36.63964705882353
900000.0,1097195.8,-197195.75,197195.75,21.91063888888889
1000000.0,1061644.4,-61644.375,61644.375,6.1644375
980000.0,898943.6,81056.375,81056.375,8.271058673469387
1460000.0,1152817.9,307182.125,307182.125,21.039871575342467
1800000.0,1588686.0,211314.0,211314.0,11.739666666666666
1200000.0,1460295.5,-260295.5,260295.5,21.691291666666668
1100000.0,1100483.4,-483.375,483.375,0.04394318181818182
1080000.0,1032480.75,47519.25,47519.25,4.399930555555556
1000000.0,1298865.1,-298865.125,298865.125,29.886512500000002
720000.0,931724.06,-211724.0625,211724.0625,29.40611979166667
710000.0,875711.6,-165711.625,165711.625,23.339665492957746
900000.0,1171050.6,-271050.625,271050.625,30.11673611111111
1200000.0,977993.06,222006.9375,222006.9375,18.500578125
550000.0,899001.25,-349001.25,349001.25,63.454772727272726
1600000.0,1111392.6,488607.375,488607.375,30.537960937500003
975000.0,964796.8,10203.1875,10203.1875,1.0464807692307692
380000.0,1027596.06,-647596.0625,647596.0625,170.42001644736843
2400000.0,1179530.5,1220469.5,1220469.5,50.852895833333335
1250000.0,1092799.2,157200.75,157200.75,12.57606
450000.0,914563.9,-464563.875,464563.875,103.23641666666667
520000.0,963320.4,-443320.375,443320.375,85.25391826923077
1000000.0,859333.25,140666.75,140666.75,14.066675
1125000.0,1090674.5,34325.5,34325.5,3.0511555555555554
774000.0,948109.7,-174109.6875,174109.6875,22.494791666666668
925000.0,898013.5,26986.5,26986.5,2.9174594594594594
2460000.0,1814511.6,645488.375,645488.375,26.23936483739837
860000.0,932007.44,-72007.4375,72007.4375,8.37295784883721
413000.0,804038.06,-391038.0625,391038.0625,94.68233958837773
1850000.0,1071679.5,778320.5,778320.5,42.07137837837838
806800.0,971254.44,-164454.4375,164454.4375,20.383544558750618
600000.0,1014785.75,-414785.75,414785.75,69.13095833333334
1600000.0,997032.94,602967.0625,602967.0625,37.68544140625
1374881.0,867582.9,507298.125,507298.125,36.897602410681365
700000.0,801888.94,-101888.9375,101888.9375,14.555562499999999
1200000.0,1138802.5,61197.5,61197.5,5.0997916666666665
1330000.0,1524517.5,-194517.5,194517.5,14.625375939849624
1600000.0,1041329.9,558670.125,558670.125,34.9168828125
800000.0,842617.44,-42617.4375,42617.4375,5.3271796875
700000.0,1028018.7,-328018.6875,328018.6875,46.8598125
580000.0,775848.4,-195848.375,195848.375,33.76696120689655
700000.0,1057804.1,-357804.125,357804.125,51.114875000000005
1667500.0,1302936.2,364563.75,364563.75,21.86289355322339
1012500.0,1056621.5,-44121.5,44121.5,4.357679012345679
2100000.0,991543.94,1108456.0625,1108456.0625,52.78362202380953
1150000.0,910800.3,239199.6875,239199.6875,20.799972826086957
1147500.0,936431.7,211068.3125,211068.3125,18.393752723311547
1800000.0,1913301.8,-113301.75,113301.75,6.294541666666667
900000.0,978635.44,-78635.4375,78635.4375,8.737270833333334
832000.0,948742.8,-116742.8125,116742.8125,14.031588040865383
1420000.0,1414069.9,5930.125,5930.125,0.4176144366197183
600000.0,829319.9,-229319.875,229319.875,38.21997916666667
1800000.0,1042563.5,757436.5,757436.5,42.07980555555555
1200000.0,1083613.0,116387.0,116387.0,9.698916666666667
1274500.0,1032749.25,241750.75,241750.75,18.968281679089838
1073600.0,992472.25,81127.75,81127.75,7.556608606557377
2588000.0,1551956.5,1036043.5,1036043.5,40.03259273570325
1850000.0,919131.75,930868.25,930868.25,50.3172027027027
1050000.0,1208184.8,-158184.75,158184.75,15.065214285714285
718001.0,862041.06,-144040.0625,144040.0625,20.061262101306266
2000000.0,2152561.8,-152561.75,152561.75,7.6280874999999995
1000000.0,1045566.1,-45566.125,45566.125,4.5566125
1440000.0,1212141.9,227858.125,227858.125,15.823480902777778
700000.0,888803.94,-188803.9375,188803.9375,26.97199107142857
500000.0,929340.5,-429340.5,429340.5,85.8681
2432000.0,3017119.5,-585119.5,585119.5,24.05918996710526
440000.0,899676.94,-459676.9375,459676.9375,104.47203125
1480000.0,986934.2,493065.8125,493065.8125,33.31525760135135
665342.0,883501.4,-218159.375,218159.375,32.78905810846151
1128000.0,1093000.9,34999.125,34999.125,3.102759308510638
1000000.0,998432.4,1567.625,1567.625,0.1567625
1200000.0,1095044.1,104955.875,104955.875,8.746322916666667
1600000.0,1258132.4,341867.625,341867.625,21.3667265625
1230000.0,957369.75,272630.25,272630.25,22.16506097560976
1000000.0,787424.94,212575.0625,212575.0625,21.25750625
955000.0,884022.94,70977.0625,70977.0625,7.432153141361257
1650000.0,1571885.2,78114.75,78114.75,4.7342272727272725
1000000.0,994024.06,5975.9375,5975.9375,0.59759375
1100000.0,883253.44,216746.5625,216746.5625,19.704232954545457
730000.0,959053.5,-229053.5,229053.5,31.377191780821917
750000.0,914902.1,-164902.125,164902.125,21.98695
850000.0,1083076.4,-233076.375,233076.375,27.420749999999998
800000.0,864519.06,-64519.0625,64519.0625,8.0648828125
18800000.0,10828632.0,7971368.0,7971368.0,42.40089361702128
582800.0,1005471.4,-422671.375,422671.375,72.52425789293068
1300000.0,748387.9,551612.125,551612.125,42.43170192307693
930000.0,1170983.5,-240983.5,240983.5,25.91220430107527
700000.0,1101615.1,-401615.125,401615.125,57.37358928571429
445000.0,800461.8,-355461.8125,355461.8125,79.87905898876404
1350000.0,1079359.2,270640.75,270640.75,20.047462962962964
1861000.0,1348231.5,512768.5,512768.5,27.55338527673294
2500000.0,1505578.2,994421.75,994421.75,39.776869999999995
1200000.0,1287107.4,-87107.375,87107.375,7.258947916666666
700000.0,843825.8,-143825.8125,143825.8125,20.546544642857143
1000000.0,953212.9,46787.125,46787.125,4.6787125
893000.0,1010133.6,-117133.625,117133.625,13.116867301231801
688000.0,893899.9,-205899.875,205899.875,29.9273074127907
740000.0,996023.75,-256023.75,256023.75,34.59780405405405
500000.0,957470.3,-457470.3125,457470.3125,91.4940625
800000.0,1085122.0,-285122.0,285122.0,35.64025
2300000.0,1746527.5,553472.5,553472.5,24.064021739130435
1800000.0,1250446.9,549553.125,549553.125,30.530729166666664
650000.0,846794.06,-196794.0625,196794.0625,30.276009615384613
800000.0,866956.94,-66956.9375,66956.9375,8.369617187500001
540000.0,889007.3,-349007.3125,349007.3125,64.63098379629629
1200000.0,1147453.1,52546.875,52546.875,4.37890625
1080500.0,1348420.6,-267920.625,267920.625,24.795985654789447
1600000.0,2005975.2,-405975.25,405975.25,25.373453125
850000.0,1091428.8,-241428.75,241428.75,28.403382352941176
600000.0,981188.0,-381188.0,381188.0,63.53133333333333
625000.0,785810.44,-160810.4375,160810.4375,25.72967
845000.0,962571.5,-117571.5,117571.5,13.91378698224852
750000.0,982535.44,-232535.4375,232535.4375,31.004725
1200000.0,1078165.0,121835.0,121835.0,10.152916666666666
1033000.0,1163394.8,-130394.75,130394.75,12.622918683446274
1540000.0,1168535.4,371464.625,371464.625,24.121079545454545
724000.0,908057.06,-184057.0625,184057.0625,25.42224620165746
1300000.0,1113811.4,186188.625,186188.625,14.322201923076925
970000.0,956819.75,13180.25,13180.25,1.3587886597938144
700000.0,938525.4,-238525.375,238525.375,34.07505357142857
900000.0,1008297.5,-108297.5,108297.5,12.033055555555555
800000.0,967018.1,-167018.125,167018.125,20.877265625
1600000.0,1002704.2,597295.8125,597295.8125,37.33098828125
1740000.0,1542735.6,197264.375,197264.375,11.337033045977012
620000.0,925780.6,-305780.625,305780.625,49.31945564516129
762000.0,998392.2,-236392.1875,236392.1875,31.0225967847769
1200000.0,964757.1,235242.875,235242.875,19.603572916666668
868000.0,1053345.2,-185345.25,185345.25,21.35313940092166
700000.0,976677.44,-276677.4375,276677.4375,39.525348214285714
900000.0,989102.4,-89102.375,89102.375,9.900263888888889
1400000.0,948445.44,451554.5625,451554.5625,32.25389732142857
1456000.0,949112.56,506887.4375,506887.4375,34.8136976304945
500000.0,916649.4,-416649.375,416649.375,83.329875
1400000.0,1168229.1,231770.875,231770.875,16.555062500000002
1205000.0,1040780.75,164219.25,164219.25,13.628153526970955
1500000.0,1117460.1,382539.875,382539.875,25.502658333333333
750000.0,864432.2,-114432.1875,114432.1875,15.257624999999999
1000000.0,953008.75,46991.25,46991.25,4.6991249999999996
3000000.0,1781050.4,1218949.625,1218949.625,40.631654166666664
1710000.0,1029914.8,680085.1875,680085.1875,39.77106359649123
1006000.0,1122664.0,-116664.0,116664.0,11.596819085487077
800000.0,959798.56,-159798.5625,159798.5625,19.9748203125
900000.0,983728.3,-83728.3125,83728.3125,9.303145833333334
810000.0,1012085.9,-202085.875,202085.875,24.948873456790125
690000.0,3359558.8,-2669558.75,2669558.75,386.89257246376815
625000.0,1066104.1,-441104.125,441104.125,70.57666
1050000.0,1048606.6,1393.375,1393.375,0.13270238095238096
900000.0,1015884.7,-115884.6875,115884.6875,12.876076388888889
720000.0,1054280.6,-334280.625,334280.625,46.42786458333333
300000.0,855988.9,-555988.875,555988.875,185.32962500000002
1379600.0,1054340.0,325260.0,325260.0,23.576398956219194
750000.0,922921.0,-172921.0,172921.0,23.056133333333335
600000.0,975894.2,-375894.1875,375894.1875,62.64903125
1100000.0,972148.94,127851.0625,127851.0625,11.622823863636365
800000.0,994969.9,-194969.875,194969.875,24.371234375
650000.0,959404.3,-309404.3125,309404.3125,47.60066346153846
520000.0,1138230.4,-618230.375,618230.375,118.89045673076923
922500.0,1018169.1,-95669.125,95669.125,10.370636856368563
600000.0,840445.2,-240445.1875,240445.1875,40.07419791666666
4560000.0,1683010.1,2876989.875,2876989.875,63.091883223684206
2050000.0,1115046.2,934953.75,934953.75,45.6075
1100000.0,1158184.6,-58184.625,58184.625,5.289511363636364
700000.0,866632.7,-166632.6875,166632.6875,23.804669642857142
936000.0,1073139.9,-137139.875,137139.875,14.651696047008548
1812500.0,1261131.6,551368.375,551368.375,30.420324137931033
730000.0,907609.3,-177609.3125,177609.3125,24.33004280821918
610000.0,908410.0,-298410.0,298410.0,48.91967213114754
650000.0,884267.56,-234267.5625,234267.5625,36.04116346153846
750000.0,852381.25,-102381.25,102381.25,13.650833333333335
710000.0,958491.94,-248491.9375,248491.9375,34.99886443661972
1000000.0,1292623.1,-292623.125,292623.125,29.2623125
520000.0,2105690.2,-1585690.25,1585690.25,304.9404326923077
850000.0,945556.7,-95556.6875,95556.6875,11.241963235294119
1000000.0,1163214.4,-163214.375,163214.375,16.3214375
800000.0,787720.2,12279.8125,12279.8125,1.5349765625
920000.0,963731.3,-43731.3125,43731.3125,4.753403532608695
1080000.0,1066828.9,13171.125,13171.125,1.2195486111111111
1000000.0,1163571.6,-163571.625,163571.625,16.3571625
1260000.0,1008462.9,251537.125,251537.125,19.96326388888889
1170000.0,1044372.56,125627.4375,125627.4375,10.73738782051282
1350000.0,1106325.0,243675.0,243675.0,18.05
730000.0,1111302.9,-381302.875,381302.875,52.23327054794521
840000.0,1154282.1,-314282.125,314282.125,37.41453869047619
454500.0,845065.44,-390565.4375,390565.4375,85.9329895489549
1600000.0,1362575.6,237424.375,237424.375,14.839023437500002
1050000.0,853797.3,196202.6875,196202.6875,18.685970238095237
1000000.0,1507394.9,-507394.875,507394.875,50.7394875
750000.0,948137.5,-198137.5,198137.5,26.418333333333333
1800000.0,2034714.0,-234714.0,234714.0,13.039666666666665
1200000.0,1317670.5,-117670.5,117670.5,9.805875
745000.0,996442.0,-251442.0,251442.0,33.750604026845636
1090000.0,914469.3,175530.6875,175530.6875,16.103732798165137
1050000.0,1396916.0,-346916.0,346916.0,33.03961904761905
700800.0,1006047.06,-305247.0625,305247.0625,43.55694384988584
400000.0,912870.0,-512870.0,512870.0,128.2175
680000.0,958268.94,-278268.9375,278268.9375,40.92190257352941
1350000.0,1001944.75,348055.25,348055.25,25.78187037037037
1300000.0,1126948.6,173051.375,173051.375,13.311644230769232
600000.0,728122.56,-128122.5625,128122.5625,21.353760416666667
940000.0,879081.56,60918.4375,60918.4375,6.480684840425532
1750000.0,1068208.8,681791.25,681791.25,38.959500000000006
4831500.0,2930442.0,1901058.0,1901058.0,39.34715926730829
810000.0,1075105.9,-265105.875,265105.875,32.72912037037037
700000.0,908709.25,-208709.25,208709.25,29.815607142857143
1150000.0,1039310.7,110689.3125,110689.3125,9.625157608695652
400000.0,965130.44,-565130.4375,565130.4375,141.282609375
1492187.0,1391658.8,100528.25,100528.25,6.736973985164058
864000.0,1434653.4,-570653.375,570653.375,66.0478443287037
1300000.0,1046432.9,253567.125,253567.125,19.505163461538462
1260000.0,1148666.0,111334.0,111334.0,8.836031746031745
1040000.0,845585.4,194414.625,194414.625,18.693713942307692
2538000.0,1678695.0,859305.0,859305.0,33.85756501182033
850000.0,891593.4,-41593.375,41593.375,4.8933382352941175
1200000.0,977671.1,222328.875,222328.875,18.52740625
1600000.0,1048784.5,551215.5,551215.5,34.45096875
600000.0,963276.75,-363276.75,363276.75,60.546124999999996
600000.0,1126521.1,-526521.125,526521.125,87.75352083333333
1000000.0,1077765.2,-77765.25,77765.25,7.7765249999999995
1000000.0,978817.6,21182.375,21182.375,2.1182374999999998
1600000.0,1066785.2,533214.75,533214.75,33.325921875
1600000.0,1350925.0,249075.0,249075.0,15.5671875
1000000.0,1055985.0,-55985.0,55985.0,5.5985
900000.0,1079861.0,-179861.0,179861.0,19.984555555555556
1080000.0,1103374.6,-23374.625,23374.625,2.1643171296296297
1080000.0,1140080.4,-60080.375,60080.375,5.562997685185185
890000.0,1081213.8,-191213.75,191213.75,21.484691011235952
850000.0,1076629.8,-226629.75,226629.75,26.662323529411765
1160000.0,1114734.2,45265.75,45265.75,3.9022198275862072
1050000.0,1195447.9,-145447.875,145447.875,13.852178571428572
1717500.0,1106038.1,611461.875,611461.875,35.60185589519651
800000.0,1041649.06,-241649.0625,241649.0625,30.206132812499998
1350000.0,1006388.1,343611.875,343611.875,25.452731481481482
600000.0,849432.1,-249432.125,249432.125,41.57202083333333
1214000.0,870110.0,343890.0,343890.0,28.327018121911042
1300000.0,1079285.8,220714.25,220714.25,16.97801923076923
1600000.0,1233388.0,366612.0,366612.0,22.913249999999998
640000.0,1232177.1,-592177.125,592177.125,92.52767578125
780000.0,983289.7,-203289.6875,203289.6875,26.062780448717948
1133000.0,1108118.5,24881.5,24881.5,2.196072374227714
600000.0,952907.0,-352907.0,352907.0,58.81783333333333
1920000.0,1173261.0,746739.0,746739.0,38.89265625
850000.0,1046115.3,-196115.3125,196115.3125,23.072389705882355
1000000.0,1032204.75,-32204.75,32204.75,3.2204749999999995
900000.0,1213850.2,-313850.25,313850.25,34.87225
700000.0,884853.2,-184853.1875,184853.1875,26.407598214285716
1100000.0,1209420.0,-109420.0,109420.0,9.947272727272727
1240000.0,1305900.8,-65900.75,65900.75,5.314576612903226
1912500.0,1018928.1,893571.875,893571.875,46.72271241830065
800000.0,1002396.94,-202396.9375,202396.9375,25.2996171875
896000.0,1062157.1,-166157.125,166157.125,18.544321986607144
765000.0,944409.06,-179409.0625,179409.0625,23.45216503267974
2600000.0,2384546.2,215453.75,215453.75,8.286682692307693
1675000.0,1153379.2,521620.75,521620.75,31.14153731343284
991000.0,1197009.9,-206009.875,206009.875,20.78808022199798
770000.0,829826.3,-59826.3125,59826.3125,7.769650974025974
750000.0,872381.6,-122381.625,122381.625,16.31755
800000.0,1006000.8,-206000.8125,206000.8125,25.7501015625
1400000.0,1168538.5,231461.5,231461.5,16.532964285714286
1400000.0,910235.2,489764.8125,489764.8125,34.98320089285714
1000000.0,1039617.75,-39617.75,39617.75,3.961775
942000.0,999968.0,-57968.0,57968.0,6.153715498938428
622000.0,940906.7,-318906.6875,318906.6875,51.27117162379421
740000.0,816695.56,-76695.5625,76695.5625,10.364265202702702
1720000.0,1121584.6,598415.375,598415.375,34.79159156976744
1300000.0,1514947.6,-214947.625,214947.625,16.534432692307693
1620000.0,1365989.0,254011.0,254011.0,15.67969135802469
1800000.0,1058721.8,741278.25,741278.25,41.182125
570000.0,968908.9,-398908.875,398908.875,69.98401315789474
792800.0,1001854.4,-209054.375,209054.375,26.369118945509584
1600000.0,1320367.4,279632.625,279632.625,17.477039062499998
700000.0,923800.56,-223800.5625,223800.5625,31.971508928571428
2430000.0,1650702.2,779297.75,779297.75,32.06986625514403
972000.0,1198686.1,-226686.125,226686.125,23.321617798353913
1480000.0,1099138.8,380861.25,380861.25,25.73386824324324
500000.0,831746.2,-331746.1875,331746.1875,66.3492375
966000.0,850576.25,115423.75,115423.75,11.948628364389235
1000000.0,1101213.0,-101213.0,101213.0,10.1213
1175000.0,938244.9,236755.125,236755.125,20.14937234042553
1620000.0,1143067.8,476932.25,476932.25,29.440262345679013
650000.0,805829.1,-155829.125,155829.125,23.97371153846154
700000.0,942723.7,-242723.6875,242723.6875,34.6748125
610000.0,759370.9,-149370.875,149370.875,24.48702868852459
1490000.0,1175650.6,314349.375,314349.375,21.097273489932885
1160000.0,1194057.4,-34057.375,34057.375,2.935980603448276
650000.0,896845.1,-246845.125,246845.125,37.976173076923075
1200000.0,1087403.9,112596.125,112596.125,9.383010416666666
936000.0,1039345.9,-103345.875,103345.875,11.041225961538462
1200000.0,1020366.5,179633.5,179633.5,14.969458333333332
1881600.0,1003611.6,877988.375,877988.375,46.661797140731295
2762500.0,1529351.1,1233148.875,1233148.875,44.63887330316742
700000.0,1636966.4,-936966.375,936966.375,133.8523392857143
600000.0,940913.9,-340913.875,340913.875,56.81897916666667
700000.0,966791.4,-266791.375,266791.375,38.11305357142857
1148000.0,989474.94,158525.0625,158525.0625,13.808803353658536
758000.0,864705.3,-106705.3125,106705.3125,14.077218007915567
862000.0,969519.2,-107519.1875,107519.1875,12.473223607888631
750000.0,1008462.44,-258462.4375,258462.4375,34.46165833333333
1020000.0,1127956.8,-107956.75,107956.75,10.583995098039216
612000.0,997928.0,-385928.0,385928.0,63.06013071895424
1152000.0,1048155.1,103844.875,103844.875,9.014312065972224
1760000.0,1335334.9,424665.125,424665.125,24.12870028409091
500000.0,855650.94,-355650.9375,355650.9375,71.13018749999999
755000.0,974553.5,-219553.5,219553.5,29.079933774834437
1440000.0,1807146.8,-367146.75,367146.75,25.496302083333333
717080.0,843786.1,-126706.125,126706.125,17.669733502538072
2592000.0,1124657.0,1467343.0,1467343.0,56.61045524691358
1500000.0,1091619.4,408380.625,408380.625,27.225375000000003
650000.0,745343.2,-95343.1875,95343.1875,14.668182692307694
1150000.0,1149399.5,600.5,600.5,0.05221739130434783
2220000.0,1101897.6,1118102.375,1118102.375,50.36497184684685
690000.0,842091.8,-152091.8125,152091.8125,22.042291666666667
1200000.0,1159949.5,40050.5,40050.5,3.3375416666666666
900000.0,914495.9,-14495.875,14495.875,1.610652777777778
2034300.0,1596139.6,438160.375,438160.375,21.538631224499827
1100000.0,1156398.4,-56398.375,56398.375,5.1271249999999995
1920000.0,1090412.4,829587.625,829587.625,43.20768880208333
1300000.0,1125808.6,174191.375,174191.375,13.39933653846154
550000.0,950184.1,-400184.125,400184.125,72.76075
840000.0,1312699.0,-472699.0,472699.0,56.273690476190474
900000.0,923402.4,-23402.375,23402.375,2.6002638888888887
1843500.0,1147438.0,696062.0,696062.0,37.75763493355031
500000.0,857978.75,-357978.75,357978.75,71.59575000000001
700000.0,1067939.9,-367939.875,367939.875,52.56283928571429
684000.0,1196908.2,-512908.25,512908.25,74.98658625730994
940000.0,796991.5,143008.5,143008.5,15.213670212765956
2460001.0,995629.0,1464372.0,1464372.0,59.52729287508419
600000.0,994692.2,-394692.1875,394692.1875,65.78203124999999
740000.0,1046485.7,-306485.6875,306485.6875,41.416984797297296
700000.0,1040338.4,-340338.375,340338.375,48.61976785714286
816000.0,1405787.5,-589787.5,589787.5,72.27787990196079
1620000.0,1023047.1,596952.875,596952.875,36.848942901234565
700000.0,842917.56,-142917.5625,142917.5625,20.41679464285714
2000000.0,1097156.6,902843.375,902843.375,45.14216875
750000.0,1050997.8,-300997.75,300997.75,40.13303333333334
1000000.0,982600.5,17399.5,17399.5,1.7399499999999999
700000.0,893241.75,-193241.75,193241.75,27.605964285714286
994000.0,1007703.3,-13703.3125,13703.3125,1.3786028672032193
1400000.0,1137134.2,262865.75,262865.75,18.776125
1024000.0,876524.2,147475.8125,147475.8125,14.401934814453124
2600000.0,1117946.8,1482053.25,1482053.25,57.002048076923074
700000.0,923553.6,-223553.625,223553.625,31.93623214285714
599000.0,1095400.4,-496400.375,496400.375,82.87151502504173
800000.0,1033232.0,-233232.0,233232.0,29.154000000000003
580000.0,779932.5,-199932.5,199932.5,34.47112068965517
746250.0,895477.9,-149227.875,149227.875,19.997035175879397
1423000.0,1018405.9,404594.125,404594.125,28.432475404075895
2396000.0,1186154.5,1209845.5,1209845.5,50.49438647746244
1628800.0,1390015.2,238784.75,238784.75,14.660163924361495
1322000.0,1029216.94,292783.0625,292783.0625,22.146979009077157
800000.0,979711.1,-179711.125,179711.125,22.463890624999998
1000000.0,1401539.4,-401539.375,401539.375,40.1539375
1000000.0,1036093.25,-36093.25,36093.25,3.609325
700000.0,859877.6,-159877.625,159877.625,22.839660714285714
840000.0,1074539.1,-234539.125,234539.125,27.921324404761904
910000.0,895851.3,14148.6875,14148.6875,1.5548008241758242
850000.0,874168.25,-24168.25,24168.25,2.843323529411765
3463375.0,1687714.0,1775661.0,1775661.0,51.26967192406251
2000000.0,1100957.5,899042.5,899042.5,44.952124999999995
1625000.0,2037223.1,-412223.125,412223.125,25.367576923076925
852500.0,884731.8,-32231.8125,32231.8125,3.7808577712609974
550000.0,909397.94,-359397.9375,359397.9375,65.34507954545454
63500000.0,86847960.0,-23347960.0,23347960.0,36.76844094488189
1292000.0,1036693.5,255306.5,255306.5,19.760565015479877
930000.0,1766667.5,-836667.5,836667.5,89.96424731182796
724710.0,1023572.9,-298862.875,298862.875,41.23896110168205
550000.0,1073460.8,-523460.75,523460.75,95.17468181818181
600000.0,770290.56,-170290.5625,170290.5625,28.38176041666667
600000.0,956341.94,-356341.9375,356341.9375,59.39032291666667
1160000.0,1365460.9,-205460.875,205460.875,17.712144396551725
920000.0,1013643.25,-93643.25,93643.25,10.178614130434783
1150000.0,1049573.9,100426.125,100426.125,8.73270652173913
750000.0,1016321.25,-266321.25,266321.25,35.5095
1170000.0,1051235.9,118764.125,118764.125,10.150779914529915
688000.0,924731.3,-236731.3125,236731.3125,34.408621002906976
784000.0,846658.94,-62658.9375,62658.9375,7.992211415816326
500000.0,955618.5,-455618.5,455618.5,91.1237
601000.0,838505.3,-237505.3125,237505.3125,39.51835482529118
1501500.0,1107864.6,393635.375,393635.375,26.21614219114219
1176400.0,1409722.2,-233322.25,233322.25,19.833581264875892
700000.0,929945.5,-229945.5,229945.5,32.849357142857144
1500000.0,1223851.0,276149.0,276149.0,18.409933333333335
760000.0,1197347.5,-437347.5,437347.5,57.54572368421053
9700005.0,9087854.0,612151.0,612151.0,6.310831798540311
960000.0,1026098.1,-66098.125,66098.125,6.885221354166666
520000.0,924765.44,-404765.4375,404765.4375,77.83950721153846
800000.0,898419.4,-98419.375,98419.375,12.302421875
1500000.0,1093434.9,406565.125,406565.125,27.104341666666663
1200000.0,1057698.0,142302.0,142302.0,11.8585
1581600.0,1378893.9,202706.125,202706.125,12.816522824987356
700000.0,828799.44,-128799.4375,128799.4375,18.399919642857142
1022000.0,828710.44,193289.5625,193289.5625,18.912873043052837
1050000.0,1205384.4,-155384.375,155384.375,14.798511904761904
788000.0,873524.25,-85524.25,85524.25,10.853331218274112
1400000.0,1061514.5,338485.5,338485.5,24.177535714285714
454500.0,807896.25,-353396.25,353396.25,77.7549504950495
1911000.0,1450227.1,460772.875,460772.875,24.11161041339613
2865000.0,1543343.4,1321656.625,1321656.625,46.131121291448515
800000.0,966216.56,-166216.5625,166216.5625,20.7770703125
910000.0,1119454.8,-209454.75,209454.75,23.017005494505494
602000.0,908933.1,-306933.125,306933.125,50.98556893687708
567500.0,886009.44,-318509.4375,318509.4375,56.12501101321586
580500.0,876896.0,-296396.0,296396.0,51.05874246339363
800000.0,1049207.0,-249207.0,249207.0,31.150875
1600000.0,882864.75,717135.25,717135.25,44.820953125
960000.0,1009303.44,-49303.4375,49303.4375,5.135774739583334
1250000.0,1112721.6,137278.375,137278.375,10.98227
1650000.0,1108275.0,541725.0,541725.0,32.831818181818186
700000.0,888048.4,-188048.375,188048.375,26.86405357142857
1160000.0,1125689.0,34311.0,34311.0,2.957844827586207
1100000.0,941601.06,158398.9375,158398.9375,14.399903409090909
1000000.0,967955.94,32044.0625,32044.0625,3.20440625
450000.0,703730.8,-253730.8125,253730.8125,56.384625
1600000.0,999357.5,600642.5,600642.5,37.54015625
650000.0,838751.75,-188751.75,188751.75,29.03873076923077
1079400.0,1044148.5,35251.5,35251.5,3.2658421345191773
700000.0,967134.2,-267134.1875,267134.1875,38.16202678571429
1200000.0,1000506.56,199493.4375,199493.4375,16.624453125
950000.0,1073175.1,-123175.125,123175.125,12.96580263157895
1800000.0,1104197.1,695802.875,695802.875,38.65571527777778
1576500.0,1380880.6,195619.375,195619.375,12.408460196638122
810000.0,921169.94,-111169.9375,111169.9375,13.724683641975307
805000.0,947069.56,-142069.5625,142069.5625,17.64839285714286
1000000.0,1069976.1,-69976.125,69976.125,6.9976125
1450000.0,1085612.8,364387.25,364387.25,25.130155172413794
1500000.0,946948.3,553051.6875,553051.6875,36.870112500000005
750000.0,1009328.06,-259328.0625,259328.0625,34.577075
1000000.0,1045871.25,-45871.25,45871.25,4.587125
1600000.0,1077553.6,522446.375,522446.375,32.6528984375
550000.0,997664.0,-447664.0,447664.0,81.39345454545455
600000.0,1007662.25,-407662.25,407662.25,67.94370833333333
810000.0,939163.1,-129163.125,129163.125,15.946064814814815
2400000.0,1114525.6,1285474.375,1285474.375,53.56143229166667
720000.0,1056912.2,-336912.25,336912.25,46.793368055555554
700000.0,1251650.0,-551650.0,551650.0,78.80714285714285
1150000.0,1034189.1,115810.875,115810.875,10.070510869565217
620000.0,937559.5,-317559.5,317559.5,51.219274193548394
1400000.0,972102.75,427897.25,427897.25,30.564089285714285
2000000.0,1278272.4,721727.625,721727.625,36.08638125
900000.0,896451.3,3548.6875,3548.6875,0.39429861111111114
900000.0,969577.8,-69577.8125,69577.8125,7.730868055555555
9500000.0,9447934.0,52066.0,52066.0,0.5480631578947368
800000.0,1058103.5,-258103.5,258103.5,32.2629375
800000.0,1148087.8,-348087.75,348087.75,43.51096875
600000.0,856806.9,-256806.875,256806.875,42.80114583333333
1020000.0,863082.94,156917.0625,156917.0625,15.384025735294118
650000.0,795005.5,-145005.5,145005.5,22.30853846153846
2130000.0,1105710.9,1024289.125,1024289.125,48.08869131455399
990000.0,1029152.7,-39152.6875,39152.6875,3.954816919191919
700000.0,980567.9,-280567.875,280567.875,40.081125
800000.0,854496.06,-54496.0625,54496.0625,6.8120078125
665000.0,1001640.75,-336640.75,336640.75,50.62266917293233
550000.0,900310.25,-350310.25,350310.25,63.692772727272725
1895000.0,2028727.9,-133727.875,133727.875,7.056879947229551
1400000.0,997360.5,402639.5,402639.5,28.759964285714286
520000.0,860282.8,-340282.8125,340282.8125,65.43900240384616
2652000.0,1719722.5,932277.5,932277.5,35.15375188536953
1080000.0,1076745.6,3254.375,3254.375,0.3013310185185185
1050000.0,1075889.4,-25889.375,25889.375,2.465654761904762
1400000.0,1344409.2,55590.75,55590.75,3.9707678571428575
1600000.0,1526981.4,73018.625,73018.625,4.5636640625
1000000.0,860260.1,139739.875,139739.875,13.973987500000002
650000.0,893147.0,-243147.0,243147.0,37.40723076923077
1680000.0,1414685.5,265314.5,265314.5,15.792529761904762
1680000.0,1127374.9,552625.125,552625.125,32.89435267857143
1020000.0,1569613.4,-549613.375,549613.375,53.88366421568628
1250000.0,1003770.0,246230.0,246230.0,19.6984
1440000.0,1291977.4,148022.625,148022.625,10.279348958333333
1010000.0,1042544.5,-32544.5,32544.5,3.2222277227722773
3037500.0,1358096.4,1679403.625,1679403.625,55.28900823045267
850000.0,1025298.8,-175298.8125,175298.8125,20.623389705882353
800000.0,983746.6,-183746.625,183746.625,22.968328125
810000.0,1015503.4,-205503.375,205503.375,25.370787037037033
900000.0,1228660.0,-328660.0,328660.0,36.51777777777777
1330000.0,1034092.9,295907.125,295907.125,22.248656015037593
960000.0,1306914.0,-346914.0,346914.0,36.136875
800000.0,1172642.8,-372642.75,372642.75,46.58034375
650000.0,815794.25,-165794.25,165794.25,25.506807692307692
1000000.0,853598.6,146401.375,146401.375,14.6401375
1050000.0,1101309.1,-51309.125,51309.125,4.886583333333333
1216000.0,1060850.6,155149.375,155149.375,12.758994654605264
700000.0,965429.94,-265429.9375,265429.9375,37.9185625
1000000.0,1200287.1,-200287.125,200287.125,20.0287125
1330000.0,1127176.1,202823.875,202823.875,15.249915413533834
810000.0,773448.75,36551.25,36551.25,4.5125
840000.0,1090078.6,-250078.625,250078.625,29.77126488095238
750000.0,896070.4,-146070.375,146070.375,19.47605
2514000.0,1394594.1,1119405.875,1119405.875,44.52688444709626
620000.0,736998.4,-116998.375,116998.375,18.87070564516129
1200000.0,1006811.2,193188.8125,193188.8125,16.099067708333333
680000.0,942868.25,-262868.25,262868.25,38.65709558823529
1500000.0,1165868.6,334131.375,334131.375,22.275425
790000.0,1063508.1,-273508.125,273508.125,34.62128164556962
2245000.0,1327472.1,917527.875,917527.875,40.869838530066815
425000.0,834081.56,-409081.5625,409081.5625,96.25448529411764
1500000.0,994683.1,505316.875,505316.875,33.68779166666667
800000.0,851108.5,-51108.5,51108.5,6.3885625
870000.0,1109457.1,-239457.125,239457.125,27.523807471264366
650000.0,951661.06,-301661.0625,301661.0625,46.40939423076923
400000.0,849451.3,-449451.3125,449451.3125,112.36282812500001
600000.0,801705.4,-201705.375,201705.375,33.6175625
800000.0,896151.1,-96151.125,96151.125,12.018890625000001
700000.0,898170.94,-198170.9375,198170.9375,28.310133928571428
1000000.0,1019623.4,-19623.375,19623.375,1.9623374999999998
1180000.0,957338.25,222661.75,222661.75,18.869639830508476
1000000.0,933928.44,66071.5625,66071.5625,6.60715625
800000.0,1040159.0,-240159.0,240159.0,30.019875000000003
1260000.0,2069858.9,-809858.875,809858.875,64.27451388888889
1200000.0,995330.06,204669.9375,204669.9375,17.055828125
1034000.0,999344.94,34655.0625,34655.0625,3.3515534332688586
1250000.0,1340647.5,-90647.5,90647.5,7.2518
750000.0,1082546.6,-332546.625,332546.625,44.33955
800000.0,1025852.3,-225852.3125,225852.3125,28.231539062499998
900000.0,1146291.9,-246291.875,246291.875,27.36576388888889
600000.0,910359.06,-310359.0625,310359.0625,51.72651041666667
750000.0,1004178.56,-254178.5625,254178.5625,33.890474999999995
850000.0,1056782.2,-206782.25,206782.25,24.327323529411764
3000000.0,1035116.56,1964883.4375,1964883.4375,65.49611458333334
1450000.0,1018175.3,431824.6875,431824.6875,29.781012931034486
884500.0,860640.1,23859.875,23859.875,2.697555115884681
1000000.0,1077831.5,-77831.5,77831.5,7.78315
1304220.0,1120734.2,183485.75,183485.75,14.068619558050022
2445000.0,864551.4,1580448.625,1580448.625,64.64002556237219
645000.0,1058814.2,-413814.25,413814.25,64.1572480620155
760000.0,1304730.2,-544730.25,544730.25,71.67503289473684
700000.0,877804.8,-177804.8125,177804.8125,25.400687500000004
1734000.0,1033926.6,700073.375,700073.375,40.37332035755479
1260000.0,939181.1,320818.875,320818.875,25.461815476190473
1580000.0,1456325.6,123674.375,123674.375,7.8274920886075945
1000000.0,966808.4,33191.625,33191.625,3.3191625
1489600.0,980358.25,509241.75,509241.75,34.186476235230934
4700000.0,1108982.2,3591017.75,3591017.75,76.40463297872341
2524000.0,1193960.4,1330039.625,1330039.625,52.69570622028527
1020000.0,903649.4,116350.625,116350.625,11.406924019607843
817000.0,832012.1,-15012.125,15012.125,1.837469400244798
750000.0,1078974.4,-328974.375,328974.375,43.86325
912320.0,987558.44,-75238.4375,75238.4375,8.246935011837952
495000.0,762382.3,-267382.3125,267382.3125,54.01662878787879
700000.0,960964.7,-260964.6875,260964.6875,37.28066964285715
621681.0,862094.4,-240413.375,240413.375,38.67150113965201
1480000.0,1259853.1,220146.875,220146.875,14.87478885135135
518000.0,850666.6,-332666.625,332666.625,64.22135617760618
600000.0,678958.94,-78958.9375,78958.9375,13.159822916666666
790000.0,1047228.44,-257228.4375,257228.4375,32.56056170886076
720000.0,1012956.0,-292956.0,292956.0,40.68833333333333
2000000.0,1020774.1,979225.875,979225.875,48.96129375
411600.0,1101243.5,-689643.5,689643.5,167.5518707482993
700000.0,910971.56,-210971.5625,210971.5625,30.138794642857142
1020000.0,1091544.0,-71544.0,71544.0,7.014117647058823
1000000.0,982190.9,17809.125,17809.125,1.7809125
800000.0,910689.3,-110689.3125,110689.3125,13.8361640625
1160000.0,1074682.0,85318.0,85318.0,7.355
800000.0,1031215.0,-231215.0,231215.0,28.901875
900000.0,896705.3,3294.6875,3294.6875,0.3660763888888889
2000000.0,1489501.8,510498.25,510498.25,25.524912500000003
950000.0,1057054.4,-107054.375,107054.375,11.268881578947369
900000.0,1122273.2,-222273.25,222273.25,24.697027777777777
810000.0,1072260.9,-262260.875,262260.875,32.37788580246914
5158200.0,1124857.8,4033342.25,4033342.25,78.19282404714824
600000.0,871916.5,-271916.5,271916.5,45.31941666666667
1000000.0,931125.0,68875.0,68875.0,6.8875
841600.0,1073612.0,-232012.0,232012.0,27.56796577946768
1200000.0,1016831.3,183168.6875,183168.6875,15.264057291666667
1200000.0,1316396.2,-116396.25,116396.25,9.6996875
840000.0,1027439.25,-187439.25,187439.25,22.314196428571428
900000.0,827502.7,72497.3125,72497.3125,8.055256944444444
570000.0,1123728.9,-553728.875,553728.875,97.14541666666666
800000.0,909506.0,-109506.0,109506.0,13.688249999999998
800000.0,1086308.8,-286308.75,286308.75,35.78859375
700000.0,1094154.2,-394154.25,394154.25,56.30775
680000.0,886694.6,-206694.625,206694.625,30.396268382352943
1260000.0,1109227.2,150772.75,150772.75,11.96609126984127
400000.0,895711.7,-495711.6875,495711.6875,123.927921875
1000000.0,970224.94,29775.0625,29775.0625,2.9775062500000002
700000.0,884286.0,-184286.0,184286.0,26.326571428571427
1680000.0,1030569.5,649430.5,649430.5,38.65657738095238
588000.0,873758.6,-285758.625,285758.625,48.598405612244896
680000.0,786896.6,-106896.625,106896.625,15.720091911764705
1120000.0,1009711.0,110289.0,110289.0,9.847232142857143
600000.0,793840.94,-193840.9375,193840.9375,32.30682291666667
1000000.0,1323753.2,-323753.25,323753.25,32.375325
800000.0,963988.44,-163988.4375,163988.4375,20.4985546875
600000.0,754915.25,-154915.25,154915.25,25.819208333333332
750000.0,991742.0,-241742.0,241742.0,32.23226666666667
845000.0,961433.8,-116433.8125,116433.8125,13.779149408284026
650000.0,1004512.25,-354512.25,354512.25,54.54034615384615
1500000.0,1186465.4,313534.625,313534.625,20.902308333333334
1550000.0,1494686.2,55313.75,55313.75,3.5686290322580647
550000.0,887120.2,-337120.1875,337120.1875,61.29457954545454
2700000.0,3490314.8,-790314.75,790314.75,29.27091666666667
1500000.0,1066489.2,433510.75,433510.75,28.900716666666664
720000.0,1050345.4,-330345.375,330345.375,45.88130208333333
1520000.0,1392833.1,127166.875,127166.875,8.36624177631579
750000.0,868267.25,-118267.25,118267.25,15.768966666666667
1000000.0,1113747.2,-113747.25,113747.25,11.374725
750000.0,983456.56,-233456.5625,233456.5625,31.12754166666667
680000.0,919750.8,-239750.8125,239750.8125,35.257472426470585
1145000.0,1253516.5,-108516.5,108516.5,9.477423580786027
600000.0,835203.75,-235203.75,235203.75,39.200625
600000.0,866905.9,-266905.875,266905.875,44.4843125
1000000.0,873474.6,126525.375,126525.375,12.6525375
1800000.0,948480.4,851519.625,851519.625,47.306645833333334
1176000.0,1068469.4,107530.625,107530.625,9.1437606292517
940000.0,889773.94,50226.0625,50226.0625,5.343198138297872
1000000.0,1056782.0,-56782.0,56782.0,5.6782
1000000.0,991281.6,8718.375,8718.375,0.8718375
700000.0,911032.06,-211032.0625,211032.0625,30.147437500000002
1200000.0,1044951.6,155048.375,155048.375,12.920697916666668
741000.0,894631.7,-153631.6875,153631.6875,20.73302125506073
1160000.0,1071113.9,88886.125,88886.125,7.662596982758621
1200000.0,1322093.4,-122093.375,122093.375,10.174447916666667
600000.0,903790.2,-303790.1875,303790.1875,50.63169791666666
600000.0,810198.06,-210198.0625,210198.0625,35.03301041666666
1200000.0,1431725.0,-231725.0,231725.0,19.310416666666665
1225000.0,1001620.0,223380.0,223380.0,18.235102040816326
2280000.0,1113330.8,1166669.25,1166669.25,51.16970394736842
825000.0,1158190.1,-333190.125,333190.125,40.38668181818182
1347500.0,1554294.6,-206794.625,206794.625,15.346539888682745
460000.0,840512.44,-380512.4375,380512.4375,82.72009510869566
700000.0,951939.8,-251939.8125,251939.8125,35.99140178571428
700000.0,890054.7,-190054.6875,190054.6875,27.150669642857146
1440000.0,1070035.5,369964.5,369964.5,25.691979166666666
700000.0,987728.1,-287728.125,287728.125,41.10401785714286
600000.0,748291.0,-148291.0,148291.0,24.715166666666665
800000.0,1307466.8,-507466.75,507466.75,63.433343750000006
950000.0,938776.2,11223.8125,11223.8125,1.1814539473684211
1426000.0,1187732.4,238267.625,238267.625,16.708809607293126
1485000.0,1129302.5,355697.5,355697.5,23.952693602693603
900000.0,1437505.9,-537505.875,537505.875,59.722874999999995
800000.0,970444.2,-170444.1875,170444.1875,21.3055234375
3150000.0,1543092.5,1606907.5,1606907.5,51.012936507936516
800000.0,982310.6,-182310.625,182310.625,22.788828125
1350000.0,1046269.3,303730.6875,303730.6875,22.498569444444446
780000.0,1510710.0,-730710.0,730710.0,93.68076923076923
793000.0,859711.5,-66711.5,66711.5,8.412547288776796
900000.0,1093974.4,-193974.375,193974.375,21.552708333333335
1560000.0,1454151.8,105848.25,105848.25,6.785144230769231
500000.0,881308.56,-381308.5625,381308.5625,76.2617125
2400000.0,2004633.0,395367.0,395367.0,16.473625
750000.0,846619.0,-96619.0,96619.0,12.882533333333331
9000000.0,6939284.0,2060716.0,2060716.0,22.896844444444444
885600.0,1039194.2,-153594.1875,153594.1875,17.34351710704607
1131000.0,1117619.0,13381.0,13381.0,1.1831122900088415
1221000.0,1180282.2,40717.75,40717.75,3.3347870597870597
2472500.0,1538314.5,934185.5,934185.5,37.78303336703741
950000.0,1080603.6,-130603.625,130603.625,13.74775
1400000.0,1225590.0,174410.0,174410.0,12.457857142857144
900000.0,982065.2,-82065.1875,82065.1875,9.118354166666668
400000.0,844627.2,-444627.1875,444627.1875,111.156796875
800000.0,851906.75,-51906.75,51906.75,6.48834375
1800000.0,978060.4,821939.625,821939.625,45.663312499999996
800000.0,997245.5,-197245.5,197245.5,24.6556875
2198415.0,1060534.5,1137880.5,1137880.5,51.75913101029606
1130000.0,1055682.8,74317.25,74317.25,6.5767477876106195
927500.0,958989.06,-31489.0625,31489.0625,3.395047169811321
1500000.0,891662.25,608337.75,608337.75,40.55585
1020000.0,1059214.0,-39214.0,39214.0,3.8445098039215684
1220000.0,953760.7,266239.3125,266239.3125,21.822894467213114
1400000.0,906788.2,493211.8125,493211.8125,35.22941517857143
1200000.0,2323605.2,-1123605.25,1123605.25,93.63377083333333
760000.0,968227.7,-208227.6875,208227.6875,27.398379934210524
9000000.0,978160.4,8021839.625,8021839.625,89.13155138888888
1500000.0,1889769.8,-389769.75,389769.75,25.98465
588000.0,854612.1,-266612.125,266612.125,45.3421981292517
600000.0,971918.44,-371918.4375,371918.4375,61.98640625
710000.0,865474.2,-155474.1875,155474.1875,21.897772887323942
1240000.0,1415510.0,-175510.0,175510.0,14.154032258064516
700000.0,887690.06,-187690.0625,187690.0625,26.81286607142857
1250000.0,1072796.4,177203.625,177203.625,14.17629
550000.0,734228.8,-184228.8125,184228.8125,33.49614772727273
810000.0,1015527.75,-205527.75,205527.75,25.373796296296298
2160000.0,1180385.2,979614.75,979614.75,45.352534722222224
565000.0,980845.5,-415845.5,415845.5,73.60097345132743
800000.0,1021125.1,-221125.125,221125.125,27.640640625000003
450000.0,802683.5,-352683.5,352683.5,78.3741111111111
2091500.0,1187953.6,903546.375,903546.375,43.200878556060246
1500000.0,1477421.5,22578.5,22578.5,1.5052333333333332
578300.0,940948.06,-362648.0625,362648.0625,62.70933122946567
800000.0,1093204.1,-293204.125,293204.125,36.650515625000004
1050000.0,904035.5,145964.5,145964.5,13.90138095238095
607500.0,819647.6,-212147.625,212147.625,34.92141975308642
888000.0,886923.6,1076.375,1076.375,0.1212134009009009
940000.0,936835.9,3164.125,3164.125,0.33660904255319146
1500000.0,1403817.8,96182.25,96182.25,6.41215
1000000.0,906560.56,93439.4375,93439.4375,9.34394375
700000.0,996734.06,-296734.0625,296734.0625,42.39058035714286
1600000.0,1155535.0,444465.0,444465.0,27.779062500000002
700000.0,976974.7,-276974.6875,276974.6875,39.5678125
500000.0,816659.8,-316659.8125,316659.8125,63.3319625
2427150.0,1007958.06,1419191.9375,1419191.9375,58.471538120841316
2000000.0,1131399.4,868600.625,868600.625,43.43003125
1424150.0,1107480.0,316670.0,316670.0,22.23571955201348
724710.0,1219434.8,-494724.75,494724.75,68.26520263277725
1500000.0,1192876.2,307123.75,307123.75,20.47491666666667
600000.0,947857.56,-347857.5625,347857.5625,57.97626041666667
650000.0,787309.6,-137309.625,137309.625,21.12455769230769
1800000.0,1449814.0,350186.0,350186.0,19.454777777777778
500000.0,931781.7,-431781.6875,431781.6875,86.3563375
1500000.0,1818935.1,-318935.125,318935.125,21.262341666666668
650000.0,946731.6,-296731.625,296731.625,45.65101923076923
1500000.0,1940900.0,-440900.0,440900.0,29.39333333333333
1180000.0,930478.6,249521.375,249521.375,21.145879237288135
1510000.0,1098640.1,411359.875,411359.875,27.24237582781457
500000.0,1005473.56,-505473.5625,505473.5625,101.0947125
1130000.0,929690.9,200309.125,200309.125,17.726471238938053
700000.0,1026195.6,-326195.625,326195.625,46.599374999999995
500000.0,789689.25,-289689.25,289689.25,57.937850000000005
1200000.0,872200.56,327799.4375,327799.4375,27.316619791666668
1500000.0,1043002.7,456997.3125,456997.3125,30.4664875
650000.0,878994.8,-228994.8125,228994.8125,35.22997115384615
670000.0,961194.25,-291194.25,291194.25,43.461828358208955
1290000.0,1184853.1,105146.875,105146.875,8.150920542635658
800000.0,882498.8,-82498.8125,82498.8125,10.3123515625
750000.0,874226.3,-124226.3125,124226.3125,16.56350833333333
1200000.0,1028543.6,171456.375,171456.375,14.28803125
540000.0,875477.56,-335477.5625,335477.5625,62.12547453703704
800000.0,1404602.2,-604602.25,604602.25,75.57528125
745000.0,799009.56,-54009.5625,54009.5625,7.249605704697987
1500000.0,1201624.6,298375.375,298375.375,19.891691666666667
720000.0,1005291.9,-285291.875,285291.875,39.62387152777778
700000.0,960998.44,-260998.4375,260998.4375,37.285491071428574
1550000.0,996341.6,553658.375,553658.375,35.719895161290324
940000.0,987487.0,-47487.0,47487.0,5.051808510638297
600000.0,932285.44,-332285.4375,332285.4375,55.380906249999995
800000.0,894082.8,-94082.8125,94082.8125,11.7603515625
620000.0,1597884.9,-977884.875,977884.875,157.72336693548388
1750000.0,1197591.8,552408.25,552408.25,31.566185714285716
800000.0,1188572.4,-388572.375,388572.375,48.571546874999996
1200000.0,1053685.5,146314.5,146314.5,12.192875
695000.0,938188.25,-243188.25,243188.25,34.991115107913664
2000000.0,1213656.2,786343.75,786343.75,39.3171875
1450000.0,1188406.1,261593.875,261593.875,18.040956896551723
800000.0,942901.75,-142901.75,142901.75,17.86271875
705000.0,773427.44,-68427.4375,68427.4375,9.7060195035461
1500000.0,1013016.06,486983.9375,486983.9375,32.46559583333333
900000.0,847774.06,52225.9375,52225.9375,5.802881944444445
970800.0,966571.5,4228.5,4228.5,0.4355686032138442
850000.0,1046322.1,-196322.125,196322.125,23.096720588235296
1052400.0,941939.4,110460.625,110460.625,10.496068510072217
980000.0,1071945.2,-91945.25,91945.25,9.382168367346939
580000.0,1231925.1,-651925.125,651925.125,112.40088362068965
645750.0,1051275.6,-405525.625,405525.625,62.79916763453349
1200000.0,1371287.9,-171287.875,171287.875,14.273989583333332
980000.0,955222.1,24777.875,24777.875,2.528354591836735
700000.0,1019725.94,-319725.9375,319725.9375,45.67513392857143
700000.0,806601.94,-106601.9375,106601.9375,15.228848214285714
700000.0,1062484.1,-362484.125,362484.125,51.78344642857143
793000.0,933342.75,-140342.75,140342.75,17.69769861286255
780000.0,974609.2,-194609.1875,194609.1875,24.949895833333333
500000.0,771544.4,-271544.375,271544.375,54.308875
2430000.0,1668414.4,761585.625,761585.625,31.340972222222224
1500000.0,1057451.6,442548.375,442548.375,29.503225
800000.0,789267.1,10732.875,10732.875,1.341609375
800000.0,863645.3,-63645.3125,63645.3125,7.9556640624999995
1223200.0,1099548.5,123651.5,123651.5,10.108853826030085
650000.0,789514.25,-139514.25,139514.25,21.463730769230768
300000.0,894289.7,-594289.6875,594289.6875,198.0965625
620000.0,923206.9,-303206.875,303206.875,48.90433467741936
700000.0,1005916.8,-305916.8125,305916.8125,43.70240178571429
768000.0,1156052.4,-388052.375,388052.375,50.52765299479167
700000.0,941638.1,-241638.125,241638.125,34.51973214285714
1200000.0,979973.94,220026.0625,220026.0625,18.335505208333334
400000.0,873847.1,-473847.125,473847.125,118.46178125
570000.0,1067454.1,-497454.125,497454.125,87.27265350877192
600000.0,985580.44,-385580.4375,385580.4375,64.26340625
1000000.0,1099883.0,-99883.0,99883.0,9.9883
2068000.0,1082195.1,985804.875,985804.875,47.669481382978724
760000.0,1036431.25,-276431.25,276431.25,36.37253289473684
1600000.0,1084595.6,515404.375,515404.375,32.2127734375
2700000.0,2135395.2,564604.75,564604.75,20.911287037037038
1000000.0,1004692.44,-4692.4375,4692.4375,0.46924375000000007
1000000.0,1081281.2,-81281.25,81281.25,8.128125
1600000.0,981180.4,618819.625,618819.625,38.6762265625
580000.0,1044176.1,-464176.125,464176.125,80.03036637931035
580500.0,885190.94,-304690.9375,304690.9375,52.487672265288545
840000.0,877104.2,-37104.1875,37104.1875,4.4171651785714285
580500.0,844656.7,-264156.6875,264156.6875,45.50502799310939
1200000.0,1455096.2,-255096.25,255096.25,21.258020833333333
600000.0,1007673.5,-407673.5,407673.5,67.94558333333333
820000.0,930268.8,-110268.8125,110268.8125,13.447416158536585
1550000.0,1005486.1,544513.875,544513.875,35.12992741935484
705000.0,1091746.6,-386746.625,386746.625,54.85767730496454
850000.0,996387.25,-146387.25,146387.25,17.222029411764705
950000.0,1092640.5,-142640.5,142640.5,15.014789473684212
520000.0,995612.56,-475612.5625,475612.5625,91.46395432692309
550000.0,888963.6,-338963.625,338963.625,61.62975000000001
1000000.0,1235869.6,-235869.625,235869.625,23.5869625
2000000.0,2130207.5,-130207.5,130207.5,6.510375
380000.0,1083846.2,-703846.25,703846.25,185.22269736842105
720000.0,876504.75,-156504.75,156504.75,21.73677083333333
800000.0,1023217.5,-223217.5,223217.5,27.902187499999997
1060000.0,1068467.8,-8467.75,8467.75,0.7988443396226416
1150000.0,1338702.5,-188702.5,188702.5,16.40891304347826
1300000.0,1077230.5,222769.5,222769.5,17.136115384615387
800000.0,1028785.25,-228785.25,228785.25,28.598156250000002
628000.0,965040.56,-337040.5625,337040.5625,53.6688793789809
1600000.0,1358100.1,241899.875,241899.875,15.1187421875
588500.0,847340.0,-258840.0,258840.0,43.983007646559045
1000000.0,1065983.6,-65983.625,65983.625,6.5983625
700000.0,995481.1,-295481.125,295481.125,42.21158928571428
1250000.0,1195744.8,54255.25,54255.25,4.34042
950000.0,1026925.3,-76925.3125,76925.3125,8.097401315789474
790000.0,1097641.2,-307641.25,307641.25,38.941930379746836
900000.0,1077153.5,-177153.5,177153.5,19.683722222222222
800000.0,963063.75,-163063.75,163063.75,20.38296875
900000.0,1057515.8,-157515.75,157515.75,17.501749999999998
1109200.0,1027208.0,81992.0,81992.0,7.3919942300757295
1280000.0,1177479.6,102520.375,102520.375,8.009404296875001
900000.0,998558.2,-98558.1875,98558.1875,10.950909722222223
1450000.0,1208670.4,241329.625,241329.625,16.643422413793104
1200000.0,1029219.6,170780.375,170780.375,14.231697916666667
2000000.0,1173481.9,826518.125,826518.125,41.32590625
770000.0,1239569.9,-469569.875,469569.875,60.983100649350654
1100000.0,1082980.2,17019.75,17019.75,1.54725
900000.0,955459.3,-55459.3125,55459.3125,6.162145833333333
900000.0,903697.7,-3697.6875,3697.6875,0.41085416666666663
650000.0,956623.6,-306623.625,306623.625,47.172865384615385
800000.0,1090666.9,-290666.875,290666.875,36.333359375
800000.0,1125412.2,-325412.25,325412.25,40.67653125
1650000.0,1081866.8,568133.25,568133.25,34.43231818181818
700000.0,1158047.8,-458047.75,458047.75,65.43539285714286
800000.0,964082.2,-164082.1875,164082.1875,20.5102734375
1350000.0,1110812.5,239187.5,239187.5,17.71759259259259
600000.0,978003.25,-378003.25,378003.25,63.00054166666666
1700000.0,963657.6,736342.375,736342.375,43.314257352941176
1400000.0,1034306.06,365693.9375,365693.9375,26.120995535714286
1000000.0,1112205.5,-112205.5,112205.5,11.22055
850000.0,1108328.0,-258328.0,258328.0,30.391529411764708
720000.0,1227826.6,-507826.625,507826.625,70.53147569444445
1350000.0,1090701.9,259298.125,259298.125,19.207268518518518
600000.0,1094632.9,-494632.875,494632.875,82.4388125
841000.0,1085300.8,-244300.75,244300.75,29.04884066587396
1000000.0,994501.4,5498.625,5498.625,0.5498625
600000.0,870668.5,-270668.5,270668.5,45.11141666666666
780000.0,975097.0,-195097.0,195097.0,25.012435897435896
800000.0,868275.56,-68275.5625,68275.5625,8.534445312499999
1000000.0,1033903.7,-33903.6875,33903.6875,3.3903687500000004
1650000.0,1055456.9,594543.125,594543.125,36.032916666666665
1200000.0,1090195.2,109804.75,109804.75,9.150395833333333
5304000.0,879699.56,4424300.4375,4424300.4375,83.41441247171946
600000.0,994894.94,-394894.9375,394894.9375,65.81582291666666
640000.0,1012272.0,-372272.0,372272.0,58.167500000000004
1810000.0,1032022.25,777977.75,777977.75,42.982196132596684
1100000.0,968977.56,131022.4375,131022.4375,11.91113068181818
1500000.0,1371729.8,128270.25,128270.25,8.551350000000001
1000000.0,1035198.1,-35198.125,35198.125,3.5198124999999996
1900000.0,998100.94,901899.0625,901899.0625,47.46837171052631
600000.0,924194.2,-324194.1875,324194.1875,54.03236458333333
1092000.0,989986.6,102013.375,102013.375,9.341884157509158
700000.0,931737.2,-231737.1875,231737.1875,33.105312500000004
1000000.0,1120981.1,-120981.125,120981.125,12.0981125
1200000.0,1030203.4,169796.625,169796.625,14.149718750000002
1350000.0,920067.44,429932.5625,429932.5625,31.846856481481485
600000.0,1031403.2,-431403.1875,431403.1875,71.90053125
500000.0,929106.56,-429106.5625,429106.5625,85.8213125
400000.0,926529.0,-526529.0,526529.0,131.63225
909200.0,1009732.75,-100532.75,100532.75,11.057275626924769
4500000.0,4101684.8,398315.25,398315.25,8.85145
3430930.0,885123.06,2545806.9375,2545806.9375,74.20165778666426
632000.0,981510.1,-349510.125,349510.125,55.30223496835443
642800.0,849896.06,-207096.0625,207096.0625,32.217806860609834
2690000.0,1256222.0,1433778.0,1433778.0,53.30029739776951
400000.0,1012194.75,-612194.75,612194.75,153.0486875
1000000.0,1076215.4,-76215.375,76215.375,7.6215375000000005
1230000.0,1092591.0,137409.0,137409.0,11.171463414634147
600000.0,1079704.8,-479704.75,479704.75,79.95079166666666
730000.0,867830.56,-137830.5625,137830.5625,18.88089897260274
1000000.0,1045187.75,-45187.75,45187.75,4.518775
650000.0,1074063.9,-424063.875,424063.875,65.24059615384616
2680000.0,1780604.2,899395.75,899395.75,33.55954291044776
700000.0,909950.75,-209950.75,209950.75,29.992964285714287
2160000.0,1716127.8,443872.25,443872.25,20.549641203703704
570000.0,923984.94,-353984.9375,353984.9375,62.10262061403509
630000.0,1006875.94,-376875.9375,376875.9375,59.821577380952384
2000000.0,1522467.5,477532.5,477532.5,23.876625
370000.0,995172.94,-625172.9375,625172.9375,168.96565878378377
720000.0,884619.44,-164619.4375,164619.4375,22.86381076388889
1080000.0,1556617.9,-476617.875,476617.875,44.131284722222226
1456000.0,1439085.4,16914.625,16914.625,1.1617187500000001
1200000.0,1055957.0,144043.0,144043.0,12.003583333333333
900000.0,1026818.06,-126818.0625,126818.0625,14.090895833333333
625000.0,966757.94,-341757.9375,341757.9375,54.681270000000005
1340000.0,1385752.4,-45752.375,45752.375,3.4143563432835817
700000.0,817606.6,-117606.625,117606.625,16.80094642857143
1000000.0,1148370.0,-148370.0,148370.0,14.837
1200000.0,1056997.2,143002.75,143002.75,11.916895833333333
950000.0,1039869.44,-89869.4375,89869.4375,9.459940789473684
1800000.0,920134.5,879865.5,879865.5,48.88141666666667
1160000.0,1017371.9,142628.125,142628.125,12.295528017241379
1000000.0,1309517.1,-309517.125,309517.125,30.9517125
900000.0,960934.6,-60934.625,60934.625,6.770513888888889
1100000.0,1019142.9,80857.125,80857.125,7.350647727272727
500000.0,974188.3,-474188.3125,474188.3125,94.8376625
1652800.0,1584872.0,67928.0,67928.0,4.109874152952566
655500.0,1077288.6,-421788.625,421788.625,64.34609077040427
860000.0,927889.3,-67889.3125,67889.3125,7.894106104651163
1350000.0,936840.9,413159.125,413159.125,30.60437962962963
1800000.0,1687411.6,112588.375,112588.375,6.254909722222222
630000.0,1195835.9,-565835.875,565835.875,89.81521825396825
900000.0,1021844.0,-121844.0,121844.0,13.53822222222222
880000.0,847315.3,32684.6875,32684.6875,3.7141690340909093
810000.0,1077370.2,-267370.25,267370.25,33.00867283950617
630000.0,1038026.3,-408026.3125,408026.3125,64.76608134920635
3408000.0,1646123.4,1761876.625,1761876.625,51.6982577758216
650000.0,1056822.4,-406822.375,406822.375,62.5880576923077
770000.0,893448.5,-123448.5,123448.5,16.03227272727273
510000.0,830966.1,-320966.125,320966.125,62.934534313725486
1096000.0,1120841.0,-24841.0,24841.0,2.266514598540146
720000.0,1056680.1,-336680.125,336680.125,46.761128472222225
414000.0,1127856.4,-713856.375,713856.375,172.4290760869565
765000.0,1034792.9,-269792.875,269792.875,35.267042483660134
1780000.0,1039327.0,740673.0,740673.0,41.61084269662921
1150000.0,1268312.0,-118312.0,118312.0,10.288
800000.0,1017389.5,-217389.5,217389.5,27.1736875
850000.0,801391.7,48608.3125,48608.3125,5.718625
1040000.0,1078409.5,-38409.5,38409.5,3.693221153846154
766800.0,870154.9,-103354.875,103354.875,13.478726525821596
2040000.0,1401813.8,638186.25,638186.25,31.283639705882354
2160000.0,1267656.1,892343.875,892343.875,41.312216435185185
1200000.0,1186019.9,13980.125,13980.125,1.1650104166666666
944000.0,1142916.9,-198916.875,198916.875,21.07170286016949
800000.0,825782.56,-25782.5625,25782.5625,3.2228203125
700000.0,934895.3,-234895.3125,234895.3125,33.55647321428572
1500000.0,1100503.9,399496.125,399496.125,26.633075
1200000.0,1308009.0,-108009.0,108009.0,9.00075
860000.0,930907.4,-70907.375,70907.375,8.245043604651164
1300000.0,915475.1,384524.875,384524.875,29.578836538461537
970000.0,1017432.94,-47432.9375,47432.9375,4.8899935567010315
1200000.0,908443.56,291556.4375,291556.4375,24.296369791666667
1052000.0,1048096.1,3903.875,3903.875,0.3710907794676806
572000.0,934991.94,-362991.9375,362991.9375,63.46012893356643
1245136.0,1038152.8,206983.1875,206983.1875,16.623339739594712
1250000.0,1311991.4,-61991.375,61991.375,4.95931
1000000.0,1091727.4,-91727.375,91727.375,9.1727375
800000.0,1016963.75,-216963.75,216963.75,27.120468749999997
700000.0,990196.6,-290196.625,290196.625,41.45666071428572
710000.0,1125008.9,-415008.875,415008.875,58.45195422535211
800000.0,936098.94,-136098.9375,136098.9375,17.0123671875
650000.0,981602.56,-331602.5625,331602.5625,51.01577884615385
1140000.0,1185263.2,-45263.25,45263.25,3.9704605263157897
2500000.0,1066440.6,1433559.375,1433559.375,57.342375000000004
1575000.0,1030059.0,544941.0,544941.0,34.59942857142857
500000.0,833521.4,-333521.375,333521.375,66.704275
1300000.0,1414415.9,-114415.875,114415.875,8.801221153846154
2875000.0,1889825.5,985174.5,985174.5,34.26693913043478
960000.0,1019194.5,-59194.5,59194.5,6.16609375
800000.0,981613.3,-181613.3125,181613.3125,22.701664062499997
910000.0,984589.9,-74589.875,74589.875,8.19668956043956
945000.0,1027728.9,-82728.875,82728.875,8.754378306878307
976000.0,1085507.6,-109507.625,109507.625,11.220043545081968
800000.0,959536.0,-159536.0,159536.0,19.942
1800000.0,1113518.8,686481.25,686481.25,38.13784722222222
863200.0,926752.0,-63552.0,63552.0,7.362372567191844
1170000.0,1051181.6,118818.375,118818.375,10.155416666666667
500000.0,872152.94,-372152.9375,372152.9375,74.4305875
890000.0,1147776.2,-257776.25,257776.25,28.963623595505616
1080000.0,1063826.0,16174.0,16174.0,1.4975925925925926
700000.0,981243.7,-281243.6875,281243.6875,40.17766964285715
500000.0,971565.5,-471565.5,471565.5,94.3131
2635000.0,1566596.9,1068403.125,1068403.125,40.54660815939279
550000.0,1001146.3,-451146.3125,451146.3125,82.02660227272727
400000.0,857110.5,-457110.5,457110.5,114.277625
1150000.0,1124385.5,25614.5,25614.5,2.2273478260869566
1160000.0,1260559.9,-100559.875,100559.875,8.668954741379311
700000.0,1023523.6,-323523.625,323523.625,46.217660714285714
1050000.0,1071808.5,-21808.5,21808.5,2.077
600000.0,1026822.7,-426822.6875,426822.6875,71.13711458333334
935600.0,1011177.75,-75577.75,75577.75,8.077998076100897
800000.0,1162598.5,-362598.5,362598.5,45.3248125
700000.0,958022.6,-258022.625,258022.625,36.860375
950000.0,974634.8,-24634.8125,24634.8125,2.593138157894737
900000.0,1285178.8,-385178.75,385178.75,42.79763888888889
500000.0,847846.44,-347846.4375,347846.4375,69.5692875
1295000.0,922683.44,372316.5625,372316.5625,28.750313706563706
1600000.0,1579739.9,20260.125,20260.125,1.2662578125000001
950000.0,981172.56,-31172.5625,31172.5625,3.281322368421052
400000.0,917299.94,-517299.9375,517299.9375,129.32498437499999
1000000.0,1122219.6,-122219.625,122219.625,12.2219625
600000.0,829350.44,-229350.4375,229350.4375,38.22507291666667
1200000.0,1148969.0,51031.0,51031.0,4.252583333333333
500000.0,920586.2,-420586.1875,420586.1875,84.1172375
720000.0,1051453.8,-331453.75,331453.75,46.03524305555556
450000.0,1271050.4,-821050.375,821050.375,182.4556388888889
500000.0,940564.44,-440564.4375,440564.4375,88.1128875
1350000.0,970400.4,379599.625,379599.625,28.118490740740743
500000.0,865605.1,-365605.125,365605.125,73.12102499999999
1150000.0,1049788.2,100211.75,100211.75,8.714065217391305
720000.0,1080811.4,-360811.375,360811.375,50.11269097222222
800000.0,918209.2,-118209.1875,118209.1875,14.7761484375
700000.0,888853.9,-188853.875,188853.875,26.979125
850000.0,821141.5,28858.5,28858.5,3.3951176470588234
1055000.0,1201930.0,-146930.0,146930.0,13.927014218009479
900000.0,918406.6,-18406.625,18406.625,2.0451805555555556
450000.0,818543.75,-368543.75,368543.75,81.89861111111111
820000.0,1108761.5,-288761.5,288761.5,35.214817073170735
1146375.0,962427.75,183947.25,183947.25,16.04599280340203
335000.0,813490.56,-478490.5625,478490.5625,142.8330037313433
1400000.0,1197491.2,202508.75,202508.75,14.464910714285715
960000.0,1197439.9,-237439.875,237439.875,24.733320312500002
1520000.0,1392098.2,127901.75,127901.75,8.414588815789473
650000.0,969184.0,-319184.0,319184.0,49.105230769230765
1465000.0,1951891.1,-486891.125,486891.125,33.23488907849829
810000.0,915514.2,-105514.1875,105514.1875,13.026442901234567
630000.0,852041.8,-222041.8125,222041.8125,35.244732142857146
1000000.0,985277.75,14722.25,14722.25,1.472225
550000.0,955544.7,-405544.6875,405544.6875,73.73539772727273
1850000.0,1577261.8,272738.25,272738.25,14.742608108108108
908000.0,911325.06,-3325.0625,3325.0625,0.36619631057268726
850000.0,843469.75,6530.25,6530.25,0.768264705882353
1056000.0,1030339.7,25660.3125,25660.3125,2.429953835227273
998000.0,1018753.6,-20753.625,20753.625,2.079521543086172
1520000.0,1024196.3,495803.6875,495803.6875,32.618663651315785
935000.0,973439.7,-38439.6875,38439.6875,4.111196524064171
600000.0,918804.9,-318804.875,318804.875,53.134145833333335
3278000.0,1457301.8,1820698.25,1820698.25,55.542960646735814
1720000.0,1038462.6,681537.375,681537.375,39.624265988372095
850000.0,1256090.6,-406090.625,406090.625,47.77536764705882
700000.0,855461.0,-155461.0,155461.0,22.208714285714283
1200000.0,1326365.1,-126365.125,126365.125,10.530427083333334
500000.0,843605.56,-343605.5625,343605.5625,68.7211125
500000.0,881378.56,-381378.5625,381378.5625,76.2757125
993600.0,892130.7,101469.3125,101469.3125,10.212289905394526
1200000.0,1615081.1,-415081.125,415081.125,34.59009375
955000.0,871274.7,83725.3125,83725.3125,8.767048429319372
1200000.0,945059.7,254940.3125,254940.3125,21.245026041666666
1717440.0,1547705.1,169734.875,169734.875,9.883016291689957
1600000.0,1189700.8,410299.25,410299.25,25.643703125000002
1200000.0,1411882.9,-211882.875,211882.875,17.656906250000002
825000.0,1026507.56,-201507.5625,201507.5625,24.42515909090909
1455000.0,1110959.0,344041.0,344041.0,23.645429553264606
700000.0,914473.5,-214473.5,214473.5,30.63907142857143
1920000.0,1088426.0,831574.0,831574.0,43.31114583333333
670000.0,827407.6,-157407.625,157407.625,23.49367537313433
900000.0,935666.8,-35666.8125,35666.8125,3.9629791666666665
1100000.0,989382.1,110617.875,110617.875,10.056170454545455
900000.0,1016245.5,-116245.5,116245.5,12.916166666666667
600000.0,748877.9,-148877.875,148877.875,24.812979166666665
2705611.0,1762791.8,942819.25,942819.25,34.846814638172305
883000.0,842389.0,40611.0,40611.0,4.5992072480181205
642000.0,948733.06,-306733.0625,306733.0625,47.77773559190031
550000.0,812664.5,-262664.5,262664.5,47.75718181818182
650000.0,976887.2,-326887.1875,326887.1875,50.29033653846153
1600000.0,896930.7,703069.3125,703069.3125,43.94183203125
2500000.0,2029015.0,470985.0,470985.0,18.8394
1050000.0,937912.3,112087.6875,112087.6875,10.675017857142857
2205000.0,1291253.0,913747.0,913747.0,41.43977324263039
850000.0,1083753.1,-233753.125,233753.125,27.50036764705882
3696000.0,1455676.4,2240323.625,2240323.625,60.614816693722936
800000.0,1079964.8,-279964.75,279964.75,34.99559375
1157000.0,1181540.9,-24540.875,24540.875,2.121078219533276
660000.0,1027224.0,-367224.0,367224.0,55.64
800000.0,882386.4,-82386.375,82386.375,10.298296875
1042000.0,1165244.2,-123244.25,123244.25,11.827663147792707
1500000.0,1187911.2,312088.75,312088.75,20.805916666666665
61250000.0,77207190.0,-15957192.0,15957192.0,26.05255836734694
1000000.0,877756.06,122243.9375,122243.9375,12.224393749999999
500000.0,824205.5,-324205.5,324205.5,64.8411
830000.0,1529862.9,-699862.875,699862.875,84.32082831325302
1300000.0,1127739.5,172260.5,172260.5,13.250807692307692
669200.0,1007140.4,-337940.375,337940.375,50.49915944411237
700000.0,906493.7,-206493.6875,206493.6875,29.499098214285713
1320000.0,1059707.5,260292.5,260292.5,19.719128787878788
7200000.0,4755355.0,2444645.0,2444645.0,33.95340277777778
2130000.0,1660216.0,469784.0,469784.0,22.055586854460092
875000.0,1025575.0,-150575.0,150575.0,17.208571428571428
1485000.0,1259640.5,225359.5,225359.5,15.175723905723906
1000000.0,1052161.8,-52161.75,52161.75,5.216175
1170000.0,1073036.0,96964.0,96964.0,8.287521367521368
712000.0,850610.7,-138610.6875,138610.6875,19.467793188202247
2400000.0,1468023.5,931976.5,931976.5,38.83235416666667
612500.0,855369.44,-242869.4375,242869.4375,39.65215306122449
800000.0,917346.9,-117346.875,117346.875,14.668359375000001
750000.0,775053.8,-25053.8125,25053.8125,3.3405083333333336
710000.0,926713.5,-216713.5,216713.5,30.523028169014083
800000.0,1068772.2,-268772.25,268772.25,33.59653125
625000.0,944565.75,-319565.75,319565.75,51.130520000000004
1200000.0,940886.2,259113.8125,259113.8125,21.592817708333335
718000.0,936956.06,-218956.0625,218956.0625,30.495273328690807
1100000.0,1121037.4,-21037.375,21037.375,1.9124886363636364
1000000.0,933865.94,66134.0625,66134.0625,6.61340625
1635000.0,929821.5,705178.5,705178.5,43.13018348623853
2100000.0,1208771.8,891228.25,891228.25,42.43944047619048
900000.0,1016128.6,-116128.625,116128.625,12.903180555555554
1000000.0,1286121.0,-286121.0,286121.0,28.6121
630000.0,809975.8,-179975.8125,179975.8125,28.567589285714284
750000.0,816395.75,-66395.75,66395.75,8.852766666666668
1500000.0,1103810.5,396189.5,396189.5,26.412633333333336
1200000.0,1147841.0,52159.0,52159.0,4.346583333333333
1985647.0,1119020.4,866626.625,866626.625,43.64454633678594
1100000.0,988784.4,111215.625,111215.625,10.110511363636364
900000.0,963482.1,-63482.125,63482.125,7.053569444444445
1331880.0,1068615.4,263264.625,263264.625,19.766392242544374
1015000.0,1002768.0,12232.0,12232.0,1.2051231527093595
1065000.0,921979.4,143020.625,143020.625,13.429166666666667
1006000.0,1071708.0,-65708.0,65708.0,6.531610337972167
757500.0,1804133.4,-1046633.375,1046633.375,138.1694224422442
1000000.0,1019724.5,-19724.5,19724.5,1.9724499999999998
810000.0,977519.2,-167519.1875,167519.1875,20.681381172839505
1550000.0,996615.2,553384.8125,553384.8125,35.70224596774194
1110000.0,1010935.44,99064.5625,99064.5625,8.92473536036036
1000000.0,1008306.0,-8306.0,8306.0,0.8305999999999999
1200000.0,1295127.6,-95127.625,95127.625,7.927302083333333
600000.0,1011574.94,-411574.9375,411574.9375,68.59582291666668
1000000.0,1018027.56,-18027.5625,18027.5625,1.80275625
1729000.0,1139948.1,589051.875,589051.875,34.068934355118564
950000.0,923247.1,26752.875,26752.875,2.816092105263158
950000.0,1119328.1,-169328.125,169328.125,17.824013157894736
1700000.0,2425044.8,-725044.75,725044.75,42.64969117647059
700000.0,792372.6,-92372.625,92372.625,13.196089285714285
1250000.0,1093015.1,156984.875,156984.875,12.55879
600000.0,865504.94,-265504.9375,265504.9375,44.250822916666664
1200000.0,865501.3,334498.6875,334498.6875,27.874890625
1050000.0,1040618.1,9381.875,9381.875,0.8935119047619048
1300000.0,1297639.0,2361.0,2361.0,0.18161538461538462
893000.0,897926.7,-4926.6875,4926.6875,0.5517007278835386
941000.0,874442.5,66557.5,66557.5,7.073060573857598
1015000.0,1219190.0,-204190.0,204190.0,20.117241379310343
1250000.0,1167690.9,82309.125,82309.125,6.5847299999999995
700000.0,864077.4,-164077.375,164077.375,23.439625
950000.0,1007460.5,-57460.5,57460.5,6.048473684210527
600000.0,844689.7,-244689.6875,244689.6875,40.78161458333333
996000.0,919603.25,76396.75,76396.75,7.670356425702811
750000.0,899102.25,-149102.25,149102.25,19.880300000000002
720000.0,1008453.25,-288453.25,288453.25,40.06295138888889
1350000.0,1427866.4,-77866.375,77866.375,5.76787962962963
788000.0,924476.9,-136476.875,136476.875,17.319400380710658
2000000.0,931523.2,1068476.8125,1068476.8125,53.423840625
1050000.0,1267366.4,-217366.375,217366.375,20.701559523809525
900000.0,978041.8,-78041.8125,78041.8125,8.6713125
1050000.0,1039512.6,10487.375,10487.375,0.9987976190476191
900000.0,1169663.2,-269663.25,269663.25,29.96258333333333
720000.0,910619.75,-190619.75,190619.75,26.47496527777778
800000.0,965848.5,-165848.5,165848.5,20.7310625
2000000.0,1128639.9,871360.125,871360.125,43.56800625
750000.0,928099.0,-178099.0,178099.0,23.746533333333332
800000.0,969014.06,-169014.0625,169014.0625,21.1267578125
750000.0,861930.4,-111930.375,111930.375,14.92405
1940000.0,1337714.2,602285.75,602285.75,31.045657216494842
1200000.0,967978.1,232021.875,232021.875,19.33515625
1000000.0,1090950.5,-90950.5,90950.5,9.09505
800000.0,1130519.6,-330519.625,330519.625,41.314953124999995
800000.0,897293.06,-97293.0625,97293.0625,12.1616328125
1000000.0,1066248.0,-66248.0,66248.0,6.6248000000000005
900000.0,1251905.2,-351905.25,351905.25,39.10058333333333
1500000.0,1113041.1,386958.875,386958.875,25.797258333333335
1280000.0,1031712.4,248287.625,248287.625,19.397470703125
700000.0,828441.94,-128441.9375,128441.9375,18.348848214285717
620000.0,1051381.8,-431381.75,431381.75,69.57770161290323
1450000.0,1103506.6,346493.375,346493.375,23.896094827586207
1035000.0,1102872.5,-67872.5,67872.5,6.557729468599034
1500000.0,1020674.1,479325.875,479325.875,31.955058333333337
890000.0,1051812.8,-161812.75,161812.75,18.18120786516854
600000.0,965518.3,-365518.3125,365518.3125,60.919718749999994
600000.0,847746.0,-247746.0,247746.0,41.291
1060000.0,903298.94,156701.0625,156701.0625,14.783119103773585
864000.0,1031943.25,-167943.25,167943.25,19.43787615740741
864000.0,1192134.4,-328134.375,328134.375,37.978515625
800000.0,990222.06,-190222.0625,190222.0625,23.7777578125
1600000.0,1051199.8,548800.25,548800.25,34.300015625
688000.0,898839.2,-210839.1875,210839.1875,30.64523074127907
6450000.0,1076095.9,5373904.125,5373904.125,83.31634302325581
2900000.0,1073949.2,1826050.75,1826050.75,62.96726724137931
1644000.0,1122554.2,521445.75,521445.75,31.71811131386861
1580000.0,1974542.5,-394542.5,394542.5,24.97104430379747
1000000.0,955677.6,44322.375,44322.375,4.432237499999999
1152000.0,1013384.7,138615.3125,138615.3125,12.032579210069445
600000.0,956495.56,-356495.5625,356495.5625,59.41592708333333
970000.0,920535.5,49464.5,49464.5,5.099432989690722
1800000.0,1173064.0,626936.0,626936.0,34.82977777777778
1235000.0,1202910.6,32089.375,32089.375,2.59832995951417
1160000.0,1129854.5,30145.5,30145.5,2.59875
1760000.0,1108780.6,651219.375,651219.375,37.00110085227273
700000.0,1051278.8,-351278.75,351278.75,50.182678571428575
850000.0,1631827.0,-781827.0,781827.0,91.97964705882353
670000.0,999319.94,-329319.9375,329319.9375,49.15222947761194
1287458.0,1050648.2,236809.75,236809.75,18.393590315179214
880000.0,1036503.56,-156503.5625,156503.5625,17.784495738636362
1005000.0,1212017.5,-207017.5,207017.5,20.59875621890547
516000.0,963518.9,-447518.875,447518.875,86.72846414728681
1010000.0,999117.5,10882.5,10882.5,1.0774752475247524
1160000.0,1125182.5,34817.5,34817.5,3.001508620689655
2400000.0,1028593.9,1371406.125,1371406.125,57.141921875
750000.0,965232.06,-215232.0625,215232.0625,28.697608333333335
1700000.0,1417195.0,282805.0,282805.0,16.63558823529412
1000000.0,1000867.9,-867.875,867.875,0.0867875
1376200.0,1074588.2,301611.75,301611.75,21.916273070774597
777200.0,968410.56,-191210.5625,191210.5625,24.60249131497684
857000.0,1104475.4,-247475.375,247475.375,28.87693990665111
8500000.0,1182092.2,7317907.75,7317907.75,86.09303235294118
1965600.0,1260477.0,705123.0,705123.0,35.8731684981685
1600000.0,1119179.8,480820.25,480820.25,30.051265625
1000000.0,1075887.5,-75887.5,75887.5,7.588749999999999
1620000.0,1163259.6,456740.375,456740.375,28.193850308641977
1450000.0,851709.1,598290.875,598290.875,41.26143965517242
600000.0,970501.9,-370501.875,370501.875,61.75031250000001
800000.0,977796.1,-177796.125,177796.125,22.224515625
800000.0,919129.94,-119129.9375,119129.9375,14.891242187500001
500000.0,822521.9,-322521.875,322521.875,64.504375
724000.0,978274.75,-254274.75,254274.75,35.120821823204416
1000000.0,1052445.2,-52445.25,52445.25,5.244524999999999
1260000.0,973611.8,286388.1875,286388.1875,22.729221230158732
2072000.0,1099316.6,972683.375,972683.375,46.94417833011583
1500000.0,907767.25,592232.75,592232.75,39.48218333333333
800000.0,925304.7,-125304.6875,125304.6875,15.663085937499998
750000.0,928698.7,-178698.6875,178698.6875,23.826491666666666
800000.0,815217.75,-15217.75,15217.75,1.9022187499999998
700000.0,929492.4,-229492.375,229492.375,32.784625
736000.0,1058437.2,-322437.25,322437.25,43.809408967391306
1540000.0,1064700.0,475300.0,475300.0,30.863636363636367
700000.0,893009.7,-193009.6875,193009.6875,27.572812499999998
850000.0,1000580.94,-150580.9375,150580.9375,17.715404411764705
780000.0,1025934.2,-245934.1875,245934.1875,31.53002403846154
700000.0,884045.5,-184045.5,184045.5,26.292214285714287
1090000.0,1304372.0,-214372.0,214372.0,19.66715596330275
1980600.0,1342553.5,638046.5,638046.5,32.2148086438453
637500.0,850943.1,-213443.125,213443.125,33.481274509803924
912000.0,1034021.1,-122021.125,122021.125,13.379509320175439
3265275.0,1021907.5,2243367.5,2243367.5,68.7037845204462
1760000.0,1315749.6,444250.375,444250.375,25.241498579545457
1200000.0,1059891.4,140108.625,140108.625,11.67571875
936000.0,1025918.6,-89918.625,89918.625,9.606690705128205
1265000.0,1022222.1,242777.875,242777.875,19.191926877470355
850000.0,1011399.0,-161399.0,161399.0,18.988117647058825
800000.0,1192949.2,-392949.25,392949.25,49.11865625
500000.0,754291.8,-254291.8125,254291.8125,50.8583625
2984000.0,2102593.2,881406.75,881406.75,29.537759718498656
1400000.0,1138110.4,261889.625,261889.625,18.706401785714284
480000.0,793875.4,-313875.375,313875.375,65.390703125
1600000.0,1153410.4,446589.625,446589.625,27.9118515625
1400000.0,1191553.6,208446.375,208446.375,14.889026785714284
650000.0,911798.1,-261798.125,261798.125,40.276634615384616
1050000.0,1032430.6,17569.375,17569.375,1.6732738095238096
1017000.0,1119979.0,-102979.0,102979.0,10.125762045231072
1800000.0,1414439.1,385560.875,385560.875,21.420048611111113
2000000.0,1114709.6,885290.375,885290.375,44.26451875
1160000.0,1134673.6,25326.375,25326.375,2.1833081896551723
1000000.0,1045804.56,-45804.5625,45804.5625,4.58045625
1200000.0,1082902.8,117097.25,117097.25,9.758104166666667
970000.0,1102070.1,-132070.125,132070.125,13.61547680412371
1030000.0,1014216.75,15783.25,15783.25,1.532354368932039
2548600.0,2117389.8,431210.25,431210.25,16.91949501687201
800000.0,979777.06,-179777.0625,179777.0625,22.4721328125
1500000.0,1012785.9,487214.125,487214.125,32.480941666666666
1530000.0,1010265.4,519734.625,519734.625,33.96958333333333
650000.0,748375.2,-98375.1875,98375.1875,15.134644230769231
500000.0,1078273.8,-578273.75,578273.75,115.65475
700000.0,1101030.5,-401030.5,401030.5,57.29007142857143
1800000.0,1318038.4,481961.625,481961.625,26.775645833333332
588000.0,849468.6,-261468.625,261468.625,44.46745323129252
665000.0,964642.6,-299642.625,299642.625,45.05904135338346
800000.0,1018678.44,-218678.4375,218678.4375,27.334804687499997
1780000.0,2112864.2,-332864.25,332864.25,18.700238764044943
1200000.0,1002618.06,197381.9375,197381.9375,16.44849479166667
550000.0,950329.5,-400329.5,400329.5,72.78718181818182
2109750.0,2568031.8,-458281.75,458281.75,21.72208792510961
960000.0,1105047.9,-145047.875,145047.875,15.109153645833334
500000.0,1041267.25,-541267.25,541267.25,108.25345
849000.0,839614.06,9385.9375,9385.9375,1.1055285630153122
1000000.0,994950.5,5049.5,5049.5,0.50495
950000.0,1051672.0,-101672.0,101672.0,10.702315789473685
950000.0,828951.4,121048.625,121048.625,12.74196052631579
900000.0,979698.94,-79698.9375,79698.9375,8.8554375
800000.0,997870.4,-197870.375,197870.375,24.733796875
700000.0,1102238.0,-402238.0,402238.0,57.46257142857143
1160000.0,1019957.94,140042.0625,140042.0625,12.072591594827585
1160000.0,1188119.9,-28119.875,28119.875,2.4241271551724135
8000000.0,5439669.0,2560331.0,2560331.0,32.0041375
650000.0,732926.2,-82926.1875,82926.1875,12.757874999999999
1050000.0,999684.25,50315.75,50315.75,4.79197619047619
570000.0,710093.7,-140093.6875,140093.6875,24.5778399122807
1000000.0,1089445.8,-89445.75,89445.75,8.944575
800000.0,1240551.2,-440551.25,440551.25,55.068906250000005
700000.0,888824.5,-188824.5,188824.5,26.97492857142857
1760000.0,1170825.0,589175.0,589175.0,33.47585227272727
1000000.0,869057.06,130942.9375,130942.9375,13.09429375
1600000.0,981734.06,618265.9375,618265.9375,38.641621093750004
800000.0,936849.1,-136849.125,136849.125,17.106140625
1300000.0,1027638.5,272361.5,272361.5,20.950884615384616
654000.0,984305.06,-330305.0625,330305.0625,50.50536123853211
2000000.0,1184553.9,815446.125,815446.125,40.77230625
700000.0,1032813.2,-332813.1875,332813.1875,47.54474107142857
580500.0,3970028.0,-3389528.0,3389528.0,583.8980189491817
500000.0,806327.75,-306327.75,306327.75,61.265550000000005
1600000.0,1103514.9,496485.125,496485.125,31.0303203125
1400000.0,1075711.9,324288.125,324288.125,23.1634375
1152000.0,1052804.2,99195.75,99195.75,8.610742187500001
1639600.0,1357987.6,281612.375,281612.375,17.17567546962674
750000.0,949516.94,-199516.9375,199516.9375,26.602258333333335
800000.0,1078241.1,-278241.125,278241.125,34.780140625
927500.0,1018189.5,-90689.5,90689.5,9.777843665768195
600000.0,911327.7,-311327.6875,311327.6875,51.88794791666667
650000.0,897343.3,-247343.3125,247343.3125,38.05281730769231
625000.0,1024854.8,-399854.8125,399854.8125,63.97677
500000.0,918780.6,-418780.625,418780.625,83.756125
772500.0,953596.1,-181096.125,181096.125,23.442864077669903
650000.0,1336343.6,-686343.625,686343.625,105.59132692307693
1600000.0,1045530.6,554469.375,554469.375,34.6543359375
1000000.0,1006117.94,-6117.9375,6117.9375,0.61179375
580000.0,963652.8,-383652.8125,383652.8125,66.14703663793104
1720000.0,1582682.1,137317.875,137317.875,7.98359738372093
2800000.0,1548654.9,1251345.125,1251345.125,44.690897321428565
592500.0,837807.4,-245307.375,245307.375,41.40208860759494
17000000.0,12733214.0,4266786.0,4266786.0,25.09874117647059
600000.0,1030400.94,-430400.9375,430400.9375,71.73348958333334
650000.0,995551.44,-345551.4375,345551.4375,53.16175961538462
1085000.0,1150247.6,-65247.625,65247.625,6.01360599078341
1000000.0,1056552.1,-56552.125,56552.125,5.6552125
1010000.0,938288.25,71711.75,71711.75,7.100173267326733
2437500.0,2280916.0,156584.0,156584.0,6.423958974358975
1200000.0,1076407.9,123592.125,123592.125,10.29934375
650000.0,854090.1,-204090.125,204090.125,31.39848076923077
1160000.0,1082204.5,77795.5,77795.5,6.706508620689656
1000000.0,1244105.8,-244105.75,244105.75,24.410575
800000.0,834103.5,-34103.5,34103.5,4.2629375
1400000.0,1188622.4,211377.625,211377.625,15.098401785714286
1500000.0,1067148.9,432851.125,432851.125,28.856741666666668
2949000.0,2810173.8,138826.25,138826.25,4.7075703628348595
835000.0,1112633.0,-277633.0,277633.0,33.24946107784431
900000.0,801144.2,98855.8125,98855.8125,10.983979166666668
847000.0,959939.7,-112939.6875,112939.6875,13.334083530106259
1340000.0,1280590.4,59409.625,59409.625,4.433554104477612
2463125.0,2690335.5,-227210.5,227210.5,9.224481096168486
900000.0,1209213.8,-309213.75,309213.75,34.357083333333335
1750000.0,1221810.4,528189.625,528189.625,30.182264285714282
500000.0,857382.44,-357382.4375,357382.4375,71.47648749999999
1050000.0,890641.3,159358.6875,159358.6875,15.177017857142857
1265000.0,1151166.4,113833.625,113833.625,8.998705533596837
568800.0,981122.44,-412322.4375,412322.4375,72.48988001054852
1580000.0,1104002.2,475997.75,475997.75,30.12643987341772
1160000.0,1115906.6,44093.375,44093.375,3.801153017241379
850000.0,974630.9,-124630.875,124630.875,14.66245588235294
700000.0,801253.9,-101253.875,101253.875,14.464839285714284
840000.0,916961.7,-76961.6875,76961.6875,9.162105654761906
900000.0,834768.5,65231.5,65231.5,7.247944444444444
1600000.0,1019749.9,580250.125,580250.125,36.2656328125
1500000.0,962884.9,537115.125,537115.125,35.807675
950000.0,992916.4,-42916.375,42916.375,4.5175131578947365
1090000.0,945489.0,144511.0,144511.0,13.257889908256882
800000.0,1018596.3,-218596.3125,218596.3125,27.324539062499998
700000.0,812820.2,-112820.1875,112820.1875,16.117169642857142
800000.0,966943.8,-166943.8125,166943.8125,20.8679765625
335000.0,873919.7,-538919.6875,538919.6875,160.87154850746268
1000000.0,970083.94,29916.0625,29916.0625,2.99160625
750000.0,792126.8,-42126.8125,42126.8125,5.616908333333334
900000.0,2524974.0,-1624974.0,1624974.0,180.55266666666668
573800.0,900754.6,-326954.625,326954.625,56.98058992680376
1476000.0,1087879.2,388120.75,388120.75,26.29544376693767
1000000.0,1125028.6,-125028.625,125028.625,12.5028625
614000.0,1124950.6,-510950.625,510950.625,83.2167141693811
747483.0,1068922.2,-321439.25,321439.25,43.002884346533634
1050000.0,1053520.6,-3520.625,3520.625,0.33529761904761907
700000.0,1002958.2,-302958.1875,302958.1875,43.279741071428575
573800.0,942397.06,-368597.0625,368597.0625,64.23789865806901
1400000.0,1624479.5,-224479.5,224479.5,16.03425
3015400.0,1818290.6,1197109.375,1197109.375,39.69985325329973
1000000.0,1013738.3,-13738.3125,13738.3125,1.37383125
793000.0,1022539.8,-229539.8125,229539.8125,28.94575189155107
1050000.0,1101965.5,-51965.5,51965.5,4.9490952380952375
550000.0,934151.7,-384151.6875,384151.6875,69.84576136363636
950000.0,1075272.5,-125272.5,125272.5,13.186578947368421
880000.0,1062649.1,-182649.125,182649.125,20.755582386363635
1000000.0,935105.56,64894.4375,64894.4375,6.4894437499999995
1000000.0,1043414.3,-43414.3125,43414.3125,4.34143125
800000.0,1081079.5,-281079.5,281079.5,35.1349375
1460000.0,981054.3,478945.6875,478945.6875,32.80449914383561
750000.0,1062773.9,-312773.875,312773.875,41.703183333333335
900000.0,962499.7,-62499.6875,62499.6875,6.944409722222222
700000.0,1107694.1,-407694.125,407694.125,58.242017857142855
3000000.0,1427470.0,1572530.0,1572530.0,52.41766666666666
650000.0,788932.3,-138932.3125,138932.3125,21.374201923076924
1017250.0,1099354.5,-82104.5,82104.5,8.071221430326862
800000.0,1098345.5,-298345.5,298345.5,37.2931875
865500.0,974071.9,-108571.875,108571.875,12.54441074523397
500000.0,763234.3,-263234.3125,263234.3125,52.646862500000005
830550.0,861142.3,-30592.3125,30592.3125,3.683379989163807
1150000.0,1055472.8,94527.25,94527.25,8.219760869565217
750000.0,1144945.1,-394945.125,394945.125,52.65935
6000000.0,1133718.1,4866281.875,4866281.875,81.10469791666667
700000.0,843013.3,-143013.3125,143013.3125,20.430473214285712
1800000.0,1549740.6,250259.375,250259.375,13.903298611111111
635000.0,934953.4,-299953.375,299953.375,47.23675196850394
803600.0,955705.44,-152105.4375,152105.4375,18.928003670980587
1024000.0,1005800.4,18199.625,18199.625,1.77730712890625
1324960.0,1004992.5,319967.5,319967.5,24.149219599082237
1100000.0,1016705.7,83294.3125,83294.3125,7.572210227272727
745000.0,1175883.9,-430883.875,430883.875,57.836761744966445
720000.0,1025038.1,-305038.125,305038.125,42.36640625
670000.0,892605.3,-222605.3125,222605.3125,33.22467350746269
1200000.0,977778.06,222221.9375,222221.9375,18.51849479166667
600000.0,855121.2,-255121.1875,255121.1875,42.52019791666667
594750.0,851660.56,-256910.5625,256910.5625,43.196395544346366
800000.0,1062394.1,-262394.125,262394.125,32.799265625000004
720000.0,999559.44,-279559.4375,279559.4375,38.827699652777774
700000.0,1023919.2,-323919.1875,323919.1875,46.274169642857146
1500000.0,1106182.1,393817.875,393817.875,26.254525
3200000.0,1441434.0,1758566.0,1758566.0,54.9551875
1500000.0,1339227.9,160772.125,160772.125,10.718141666666666
1210000.0,994625.25,215374.75,215374.75,17.79956611570248
684000.0,1009536.44,-325536.4375,325536.4375,47.59304641812865
2700000.0,2047427.5,652572.5,652572.5,24.169351851851854
1200000.0,1183433.6,16566.375,16566.375,1.38053125
1032000.0,969908.25,62091.75,62091.75,6.016642441860466
1920000.0,1233662.9,686337.125,686337.125,35.74672526041667
1220000.0,1086003.0,133997.0,133997.0,10.983360655737705
710000.0,991268.5,-281268.5,281268.5,39.61528169014085
2000000.0,1127380.4,872619.625,872619.625,43.63098125
1200000.0,1459078.6,-259078.625,259078.625,21.589885416666664
557500.0,970018.8,-412518.8125,412518.8125,73.99440582959642
500000.0,870583.25,-370583.25,370583.25,74.11664999999999
1160000.0,1056698.2,103301.75,103301.75,8.905323275862068
800000.0,884023.1,-84023.125,84023.125,10.502890625
750000.0,848590.75,-98590.75,98590.75,13.145433333333333
1500000.0,1100315.6,399684.375,399684.375,26.645625
535000.0,827771.4,-292771.375,292771.375,54.7236214953271
1600000.0,1117133.6,482866.375,482866.375,30.179148437499997
1800000.0,1516150.9,283849.125,283849.125,15.769395833333332
1300000.0,1184011.2,115988.75,115988.75,8.92221153846154
1032000.0,894006.8,137993.1875,137993.1875,13.371432897286823
600000.0,941022.3,-341022.3125,341022.3125,56.837052083333326
1542000.0,1286865.1,255134.875,255134.875,16.545711738002595
400000.0,844506.5,-444506.5,444506.5,111.12662499999999
1400000.0,1016409.2,383590.8125,383590.8125,27.39934375
950000.0,960177.94,-10177.9375,10177.9375,1.071361842105263
950001.0,959777.44,-9776.4375,9776.4375,1.0290976009498936
1290000.0,1225431.0,64569.0,64569.0,5.0053488372093025
1200000.0,960658.7,239341.3125,239341.3125,19.945109375
1280000.0,886194.75,393805.25,393805.25,30.76603515625
800000.0,968310.25,-168310.25,168310.25,21.03878125
400000.0,920169.9,-520169.875,520169.875,130.04246875
650000.0,860791.1,-210791.125,210791.125,32.429403846153846
800000.0,1032309.94,-232309.9375,232309.9375,29.0387421875
2400000.0,1431954.0,968046.0,968046.0,40.33525
900000.0,1060788.0,-160788.0,160788.0,17.865333333333332
900000.0,962124.5,-62124.5,62124.5,6.902722222222223
530000.0,1023768.25,-493768.25,493768.25,93.16382075471698
2120000.0,1092683.6,1027316.375,1027316.375,48.4583195754717
700000.0,965073.1,-265073.125,265073.125,37.86758928571429
720000.0,1058223.0,-338223.0,338223.0,46.97541666666666
1200000.0,1046828.7,153171.3125,153171.3125,12.764276041666667
1950000.0,2621838.0,-671838.0,671838.0,34.45323076923077
1300000.0,1005435.2,294564.8125,294564.8125,22.65883173076923
500000.0,830021.9,-330021.875,330021.875,66.00437500000001
2800000.0,1235715.8,1564284.25,1564284.25,55.867294642857146
1800000.0,1231842.0,568158.0,568158.0,31.564333333333334
1275000.0,1072231.8,202768.25,202768.25,15.903392156862745
688000.0,993602.5,-305602.5,305602.5,44.418968023255815
700000.0,895377.0,-195377.0,195377.0,27.911
1450000.0,1185061.0,264939.0,264939.0,18.27165517241379
700000.0,1010999.8,-310999.8125,310999.8125,44.42854464285714
815000.0,930478.56,-115478.5625,115478.5625,14.169148773006135
700000.0,851472.8,-151472.8125,151472.8125,21.638973214285713
1684000.0,1168354.9,515645.125,515645.125,30.62025682897862
450000.0,1023879.6,-573879.625,573879.625,127.52880555555555
1400000.0,1070924.8,329075.25,329075.25,23.505375
750000.0,933408.75,-183408.75,183408.75,24.454500000000003
667200.0,971673.5,-304473.5,304473.5,45.634517386091126
800000.0,1367220.5,-567220.5,567220.5,70.9025625
1193500.0,1126343.0,67157.0,67157.0,5.626895684960201
1300000.0,1012728.56,287271.4375,287271.4375,22.097802884615383
800000.0,1011562.6,-211562.625,211562.625,26.445328125
550000.0,772437.5,-222437.5,222437.5,40.44318181818182
1015000.0,1007800.25,7199.75,7199.75,0.7093349753694581
800000.0,880643.56,-80643.5625,80643.5625,10.0804453125
1220000.0,1099138.1,120861.875,120861.875,9.90671106557377
1700000.0,1178105.0,521895.0,521895.0,30.69970588235294
724450.0,869095.3,-144645.3125,144645.3125,19.966224377113672
900000.0,1050743.1,-150743.125,150743.125,16.74923611111111
700000.0,892340.2,-192340.1875,192340.1875,27.47716964285714
630000.0,773567.44,-143567.4375,143567.4375,22.78848214285714
1200000.0,1147512.8,52487.25,52487.25,4.373937499999999
600000.0,1271069.0,-671069.0,671069.0,111.84483333333333
650000.0,862418.8,-212418.8125,212418.8125,32.67981730769231
900000.0,919165.1,-19165.125,19165.125,2.129458333333333
800000.0,955473.4,-155473.375,155473.375,19.434171875
2095000.0,1325850.2,769149.75,769149.75,36.713591885441524
750000.0,1052341.5,-302341.5,302341.5,40.3122
850000.0,1010317.44,-160317.4375,160317.4375,18.860875
1400000.0,1092804.4,307195.625,307195.625,21.942544642857143
800000.0,866012.56,-66012.5625,66012.5625,8.2515703125
770000.0,1122968.1,-352968.125,352968.125,45.840016233766235
1000000.0,1118442.8,-118442.75,118442.75,11.844275
910000.0,869638.7,40361.3125,40361.3125,4.4353090659340655
900000.0,951727.8,-51727.8125,51727.8125,5.747534722222222
650000.0,943604.75,-293604.75,293604.75,45.16996153846154
700000.0,968869.9,-268869.875,268869.875,38.40998214285714
900000.0,960728.5,-60728.5,60728.5,6.7476111111111114
900000.0,961014.56,-61014.5625,61014.5625,6.779395833333333
1245000.0,1004901.06,240098.9375,240098.9375,19.285055220883535
860000.0,918842.6,-58842.625,58842.625,6.842165697674418
1330000.0,1043313.25,286686.75,286686.75,21.555394736842103
980000.0,825870.7,154129.3125,154129.3125,15.727480867346937
623000.0,736032.5,-113032.5,113032.5,18.14325842696629
720000.0,853935.25,-133935.25,133935.25,18.602118055555554
950000.0,906222.1,43777.875,43777.875,4.608197368421052
500000.0,979226.25,-479226.25,479226.25,95.84525000000001
900000.0,1133521.6,-233521.625,233521.625,25.946847222222225
450000.0,804092.06,-354092.0625,354092.0625,78.68712500000001
937500.0,1681969.6,-744469.625,744469.625,79.41009333333334
1800000.0,1361310.5,438689.5,438689.5,24.37163888888889
750000.0,1300490.9,-550490.875,550490.875,73.39878333333333
800000.0,1041756.5,-241756.5,241756.5,30.219562500000002
817000.0,886648.7,-69648.6875,69648.6875,8.524931150550795
820000.0,855645.4,-35645.375,35645.375,4.346996951219513
650000.0,995321.5,-345321.5,345321.5,53.126384615384616
1600000.0,992754.1,607245.875,607245.875,37.9528671875
1250000.0,1701149.9,-451149.875,451149.875,36.09199
2280000.0,1169528.8,1110471.25,1110471.25,48.70487938596491
981000.0,1195147.8,-214147.75,214147.75,21.82953618756371
1200000.0,1172270.2,27729.75,27729.75,2.3108125
2700000.0,1173193.8,1526806.25,1526806.25,56.54837962962963
420000.0,796445.75,-376445.75,376445.75,89.62994047619047
710000.0,885216.94,-175216.9375,175216.9375,24.67844190140845
800000.0,1054612.4,-254612.375,254612.375,31.826546875000002
1800000.0,1212826.0,587174.0,587174.0,32.620777777777775
1200000.0,1065828.5,134171.5,134171.5,11.180958333333333
720000.0,1016558.2,-296558.1875,296558.1875,41.18863715277778
1200000.0,1204899.8,-4899.75,4899.75,0.40831249999999997
1000000.0,1022575.2,-22575.1875,22575.1875,2.25751875
1600000.0,954870.5,645129.5,645129.5,40.32059375
1050000.0,1073495.8,-23495.75,23495.75,2.237690476190476
1060000.0,971235.4,88764.625,88764.625,8.374021226415094
1003600.0,1248923.1,-245323.125,245323.125,24.444312973296135
1070000.0,1120460.8,-50460.75,50460.75,4.7159579439252335
600000.0,877894.06,-277894.0625,277894.0625,46.315677083333334
940000.0,1054754.1,-114754.125,114754.125,12.207885638297872
850000.0,965347.2,-115347.1875,115347.1875,13.570257352941177
980000.0,898527.75,81472.25,81472.25,8.313494897959185
780000.0,1451163.6,-671163.625,671163.625,86.04661858974359
1200000.0,1056691.1,143308.875,143308.875,11.94240625
1600000.0,1070061.9,529938.125,529938.125,33.1211328125
1200000.0,1343037.8,-143037.75,143037.75,11.9198125
730000.0,1234956.4,-504956.375,504956.375,69.17210616438356
1420000.0,913280.6,506719.375,506719.375,35.68446302816902
750000.0,1418030.5,-668030.5,668030.5,89.07073333333332
667000.0,971297.2,-304297.1875,304297.1875,45.62176724137931
700000.0,1043833.5,-343833.5,343833.5,49.119071428571424
900000.0,882961.6,17038.375,17038.375,1.8931527777777777
560000.0,880089.5,-320089.5,320089.5,57.15883928571428
940000.0,1002541.44,-62541.4375,62541.4375,6.653344414893617
666500.0,889808.9,-223308.875,223308.875,33.50470742685672
1250000.0,1012711.2,237288.8125,237288.8125,18.983105000000002
460000.0,1070888.6,-610888.625,610888.625,132.801875
700000.0,936169.0,-236169.0,236169.0,33.73842857142857
700000.0,1040302.0,-340302.0,340302.0,48.61457142857143
700000.0,1044502.56,-344502.5625,344502.5625,49.21465178571429
500000.0,790078.4,-290078.375,290078.375,58.015675
1152000.0,1066779.0,85221.0,85221.0,7.39765625
850000.0,1008600.25,-158600.25,158600.25,18.65885294117647
850000.0,1068953.0,-218953.0,218953.0,25.759176470588237
980000.0,1055240.1,-75240.125,75240.125,7.677563775510205
1600000.0,1046427.1,553572.875,553572.875,34.5983046875
955000.0,1383851.1,-428851.125,428851.125,44.905876963350785
1137500.0,1122829.0,14671.0,14671.0,1.2897582417582418
884405.0,910180.9,-25775.875,25775.875,2.9144877064240933
1022600.0,976131.6,46468.375,46468.375,4.5441399374144344
676000.0,847575.7,-171575.6875,171575.6875,25.381018860946746
5500000.0,1158653.4,4341346.625,4341346.625,78.933575
1020000.0,1000468.56,19531.4375,19531.4375,1.91484681372549
800000.0,977978.75,-177978.75,177978.75,22.247343750000002
1160000.0,1179199.1,-19199.125,19199.125,1.6550969827586206
820000.0,901343.3,-81343.3125,81343.3125,9.919916158536585
1651000.0,1124415.4,526584.625,526584.625,31.894889460932767
760000.0,893458.94,-133458.9375,133458.9375,17.560386513157894
1700000.0,1156548.1,543451.875,543451.875,31.967757352941177
1400000.0,1124503.9,275496.125,275496.125,19.678294642857143
800000.0,936180.3,-136180.3125,136180.3125,17.0225390625
695000.0,910979.4,-215979.375,215979.375,31.0761690647482
916000.0,929609.7,-13609.6875,13609.6875,1.4857737445414847
2348000.0,2129871.5,218128.5,218128.5,9.289970187393525
2400000.0,1330464.6,1069535.375,1069535.375,44.563973958333335
650000.0,881698.4,-231698.375,231698.375,35.64590384615385
937000.0,1496848.0,-559848.0,559848.0,59.74898612593383
1130000.0,1042199.06,87800.9375,87800.9375,7.769994469026549
1600000.0,1533041.9,66958.125,66958.125,4.1848828125
816000.0,940007.94,-124007.9375,124007.9375,15.197051164215686
550000.0,833154.06,-283154.0625,283154.0625,51.48255681818181
900000.0,1560679.8,-660679.75,660679.75,73.40886111111111
1200000.0,1041104.5,158895.5,158895.5,13.241291666666665
620000.0,881171.8,-261171.8125,261171.8125,42.124485887096775
500000.0,922521.1,-422521.125,422521.125,84.504225
650000.0,835414.25,-185414.25,185414.25,28.52526923076923
700000.0,888686.1,-188686.125,188686.125,26.955160714285714
1400000.0,943791.44,456208.5625,456208.5625,32.58632589285714
1015000.0,928212.9,86787.125,86787.125,8.55045566502463
850000.0,955121.56,-105121.5625,105121.5625,12.367242647058823
500000.0,907689.4,-407689.375,407689.375,81.537875
2000000.0,1140034.8,859965.25,859965.25,42.9982625
1400000.0,1291089.8,108910.25,108910.25,7.779303571428571
1722000.0,1096744.2,625255.75,625255.75,36.30985772357724
540000.0,865074.5,-325074.5,325074.5,60.19898148148148
965000.0,897286.3,67713.6875,67713.6875,7.016962435233161
700000.0,881764.9,-181764.875,181764.875,25.966410714285715
1160000.0,1163935.8,-3935.75,3935.75,0.3392887931034483
980000.0,949257.8,30742.1875,30742.1875,3.1369579081632653
845000.0,968413.8,-123413.8125,123413.8125,14.605184911242603
1210000.0,827500.44,382499.5625,382499.5625,31.611534090909092
900000.0,877689.6,22310.375,22310.375,2.4789305555555554
980000.0,1026030.56,-46030.5625,46030.5625,4.696996173469388
1336000.0,1089055.0,246945.0,246945.0,18.48390718562874
1208000.0,986673.8,221326.1875,221326.1875,18.321704263245035
727000.0,928950.94,-201950.9375,201950.9375,27.778670907840443
1000000.0,1086734.9,-86734.875,86734.875,8.6734875
500000.0,962760.4,-462760.375,462760.375,92.552075
700000.0,983379.94,-283379.9375,283379.9375,40.48284821428572
620000.0,917955.0,-297955.0,297955.0,48.05725806451613
1500000.0,1054645.5,445354.5,445354.5,29.690299999999997
700000.0,843294.75,-143294.75,143294.75,20.47067857142857
560000.0,965569.3,-405569.3125,405569.3125,72.42309151785715
700000.0,966023.44,-266023.4375,266023.4375,38.003348214285715
1200000.0,898703.06,301296.9375,301296.9375,25.108078125
688000.0,1110456.9,-422456.875,422456.875,61.40361555232558
850000.0,983762.1,-133762.125,133762.125,15.736720588235295
1512000.0,1564442.6,-52442.625,52442.625,3.468427579365079
800000.0,886701.94,-86701.9375,86701.9375,10.8377421875
800000.0,1148233.5,-348233.5,348233.5,43.5291875
2100000.0,1070904.0,1029096.0,1029096.0,49.00457142857143
634500.0,907059.6,-272559.625,272559.625,42.95659968479117
1760000.0,1080435.9,679564.125,679564.125,38.61159801136363
793000.0,1012750.6,-219750.625,219750.625,27.711302017654475
1000000.0,872699.2,127300.8125,127300.8125,12.73008125
656250.0,736179.1,-79929.125,79929.125,12.17967619047619
1008000.0,1090047.6,-82047.625,82047.625,8.139645337301587
1440000.0,1252173.2,187826.75,187826.75,13.043524305555557
1800000.0,1380875.9,419124.125,419124.125,23.284673611111113
650000.0,1173702.2,-523702.25,523702.25,80.56957692307692
1420000.0,1303425.5,116574.5,116574.5,8.209471830985915
1500000.0,2650393.8,-1150393.75,1150393.75,76.69291666666666
1900000.0,1574719.2,325280.75,325280.75,17.12003947368421
2500000.0,1636235.4,863764.625,863764.625,34.550585
750000.0,862760.56,-112760.5625,112760.5625,15.034741666666667
1000000.0,1050547.2,-50547.25,50547.25,5.054725
1080000.0,1302804.9,-222804.875,222804.875,20.630081018518517
810000.0,982154.94,-172154.9375,172154.9375,21.253695987654318
1700000.0,1481446.0,218554.0,218554.0,12.856117647058824
1000000.0,1508855.2,-508855.25,508855.25,50.885525
950000.0,926792.1,23207.875,23207.875,2.442934210526316
1200000.0,1127012.9,72987.125,72987.125,6.082260416666667
1150000.0,1141280.2,8719.75,8719.75,0.7582391304347826
1220000.0,1075762.1,144237.875,144237.875,11.822776639344262
540000.0,977149.4,-437149.375,437149.375,80.95358796296296
1400000.0,1173983.9,226016.125,226016.125,16.14400892857143
5500000.0,4217958.0,1282042.0,1282042.0,23.309854545454545
1800000.0,1466006.5,333993.5,333993.5,18.555194444444446
1760000.0,1267744.9,492255.125,492255.125,27.96904119318182
1670000.0,1253119.9,416880.125,416880.125,24.962881736526946
1100000.0,1132697.1,-32697.125,32697.125,2.972465909090909
650000.0,959178.44,-309178.4375,309178.4375,47.565913461538464
1294000.0,1187610.1,106389.875,106389.875,8.221783230293662
950000.0,975251.8,-25251.8125,25251.8125,2.6580855263157894
1330000.0,991311.0,338689.0,338689.0,25.465338345864662
1600000.0,1078178.1,521821.875,521821.875,32.6138671875
2267800.0,1083856.1,1183943.875,1183943.875,52.2067146573772
577000.0,840082.2,-263082.1875,263082.1875,45.59483318890815
700000.0,803418.94,-103418.9375,103418.9375,14.774133928571429
810000.0,829153.56,-19153.5625,19153.5625,2.3646373456790126
1200000.0,907006.75,292993.25,292993.25,24.416104166666667
430000.0,856953.6,-426953.625,426953.625,99.29154069767442
600000.0,991377.3,-391377.3125,391377.3125,65.22955208333333
1025000.0,1251475.0,-226475.0,226475.0,22.09512195121951
1550000.0,1091731.4,458268.625,458268.625,29.565717741935483
900000.0,1051458.1,-151458.125,151458.125,16.828680555555557
780000.0,943427.56,-163427.5625,163427.5625,20.952251602564104
1600000.0,966853.0,633147.0,633147.0,39.5716875
1729000.0,1098308.6,630691.375,630691.375,36.47723395026027
1080000.0,976418.75,103581.25,103581.25,9.590856481481481
700000.0,1021329.56,-321329.5625,321329.5625,45.904223214285715
1800000.0,955824.25,844175.75,844175.75,46.89865277777778
1020000.0,762164.06,257835.9375,257835.9375,25.278033088235297
700000.0,920175.3,-220175.3125,220175.3125,31.45361607142857
700000.0,869901.06,-169901.0625,169901.0625,24.27158035714286
1160000.0,1087139.0,72861.0,72861.0,6.2811206896551735
1294580.0,996867.8,297712.1875,297712.1875,22.996816535092464
1060000.0,951965.4,108034.625,108034.625,10.191945754716981
1078000.0,937886.44,140113.5625,140113.5625,12.99754754174397
810000.0,879440.3,-69440.3125,69440.3125,8.572878086419754
1250000.0,1169373.5,80626.5,80626.5,6.450119999999999
1500000.0,1016630.44,483369.5625,483369.5625,32.2246375
3153000.0,4379147.0,-1226147.0,1226147.0,38.88826514430701
984000.0,862446.5,121553.5,121553.5,12.352997967479675
590000.0,900943.6,-310943.625,310943.625,52.702309322033905
1700000.0,1423646.4,276353.625,276353.625,16.256095588235294
1160000.0,997317.7,162682.3125,162682.3125,14.024337284482758
1600000.0,1288829.8,311170.25,311170.25,19.448140625
657500.0,967468.8,-309968.8125,309968.8125,47.143545627376426
664000.0,851328.1,-187328.125,187328.125,28.21206701807229
800000.0,943503.25,-143503.25,143503.25,17.937906249999997
935000.0,1088456.5,-153456.5,153456.5,16.41245989304813
710000.0,935820.4,-225820.375,225820.375,31.80568661971831
600000.0,959672.6,-359672.625,359672.625,59.9454375
424000.0,756157.1,-332157.125,332157.125,78.3389445754717
688000.0,877034.3,-189034.3125,189034.3125,27.47591751453488
550000.0,888052.5,-338052.5,338052.5,61.464090909090906
900000.0,913104.5,-13104.5,13104.5,1.4560555555555557
890000.0,1142235.1,-252235.125,252235.125,28.341025280898872
900000.0,874658.4,25341.625,25341.625,2.815736111111111
750000.0,884627.4,-134627.375,134627.375,17.950316666666666
693150.0,971200.56,-278050.5625,278050.5625,40.11405359590276
640000.0,1188530.5,-548530.5,548530.5,85.707890625
810000.0,1059451.9,-249451.875,249451.875,30.796527777777776
700000.0,941550.0,-241550.0,241550.0,34.50714285714286
2250000.0,1334795.1,915204.875,915204.875,40.67577222222222
1035000.0,926402.8,108597.1875,108597.1875,10.492481884057971
1100000.0,1026769.0,73231.0,73231.0,6.657363636363637
1008000.0,954052.06,53947.9375,53947.9375,5.351977926587302
1120000.0,1029371.3,90628.6875,90628.6875,8.091847098214286
800000.0,935598.1,-135598.125,135598.125,16.949765624999998
1290000.0,1492438.2,-202438.25,202438.25,15.692887596899224
690000.0,1055019.6,-365019.625,365019.625,52.90139492753623
1585000.0,940590.8,644409.1875,644409.1875,40.65673107255521
850000.0,1089837.1,-239837.125,239837.125,28.216132352941177
1250000.0,1581709.6,-331709.625,331709.625,26.536769999999997
1000000.0,993385.6,6614.375,6614.375,0.6614375
624000.0,1008675.06,-384675.0625,384675.0625,61.646644631410254
800000.0,908270.8,-108270.8125,108270.8125,13.533851562499999
964000.0,996296.0,-32296.0,32296.0,3.3502074688796677
500000.0,861894.1,-361894.125,361894.125,72.378825
710000.0,1034816.44,-324816.4375,324816.4375,45.74879401408451
5600000.0,1361488.5,4238511.5,4238511.5,75.68770535714286
500000.0,1162424.8,-662424.75,662424.75,132.48495
720000.0,921928.9,-201928.875,201928.875,28.04567708333333
730000.0,879007.9,-149007.875,149007.875,20.412037671232877
1500000.0,1117914.0,382086.0,382086.0,25.4724
850000.0,1020013.3,-170013.3125,170013.3125,20.00156617647059
636800.0,838116.94,-201316.9375,201316.9375,31.613840687814072
1300000.0,1038109.5,261890.5,261890.5,20.145423076923077
1400000.0,1475379.8,-75379.75,75379.75,5.384267857142857
1000000.0,1500752.1,-500752.125,500752.125,50.0752125
1000000.0,843543.44,156456.5625,156456.5625,15.64565625
490000.0,947812.7,-457812.6875,457812.6875,93.43116071428571
900000.0,1055280.2,-155280.25,155280.25,17.25336111111111
700000.0,1012018.3,-312018.3125,312018.3125,44.57404464285714
1015000.0,969631.75,45368.25,45368.25,4.469778325123153
3900800.0,1354437.1,2546362.875,2546362.875,65.27796541735029
900000.0,1058693.8,-158693.75,158693.75,17.632638888888888
1000000.0,1242734.0,-242734.0,242734.0,24.273400000000002
1400000.0,1217240.2,182759.75,182759.75,13.054267857142857
2000000.0,1045771.44,954228.5625,954228.5625,47.711428125
1000000.0,994319.8,5680.1875,5680.1875,0.56801875
885750.0,879422.5,6327.5,6327.5,0.7143663561953147
1400000.0,1156959.9,243040.125,243040.125,17.36000892857143
1932000.0,1011215.94,920784.0625,920784.0625,47.659630564182194
700008.0,840693.44,-140685.4375,140685.4375,20.09768995497194
1550000.0,1143116.1,406883.875,406883.875,26.25057258064516
808000.0,891667.9,-83667.875,83667.875,10.354935024752475
800000.0,985419.56,-185419.5625,185419.5625,23.1774453125
1200000.0,1061013.8,138986.25,138986.25,11.5821875
1150000.0,1217158.2,-67158.25,67158.25,5.839847826086957
700000.0,870001.06,-170001.0625,170001.0625,24.285866071428572
700000.0,958538.0,-258538.0,258538.0,36.934
1400000.0,1600999.0,-200999.0,200999.0,14.357071428571427
700000.0,1000012.56,-300012.5625,300012.5625,42.858937499999996
1400000.0,1266796.6,133203.375,133203.375,9.514526785714287
680000.0,1067922.9,-387922.875,387922.875,57.04748161764706
1347000.0,935404.7,411595.3125,411595.3125,30.556444877505566
550000.0,932266.75,-382266.75,382266.75,69.50304545454546
10000000.0,4665564.5,5334435.5,5334435.5,53.344355
950000.0,1170839.2,-220839.25,220839.25,23.246236842105265
650000.0,1129702.9,-479702.875,479702.875,73.80044230769231
700000.0,977317.3,-277317.3125,277317.3125,39.61675892857143
2205000.0,1201526.2,1003473.75,1003473.75,45.50901360544218
2000000.0,1009334.25,990665.75,990665.75,49.5332875
2000000.0,1279297.5,720702.5,720702.5,36.035125
850000.0,898842.8,-48842.8125,48842.8125,5.7462132352941175
1150000.0,1157418.0,-7418.0,7418.0,0.6450434782608695
1175000.0,959476.56,215523.4375,215523.4375,18.34242021276596
720000.0,1064502.6,-344502.625,344502.625,47.84758680555555
1600000.0,1095547.5,504452.5,504452.5,31.52828125
765000.0,924593.5,-159593.5,159593.5,20.8618954248366
1008000.0,989988.94,18011.0625,18011.0625,1.7868117559523808
800000.0,969668.94,-169668.9375,169668.9375,21.2086171875
941000.0,951439.3,-10439.3125,10439.3125,1.109384962805526
700000.0,1046306.8,-346306.8125,346306.8125,49.47240178571429
1020000.0,1937662.4,-917662.375,917662.375,89.96689950980392
700000.0,695041.56,4958.4375,4958.4375,0.7083482142857143
3200000.0,1321203.2,1878796.75,1878796.75,58.7123984375
600000.0,933417.75,-333417.75,333417.75,55.569625
1800000.0,1097734.2,702265.75,702265.75,39.014763888888886
900000.0,986921.44,-86921.4375,86921.4375,9.6579375
1200000.0,1132223.1,67776.875,67776.875,5.648072916666667
1020000.0,1355804.4,-335804.375,335804.375,32.92199754901961
1500000.0,1307731.1,192268.875,192268.875,12.817924999999999
612500.0,1037211.5,-424711.5,424711.5,69.34065306122449
1800000.0,1150743.8,649256.25,649256.25,36.06979166666667
7000000.0,6987039.0,12961.0,12961.0,0.18515714285714285
810000.0,909172.56,-99172.5625,99172.5625,12.243526234567902
832000.0,925093.56,-93093.5625,93093.5625,11.189130108173078
780000.0,1028994.8,-248994.8125,248994.8125,31.92241185897436
650000.0,867895.1,-217895.125,217895.125,33.522326923076925
1000000.0,1130718.4,-130718.375,130718.375,13.071837499999999
700000.0,806347.9,-106347.875,106347.875,15.192553571428572
440000.0,1003796.9,-563796.875,563796.875,128.1356534090909
1600000.0,981187.9,618812.125,618812.125,38.6757578125
810400.0,1015410.44,-205010.4375,205010.4375,25.297437993583415
13000000.0,9851969.0,3148031.0,3148031.0,24.215623076923077
588000.0,986305.6,-398305.625,398305.625,67.7390518707483
1160000.0,1081773.4,78226.625,78226.625,6.743674568965517
700000.0,853956.8,-153956.8125,153956.8125,21.99383035714286
1536000.0,1163023.5,372976.5,372976.5,24.282324218750002
760000.0,993827.94,-233827.9375,233827.9375,30.766833881578947
899640.0,760812.06,138827.9375,138827.9375,15.431498988484282
1200000.0,1076749.2,123250.75,123250.75,10.270895833333334
1600000.0,1319315.2,280684.75,280684.75,17.542796875
1600000.0,975262.94,624737.0625,624737.0625,39.04606640625
1300000.0,1087815.1,212184.875,212184.875,16.32191346153846
1000000.0,1110030.9,-110030.875,110030.875,11.0030875
800000.0,884205.7,-84205.6875,84205.6875,10.525710937500001
2120000.0,1041683.56,1078316.4375,1078316.4375,50.86398290094339
500000.0,925663.0,-425663.0,425663.0,85.1326
588000.0,877231.3,-289231.3125,289231.3125,49.1889987244898
2820000.0,1370985.0,1449015.0,1449015.0,51.38351063829787
2205500.0,1199804.0,1005696.0,1005696.0,45.59945590569032
1360000.0,1118396.9,241603.125,241603.125,17.764935661764707
700000.0,980971.1,-280971.125,280971.125,40.138732142857144
1200000.0,1120504.1,79495.875,79495.875,6.624656249999999
651400.0,990146.3,-338746.3125,338746.3125,52.00281125268652
1400000.0,1079189.4,320810.625,320810.625,22.915044642857143
630000.0,1060526.1,-430526.125,430526.125,68.33748015873016
500000.0,947095.56,-447095.5625,447095.5625,89.4191125
824000.0,1228154.0,-404154.0,404154.0,49.04781553398058
900000.0,1150979.4,-250979.375,250979.375,27.88659722222222
720000.0,1144983.9,-424983.875,424983.875,59.02553819444445
1950000.0,1320129.5,629870.5,629870.5,32.30105128205128
1600000.0,1249958.9,350041.125,350041.125,21.8775703125
800000.0,925931.4,-125931.375,125931.375,15.741421875
850000.0,1012006.3,-162006.3125,162006.3125,19.05956617647059
700000.0,896389.2,-196389.1875,196389.1875,28.055598214285716
1113280.0,1078429.6,34850.375,34850.375,3.1304231639839033
1500000.0,908631.2,591368.8125,591368.8125,39.4245875
600000.0,856658.5,-256658.5,256658.5,42.77641666666667
800000.0,1169081.1,-369081.125,369081.125,46.135140625
650000.0,925748.3,-275748.3125,275748.3125,42.422817307692306
550000.0,1138482.8,-588482.75,588482.75,106.99686363636363
1620000.0,1256590.9,363409.125,363409.125,22.432662037037037
900000.0,974879.75,-74879.75,74879.75,8.319972222222221
2100000.0,1585127.0,514873.0,514873.0,24.517761904761905
780000.0,903287.06,-123287.0625,123287.0625,15.806033653846155
2000000.0,1473569.9,526430.125,526430.125,26.32150625
600000.0,1134510.9,-534510.875,534510.875,89.08514583333333
1020000.0,895502.75,124497.25,124497.25,12.205612745098039
1500000.0,1152156.0,347844.0,347844.0,23.1896
670000.0,924981.0,-254981.0,254981.0,38.056865671641795
700000.0,798167.5,-98167.5,98167.5,14.02392857142857
615000.0,1074725.2,-459725.25,459725.25,74.7520731707317
1315000.0,970889.9,344110.125,344110.125,26.168070342205326
720000.0,1090099.0,-370099.0,370099.0,51.40263888888889
600000.0,975579.25,-375579.25,375579.25,62.596541666666674
1500000.0,1129456.0,370544.0,370544.0,24.702933333333334
1056000.0,1157904.6,-101904.625,101904.625,9.650059185606061
650000.0,653547.56,-3547.5625,3547.5625,0.5457788461538462
1200000.0,1115753.6,84246.375,84246.375,7.02053125
2850000.0,1113187.1,1736812.875,1736812.875,60.94080263157895
950000.0,1203237.1,-253237.125,253237.125,26.65653947368421
1200000.0,1184262.5,15737.5,15737.5,1.3114583333333334
1500000.0,1637598.5,-137598.5,137598.5,9.173233333333334
850000.0,794083.2,55916.8125,55916.8125,6.578448529411765
500000.0,861496.7,-361496.6875,361496.6875,72.29933750000001
3200000.0,1064673.8,2135326.25,2135326.25,66.7289453125
600000.0,867121.1,-267121.125,267121.125,44.520187500000006
1300000.0,1117317.0,182683.0,182683.0,14.052538461538461
750000.0,1072065.1,-322065.125,322065.125,42.94201666666667
500000.0,866518.1,-366518.125,366518.125,73.303625
1000000.0,1228872.5,-228872.5,228872.5,22.88725
700000.0,943359.1,-243359.125,243359.125,34.765589285714285
634500.0,937477.2,-302977.1875,302977.1875,47.75054176516942
1875000.0,966489.06,908510.9375,908510.9375,48.45391666666667
1170000.0,1050531.8,119468.25,119468.25,10.210961538461538
800000.0,768558.6,31441.375,31441.375,3.930171875
1400000.0,1398558.5,1441.5,1441.5,0.10296428571428572
520000.0,1153910.8,-633910.75,633910.75,121.90591346153845
700000.0,978064.2,-278064.1875,278064.1875,39.72345535714285
1000000.0,1210005.9,-210005.875,210005.875,21.0005875
1425000.0,1224054.0,200946.0,200946.0,14.101473684210527
700000.0,713000.0,-13000.0,13000.0,1.8571428571428572
1108100.0,982619.06,125480.9375,125480.9375,11.323972340041513
850000.0,833451.9,16548.125,16548.125,1.9468382352941176
1458747.0,988371.8,470375.1875,470375.1875,32.245152003740195
1100000.0,1188335.9,-88335.875,88335.875,8.03053409090909
1095000.0,1033545.0,61455.0,61455.0,5.612328767123287
750000.0,993843.5,-243843.5,243843.5,32.51246666666667
664000.0,841128.2,-177128.1875,177128.1875,26.67593185240964
1300000.0,1086384.4,213615.625,213615.625,16.431971153846153
2400000.0,1702660.8,697339.25,697339.25,29.055802083333333
680000.0,825965.6,-145965.625,145965.625,21.465533088235293
1400000.0,847544.7,552455.3125,552455.3125,39.461093749999996
764800.0,999685.3,-234885.3125,234885.3125,30.711991697175733
800000.0,924415.3,-124415.3125,124415.3125,15.5519140625
800000.0,896984.7,-96984.6875,96984.6875,12.1230859375
750000.0,906817.6,-156817.625,156817.625,20.909016666666666
670000.0,885112.3,-215112.3125,215112.3125,32.10631529850747
1100000.0,928188.4,171811.625,171811.625,15.619238636363637
1640000.0,1115239.9,524760.125,524760.125,31.997568597560978
1600000.0,1132054.8,467945.25,467945.25,29.246578125
841107.0,994688.8,-153581.8125,153581.8125,18.25948571347046
667200.0,881422.1,-214222.125,214222.125,32.10763264388489
1900000.0,1229364.8,670635.25,670635.25,35.29659210526316
552500.0,785290.2,-232790.1875,232790.1875,42.13397058823529
1062500.0,1074970.4,-12470.375,12470.375,1.1736823529411764
1300000.0,1011330.25,288669.75,288669.75,22.205365384615387
650000.0,1001500.56,-351500.5625,351500.5625,54.07700961538462
760000.0,945966.0,-185966.0,185966.0,24.46921052631579
1200000.0,1129159.1,70840.875,70840.875,5.90340625
700000.0,672669.94,27330.0625,27330.0625,3.9042946428571432
1000000.0,1133441.0,-133441.0,133441.0,13.344100000000001
850000.0,1054696.2,-204696.25,204696.25,24.081911764705882
700000.0,910389.7,-210389.6875,210389.6875,30.05566964285714
2500000.0,1636474.9,863525.125,863525.125,34.541005000000006
700000.0,798101.3,-98101.3125,98101.3125,14.014473214285713
1150000.0,1198753.9,-48753.875,48753.875,4.2394673913043475
1530000.0,1435835.5,94164.5,94164.5,6.154542483660131
970000.0,851729.2,118270.8125,118270.8125,12.192867268041237
820000.0,872354.6,-52354.625,52354.625,6.384710365853659
840000.0,1122960.8,-282960.75,282960.75,33.68580357142857
1000000.0,1000435.1,-435.125,435.125,0.0435125
1050000.0,924632.2,125367.8125,125367.8125,11.939791666666668
720000.0,1023174.06,-303174.0625,303174.0625,42.107508680555554
990000.0,1083286.4,-93286.375,93286.375,9.422866161616161
775000.0,1065316.9,-290316.875,290316.875,37.46024193548387
900000.0,1183485.6,-283485.625,283485.625,31.498402777777777
500000.0,841503.8,-341503.8125,341503.8125,68.3007625
1600000.0,1107073.2,492926.75,492926.75,30.807921874999998
800000.0,948609.25,-148609.25,148609.25,18.57615625
1400000.0,1064460.0,335540.0,335540.0,23.967142857142857
1880000.0,978553.6,901446.375,901446.375,47.949275265957446
745000.0,979733.25,-234733.25,234733.25,31.507818791946306
700000.0,995595.6,-295595.625,295595.625,42.22794642857143
700000.0,1011076.4,-311076.375,311076.375,44.439482142857145
750000.0,894155.56,-144155.5625,144155.5625,19.220741666666665
800000.0,1013430.4,-213430.375,213430.375,26.678796875
700000.0,829797.1,-129797.125,129797.125,18.54244642857143
500000.0,935679.9,-435679.875,435679.875,87.135975
1000000.0,1000638.5,-638.5,638.5,0.06384999999999999
1453000.0,1211368.9,241631.125,241631.125,16.62980901582932
700000.0,802361.8,-102361.8125,102361.8125,14.623116071428571
1200000.0,1101048.5,98951.5,98951.5,8.245958333333334
1500000.0,1078786.9,421213.125,421213.125,28.080875
1094400.0,887300.9,207099.125,207099.125,18.92353115862573
4048000.0,2183296.8,1864703.25,1864703.25,46.064803606719366
700000.0,876597.7,-176597.6875,176597.6875,25.22824107142857
936000.0,1002797.3,-66797.3125,66797.3125,7.136465010683761
750000.0,1073935.4,-323935.375,323935.375,43.191383333333334
1695000.0,1650341.4,44658.625,44658.625,2.634727138643068
1400000.0,1005339.75,394660.25,394660.25,28.190017857142855
550000.0,814289.06,-264289.0625,264289.0625,48.05255681818182
900000.0,1047601.7,-147601.6875,147601.6875,16.400187499999998
630000.0,809822.5,-179822.5,179822.5,28.543253968253968
1160000.0,1081258.1,78741.875,78741.875,6.788092672413793
1468000.0,1189611.8,278388.25,278388.25,18.963777247956404
795109.0,995082.6,-199973.625,199973.625,25.15046679134559
1160000.0,997344.5,162655.5,162655.5,14.022025862068965
530000.0,754820.1,-224820.125,224820.125,42.41889150943396
780000.0,941336.7,-161336.6875,161336.6875,20.684190705128206
800000.0,922990.5,-122990.5,122990.5,15.3738125
1280000.0,1143722.6,136277.375,136277.375,10.646669921875
407500.0,856790.7,-449290.6875,449290.6875,110.25538343558283
1400000.0,1130142.6,269857.375,269857.375,19.275526785714288
772000.0,923092.7,-151092.6875,151092.6875,19.57159164507772
1560000.0,1159303.2,400696.75,400696.75,25.6856891025641
1024000.0,973754.1,50245.875,50245.875,4.90682373046875
900000.0,1136248.0,-236248.0,236248.0,26.249777777777776
1050000.0,768806.1,281193.875,281193.875,26.780369047619047
1640000.0,1071871.8,568128.25,568128.25,34.64196646341463
700000.0,822445.5,-122445.5,122445.5,17.492214285714287
650000.0,981009.7,-331009.6875,331009.6875,50.9245673076923
1015000.0,1013167.5,1832.5,1832.5,0.18054187192118226
1160000.0,1134762.0,25238.0,25238.0,2.1756896551724134
565000.0,1046158.2,-481158.1875,481158.1875,85.16074115044248
1920000.0,1230715.9,689284.125,689284.125,35.90021484375
800000.0,885602.7,-85602.6875,85602.6875,10.7003359375
1056000.0,1042290.56,13709.4375,13709.4375,1.2982421875
850000.0,884176.06,-34176.0625,34176.0625,4.020713235294117
1400000.0,1204911.4,195088.625,195088.625,13.934901785714285
1400000.0,1393116.4,6883.625,6883.625,0.4916875
1600000.0,1363571.2,236428.75,236428.75,14.776796875
900000.0,938143.6,-38143.625,38143.625,4.238180555555555
1435000.0,884319.1,550680.875,550680.875,38.37497386759582
700000.0,1056077.2,-356077.25,356077.25,50.868178571428565
846000.0,944169.5,-98169.5,98169.5,11.603959810874704
1050000.0,1005653.06,44346.9375,44346.9375,4.223517857142857
600000.0,974400.6,-374400.625,374400.625,62.40010416666667
956000.0,910822.25,45177.75,45177.75,4.725706066945606
1160000.0,989739.2,170260.8125,170260.8125,14.677656250000002
1185000.0,953951.44,231048.5625,231048.5625,19.49776898734177
1400000.0,1468678.5,-68678.5,68678.5,4.905607142857143
600000.0,937519.3,-337519.3125,337519.3125,56.25321875
600000.0,900610.5,-300610.5,300610.5,50.10175
2500000.0,3048752.5,-548752.5,548752.5,21.9501
790000.0,1039418.44,-249418.4375,249418.4375,31.57195411392405
775000.0,1005064.2,-230064.1875,230064.1875,29.685701612903227
988000.0,974516.2,13483.8125,13483.8125,1.3647583502024292
1195000.0,1003536.94,191463.0625,191463.0625,16.02201359832636
700000.0,1020599.06,-320599.0625,320599.0625,45.79986607142857
560000.0,766078.75,-206078.75,206078.75,36.799776785714286
700000.0,1011110.0,-311110.0,311110.0,44.44428571428571
500000.0,921750.1,-421750.125,421750.125,84.35002499999999
900000.0,939169.56,-39169.5625,39169.5625,4.352173611111112
700000.0,972400.2,-272400.1875,272400.1875,38.9143125
1500000.0,1723863.1,-223863.125,223863.125,14.924208333333333
675000.0,930535.94,-255535.9375,255535.9375,37.85717592592592
2000000.0,1295372.9,704627.125,704627.125,35.231356250000005
1000000.0,969673.56,30326.4375,30326.4375,3.03264375
2343000.0,1348004.1,994995.875,994995.875,42.46674669227486
280000.0,871180.0,-591180.0,591180.0,211.1357142857143
558720.0,835775.9,-277055.875,277055.875,49.58760649341352
800000.0,971376.6,-171376.625,171376.625,21.422078125
1230000.0,955457.0,274543.0,274543.0,22.320569105691057
600000.0,866530.6,-266530.625,266530.625,44.42177083333333
900000.0,1001529.3,-101529.3125,101529.3125,11.281034722222222
856000.0,1029396.2,-173396.1875,173396.1875,20.256563960280374
580000.0,1116192.6,-536192.625,536192.625,92.44700431034482
1150000.0,1182113.2,-32113.25,32113.25,2.7924565217391306
943000.0,956168.5,-13168.5,13168.5,1.3964475079533405
759500.0,860547.0,-101047.0,101047.0,13.304410796576697
1000000.0,950040.3,49959.6875,49959.6875,4.99596875
700000.0,717088.6,-17088.625,17088.625,2.441232142857143
1000000.0,1393068.2,-393068.25,393068.25,39.306825
850000.0,820353.4,29646.625,29646.625,3.4878382352941175
2520000.0,1507427.5,1012572.5,1012572.5,40.18144841269841
1960000.0,1206869.4,753130.625,753130.625,38.425031887755104
950000.0,1090539.6,-140539.625,140539.625,14.793644736842104
720000.0,997696.6,-277696.625,277696.625,38.56897569444445
800000.0,963407.6,-163407.625,163407.625,20.425953125
450000.0,890801.5,-440801.5,440801.5,97.9558888888889
1600000.0,1048660.1,551339.875,551339.875,34.4587421875
1730500.0,1149700.8,580799.25,580799.25,33.562510835018784
828000.0,1116718.5,-288718.5,288718.5,34.86938405797101
700000.0,994254.75,-294254.75,294254.75,42.03639285714286
1620000.0,1275672.4,344327.625,344327.625,21.254791666666666
650000.0,856579.8,-206579.8125,206579.8125,31.781509615384618
811000.0,898807.44,-87807.4375,87807.4375,10.82705764488286
1020000.0,1329569.6,-309569.625,309569.625,30.34996323529412
1440000.0,989500.06,450499.9375,450499.9375,31.284717881944445
950000.0,1028772.56,-78772.5625,78772.5625,8.291848684210526
800000.0,1035617.56,-235617.5625,235617.5625,29.452195312500002
1650000.0,858634.25,791365.75,791365.75,47.9615606060606
920000.0,945613.75,-25613.75,25613.75,2.784103260869565
800000.0,827079.94,-27079.9375,27079.9375,3.3849921875
1200000.0,1087545.6,112454.375,112454.375,9.371197916666667
700000.0,1017028.06,-317028.0625,317028.0625,45.289723214285715
1000000.0,984355.5,15644.5,15644.5,1.56445
600000.0,979058.44,-379058.4375,379058.4375,63.17640624999999
400000.0,839823.75,-439823.75,439823.75,109.95593749999999
1015000.0,898810.8,116189.1875,116189.1875,11.447210591133004
800000.0,900692.94,-100692.9375,100692.9375,12.586617187499998
1000000.0,983419.75,16580.25,16580.25,1.658025
855000.0,1040215.3,-185215.3125,185215.3125,21.662609649122807
750000.0,1067604.9,-317604.875,317604.875,42.34731666666667
500000.0,857839.75,-357839.75,357839.75,71.56795
1000000.0,1072564.4,-72564.375,72564.375,7.2564375
600000.0,952366.7,-352366.6875,352366.6875,58.72778125
850000.0,876265.3,-26265.3125,26265.3125,3.0900367647058826
540000.0,874986.44,-334986.4375,334986.4375,62.03452546296296
931000.0,895641.1,35358.875,35358.875,3.7979457572502686
800000.0,911422.56,-111422.5625,111422.5625,13.9278203125
1050000.0,997900.6,52099.375,52099.375,4.961845238095238
1320000.0,1416230.8,-96230.75,96230.75,7.290208333333334
672000.0,1147812.8,-475812.75,475812.75,70.80546875
870000.0,752584.44,117415.5625,117415.5625,13.496041666666667
540000.0,1051009.1,-511009.125,511009.125,94.63131944444444
730000.0,788761.6,-58761.625,58761.625,8.049537671232878
777200.0,974767.0,-197567.0,197567.0,25.42035512094699
882000.0,1021788.25,-139788.25,139788.25,15.849007936507936
1100000.0,1119713.8,-19713.75,19713.75,1.7921590909090908
1200000.0,972667.44,227332.5625,227332.5625,18.944380208333335
900000.0,1437791.9,-537791.875,537791.875,59.75465277777777
1263500.0,1034340.25,229159.75,229159.75,18.136901464186785
500000.0,1352820.5,-852820.5,852820.5,170.5641
1500000.0,983131.3,516868.6875,516868.6875,34.4579125
1525000.0,1158587.9,366412.125,366412.125,24.027024590163933
1100000.0,1018134.7,81865.3125,81865.3125,7.442301136363636
1026000.0,994416.94,31583.0625,31583.0625,3.078271198830409
650000.0,946362.4,-296362.375,296362.375,45.594211538461536
720000.0,1099822.1,-379822.125,379822.125,52.75307291666667
815000.0,1022335.06,-207335.0625,207335.0625,25.439884969325156
590000.0,1004081.6,-414081.625,414081.625,70.18332627118644
750000.0,1160409.5,-410409.5,410409.5,54.721266666666665
1632001.0,1089137.9,542863.125,542863.125,33.26365149286061
640000.0,943571.9,-303571.875,303571.875,47.43310546875
800000.0,866065.9,-66065.875,66065.875,8.258234374999999
750000.0,907527.9,-157527.875,157527.875,21.003716666666666
700000.0,3256796.8,-2556796.75,2556796.75,365.2566785714286
1160000.0,1121977.5,38022.5,38022.5,3.277801724137931
400000.0,861306.94,-461306.9375,461306.9375,115.326734375
1472500.0,1231716.5,240783.5,240783.5,16.35202037351443
765000.0,984607.4,-219607.375,219607.375,28.70684640522876
2520000.0,1056252.1,1463747.875,1463747.875,58.085233134920635
1400000.0,1021981.56,378018.4375,378018.4375,27.001316964285714
600000.0,938111.1,-338111.125,338111.125,56.35185416666667
850000.0,798727.0,51273.0,51273.0,6.032117647058823
650000.0,990013.75,-340013.75,340013.75,52.3098076923077
755000.0,1091678.4,-336678.375,336678.375,44.59316225165563
1325000.0,1671535.9,-346535.875,346535.875,26.15365094339623
800000.0,744150.3,55849.6875,55849.6875,6.9812109375
800000.0,1000025.1,-200025.125,200025.125,25.003140624999997
1380000.0,1167534.8,212465.25,212465.25,15.396032608695654
800000.0,906678.1,-106678.125,106678.125,13.334765625
1460000.0,1000209.7,459790.3125,459790.3125,31.49248715753425
750000.0,946827.25,-196827.25,196827.25,26.24363333333333
700000.0,956446.06,-256446.0625,256446.0625,36.635151785714285
877500.0,1222905.4,-345405.375,345405.375,39.3624358974359
1260000.0,1116609.5,143390.5,143390.5,11.380198412698412
669200.0,949032.44,-279832.4375,279832.4375,41.81596495815899
500000.0,878065.8,-378065.8125,378065.8125,75.6131625
700000.0,907255.1,-207255.125,207255.125,29.607875
500000.0,894879.6,-394879.625,394879.625,78.975925
1120000.0,1290244.1,-170244.125,170244.125,15.200368303571429
1100000.0,1071596.2,28403.75,28403.75,2.582159090909091
1500000.0,1153870.5,346129.5,346129.5,23.075300000000002
680000.0,887217.6,-207217.625,207217.625,30.473180147058827
750000.0,940760.25,-190760.25,190760.25,25.4347
550000.0,839439.4,-289439.375,289439.375,52.62534090909091
1685000.0,1616769.1,68230.875,68230.875,4.049310089020771
3090000.0,1063508.1,2026491.875,2026491.875,65.58226132686084
1170000.0,1004574.75,165425.25,165425.25,14.138910256410256
700000.0,916133.5,-216133.5,216133.5,30.876214285714287
860000.0,1005790.06,-145790.0625,145790.0625,16.95233284883721
1160000.0,1174958.8,-14958.75,14958.75,1.2895474137931036
796200.0,901126.3,-104926.3125,104926.3125,13.178386397889977
580000.0,849528.8,-269528.8125,269528.8125,46.4704849137931
500000.0,757745.4,-257745.375,257745.375,51.549075
920000.0,1255441.8,-335441.75,335441.75,36.46105978260869
412500.0,917088.25,-504588.25,504588.25,122.32442424242424
1930000.0,1003831.6,926168.375,926168.375,47.98799870466321
750000.0,881887.25,-131887.25,131887.25,17.584966666666666
920000.0,1003512.8,-83512.8125,83512.8125,9.077479619565217
1000000.0,1019397.44,-19397.4375,19397.4375,1.9397437499999999
657000.0,1046054.25,-389054.25,389054.25,59.2167808219178
1000000.0,961143.6,38856.375,38856.375,3.8856374999999996
454500.0,896183.1,-441683.125,441683.125,97.18000550055007
750000.0,838444.7,-88444.6875,88444.6875,11.792625
800000.0,965661.94,-165661.9375,165661.9375,20.7077421875
700000.0,875587.75,-175587.75,175587.75,25.083964285714284
1200000.0,959049.8,240950.1875,240950.1875,20.079182291666665
14000000.0,10949073.0,3050927.0,3050927.0,21.792335714285716
800000.0,1333095.2,-533095.25,533095.25,66.63690625000001
980000.0,1072596.9,-92596.875,92596.875,9.448660714285714
816120.0,917228.7,-101108.6875,101108.6875,12.388948622751556
700000.0,984861.9,-284861.875,284861.875,40.69455357142857
700000.0,1030526.2,-330526.1875,330526.1875,47.21802678571429
520000.0,1031358.7,-511358.6875,511358.6875,98.33820913461538
1600000.0,1382732.2,217267.75,217267.75,13.579234374999999
500000.0,832071.1,-332071.125,332071.125,66.414225
1900000.0,1548465.6,351534.375,351534.375,18.501809210526314
550000.0,832675.44,-282675.4375,282675.4375,51.39553409090909
800000.0,956024.3,-156024.3125,156024.3125,19.5030390625
900000.0,1106822.9,-206822.875,206822.875,22.980319444444444
800000.0,883743.06,-83743.0625,83743.0625,10.4678828125
2400000.0,887511.06,1512488.9375,1512488.9375,63.020372395833334
1100000.0,1021687.0,78313.0,78313.0,7.119363636363636
1000000.0,1560556.6,-560556.625,560556.625,56.055662500000004
1140000.0,1056851.0,83149.0,83149.0,7.293771929824562
1500000.0,940173.06,559826.9375,559826.9375,37.32179583333333
1500000.0,1099217.9,400782.125,400782.125,26.71880833333333
1000000.0,1403463.6,-403463.625,403463.625,40.3463625
942500.0,742019.3,200480.6875,200480.6875,21.27116047745358
1400000.0,1108196.4,291803.625,291803.625,20.84311607142857
2200000.0,1425155.5,774844.5,774844.5,35.22020454545455
600000.0,1020154.44,-420154.4375,420154.4375,70.02573958333333
1200000.0,953264.25,246735.75,246735.75,20.5613125
1070000.0,1076430.6,-6430.625,6430.625,0.6009929906542056
1600000.0,1090613.9,509386.125,509386.125,31.8366328125
1436000.0,1042466.4,393533.625,393533.625,27.404848537604458
500000.0,883558.7,-383558.6875,383558.6875,76.7117375
1100000.0,1081725.4,18274.625,18274.625,1.6613295454545454
700000.0,860447.4,-160447.375,160447.375,22.92105357142857
1233200.0,1152517.9,80682.125,80682.125,6.542501216347714
1400000.0,1065278.2,334721.75,334721.75,23.90869642857143
750000.0,867078.56,-117078.5625,117078.5625,15.610475
500000.0,851474.9,-351474.875,351474.875,70.29497500000001
1125000.0,938115.06,186884.9375,186884.9375,16.611994444444445
1000000.0,874514.2,125485.8125,125485.8125,12.548581249999998
1000000.0,906223.94,93776.0625,93776.0625,9.37760625
960000.0,978279.0,-18279.0,18279.0,1.9040624999999998
650000.0,1002764.94,-352764.9375,352764.9375,54.27152884615385
500000.0,944836.8,-444836.8125,444836.8125,88.96736250000001
1400000.0,1053744.5,346255.5,346255.5,24.732535714285714
1200000.0,1112975.8,87024.25,87024.25,7.252020833333334
620000.0,753490.0,-133490.0,133490.0,21.530645161290323
1800000.0,1217387.4,582612.625,582612.625,32.36736805555556
650000.0,978165.3,-328165.3125,328165.3125,50.48697115384615
1400000.0,997776.7,402223.3125,402223.3125,28.730236607142857
800000.0,1101333.6,-301333.625,301333.625,37.666703125
580000.0,770753.25,-190753.25,190753.25,32.888491379310345
500000.0,857983.3,-357983.3125,357983.3125,71.5966625
800000.0,1025613.0,-225613.0,225613.0,28.201625000000003
1300000.0,1163460.6,136539.375,136539.375,10.503028846153846
895000.0,901841.6,-6841.625,6841.625,0.7644273743016761
812920.0,980936.2,-168016.1875,168016.1875,20.66823149879447
1044000.0,920256.9,123743.125,123743.125,11.852789750957854
1200000.0,1018399.2,181600.8125,181600.8125,15.133401041666666
440000.0,1015424.8,-575424.8125,575424.8125,130.77836647727273
1020000.0,989464.5,30535.5,30535.5,2.9936764705882353
1040000.0,1054216.5,-14216.5,14216.5,1.3669711538461538
1540000.0,1132579.1,407420.875,407420.875,26.455900974025976
720000.0,1042920.8,-322920.8125,322920.8125,44.85011284722222
800000.0,1115961.0,-315961.0,315961.0,39.495124999999994
2156000.0,1204901.8,951098.25,951098.25,44.11401901669759
850000.0,895933.2,-45933.1875,45933.1875,5.403904411764706
950000.0,896285.8,53714.1875,53714.1875,5.6541250000000005
550000.0,857817.2,-307817.1875,307817.1875,55.966761363636365
1200000.0,1632976.5,-432976.5,432976.5,36.081375
3100000.0,1421424.5,1678575.5,1678575.5,54.14759677419355
1280000.0,1124371.6,155628.375,155628.375,12.158466796875
800000.0,848022.25,-48022.25,48022.25,6.00278125
628800.0,876269.6,-247469.625,247469.625,39.35585639312977
853000.0,956765.1,-103765.125,103765.125,12.164727432590857
1250000.0,1095719.9,154280.125,154280.125,12.34241
700000.0,938140.7,-238140.6875,238140.6875,34.02009821428572
850000.0,1055124.9,-205124.875,205124.875,24.132338235294117
2400000.0,1727805.4,672194.625,672194.625,28.008109375
1015000.0,913026.4,101973.625,101973.625,10.046662561576355
2112000.0,1169863.8,942136.25,942136.25,44.608723958333336
1170000.0,990794.3,179205.6875,179205.6875,15.316725427350427
600000.0,992059.7,-392059.6875,392059.6875,65.34328124999999
800000.0,1010594.75,-210594.75,210594.75,26.32434375
1520000.0,1275196.6,244803.375,244803.375,16.10548519736842
1000000.0,1133381.0,-133381.0,133381.0,13.3381
1200000.0,1018045.9,181954.125,181954.125,15.162843749999999
1350000.0,1066789.5,283210.5,283210.5,20.978555555555555
16000000.0,11990691.0,4009309.0,4009309.0,25.05818125
460000.0,1370752.1,-910752.125,910752.125,197.98959239130437
882000.0,1078071.8,-196071.75,196071.75,22.230357142857144
450000.0,783022.44,-333022.4375,333022.4375,74.00498611111111
800000.0,904961.06,-104961.0625,104961.0625,13.1201328125
1100000.0,1043801.1,56198.875,56198.875,5.1089886363636365
1170000.0,1037576.5,132423.5,132423.5,11.318247863247862
620000.0,935240.75,-315240.75,315240.75,50.845282258064515
1380000.0,1154516.9,225483.125,225483.125,16.33935688405797
200000.0,1126166.2,-926166.25,926166.25,463.083125
650000.0,868289.5,-218289.5,218289.5,33.583
1000000.0,867856.25,132143.75,132143.75,13.214375
1400000.0,1178509.0,221491.0,221491.0,15.820785714285716
788000.0,960553.44,-172553.4375,172553.4375,21.89764435279188
900000.0,1020532.94,-120532.9375,120532.9375,13.39254861111111
600000.0,866841.25,-266841.25,266841.25,44.47354166666667
1035180.0,901278.5,133901.5,133901.5,12.935093413705829
900000.0,985862.4,-85862.375,85862.375,9.540263888888889
1764815.0,1169257.1,595557.875,595557.875,33.74619294373631
1450000.0,1077918.4,372081.625,372081.625,25.660801724137933
2064000.0,1651983.2,412016.75,412016.75,19.96205184108527
2345689.0,1470266.0,875423.0,875423.0,37.32050583005675
1400000.0,1021400.75,378599.25,378599.25,27.04280357142857
2400000.0,1095830.9,1304169.125,1304169.125,54.340380208333336
1100000.0,1101451.5,-1451.5,1451.5,0.13195454545454546
1250000.0,1205538.0,44462.0,44462.0,3.55696
1380000.0,1095589.2,284410.75,284410.75,20.60947463768116
1300000.0,1078794.1,221205.875,221205.875,17.01583653846154
1150000.0,1080249.2,69750.75,69750.75,6.065282608695652
700000.0,898839.6,-198839.625,198839.625,28.405660714285712
667200.0,972432.7,-305232.6875,305232.6875,45.74830448141487
2200000.0,1424132.0,775868.0,775868.0,35.26672727272727
543000.0,876547.0,-333547.0,333547.0,61.426703499079196
1170000.0,987836.9,182163.125,182163.125,15.569497863247864
1256820.0,1473502.2,-216682.25,216682.25,17.240515746089336
810000.0,983421.44,-173421.4375,173421.4375,21.41005401234568
700000.0,765883.44,-65883.4375,65883.4375,9.411919642857143
960000.0,1067827.6,-107827.625,107827.625,11.232044270833333
900000.0,1070799.6,-170799.625,170799.625,18.97773611111111
734100.0,903809.4,-169709.375,169709.375,23.118018662307588
1016000.0,1016008.8,-8.8125,8.8125,0.0008673720472440945
900000.0,949016.9,-49016.875,49016.875,5.446319444444445
1500000.0,907138.25,592861.75,592861.75,39.524116666666664
500000.0,845813.06,-345813.0625,345813.0625,69.1626125
1400000.0,1392392.9,7607.125,7607.125,0.5433660714285715
400000.0,1019279.75,-619279.75,619279.75,154.8199375
2400000.0,1140835.2,1259164.75,1259164.75,52.46519791666666
550000.0,906727.75,-356727.75,356727.75,64.85959090909091
700000.0,1180961.5,-480961.5,480961.5,68.70878571428571
650000.0,1032443.3,-382443.3125,382443.3125,58.83743269230769
780000.0,1067734.0,-287734.0,287734.0,36.88897435897436
800000.0,1018821.44,-218821.4375,218821.4375,27.352679687499997
1196000.0,948857.75,247142.25,247142.25,20.664067725752506
700000.0,821768.75,-121768.75,121768.75,17.395535714285714
1500000.0,1203487.6,296512.375,296512.375,19.76749166666667
650000.0,1020015.75,-370015.75,370015.75,56.92549999999999
600000.0,698328.7,-98328.6875,98328.6875,16.388114583333333
1200000.0,1050524.5,149475.5,149475.5,12.456291666666667
1100000.0,846284.8,253715.1875,253715.1875,23.065017045454546
793000.0,1109176.1,-316176.125,316176.125,39.87088587641867
940000.0,1047477.25,-107477.25,107477.25,11.43375
1440000.0,1066454.5,373545.5,373545.5,25.94065972222222
1760000.0,1904517.8,-144517.75,144517.75,8.211235795454545
2580000.0,2195370.2,384629.75,384629.75,14.908129844961241
1800000.0,1239376.4,560623.625,560623.625,31.145756944444447
750000.0,1091475.8,-341475.75,341475.75,45.530100000000004
700000.0,1049578.4,-349578.375,349578.375,49.93976785714286
900000.0,1096057.5,-196057.5,196057.5,21.784166666666664
750000.0,898020.6,-148020.625,148020.625,19.736083333333333
725000.0,949293.06,-224293.0625,224293.0625,30.936974137931035
950000.0,1061390.9,-111390.875,111390.875,11.725355263157896
1400000.0,1128090.4,271909.625,271909.625,19.422116071428572
1620000.0,1128087.4,491912.625,491912.625,30.36497685185185
900000.0,1215434.0,-315434.0,315434.0,35.04822222222222
550000.0,908083.75,-358083.75,358083.75,65.10613636363637
600000.0,743316.8,-143316.8125,143316.8125,23.88613541666667
900000.0,1599765.5,-699765.5,699765.5,77.75172222222221
700000.0,817573.1,-117573.125,117573.125,16.796160714285715
700000.0,782021.3,-82021.3125,82021.3125,11.717330357142858
1320000.0,1051461.9,268538.125,268538.125,20.34379734848485
984000.0,944821.7,39178.3125,39178.3125,3.9815358231707316
1000000.0,1311757.1,-311757.125,311757.125,31.175712500000003
882000.0,1042688.1,-160688.125,160688.125,18.21860827664399
750000.0,901653.6,-151653.625,151653.625,20.220483333333334
810000.0,827535.9,-17535.875,17535.875,2.164922839506173
600000.0,940765.75,-340765.75,340765.75,56.794291666666666
700000.0,926585.25,-226585.25,226585.25,32.36932142857143
1705000.0,1347880.5,357119.5,357119.5,20.94542521994135
600000.0,1209206.2,-609206.25,609206.25,101.534375
2380000.0,1608635.1,771364.875,771364.875,32.410288865546214
1350000.0,1107666.6,242333.375,242333.375,17.95062037037037
1345800.0,875875.9,469924.125,469924.125,34.917827686134636
1152000.0,1028499.6,123500.375,123500.375,10.720518663194445
1064500.0,1010292.75,54207.25,54207.25,5.092273367778299
800000.0,1042592.94,-242592.9375,242592.9375,30.3241171875
990000.0,1028724.0,-38724.0,38724.0,3.911515151515151
800000.0,1059298.5,-259298.5,259298.5,32.4123125
950000.0,893058.7,56941.3125,56941.3125,5.9938223684210525
815000.0,1076651.6,-261651.625,261651.625,32.104493865030676
1500000.0,1181400.5,318599.5,318599.5,21.239966666666664
1000000.0,975894.5,24105.5,24105.5,2.4105499999999997
750000.0,860651.2,-110651.1875,110651.1875,14.753491666666665
700000.0,898940.4,-198940.375,198940.375,28.42005357142857
670000.0,818794.56,-148794.5625,148794.5625,22.208143656716416
550500.0,929480.44,-378980.4375,378980.4375,68.84294959128066
488000.0,1079880.9,-591880.875,591880.875,121.28706454918033
708000.0,828699.0,-120699.0,120699.0,17.047881355932205
1200000.0,1075890.4,124109.625,124109.625,10.34246875
630000.0,1242661.0,-612661.0,612661.0,97.24777777777777
600000.0,839652.3,-239652.3125,239652.3125,39.94205208333334
588000.0,1036969.6,-448969.625,448969.625,76.35537840136054
780000.0,901104.25,-121104.25,121104.25,15.526185897435898
1550000.0,1018160.8,531839.1875,531839.1875,34.31220564516129
1100000.0,1007442.6,92557.375,92557.375,8.414306818181819
700000.0,922631.6,-222631.625,222631.625,31.804517857142855
540000.0,797642.25,-257642.25,257642.25,47.71152777777778
1063000.0,1044405.25,18594.75,18594.75,1.7492709313264347
1500000.0,1115734.5,384265.5,384265.5,25.6177
1100000.0,1048185.25,51814.75,51814.75,4.710431818181818
600000.0,761942.75,-161942.75,161942.75,26.990458333333333
4160000.0,3522603.2,637396.75,637396.75,15.322037259615385
1395000.0,1155789.1,239210.875,239210.875,17.147732974910394
750000.0,956482.8,-206482.8125,206482.8125,27.531041666666667
1100000.0,827575.2,272424.8125,272424.8125,24.765892045454546
480000.0,878244.7,-398244.6875,398244.6875,82.96764322916667
1000000.0,1016331.7,-16331.6875,16331.6875,1.63316875
1000000.0,1041337.56,-41337.5625,41337.5625,4.13375625
773400.0,811575.7,-38175.6875,38175.6875,4.936085790018102
78000000.0,94669976.0,-16669976.0,16669976.0,21.371764102564104
855600.0,1007354.94,-151754.9375,151754.9375,17.73666871201496
600000.0,789877.44,-189877.4375,189877.4375,31.646239583333337
3000000.0,2208094.8,791905.25,791905.25,26.396841666666663
650000.0,1024503.56,-374503.5625,374503.5625,57.615932692307695
1400000.0,1426093.5,-26093.5,26093.5,1.8638214285714285
900000.0,983486.44,-83486.4375,83486.4375,9.276270833333333
750000.0,982070.4,-232070.375,232070.375,30.942716666666666
576000.0,1009416.5,-433416.5,433416.5,75.24592013888889
970000.0,956311.94,13688.0625,13688.0625,1.4111404639175258
4285875.0,3633447.0,652428.0,652428.0,15.222749146906992
500000.0,937761.94,-437761.9375,437761.9375,87.5523875
1000000.0,1060944.4,-60944.375,60944.375,6.094437500000001
900000.0,1120203.8,-220203.75,220203.75,24.467083333333335
500000.0,831773.6,-331773.625,331773.625,66.354725
1230600.0,1099118.0,131482.0,131482.0,10.68438160247034
450000.0,888053.2,-438053.1875,438053.1875,97.34515277777777
1290000.0,1165699.2,124300.75,124300.75,9.635717054263566
800000.0,911963.75,-111963.75,111963.75,13.99546875
750000.0,952709.4,-202709.375,202709.375,27.02791666666667
1500000.0,1502345.6,-2345.625,2345.625,0.15637500000000001
1425000.0,898936.56,526063.4375,526063.4375,36.91673245614035
1200000.0,1060261.2,139738.75,139738.75,11.644895833333333
800000.0,1053513.8,-253513.75,253513.75,31.68921875
728000.0,1082553.5,-354553.5,354553.5,48.70240384615385
1400000.0,1234606.1,165393.875,165393.875,11.813848214285715
700000.0,777205.06,-77205.0625,77205.0625,11.029294642857144
719001.0,881615.6,-162614.625,162614.625,22.616745317461312
788000.0,1072751.0,-284751.0,284751.0,36.135913705583754
2746575.0,1738986.0,1007589.0,1007589.0,36.68528986100871
700000.0,992966.56,-292966.5625,292966.5625,41.85236607142857
1210000.0,934565.0,275435.0,275435.0,22.763223140495867
1188000.0,1407701.4,-219701.375,219701.375,18.493381734006732
1000000.0,1249769.6,-249769.625,249769.625,24.9769625
650000.0,934152.9,-284152.875,284152.875,43.715826923076925
637500.0,995442.9,-357942.875,357942.875,56.14790196078432
850000.0,1041920.56,-191920.5625,191920.5625,22.57888970588235
585000.0,766784.06,-181784.0625,181784.0625,31.07419871794872
700000.0,892124.44,-192124.4375,192124.4375,27.446348214285717
1000000.0,1053407.4,-53407.375,53407.375,5.3407375
1200000.0,842592.5,357407.5,357407.5,29.78395833333333
1250000.0,1133425.1,116574.875,116574.875,9.325990000000001
1200000.0,1062366.1,137633.875,137633.875,11.469489583333333
900000.0,1172942.8,-272942.75,272942.75,30.32697222222222
980000.0,1335951.0,-355951.0,355951.0,36.32153061224489
800000.0,919849.25,-119849.25,119849.25,14.98115625
500000.0,989925.1,-489925.125,489925.125,97.98502500000001
1200000.0,1200655.1,-655.125,655.125,0.054593749999999996
749000.0,1115044.4,-366044.375,366044.375,48.87107810413885
760000.0,1341420.9,-581420.875,581420.875,76.50274671052631
1015000.0,910081.6,104918.375,104918.375,10.336785714285714
750000.0,833856.25,-83856.25,83856.25,11.180833333333332
765000.0,916798.3,-151798.3125,151798.3125,19.842916666666667
2865000.0,1820704.0,1044296.0,1044296.0,36.450122164048864
1450000.0,1224394.9,225605.125,225605.125,15.558974137931033
2546800.0,1816788.6,730011.375,730011.375,28.66386740223025
1200000.0,1034009.94,165990.0625,165990.0625,13.832505208333334
1520000.0,1042168.6,477831.375,477831.375,31.436274671052633
900000.0,1146680.8,-246680.75,246680.75,27.40897222222222
1080000.0,933539.75,146460.25,146460.25,13.561134259259259
800000.0,1047873.5,-247873.5,247873.5,30.984187499999997
800000.0,1040284.4,-240284.375,240284.375,30.035546875
800000.0,923753.2,-123753.1875,123753.1875,15.4691484375
550000.0,875135.25,-325135.25,325135.25,59.1155
712000.0,727355.7,-15355.6875,15355.6875,2.15669768258427
1600000.0,1074504.2,525495.75,525495.75,32.843484374999996
500000.0,896932.9,-396932.875,396932.875,79.38657500000001
800000.0,1144488.2,-344488.25,344488.25,43.06103125
2000000.0,1356535.0,643465.0,643465.0,32.173249999999996
1147262.0,1177378.0,-30116.0,30116.0,2.625032468607868
540000.0,863139.75,-323139.75,323139.75,59.840694444444445
810000.0,864991.0,-54991.0,54991.0,6.789012345679013
650000.0,1023243.2,-373243.1875,373243.1875,57.42202884615385
1200000.0,1199958.4,41.625,41.625,0.0034687500000000005
800000.0,869210.0,-69210.0,69210.0,8.651250000000001
780000.0,970488.5,-190488.5,190488.5,24.421602564102564
550000.0,853802.44,-303802.4375,303802.4375,55.23680681818182
700000.0,1015548.9,-315548.875,315548.875,45.07841071428572
1200000.0,1107385.5,92614.5,92614.5,7.717875
1200000.0,1038467.44,161532.5625,161532.5625,13.461046875
507850.0,817926.7,-310076.6875,310076.6875,61.05674657871418
1000000.0,928548.0,71452.0,71452.0,7.1452
1389000.0,1138337.2,250662.75,250662.75,18.046274298056154
920000.0,878147.56,41852.4375,41852.4375,4.549177989130435
2580000.0,1172267.5,1407732.5,1407732.5,54.563275193798454
1120000.0,1043650.7,76349.3125,76349.3125,6.8169029017857135
620000.0,876984.3,-256984.3125,256984.3125,41.44908266129032
705000.0,1034072.75,-329072.75,329072.75,46.67698581560284
1112000.0,1133316.6,-21316.625,21316.625,1.916962679856115
720000.0,1069912.4,-349912.375,349912.375,48.59894097222222
1130000.0,1086842.5,43157.5,43157.5,3.8192477876106197
1000000.0,1242103.9,-242103.875,242103.875,24.2103875
810000.0,1144872.0,-334872.0,334872.0,41.342222222222226
600000.0,914959.2,-314959.1875,314959.1875,52.49319791666667
695000.0,834191.1,-139191.125,139191.125,20.0275
650000.0,995698.4,-345698.375,345698.375,53.18436538461538
700000.0,873644.1,-173644.125,173644.125,24.806303571428572
750000.0,892863.1,-142863.125,142863.125,19.048416666666668
610000.0,1059786.2,-449786.25,449786.25,73.73545081967214
2095000.0,1512322.8,582677.25,582677.25,27.81275656324582
1150000.0,1347769.2,-197769.25,197769.25,17.197326086956522
500000.0,962821.3,-462821.3125,462821.3125,92.56426250000001
1400000.0,1014094.5,385905.5,385905.5,27.56467857142857
1150000.0,1067996.8,82003.25,82003.25,7.130717391304348
900000.0,1003302.0,-103302.0,103302.0,11.478
1150000.0,1029425.5,120574.5,120574.5,10.484739130434782
600000.0,928533.0,-328533.0,328533.0,54.7555
1000000.0,943752.56,56247.4375,56247.4375,5.6247437499999995
838000.0,917657.1,-79657.125,79657.125,9.505623508353223
1400000.0,1067308.4,332691.625,332691.625,23.7636875
4860000.0,3264557.8,1595442.25,1595442.25,32.82802983539095
600000.0,925842.5,-325842.5,325842.5,54.30708333333333
600000.0,877802.7,-277802.6875,277802.6875,46.30044791666666
550000.0,1010426.25,-460426.25,460426.25,83.71386363636364
888000.0,882283.6,5716.375,5716.375,0.6437359234234235
460000.0,890248.4,-430248.375,430248.375,93.53225543478261
1410000.0,938699.7,471300.3125,471300.3125,33.42555407801419
500000.0,907722.1,-407722.125,407722.125,81.544425
1000000.0,1115914.0,-115914.0,115914.0,11.5914
910000.0,850514.0,59486.0,59486.0,6.536923076923077
650000.0,1163805.2,-513805.25,513805.25,79.04696153846153
637500.0,808780.0,-171280.0,171280.0,26.867450980392153
800000.0,948580.06,-148580.0625,148580.0625,18.5725078125
800000.0,949447.0,-149447.0,149447.0,18.680875
800000.0,996932.6,-196932.625,196932.625,24.616578125
1380000.0,1145948.8,234051.25,234051.25,16.960235507246377
1176000.0,1100351.6,75648.375,75648.375,6.432684948979592
700000.0,946973.44,-246973.4375,246973.4375,35.28191964285714
500000.0,957915.25,-457915.25,457915.25,91.58305
2150000.0,1363059.9,786940.125,786940.125,36.60186627906977
850000.0,1024704.06,-174704.0625,174704.0625,20.55341911764706
600000.0,1068057.0,-468057.0,468057.0,78.0095
700000.0,982124.56,-282124.5625,282124.5625,40.30350892857143
512000.0,897354.94,-385354.9375,385354.9375,75.26463623046875
2300300.0,1616294.6,684005.375,684005.375,29.73548558883624
1500000.0,1464839.4,35160.625,35160.625,2.3440416666666666
1400000.0,1037041.56,362958.4375,362958.4375,25.92560267857143
946400.0,958817.44,-12417.4375,12417.4375,1.3120707417582418
1500000.0,1077825.0,422175.0,422175.0,28.144999999999996
1445000.0,1032645.06,412354.9375,412354.9375,28.536673875432527
950000.0,1048289.3,-98289.3125,98289.3125,10.34624342105263
700000.0,1040922.3,-340922.3125,340922.3125,48.7031875
750000.0,850292.3,-100292.3125,100292.3125,13.372308333333333
1600000.0,1216668.6,383331.375,383331.375,23.9582109375
1160000.0,1067364.2,92635.75,92635.75,7.98584051724138
813400.0,957291.06,-143891.0625,143891.0625,17.690074071797394
720000.0,1044214.75,-324214.75,324214.75,45.029826388888885
1620000.0,1124875.8,495124.25,495124.25,30.56322530864198
750000.0,997985.25,-247985.25,247985.25,33.0647
610000.0,871560.2,-261560.1875,261560.1875,42.878719262295085
950000.0,1029042.3,-79042.3125,79042.3125,8.32024342105263
1400000.0,1192363.9,207636.125,207636.125,14.831151785714287
700000.0,986740.75,-286740.75,286740.75,40.962964285714285
800000.0,826678.4,-26678.375,26678.375,3.334796875
800000.0,1056160.1,-256160.125,256160.125,32.020015625
705600.0,1014244.1,-308644.125,308644.125,43.74208120748299
700000.0,898519.2,-198519.1875,198519.1875,28.359883928571428
850000.0,942310.5,-92310.5,92310.5,10.860058823529412
550000.0,989258.75,-439258.75,439258.75,79.86522727272727
690000.0,940583.4,-250583.375,250583.375,36.31643115942029
1484400.0,1315918.0,168482.0,168482.0,11.350175154944758
1060000.0,1037567.5,22432.5,22432.5,2.1162735849056604
1200000.0,1069659.1,130340.875,130340.875,10.861739583333334
1200000.0,1106228.1,93771.875,93771.875,7.814322916666666
620000.0,1084365.6,-464365.625,464365.625,74.89768145161291
2000000.0,1303470.8,696529.25,696529.25,34.8264625
800000.0,1079474.4,-279474.375,279474.375,34.934296875
700000.0,1131938.1,-431938.125,431938.125,61.705446428571435
864000.0,1059977.0,-195977.0,195977.0,22.68252314814815
1050000.0,1223685.0,-173685.0,173685.0,16.541428571428572
1100000.0,1076417.8,23582.25,23582.25,2.143840909090909
900000.0,1082782.1,-182782.125,182782.125,20.309125
1040555.0,1003267.44,37287.5625,37287.5625,3.583430236748658
1060000.0,932443.5,127556.5,127556.5,12.033632075471697
1760000.0,1060310.8,699689.25,699689.25,39.75507102272727
1250000.0,1130246.4,119753.625,119753.625,9.58029
46667.0,986165.94,-939498.9375,939498.9375,2013.1976289455074
2050000.0,1580078.8,469921.25,469921.25,22.922987804878048
700000.0,968659.1,-268659.125,268659.125,38.379875000000006
2000000.0,1390309.8,609690.25,609690.25,30.4845125
1150000.0,898446.2,251553.8125,251553.8125,21.874244565217392
890000.0,918076.25,-28076.25,28076.25,3.154634831460674
1000000.0,935572.6,64427.375,64427.375,6.4427375
800000.0,968539.94,-168539.9375,168539.9375,21.0674921875
900000.0,1113507.4,-213507.375,213507.375,23.723041666666667
924000.0,997525.94,-73525.9375,73525.9375,7.957352543290043
1440000.0,1314643.1,125356.875,125356.875,8.705338541666666
1308000.0,1112953.0,195047.0,195047.0,14.911850152905199
1500000.0,1349874.5,150125.5,150125.5,10.008366666666667
800000.0,1003958.3,-203958.3125,203958.3125,25.4947890625
700000.0,971407.6,-271407.625,271407.625,38.77251785714286
1152000.0,1000090.94,151909.0625,151909.0625,13.18655056423611
940000.0,1060591.2,-120591.25,120591.25,12.828856382978723
840000.0,934291.6,-94291.625,94291.625,11.225193452380951
1150510.0,824827.7,325682.3125,325682.3125,28.30764726078
600000.0,869439.9,-269439.875,269439.875,44.90664583333333
3600000.0,1335594.9,2264405.125,2264405.125,62.90014236111111
1300000.0,1300566.1,-566.125,566.125,0.043548076923076925
1027500.0,1417596.2,-390096.25,390096.25,37.96557177615571
700000.0,972577.0,-272577.0,272577.0,38.939571428571426
1020000.0,1059963.1,-39963.125,39963.125,3.917953431372549
700000.0,959891.75,-259891.75,259891.75,37.12739285714285
1400000.0,1338722.6,61277.375,61277.375,4.376955357142857
2895000.0,1004326.0,1890674.0,1890674.0,65.30825561312608
736000.0,800426.56,-64426.5625,64426.5625,8.753609035326088
1800000.0,1079661.9,720338.125,720338.125,40.01878472222222
530000.0,991275.5,-461275.5,461275.5,87.03311320754717
2130000.0,1374365.2,755634.75,755634.75,35.47580985915493
2500000.0,899741.94,1600258.0625,1600258.0625,64.0103225
1170000.0,1068919.6,101080.375,101080.375,8.63934829059829
886264.0,824641.3,61622.6875,61622.6875,6.9530848031737715
700000.0,949595.1,-249595.125,249595.125,35.65644642857143
900000.0,917631.44,-17631.4375,17631.4375,1.9590486111111112
1400000.0,1297862.9,102137.125,102137.125,7.2955089285714285
1200000.0,1173075.0,26925.0,26925.0,2.24375
1010000.0,1006930.9,3069.125,3069.125,0.3038737623762376
1000000.0,1016983.7,-16983.6875,16983.6875,1.69836875
1500000.0,1112983.9,387016.125,387016.125,25.801075
772000.0,889623.44,-117623.4375,117623.4375,15.236196567357513
900000.0,1123158.6,-223158.625,223158.625,24.795402777777777
1820000.0,1746624.9,73375.125,73375.125,4.031600274725275
800000.0,900100.3,-100100.3125,100100.3125,12.5125390625
1100000.0,850924.6,249075.375,249075.375,22.64321590909091
850000.0,972518.0,-122518.0,122518.0,14.413882352941176
1730500.0,1120256.8,610243.25,610243.25,35.263984397572955
1180000.0,904730.1,275269.875,275269.875,23.327955508474577
600000.0,872085.0,-272085.0,272085.0,45.347500000000004
1014000.0,929021.5,84978.5,84978.5,8.38052268244576
1500000.0,1175594.9,324405.125,324405.125,21.627008333333333
734000.0,866181.3,-132181.3125,132181.3125,18.00835320163488
610000.0,897133.25,-287133.25,287133.25,47.07102459016394
1100000.0,868122.9,231877.125,231877.125,21.079738636363636
800000.0,1053726.8,-253726.75,253726.75,31.71584375
900000.0,1099484.1,-199484.125,199484.125,22.16490277777778
600000.0,912794.6,-312794.625,312794.625,52.132437499999995
1030200.0,843719.56,186480.4375,186480.4375,18.10138201320132
874000.0,950909.9,-76909.875,76909.875,8.79975686498856
720000.0,943047.94,-223047.9375,223047.9375,30.978880208333333
1992375.0,1627917.5,364457.5,364457.5,18.292615596963422
700000.0,1011313.9,-311313.875,311313.875,44.47341071428571
884000.0,1058215.6,-174215.625,174215.625,19.707649886877828
1400000.0,1225053.2,174946.75,174946.75,12.496196428571428
647601.0,867922.6,-220321.625,220321.625,34.02119900988417
2400000.0,1492038.8,907961.25,907961.25,37.83171875
960000.0,800836.94,159163.0625,159163.0625,16.579485677083333
800000.0,1024553.6,-224553.625,224553.625,28.069203124999998
1260000.0,1000356.75,259643.25,259643.25,20.606607142857143
1472000.0,885195.8,586804.1875,586804.1875,39.86441491168478
1500000.0,1040373.3,459626.6875,459626.6875,30.641779166666666
1200000.0,1013442.75,186557.25,186557.25,15.5464375
700000.0,825862.1,-125862.125,125862.125,17.98030357142857
1920000.0,1542119.6,377880.375,377880.375,19.681269531250003
1255000.0,1431318.5,-176318.5,176318.5,14.049282868525898
1000000.0,981803.8,18196.1875,18196.1875,1.8196187499999998
1600000.0,1078098.9,521901.125,521901.125,32.6188203125
450000.0,891771.0,-441771.0,441771.0,98.17133333333334
1475000.0,1471204.4,3795.625,3795.625,0.2573305084745763
950000.0,1043142.1,-93142.125,93142.125,9.804434210526315
463400.0,1168898.5,-705498.5,705498.5,152.2439577039275
1538000.0,846765.4,691234.625,691234.625,44.94373374512354
550000.0,733144.8,-183144.8125,183144.8125,33.29905681818182
700000.0,965315.9,-265315.875,265315.875,37.90226785714286
700000.0,1004719.7,-304719.6875,304719.6875,43.53138392857143
877500.0,1087587.5,-210087.5,210087.5,23.941595441595442
800000.0,1036741.3,-236741.3125,236741.3125,29.592664062500003
1620000.0,1171568.6,448431.375,448431.375,27.680949074074075
775000.0,806823.0,-31823.0,31823.0,4.106193548387097
1000000.0,1176675.1,-176675.125,176675.125,17.667512499999997
850000.0,1097872.4,-247872.375,247872.375,29.161455882352943
770800.0,994361.94,-223561.9375,223561.9375,29.00388395173845
850000.0,1111119.2,-261119.25,261119.25,30.71991176470588
1350000.0,1060291.4,289708.625,289708.625,21.45989814814815
400000.0,735604.2,-335604.1875,335604.1875,83.90104687499999
1743600.0,1434504.1,309095.875,309095.875,17.727453257627896
1596000.0,1217373.0,378627.0,378627.0,23.723496240601506
566900.0,893734.2,-326834.1875,326834.1875,57.65288190156994
740000.0,981178.44,-241178.4375,241178.4375,32.591680743243245
850000.0,886731.56,-36731.5625,36731.5625,4.321360294117647
600000.0,856901.5,-256901.5,256901.5,42.816916666666664
1490000.0,1572846.4,-82846.375,82846.375,5.560159395973154
1367200.0,1213381.8,153818.25,153818.25,11.250603423054418
1000000.0,956690.94,43309.0625,43309.0625,4.33090625
550000.0,861997.06,-311997.0625,311997.0625,56.726738636363635
951850.0,910858.4,40991.625,40991.625,4.306521510742239
598000.0,872279.9,-274279.875,274279.875,45.86619983277592
790000.0,1023393.7,-233393.6875,233393.6875,29.543504746835442
1200000.0,1199660.0,340.0,340.0,0.028333333333333335
550000.0,906982.1,-356982.125,356982.125,64.90584090909091
600000.0,903902.1,-303902.125,303902.125,50.650354166666666
755000.0,980851.94,-225851.9375,225851.9375,29.91416390728477
800000.0,1551516.1,-751516.125,751516.125,93.939515625
756000.0,941807.7,-185807.6875,185807.6875,24.57773644179894
1398000.0,1231645.4,166354.625,166354.625,11.899472460658082
1610000.0,1013466.1,596533.875,596533.875,37.05179347826087
600000.0,866526.75,-266526.75,266526.75,44.421125
550000.0,926798.06,-376798.0625,376798.0625,68.50873863636363
800000.0,1117988.0,-317988.0,317988.0,39.7485
639000.0,850079.8,-211079.8125,211079.8125,33.03283450704225
800000.0,1046802.5,-246802.5,246802.5,30.850312499999998
1200000.0,1138314.4,61685.625,61685.625,5.14046875
600000.0,981156.2,-381156.1875,381156.1875,63.52603125
648000.0,989251.06,-341251.0625,341251.0625,52.662201003086416
600000.0,942362.5,-342362.5,342362.5,57.06041666666667
650000.0,985840.4,-335840.375,335840.375,51.66775
800000.0,941378.94,-141378.9375,141378.9375,17.672367187499997
1260000.0,1359515.5,-99515.5,99515.5,7.898055555555556
2600000.0,1279230.0,1320770.0,1320770.0,50.798846153846156
1600000.0,1072908.8,527091.25,527091.25,32.943203125
1220000.0,1061854.9,158145.125,158145.125,12.962715163934426
1000000.0,1053056.2,-53056.25,53056.25,5.305625
350000.0,816719.94,-466719.9375,466719.9375,133.34855357142857
830000.0,966045.4,-136045.375,136045.375,16.391009036144577
700000.0,1020191.56,-320191.5625,320191.5625,45.74165178571429
1800000.0,1061348.8,738651.25,738651.25,41.03618055555556
900000.0,993760.3,-93760.3125,93760.3125,10.4178125
810000.0,899664.94,-89664.9375,89664.9375,11.06974537037037
2700000.0,1084303.1,1615696.875,1615696.875,59.840625
550000.0,842053.0,-292053.0,292053.0,53.100545454545454
800000.0,893162.4,-93162.375,93162.375,11.645296875
711500.0,1028694.94,-317194.9375,317194.9375,44.581157765284615
800000.0,1179147.4,-379147.375,379147.375,47.393421875
550000.0,905483.5,-355483.5,355483.5,64.63336363636364
900000.0,924552.3,-24552.3125,24552.3125,2.7280347222222225
1080000.0,1613689.4,-533689.375,533689.375,49.41568287037037
742000.0,1159698.1,-417698.125,417698.125,56.29354784366577
970000.0,837726.7,132273.3125,132273.3125,13.636423969072165
1567500.0,1666628.5,-99128.5,99128.5,6.323987240829346
1250000.0,1260532.4,-10532.375,10532.375,0.84259
1242200.0,1418393.1,-176193.125,176193.125,14.18395789727902
668000.0,887359.0,-219359.0,219359.0,32.838173652694614
750000.0,909549.4,-159549.375,159549.375,21.273249999999997
600000.0,961773.94,-361773.9375,361773.9375,60.29565624999999
1050000.0,845897.7,204102.3125,204102.3125,19.438315476190475
1100000.0,1086625.0,13375.0,13375.0,1.2159090909090908
790000.0,1020043.06,-230043.0625,230043.0625,29.119374999999998
641000.0,987149.0,-346149.0,346149.0,54.00140405616225
2300000.0,1153645.8,1146354.25,1146354.25,49.84148913043479
900000.0,979096.44,-79096.4375,79096.4375,8.788493055555556
1487150.0,1096355.8,390794.25,390794.25,26.27806542715933
730000.0,1013866.25,-283866.25,283866.25,38.885787671232876
700000.0,1098493.0,-398493.0,398493.0,56.92757142857143
2000000.0,1152451.8,847548.25,847548.25,42.3774125
810000.0,936903.8,-126903.8125,126903.8125,15.667137345679013
580500.0,1026116.06,-445616.0625,445616.0625,76.7641795865633
600000.0,834813.8,-234813.8125,234813.8125,39.135635416666666
888000.0,1461864.0,-573864.0,573864.0,64.62432432432432
750000.0,903424.7,-153424.6875,153424.6875,20.456625
800000.0,1031146.4,-231146.375,231146.375,28.893296875
850000.0,854966.25,-4966.25,4966.25,0.584264705882353
710000.0,890482.8,-180482.8125,180482.8125,25.420114436619716
1110000.0,1011179.3,98820.6875,98820.6875,8.902764639639638
695000.0,1038284.06,-343284.0625,343284.0625,49.39339028776978
1040000.0,967439.1,72560.875,72560.875,6.977007211538462
1060000.0,974628.5,85371.5,85371.5,8.053915094339622
3000000.0,2654591.2,345408.75,345408.75,11.513625
705000.0,997745.3,-292745.3125,292745.3125,41.52415780141844
870000.0,1101777.9,-231777.875,231777.875,26.641135057471267
850000.0,1087000.6,-237000.625,237000.625,27.882426470588236
750000.0,998825.3,-248825.3125,248825.3125,33.17670833333333
380000.0,1114773.8,-734773.75,734773.75,193.36151315789473
800000.0,920039.0,-120039.0,120039.0,15.004875
1125000.0,1062363.1,62636.875,62636.875,5.567722222222223
1680000.0,1521706.1,158293.875,158293.875,9.422254464285714
1200000.0,1054902.6,145097.375,145097.375,12.091447916666667
650000.0,938743.7,-288743.6875,288743.6875,44.42210576923077
1000000.0,1131629.1,-131629.125,131629.125,13.162912500000001
1500000.0,1409854.2,90145.75,90145.75,6.009716666666667
2700000.0,1457104.2,1242895.75,1242895.75,46.033175925925924
1000000.0,1151636.5,-151636.5,151636.5,15.16365
550000.0,4725120.0,-4175120.0,4175120.0,759.1127272727273
925000.0,973210.6,-48210.625,48210.625,5.211959459459459
1256000.0,1110020.8,145979.25,145979.25,11.622551751592356
660000.0,1027743.8,-367743.8125,367743.8125,55.71875946969696
1600000.0,1129142.4,470857.625,470857.625,29.4286015625
745000.0,1009779.1,-264779.125,264779.125,35.540822147651006
1340000.0,1010253.0,329747.0,329747.0,24.607985074626864
1050000.0,1081475.8,-31475.75,31475.75,2.9976904761904763
500000.0,910342.56,-410342.5625,410342.5625,82.0685125
1229000.0,952574.5,276425.5,276425.5,22.491903986981285
1100000.0,980552.06,119447.9375,119447.9375,10.858903409090908
2400000.0,1838708.5,561291.5,561291.5,23.387145833333335
1200000.0,986732.0,213268.0,213268.0,17.772333333333336
600000.0,860593.75,-260593.75,260593.75,43.432291666666664
1000000.0,951635.94,48364.0625,48364.0625,4.83640625
1800000.0,1153438.9,646561.125,646561.125,35.9200625
900000.0,994614.06,-94614.0625,94614.0625,10.51267361111111
1100000.0,1093241.1,6758.875,6758.875,0.6144431818181818
813000.0,1252678.2,-439678.25,439678.25,54.08096555965559
950000.0,1194872.9,-244872.875,244872.875,25.77609210526316
500000.0,794171.44,-294171.4375,294171.4375,58.8342875
2400000.0,1660176.0,739824.0,739824.0,30.825999999999997
1200000.0,1234295.4,-34295.375,34295.375,2.857947916666667
480000.0,992936.75,-512936.75,512936.75,106.86182291666665
1250000.0,982285.7,267714.3125,267714.3125,21.417145
2250000.0,1177210.9,1072789.125,1072789.125,47.679516666666665
800000.0,1163442.6,-363442.625,363442.625,45.430328125
2100000.0,1245386.5,854613.5,854613.5,40.69588095238095
1000000.0,1065065.4,-65065.375,65065.375,6.506537499999999
1150000.0,1123291.5,26708.5,26708.5,2.3224782608695653
900000.0,995222.06,-95222.0625,95222.0625,10.580229166666667
1800000.0,1243753.5,556246.5,556246.5,30.902583333333332
1900000.0,1121680.6,778319.375,778319.375,40.96417763157895
956000.0,1087938.1,-131938.125,131938.125,13.801059100418412
865600.0,855519.6,10080.375,10080.375,1.164553488909427
1100000.0,1158438.6,-58438.625,58438.625,5.312602272727273
950000.0,1041869.8,-91869.8125,91869.8125,9.670506578947368
560000.0,871748.56,-311748.5625,311748.5625,55.66938616071428
1036200.0,946850.9,89349.125,89349.125,8.622768287975294
7290000.0,7214674.0,75326.0,75326.0,1.0332784636488341
1000000.0,1008381.56,-8381.5625,8381.5625,0.83815625
500000.0,835118.5,-335118.5,335118.5,67.02369999999999
688000.0,1074514.0,-386514.0,386514.0,56.17936046511628
1000000.0,1040314.44,-40314.4375,40314.4375,4.03144375
1600000.0,990961.44,609038.5625,609038.5625,38.06491015625
1500000.0,1067972.0,432028.0,432028.0,28.801866666666665
850000.0,922115.3,-72115.3125,72115.3125,8.484154411764706
864000.0,1112936.1,-248936.125,248936.125,28.812051504629633
1260000.0,1324956.5,-64956.5,64956.5,5.155277777777778
600000.0,864721.7,-264721.6875,264721.6875,44.12028125
1061600.0,1019290.75,42309.25,42309.25,3.9854229464958557
1200000.0,881841.6,318158.375,318158.375,26.513197916666662
1800000.0,993684.2,806315.8125,806315.8125,44.79532291666667
1760000.0,1399150.9,360849.125,360849.125,20.502791193181817
588000.0,907771.44,-319771.4375,319771.4375,54.38289753401361
650000.0,818366.8,-168366.8125,168366.8125,25.902586538461534
1050000.0,1093662.4,-43662.375,43662.375,4.158321428571429
1150000.0,1059075.8,90924.25,90924.25,7.9064565217391305
1160000.0,993140.94,166859.0625,166859.0625,14.384401939655172
1600000.0,1165236.0,434764.0,434764.0,27.17275
750000.0,987818.9,-237818.875,237818.875,31.709183333333335
710000.0,970813.56,-260813.5625,260813.5625,36.73430457746479
1479000.0,1104986.6,374013.375,374013.375,25.288260649087217
664500.0,816981.6,-152481.625,152481.625,22.946820917983445
1000000.0,937477.9,62522.125,62522.125,6.2522125
650000.0,986560.5,-336560.5,336560.5,51.77853846153846
2000000.0,1045558.1,954441.875,954441.875,47.72209375
1450000.0,1187915.8,262084.25,262084.25,18.074775862068964
900000.0,874325.94,25674.0625,25674.0625,2.852673611111111
800000.0,1153590.9,-353590.875,353590.875,44.198859375
1000000.0,985465.7,14534.3125,14534.3125,1.45343125
1000000.0,1103054.0,-103054.0,103054.0,10.3054
720000.0,956063.7,-236063.6875,236063.6875,32.786623263888885
1500000.0,969998.44,530001.5625,530001.5625,35.333437499999995
620000.0,1054011.2,-434011.25,434011.25,70.00181451612903
8000000.0,5637170.5,2362829.5,2362829.5,29.535368750000004
600000.0,1030254.2,-430254.1875,430254.1875,71.70903125
2395000.0,1751240.8,643759.25,643759.25,26.879300626304804
600000.0,939243.2,-339243.1875,339243.1875,56.54053125
1100000.0,1482900.9,-382900.875,382900.875,34.80917045454546
1100000.0,1545485.6,-445485.625,445485.625,40.49869318181818
1500000.0,1094137.2,405862.75,405862.75,27.057516666666665
1620000.0,954685.1,665314.875,665314.875,41.06881944444444
1040000.0,1320765.9,-280765.875,280765.875,26.99671875
520000.0,3397855.5,-2877855.5,2877855.5,553.43375
1015000.0,959712.9,55287.125,55287.125,5.447007389162561
900000.0,905302.8,-5302.8125,5302.8125,0.5892013888888888
700000.0,1150602.0,-450602.0,450602.0,64.37171428571429
800000.0,1142483.5,-342483.5,342483.5,42.8104375
610000.0,919359.56,-309359.5625,309359.5625,50.71468237704918
1400000.0,1146160.9,253839.125,253839.125,18.13136607142857
1160000.0,1167091.4,-7091.375,7091.375,0.6113254310344828
1300000.0,1024910.7,275089.3125,275089.3125,21.160716346153848
850000.0,954222.25,-104222.25,104222.25,12.261441176470589
1350000.0,1127286.1,222713.875,222713.875,16.497324074074076
2052000.0,1244200.0,807800.0,807800.0,39.36647173489279
1200000.0,1389818.9,-189818.875,189818.875,15.818239583333332
700000.0,984676.1,-284676.125,284676.125,40.66801785714286
980000.0,1003135.6,-23135.625,23135.625,2.3607780612244897
1124200.0,1248302.2,-124102.25,124102.25,11.03916118128447
800000.0,916685.7,-116685.6875,116685.6875,14.585710937499998
500000.0,830261.3,-330261.3125,330261.3125,66.0522625
750000.0,947352.06,-197352.0625,197352.0625,26.31360833333333
850000.0,1068178.5,-218178.5,218178.5,25.66805882352941
1120000.0,904454.75,215545.25,215545.25,19.245111607142857
947500.0,1094532.2,-147032.25,147032.25,15.517915567282323
1200000.0,942123.25,257876.75,257876.75,21.489729166666667
600000.0,792838.25,-192838.25,192838.25,32.13970833333333
800000.0,947732.1,-147732.125,147732.125,18.466515625
1276000.0,1201561.9,74438.125,74438.125,5.833708855799373
1070000.0,1063938.5,6061.5,6061.5,0.5664953271028037
1500000.0,1183403.0,316597.0,316597.0,21.10646666666667
810000.0,1041035.1,-231035.125,231035.125,28.522854938271603
2437500.0,1733266.5,704233.5,704233.5,28.89163076923077
1052000.0,1126087.2,-74087.25,74087.25,7.042514258555133
820000.0,1071954.1,-251954.125,251954.125,30.72611280487805
800000.0,1036729.4,-236729.375,236729.375,29.591171875
1497000.0,891656.25,605343.75,605343.75,40.43712424849699
616000.0,937226.4,-321226.375,321226.375,52.1471387987013
843000.0,1068866.0,-225866.0,225866.0,26.79311981020166
1600000.0,1189100.0,410900.0,410900.0,25.68125
1800000.0,1669647.4,130352.625,130352.625,7.2418125
1261875.0,1252755.0,9120.0,9120.0,0.7227340267459138
1600000.0,1353477.1,246522.875,246522.875,15.4076796875
850000.0,1121180.4,-271180.375,271180.375,31.903573529411766
1320000.0,1055587.2,264412.75,264412.75,20.03126893939394
600000.0,874563.8,-274563.8125,274563.8125,45.760635416666666
1800000.0,1164945.1,635054.875,635054.875,35.28082638888888
700000.0,1001631.25,-301631.25,301631.25,43.090178571428574
975000.0,909751.25,65248.75,65248.75,6.692179487179486
2070000.0,1198468.4,871531.625,871531.625,42.102977053140094
1150000.0,996723.25,153276.75,153276.75,13.32841304347826
750000.0,1153723.5,-403723.5,403723.5,53.829800000000006
6500000.0,902797.44,5597202.5625,5597202.5625,86.11080865384615
490000.0,846104.94,-356104.9375,356104.9375,72.67447704081633
950000.0,982801.8,-32801.8125,32801.8125,3.4528223684210526
650000.0,898540.44,-248540.4375,248540.4375,38.23699038461538
1126000.0,1101232.0,24768.0,24768.0,2.1996447602131437
850000.0,936040.1,-86040.125,86040.125,10.122367647058823
1290000.0,1099518.8,190481.25,190481.25,14.765988372093023
1547500.0,1226697.5,320802.5,320802.5,20.73037156704362
580000.0,898901.0,-318901.0,318901.0,54.98293103448276
900000.0,1170733.2,-270733.25,270733.25,30.08147222222222
1500000.0,1103871.5,396128.5,396128.5,26.408566666666665
550000.0,946006.75,-396006.75,396006.75,72.00122727272728
1210000.0,1148693.4,61306.625,61306.625,5.066663223140496
800000.0,1458189.5,-658189.5,658189.5,82.27368750000001
1380000.0,1006719.9,373280.125,373280.125,27.049284420289855
550000.0,894082.3,-344082.3125,344082.3125,62.56042045454545
5200000.0,2012903.6,3187096.375,3187096.375,61.29031490384615
2000000.0,1109613.1,890386.875,890386.875,44.519343750000004
840000.0,916862.6,-76862.625,76862.625,9.1503125
1100000.0,935420.56,164579.4375,164579.4375,14.961767045454547
700000.0,844520.25,-144520.25,144520.25,20.64575
1695000.0,2368019.0,-673019.0,673019.0,39.70613569321534
2828625.0,2289596.8,539028.25,539028.25,19.05619338017588
700000.0,1398647.5,-698647.5,698647.5,99.80678571428572
774000.0,1011848.2,-237848.1875,237848.1875,30.7297399870801
1700000.0,1212258.5,487741.5,487741.5,28.690676470588233
945000.0,1029315.3,-84315.3125,84315.3125,8.92225529100529
800000.0,1022133.44,-222133.4375,222133.4375,27.7666796875
900000.0,1237543.5,-337543.5,337543.5,37.50483333333333
700000.0,943006.5,-243006.5,243006.5,34.71521428571428
720000.0,942702.0,-222702.0,222702.0,30.930833333333336
950000.0,917432.0,32568.0,32568.0,3.428210526315789
1000000.0,1100055.6,-100055.625,100055.625,10.0055625
1400000.0,1059592.8,340407.25,340407.25,24.314803571428573
1345000.0,1776444.9,-431444.875,431444.875,32.07768587360595
1000000.0,1029498.44,-29498.4375,29498.4375,2.94984375
550000.0,1038795.2,-488795.1875,488795.1875,88.87185227272727
1250000.0,1087036.1,162963.875,162963.875,13.037109999999998
850000.0,1028190.6,-178190.625,178190.625,20.96360294117647
730000.0,985777.6,-255777.625,255777.625,35.03803082191781
620000.0,1332203.4,-712203.375,712203.375,114.8715120967742
1550000.0,1571216.0,-21216.0,21216.0,1.368774193548387
700000.0,1130493.6,-430493.625,430493.625,61.499089285714284
1000000.0,1276649.6,-276649.625,276649.625,27.6649625
1176000.0,869240.0,306760.0,306760.0,26.08503401360544
950000.0,1057626.9,-107626.875,107626.875,11.329144736842105
784000.0,1157805.6,-373805.625,373805.625,47.67928890306122
800000.0,926068.9,-126068.875,126068.875,15.758609374999999
1600000.0,1344600.2,255399.75,255399.75,15.962484374999999
700000.0,974845.56,-274845.5625,274845.5625,39.26365178571429
500000.0,830193.25,-330193.25,330193.25,66.03865
966000.0,954213.94,11786.0625,11786.0625,1.2200892857142855
2125000.0,1714502.9,410497.125,410497.125,19.317511764705884
500000.0,966291.5,-466291.5,466291.5,93.2583
720000.0,883928.94,-163928.9375,163928.9375,22.767907986111112
5000000.0,3258325.8,1741674.25,1741674.25,34.833484999999996
2400000.0,1046202.8,1353797.1875,1353797.1875,56.408216145833336
980000.0,1150075.9,-170075.875,170075.875,17.35468112244898
783000.0,1069284.5,-286284.5,286284.5,36.5625159642401
500000.0,794184.56,-294184.5625,294184.5625,58.836912500000004
1540000.0,1464018.1,75981.875,75981.875,4.933887987012987
700000.0,998658.06,-298658.0625,298658.0625,42.665437499999996
6500000.0,4176600.0,2323400.0,2323400.0,35.744615384615386
1005000.0,1323736.1,-318736.125,318736.125,31.715037313432838
1500000.0,960480.6,539519.375,539519.375,35.967958333333335
675000.0,971422.94,-296422.9375,296422.9375,43.91450925925926
1200000.0,1154469.2,45530.75,45530.75,3.7942291666666668
1500000.0,1035561.1,464438.875,464438.875,30.96259166666667
800000.0,980090.0,-180090.0,180090.0,22.51125
861000.0,936455.06,-75455.0625,75455.0625,8.763654181184668
1251180.0,1500947.1,-249767.125,249767.125,19.96252537604501
480000.0,911782.44,-431782.4375,431782.4375,89.95467447916667
852000.0,1054787.6,-202787.625,202787.625,23.801364436619718
950000.0,975000.9,-25000.875,25000.875,2.631671052631579
1600000.0,1092867.0,507133.0,507133.0,31.6958125
1300000.0,2090822.2,-790822.25,790822.25,60.83248076923077
1500000.0,1030446.5,469553.5,469553.5,31.303566666666665
656001.0,980756.8,-324755.8125,324755.8125,49.50538375703696
400000.0,896352.8,-496352.8125,496352.8125,124.08820312499999
500000.0,943717.4,-443717.375,443717.375,88.743475
1000000.0,1080181.1,-80181.125,80181.125,8.0181125
1000000.0,1097217.4,-97217.375,97217.375,9.7217375
1500000.0,1199779.1,300220.875,300220.875,20.014725
983600.0,947861.0,35739.0,35739.0,3.633489223261489
1468000.0,1054765.9,413234.125,413234.125,28.14946355585831
1200000.0,1115201.5,84798.5,84798.5,7.066541666666666
800000.0,943578.2,-143578.1875,143578.1875,17.9472734375
1550000.0,1004681.94,545318.0625,545318.0625,35.18181048387097
1740000.0,1400709.1,339290.875,339290.875,19.499475574712644
5000000.0,884004.1,4115995.875,4115995.875,82.31991749999999
1350000.0,870799.75,479200.25,479200.25,35.496314814814816
700000.0,979897.4,-279897.375,279897.375,39.98533928571428
750000.0,818804.94,-68804.9375,68804.9375,9.173991666666668
1100000.0,1012830.9,87169.125,87169.125,7.92446590909091
500000.0,831483.3,-331483.3125,331483.3125,66.2966625
1160000.0,1126461.6,33538.375,33538.375,2.891239224137931
1330000.0,1046308.5,283691.5,283691.5,21.330187969924815
900000.0,522290.72,377709.28125,377709.28125,41.967697916666665
800000.0,925678.6,-125678.625,125678.625,15.709828125
1000000.0,944263.7,55736.3125,55736.3125,5.57363125
500000.0,1010461.4,-510461.375,510461.375,102.092275
1000000.0,1406744.2,-406744.25,406744.25,40.674425
1402000.0,944903.6,457096.375,457096.375,32.60316512125535
1100000.0,1433736.8,-333736.75,333736.75,30.339704545454545
1320000.0,982753.56,337246.4375,337246.4375,25.54897253787879
1500000.0,1271768.0,228232.0,228232.0,15.215466666666666
1068001.0,965628.4,102372.625,102372.625,9.585442803892507
750000.0,1024389.94,-274389.9375,274389.9375,36.585325000000005
650000.0,1020479.94,-370479.9375,370479.9375,56.996913461538455
725000.0,942967.7,-217967.6875,217967.6875,30.064508620689658
936000.0,1105122.2,-169122.25,169122.25,18.068616452991453
600000.0,1104591.6,-504591.625,504591.625,84.09860416666668
645000.0,892041.56,-247041.5625,247041.5625,38.301017441860466
877600.0,980196.75,-102596.75,102596.75,11.690605059252507
1600000.0,1126560.5,473439.5,473439.5,29.58996875
1200000.0,978303.2,221696.8125,221696.8125,18.474734374999997
595000.0,930975.8,-335975.8125,335975.8125,56.466523109243695
558000.0,864435.0,-306435.0,306435.0,54.91666666666667
1065000.0,851979.7,213020.3125,213020.3125,20.001907276995304
750000.0,1083871.5,-333871.5,333871.5,44.5162
2000000.0,1328833.8,671166.25,671166.25,33.5583125
1460000.0,1380028.4,79971.625,79971.625,5.477508561643836
1800000.0,1273850.8,526149.25,526149.25,29.230513888888886
900000.0,1032625.44,-132625.4375,132625.4375,14.736159722222222
1748000.0,1300732.2,447267.75,447267.75,25.587399885583523
880000.0,919374.56,-39374.5625,39374.5625,4.4743821022727275
680000.0,1112606.9,-432606.875,432606.875,63.61865808823529
850000.0,1862390.6,-1012390.625,1012390.625,119.10477941176471
1800000.0,1038383.0,761617.0,761617.0,42.31205555555555
1600000.0,1446830.0,153170.0,153170.0,9.573125000000001
1425000.0,1059506.0,365494.0,365494.0,25.648701754385968
3000000.0,1865993.6,1134006.375,1134006.375,37.8002125
1000000.0,1104360.1,-104360.125,104360.125,10.4360125
750000.0,821743.94,-71743.9375,71743.9375,9.565858333333335
1160000.0,912229.7,247770.3125,247770.3125,21.35950969827586
1200000.0,888288.2,311711.8125,311711.8125,25.975984375
880000.0,1019851.75,-139851.75,139851.75,15.892244318181817
550000.0,748559.56,-198559.5625,198559.5625,36.101738636363635
795000.0,915438.6,-120438.625,120438.625,15.149512578616353
1500000.0,1179923.8,320076.25,320076.25,21.338416666666667
900000.0,1114965.8,-214965.75,214965.75,23.885083333333334
754938.0,1020797.56,-265859.5625,265859.5625,35.216079002514114
920000.0,955783.94,-35783.9375,35783.9375,3.8895584239130434
1400000.0,1032596.44,367403.5625,367403.5625,26.243111607142854
1550000.0,1096510.4,453489.625,453489.625,29.257395161290322
590000.0,853797.06,-263797.0625,263797.0625,44.71136652542373
1550000.0,998771.8,551228.1875,551228.1875,35.56310887096774
650000.0,923871.7,-273871.6875,273871.6875,42.134105769230764
630000.0,935278.75,-305278.75,305278.75,48.456944444444446
1614000.0,1276572.6,337427.375,337427.375,20.906280978934326
1120000.0,1109007.0,10993.0,10993.0,0.9815178571428572
550000.0,860469.5,-310469.5,310469.5,56.449000000000005
1200000.0,1044237.3,155762.6875,155762.6875,12.980223958333333
1350000.0,1008824.6,341175.375,341175.375,25.272250000000003
1330000.0,1105988.0,224012.0,224012.0,16.843007518796995
6300000.0,3383296.2,2916703.75,2916703.75,46.29688492063492
923000.0,1069199.1,-146199.125,146199.125,15.839558504875406
1000000.0,952229.6,47770.375,47770.375,4.7770375
810000.0,1014924.6,-204924.625,204924.625,25.29933641975309
1125000.0,1049079.8,75920.25,75920.25,6.748466666666666
900000.0,1017019.56,-117019.5625,117019.5625,13.002173611111111
1160000.0,1117038.1,42961.875,42961.875,3.7036099137931036
1300000.0,1138814.0,161186.0,161186.0,12.398923076923078
650000.0,1028663.4,-378663.375,378663.375,58.25590384615384
1000000.0,944896.75,55103.25,55103.25,5.510325
1710000.0,999031.2,710968.8125,710968.8125,41.5771235380117
9277500.0,886450.4,8391049.625,8391049.625,90.44515898679602
700000.0,888461.06,-188461.0625,188461.0625,26.92300892857143
1567500.0,1126494.8,441005.25,441005.25,28.134306220095695
1100000.0,1027051.2,72948.8125,72948.8125,6.631710227272728
1320000.0,1561906.6,-241906.625,241906.625,18.32625946969697
588000.0,900337.8,-312337.8125,312337.8125,53.118675595238095
1170000.0,1028649.5,141350.5,141350.5,12.081239316239316
700000.0,805780.2,-105780.1875,105780.1875,15.111455357142859
942000.0,984825.9,-42825.875,42825.875,4.546271231422505
1100000.0,1028671.0,71329.0,71329.0,6.484454545454546
1200000.0,1518583.6,-318583.625,318583.625,26.548635416666666
650000.0,923004.3,-273004.3125,273004.3125,42.000663461538466
556000.0,892535.0,-336535.0,336535.0,60.527877697841724
1000000.0,1125744.1,-125744.125,125744.125,12.574412500000001
970000.0,1005021.44,-35021.4375,35021.4375,3.610457474226804
500000.0,790016.56,-290016.5625,290016.5625,58.00331250000001
700000.0,925223.75,-225223.75,225223.75,32.17482142857143
1411200.0,1187725.4,223474.625,223474.625,15.835786918934241
700000.0,944489.9,-244489.875,244489.875,34.927125
650000.0,891956.5,-241956.5,241956.5,37.22407692307692
1200000.0,1154693.9,45306.125,45306.125,3.775510416666666
540000.0,835525.2,-295525.1875,295525.1875,54.72688657407407
908000.0,1024520.7,-116520.6875,116520.6875,12.832674834801763
1000000.0,1089264.2,-89264.25,89264.25,8.926425
600000.0,1013106.2,-413106.1875,413106.1875,68.85103125
810000.0,1036162.25,-226162.25,226162.25,27.921265432098764
2400000.0,1374650.5,1025349.5,1025349.5,42.72289583333333
400000.0,788594.9,-388594.875,388594.875,97.14871875
714500.0,889603.06,-175103.0625,175103.0625,24.507076627011898
900000.0,1780904.5,-880904.5,880904.5,97.87827777777778
1320000.0,1055793.2,264206.75,264206.75,20.01566287878788
1500000.0,1022795.1,477204.875,477204.875,31.813658333333333
950000.0,1066304.1,-116304.125,116304.125,12.24253947368421
680000.0,969766.4,-289766.375,289766.375,42.61270220588235
730000.0,932293.56,-202293.5625,202293.5625,27.711446917808217
600000.0,907967.25,-307967.25,307967.25,51.327875
900000.0,1106728.9,-206728.875,206728.875,22.969875000000002
500000.0,924495.4,-424495.375,424495.375,84.899075
1050000.0,1056483.2,-6483.25,6483.25,0.617452380952381
550000.0,892872.25,-342872.25,342872.25,62.34040909090909
460000.0,800157.1,-340157.125,340157.125,73.94720108695653
1207000.0,1075390.6,131609.375,131609.375,10.903842170671085
1375000.0,1120922.4,254077.625,254077.625,18.478372727272728
900000.0,982910.4,-82910.375,82910.375,9.212263888888888
1265000.0,1111406.9,153593.125,153593.125,12.141749011857708
2500000.0,1370236.5,1129763.5,1129763.5,45.19054
800000.0,1081064.0,-281064.0,281064.0,35.132999999999996
1000000.0,1018213.8,-18213.8125,18213.8125,1.82138125
960000.0,1088665.4,-128665.375,128665.375,13.402643229166667
1127000.0,871288.75,255711.25,255711.25,22.68955190771961
817000.0,902829.2,-85829.1875,85829.1875,10.505408506731946
467600.0,962071.6,-494471.625,494471.625,105.74671193327629
900000.0,970994.06,-70994.0625,70994.0625,7.888229166666667
700000.0,948140.1,-248140.125,248140.125,35.44858928571429
650000.0,863070.06,-213070.0625,213070.0625,32.780009615384614
24000000.0,14473185.0,9526815.0,9526815.0,39.6950625
900000.0,943195.25,-43195.25,43195.25,4.799472222222223
800000.0,939510.0,-139510.0,139510.0,17.43875
758000.0,1174087.1,-416087.125,416087.125,54.89276055408971
900000.0,1346103.1,-446103.125,446103.125,49.56701388888889
900000.0,915626.8,-15626.8125,15626.8125,1.7363125
500000.0,758660.1,-258660.125,258660.125,51.73202500000001
650000.0,927417.9,-277417.875,277417.875,42.67967307692307
1150000.0,1019645.1,130354.875,130354.875,11.33520652173913
1000000.0,1091973.8,-91973.75,91973.75,9.197375000000001
1200000.0,1164474.1,35525.875,35525.875,2.960489583333333
2235600.0,1885491.1,350108.875,350108.875,15.66062242798354
489400.0,873678.7,-384278.6875,384278.6875,78.52036932979158
665110.0,1005030.25,-339920.25,339920.25,51.10737321646044
420000.0,1029914.2,-609914.1875,609914.1875,145.2176636904762
1424150.0,1167677.4,256472.625,256472.625,18.00882105115332
950000.0,893789.8,56210.1875,56210.1875,5.916861842105263
1200000.0,1204985.9,-4985.875,4985.875,0.41548958333333336
530000.0,1000671.25,-470671.25,470671.25,88.80589622641509
1590000.0,1097454.5,492545.5,492545.5,30.97770440251572
1000000.0,983314.44,16685.5625,16685.5625,1.66855625
800000.0,1027651.44,-227651.4375,227651.4375,28.456429687500002
510000.0,1003408.9,-493408.875,493408.875,96.74683823529412
810000.0,1061782.8,-251782.75,251782.75,31.084290123456793
750000.0,929233.9,-179233.875,179233.875,23.897850000000002
950000.0,1145442.0,-195442.0,195442.0,20.57284210526316
998750.0,983267.25,15482.75,15482.75,1.550212765957447
800000.0,1138379.6,-338379.625,338379.625,42.297453125000004
1115400.0,847186.44,268213.5625,268213.5625,24.046401515151516
1200000.0,1113393.4,86606.625,86606.625,7.21721875
700000.0,979564.44,-279564.4375,279564.4375,39.937776785714284
950000.0,1160535.5,-210535.5,210535.5,22.161631578947368
734000.0,964522.1,-230522.125,230522.125,31.406284059945506
2000000.0,1061295.9,938704.125,938704.125,46.93520625
1198000.0,1120976.5,77023.5,77023.5,6.429340567612687
860000.0,836083.06,23916.9375,23916.9375,2.7810392441860463
14540000.0,11112919.0,3427081.0,3427081.0,23.570020632737275
800000.0,981650.9,-181650.875,181650.875,22.706359374999998
1500000.0,1199236.5,300763.5,300763.5,20.0509
900000.0,1189301.1,-289301.125,289301.125,32.14456944444444
2542000.0,1130031.1,1411968.875,1411968.875,55.54558910306845
800000.0,944094.9,-144094.875,144094.875,18.011859375
750000.0,800787.3,-50787.3125,50787.3125,6.771641666666667
960000.0,1067200.1,-107200.125,107200.125,11.1666796875
600000.0,1028150.06,-428150.0625,428150.0625,71.35834375
900000.0,1189463.1,-289463.125,289463.125,32.16256944444444
1000000.0,1351714.5,-351714.5,351714.5,35.17145
950000.0,991136.9,-41136.875,41136.875,4.330197368421053
800000.0,1270313.4,-470313.375,470313.375,58.789171875
1650000.0,1032342.56,617657.4375,617657.4375,37.433784090909086
1600000.0,1099757.4,500242.625,500242.625,31.265164062500002
1800000.0,943390.56,856609.4375,856609.4375,47.58941319444445
890000.0,943494.25,-53494.25,53494.25,6.0105898876404495
950000.0,983938.56,-33938.5625,33938.5625,3.5724802631578947
1600000.0,1403662.6,196337.375,196337.375,12.271085937499999
1005000.0,1055722.9,-50722.875,50722.875,5.0470522388059695
950000.0,1006508.56,-56508.5625,56508.5625,5.948269736842105
580500.0,922297.75,-341797.75,341797.75,58.879888027562444
895000.0,908799.44,-13799.4375,13799.4375,1.5418365921787711
1800000.0,978464.9,821535.125,821535.125,45.64084027777778
494400.0,832386.75,-337986.75,337986.75,68.36301577669903
1600000.0,1131118.9,468881.125,468881.125,29.305070312499996
700000.0,948242.1,-248242.125,248242.125,35.46316071428571
1090000.0,1019154.44,70845.5625,70845.5625,6.499592889908257
800000.0,937573.2,-137573.1875,137573.1875,17.196648437500002
1300000.0,910221.44,389778.5625,389778.5625,29.982966346153844
650000.0,855217.7,-205217.6875,205217.6875,31.571951923076924
1500000.0,1055310.2,444689.75,444689.75,29.64598333333333
1250000.0,896679.06,353320.9375,353320.9375,28.265675
2120000.0,923163.75,1196836.25,1196836.25,56.45454009433962
480000.0,1146334.0,-666334.0,666334.0,138.81958333333333
800000.0,1192915.5,-392915.5,392915.5,49.1144375
1012000.0,1092028.4,-80028.375,80028.375,7.907942193675889
1050000.0,1063881.5,-13881.5,13881.5,1.3220476190476191
1152800.0,926752.9,226047.125,226047.125,19.60852923317141
500000.0,965305.7,-465305.6875,465305.6875,93.0611375
650000.0,939684.1,-289684.125,289684.125,44.56678846153846
800000.0,988046.94,-188046.9375,188046.9375,23.5058671875
750000.0,1164544.6,-414544.625,414544.625,55.272616666666664
600000.0,887041.44,-287041.4375,287041.4375,47.840239583333336
1550000.0,1680753.6,-130753.625,130753.625,8.435717741935484
1550000.0,1774628.2,-224628.25,224628.25,14.492145161290324
750000.0,860928.44,-110928.4375,110928.4375,14.790458333333333
800000.0,1104172.0,-304172.0,304172.0,38.0215
1050000.0,1099666.4,-49666.375,49666.375,4.730130952380953
60000000.0,67376500.0,-7376496.0,7376496.0,12.29416
792800.0,1015823.9,-223023.875,223023.875,28.131164858728557
768000.0,846732.9,-78732.875,78732.875,10.251676432291665
2100000.0,2098588.0,1412.0,1412.0,0.06723809523809524
1200000.0,1375713.9,-175713.875,175713.875,14.642822916666667
1160000.0,1066295.9,93704.125,93704.125,8.077941810344827
800000.0,987124.0,-187124.0,187124.0,23.3905
700000.0,879135.94,-179135.9375,179135.9375,25.590848214285717
823200.0,885163.2,-61963.1875,61963.1875,7.527112184159377
900000.0,931640.56,-31640.5625,31640.5625,3.5156180555555556
700000.0,993008.6,-293008.625,293008.625,41.858374999999995
1000000.0,1053993.8,-53993.75,53993.75,5.399375
510000.0,1058796.2,-548796.25,548796.25,107.60710784313726
700000.0,916336.75,-216336.75,216336.75,30.905250000000002
800000.0,969956.2,-169956.1875,169956.1875,21.2445234375
1085000.0,1182068.4,-97068.375,97068.375,8.94639400921659
800000.0,981089.06,-181089.0625,181089.0625,22.6361328125
1037000.0,1047814.06,-10814.0625,10814.0625,1.0428218418514945
780000.0,1139032.6,-359032.625,359032.625,46.02982371794872
750000.0,920996.25,-170996.25,170996.25,22.799500000000002
1000000.0,967116.4,32883.625,32883.625,3.2883625
850000.0,1371138.2,-521138.25,521138.25,61.310382352941176
1200000.0,924435.25,275564.75,275564.75,22.963729166666667
810000.0,1035356.6,-225356.625,225356.625,27.821805555555557
1062822.0,1060339.5,2482.5,2482.5,0.23357627147349228
650000.0,858046.75,-208046.75,208046.75,32.00719230769231
1460000.0,1034412.7,425587.3125,425587.3125,29.149815924657535
720000.0,944448.44,-224448.4375,224448.4375,31.173394097222225
577000.0,963066.8,-386066.8125,386066.8125,66.90932625649914
750000.0,842410.2,-92410.1875,92410.1875,12.321358333333334
800000.0,991993.75,-191993.75,191993.75,23.99921875
2877600.0,1639583.0,1238017.0,1238017.0,43.02255351681957
1400000.0,1178342.4,221657.625,221657.625,15.8326875
424200.0,864992.3,-440792.3125,440792.3125,103.91143623290901
550000.0,781972.44,-231972.4375,231972.4375,42.17680681818182
440000.0,920003.3,-480003.3125,480003.3125,109.09166193181818
1528800.0,1001175.06,527624.9375,527624.9375,34.5123585491889
2142400.0,1974582.9,167817.125,167817.125,7.833136902539209
1400000.0,947655.3,452344.6875,452344.6875,32.31033482142857
1400000.0,963144.75,436855.25,436855.25,31.203946428571427
600000.0,764260.75,-164260.75,164260.75,27.376791666666666
750000.0,1182628.5,-432628.5,432628.5,57.6838
800000.0,960905.2,-160905.1875,160905.1875,20.1131484375
530001.0,950514.9,-420513.875,420513.875,79.3420908639795
850000.0,1129567.4,-279567.375,279567.375,32.89027941176471
900000.0,1035278.6,-135278.625,135278.625,15.030958333333333
419754.0,818055.1,-398301.125,398301.125,94.88917913825718
1205001.0,877855.3,327145.6875,327145.6875,27.148997179255453
2358000.0,1517791.5,840208.5,840208.5,35.632251908396945
1827000.0,1117575.1,709424.875,709424.875,38.83004241926656
1200000.0,1529000.8,-329000.75,329000.75,27.416729166666663
1280000.0,1169068.1,110931.875,110931.875,8.666552734375001
1000000.0,1065059.8,-65059.75,65059.75,6.505975
1800000.0,1019826.0,780174.0,780174.0,43.342999999999996
1050000.0,1107690.1,-57690.125,57690.125,5.494297619047619
850000.0,943356.56,-93356.5625,93356.5625,10.983125000000001
1400000.0,1074383.8,325616.25,325616.25,23.25830357142857
1200000.0,1097850.5,102149.5,102149.5,8.512458333333333
1800000.0,1273281.5,526718.5,526718.5,29.262138888888888
590000.0,945306.3,-355306.3125,355306.3125,60.221408898305086
1450000.0,1065897.5,384102.5,384102.5,26.4898275862069
1850000.0,1083919.9,766080.125,766080.125,41.40973648648649
5368000.0,1844331.6,3523668.375,3523668.375,65.6421083271237
800000.0,966121.9,-166121.875,166121.875,20.765234375
1623200.0,984580.7,638619.3125,638619.3125,39.343230193445045
1080000.0,1083857.0,-3857.0,3857.0,0.35712962962962963
1020000.0,1159109.4,-139109.375,139109.375,13.638174019607844
1400000.0,1570429.6,-170429.625,170429.625,12.173544642857143
950000.0,989884.94,-39884.9375,39884.9375,4.198414473684211
800000.0,1016902.9,-216902.875,216902.875,27.112859375
700000.0,914898.06,-214898.0625,214898.0625,30.69972321428571
1500000.0,938616.6,561383.375,561383.375,37.42555833333333
3229000.0,1555661.1,1673338.875,1673338.875,51.8222011458656
550000.0,858693.2,-308693.1875,308693.1875,56.126034090909094
500000.0,775928.9,-275928.875,275928.875,55.18577500000001
650000.0,1092399.5,-442399.5,442399.5,68.06146153846154
600000.0,1005480.06,-405480.0625,405480.0625,67.58001041666667
750000.0,835566.1,-85566.125,85566.125,11.408816666666667
950000.0,1166973.9,-216973.875,216973.875,22.839355263157895
912500.0,936944.44,-24444.4375,24444.4375,2.6788424657534247
700000.0,926153.56,-226153.5625,226153.5625,32.307651785714285
1530000.0,973381.44,556618.5625,556618.5625,36.380298202614384
800000.0,1053832.9,-253832.875,253832.875,31.729109374999997
660000.0,890299.25,-230299.25,230299.25,34.893825757575755
910000.0,1082379.1,-172379.125,172379.125,18.94276098901099
700000.0,1025017.75,-325017.75,325017.75,46.431107142857144
800000.0,911511.25,-111511.25,111511.25,13.938906249999999
15000000.0,11458314.0,3541686.0,3541686.0,23.61124
1300000.0,1095004.5,204995.5,204995.5,15.768884615384614
700000.0,935642.56,-235642.5625,235642.5625,33.663223214285715
1020000.0,1069007.8,-49007.75,49007.75,4.80468137254902
500000.0,969516.06,-469516.0625,469516.0625,93.9032125
500000.0,1017911.75,-517911.75,517911.75,103.58235
1050000.0,1107325.2,-57325.25,57325.25,5.459547619047619
900000.0,972715.2,-72715.1875,72715.1875,8.079465277777778
700000.0,1033790.7,-333790.6875,333790.6875,47.68438392857143
650000.0,948377.25,-298377.25,298377.25,45.90419230769231
650000.0,845939.94,-195939.9375,195939.9375,30.144605769230772
1145000.0,1151533.8,-6533.75,6533.75,0.5706331877729257
800000.0,1064298.1,-264298.125,264298.125,33.037265625
1235000.0,1170752.1,64247.875,64247.875,5.202257085020243
3000000.0,1184196.0,1815804.0,1815804.0,60.5268
11000000.0,9494290.0,1505710.0,1505710.0,13.688272727272727
1050000.0,1029245.3,20754.6875,20754.6875,1.9766369047619046
1160000.0,995104.94,164895.0625,164895.0625,14.215091594827586
750000.0,854186.0,-104186.0,104186.0,13.891466666666666
500000.0,774742.8,-274742.8125,274742.8125,54.948562499999994
1350000.0,1193162.5,156837.5,156837.5,11.617592592592594
600000.0,1014640.6,-414640.625,414640.625,69.10677083333333
620000.0,763395.56,-143395.5625,143395.5625,23.128316532258065
560000.0,839835.2,-279835.1875,279835.1875,49.97056919642857
1313000.0,1164518.9,148481.125,148481.125,11.308539603960396
1600000.0,1109261.1,490738.875,490738.875,30.6711796875
630000.0,966873.94,-336873.9375,336873.9375,53.47205357142857
1052000.0,1111772.8,-59772.75,59772.75,5.681820342205323
598000.0,893740.44,-295740.4375,295740.4375,49.45492265886288
800000.0,920218.6,-120218.625,120218.625,15.027328125
1675000.0,853051.9,821948.125,821948.125,49.07152985074627
1800000.0,1079855.5,720144.5,720144.5,40.00802777777778
11000000.0,3710091.0,7289909.0,7289909.0,66.27189999999999
929500.0,873826.1,55673.875,55673.875,5.989658418504573
1245000.0,1069892.6,175107.375,175107.375,14.064849397590361
520000.0,897706.56,-377706.5625,377706.5625,72.63587740384615
1865000.0,1524797.0,340203.0,340203.0,18.241447721179625
920000.0,1087043.1,-167043.125,167043.125,18.15686141304348
2400000.0,921462.75,1478537.25,1478537.25,61.60571875000001
720000.0,918265.7,-198265.6875,198265.6875,27.536901041666667
1950000.0,1045949.56,904050.4375,904050.4375,46.3615608974359
422000.0,892467.56,-470467.5625,470467.5625,111.48520438388626
2900000.0,906246.5,1993753.5,1993753.5,68.75012068965518
1012200.0,1166016.5,-153816.5,153816.5,15.196255680695515
1680000.0,1570623.2,109376.75,109376.75,6.510520833333333
1500000.0,1077798.2,422201.75,422201.75,28.14678333333333
750000.0,1000143.7,-250143.6875,250143.6875,33.352491666666666
1070000.0,985818.25,84181.75,84181.75,7.867453271028037
800000.0,991798.56,-191798.5625,191798.5625,23.9748203125
1008625.0,1090383.6,-81758.625,81758.625,8.105948692526956
1280000.0,1121170.8,158829.25,158829.25,12.40853515625
1400000.0,1264671.1,135328.875,135328.875,9.666348214285714
650000.0,936339.4,-286339.375,286339.375,44.05221153846154
1290000.0,984624.94,305375.0625,305375.0625,23.67248546511628
700000.0,941164.8,-241164.8125,241164.8125,34.45211607142858
480000.0,985847.94,-505847.9375,505847.9375,105.38498697916667
650000.0,913633.1,-263633.125,263633.125,40.558942307692305
900000.0,978079.9,-78079.875,78079.875,8.675541666666668
650000.0,970231.8,-320231.8125,320231.8125,49.266432692307696
1200000.0,883932.6,316067.375,316067.375,26.338947916666665
700000.0,917896.0,-217896.0,217896.0,31.128
975000.0,1092586.5,-117586.5,117586.5,12.060153846153847
900000.0,1110351.8,-210351.75,210351.75,23.372416666666666
1050000.0,741652.1,308347.875,308347.875,29.366464285714283
863200.0,876210.5,-13010.5,13010.5,1.507240500463392
1511900.0,1506581.0,5319.0,5319.0,0.3518089820755341
800000.0,944970.3,-144970.3125,144970.3125,18.1212890625
1620000.0,1011107.75,608892.25,608892.25,37.58594135802469
1200000.0,1043442.06,156557.9375,156557.9375,13.046494791666666
600000.0,760689.6,-160689.625,160689.625,26.781604166666668
1700000.0,1215724.8,484275.25,484275.25,28.486779411764708
800000.0,942001.3,-142001.3125,142001.3125,17.7501640625
1400000.0,1109865.9,290134.125,290134.125,20.72386607142857
1000000.0,1001973.1,-1973.125,1973.125,0.1973125
760000.0,778915.7,-18915.6875,18915.6875,2.48890625
500000.0,850753.6,-350753.625,350753.625,70.15072500000001
800000.0,820291.9,-20291.875,20291.875,2.536484375
1500000.0,1119028.0,380972.0,380972.0,25.398133333333334
1216000.0,1095373.6,120626.375,120626.375,9.919932154605263
1328800.0,1335023.8,-6223.75,6223.75,0.46837372065021077
750000.0,1011779.0,-261779.0,261779.0,34.903866666666666
1500000.0,1461148.5,38851.5,38851.5,2.5901
1148000.0,1051366.0,96634.0,96634.0,8.41759581881533
560000.0,1010747.25,-450747.25,450747.25,80.49058035714286
800000.0,947440.75,-147440.75,147440.75,18.43009375
1800000.0,1045620.25,754379.75,754379.75,41.90998611111112
630000.0,732326.25,-102326.25,102326.25,16.242261904761904
1200000.0,1056795.0,143205.0,143205.0,11.93375
700000.0,1009161.56,-309161.5625,309161.5625,44.165937500000005
1000000.0,1085384.2,-85384.25,85384.25,8.538425
500000.0,825191.56,-325191.5625,325191.5625,65.03831249999999
901000.0,1147737.2,-246737.25,246737.25,27.38482241953385
450000.0,777478.56,-327478.5625,327478.5625,72.7730138888889
750000.0,937178.4,-187178.375,187178.375,24.957116666666668
1400000.0,1207305.4,192694.625,192694.625,13.763901785714285
1160000.0,1068959.1,91040.875,91040.875,7.848351293103447
900000.0,1115739.1,-215739.125,215739.125,23.97101388888889
788000.0,935596.0,-147596.0,147596.0,18.730456852791878
1590000.0,1166359.1,423640.875,423640.875,26.644080188679247
1457410.0,1145870.4,311539.625,311539.625,21.376251363720574
693000.0,1024526.06,-331526.0625,331526.0625,47.83925865800866
650000.0,896501.94,-246501.9375,246501.9375,37.923375
1082001.0,1112574.1,-30573.125,30573.125,2.8256096805825504
1485000.0,1253583.0,231417.0,231417.0,15.583636363636364
1015000.0,901808.2,113191.8125,113191.8125,11.151902709359605
850000.0,1134970.0,-284970.0,284970.0,33.525882352941174
2400000.0,1417090.2,982909.75,982909.75,40.95457291666666
500000.0,912284.2,-412284.1875,412284.1875,82.4568375
600000.0,935256.7,-335256.6875,335256.6875,55.87611458333333
600000.0,817805.5,-217805.5,217805.5,36.300916666666666
2500000.0,1440432.9,1059567.125,1059567.125,42.382684999999995
720000.0,905414.5,-185414.5,185414.5,25.752013888888893
900000.0,1013115.3,-113115.3125,113115.3125,12.568368055555556
770000.0,758010.75,11989.25,11989.25,1.5570454545454546
2500000.0,1148362.8,1351637.25,1351637.25,54.065490000000004
780000.0,1053717.1,-273717.125,273717.125,35.091939102564105
2500000.0,776142.1,1723857.875,1723857.875,68.954315
1610000.0,1134937.8,475062.25,475062.25,29.506972049689438
820000.0,987079.7,-167079.6875,167079.6875,20.375571646341463
2550000.0,1201168.2,1348831.75,1348831.75,52.89536274509804
1160000.0,1185229.1,-25229.125,25229.125,2.1749245689655172
1200000.0,1189526.4,10473.625,10473.625,0.8728020833333334
1050000.0,1068756.4,-18756.375,18756.375,1.7863214285714284
3615000.0,1169481.8,2445518.25,2445518.25,67.64919087136929
1150000.0,1457866.1,-307866.125,307866.125,26.770967391304346
550000.0,1038222.9,-488222.875,488222.875,88.76779545454545
916000.0,933923.0,-17923.0,17923.0,1.9566593886462882
750000.0,948363.7,-198363.6875,198363.6875,26.44849166666667
480000.0,1040787.5,-560787.5,560787.5,116.83072916666666
950000.0,927307.94,22692.0625,22692.0625,2.3886381578947367
910000.0,1071872.6,-161872.625,161872.625,17.78820054945055
700000.0,867064.94,-167064.9375,167064.9375,23.866419642857142
1600000.0,900701.06,699298.9375,699298.9375,43.70618359375
720000.0,919761.2,-199761.1875,199761.1875,27.744609375
2088000.0,1975025.8,112974.25,112974.25,5.4106441570881225
28000000.0,19840906.0,8159094.0,8159094.0,29.139621428571427
735000.0,1249112.8,-514112.75,514112.75,69.94731292517007
650000.0,981408.56,-331408.5625,331408.5625,50.98593269230769
1200000.0,1837792.6,-637792.625,637792.625,53.14938541666666
1328800.0,1087558.0,241242.0,241242.0,18.15487658037327
500000.0,1083917.1,-583917.125,583917.125,116.78342500000001
1000000.0,975142.75,24857.25,24857.25,2.485725
1520000.0,1328722.8,191277.25,191277.25,12.584029605263158
1150000.0,1016961.75,133038.25,133038.25,11.56854347826087
1300000.0,1010028.2,289971.8125,289971.8125,22.305524038461538
1000000.0,1091314.0,-91314.0,91314.0,9.131400000000001
900000.0,933180.44,-33180.4375,33180.4375,3.686715277777778
1000000.0,1109547.9,-109547.875,109547.875,10.9547875
650000.0,1039559.4,-389559.375,389559.375,59.932211538461544
700000.0,966489.0,-266489.0,266489.0,38.069857142857146
800000.0,883561.9,-83561.875,83561.875,10.445234375
1296500.0,1209551.1,86948.875,86948.875,6.706430775163903
2180000.0,2231335.0,-51335.0,51335.0,2.354816513761468
696000.0,986953.94,-290953.9375,290953.9375,41.80372665229885
800000.0,956163.06,-156163.0625,156163.0625,19.5203828125
950000.0,1000059.25,-50059.25,50059.25,5.269394736842106
1050000.0,931373.75,118626.25,118626.25,11.297738095238095
1000000.0,825559.1,174440.875,174440.875,17.4440875
760000.0,1067715.6,-307715.625,307715.625,40.48889802631579
1006000.0,1076493.0,-70493.0,70493.0,7.007256461232604
1400000.0,1205621.0,194379.0,194379.0,13.884214285714286
1300000.0,918477.25,381522.75,381522.75,29.347903846153844
650500.0,944844.75,-294344.75,294344.75,45.249000768639505
1800000.0,1017663.75,782336.25,782336.25,43.463125000000005
1250000.0,958230.8,291769.1875,291769.1875,23.341535
900000.0,1118352.6,-218352.625,218352.625,24.26140277777778
1500000.0,1096661.0,403339.0,403339.0,26.889266666666668
500000.0,897252.7,-397252.6875,397252.6875,79.4505375
1200000.0,1150962.2,49037.75,49037.75,4.086479166666666
1300000.0,880631.94,419368.0625,419368.0625,32.25908173076923
500000.0,950753.2,-450753.1875,450753.1875,90.1506375
1061600.0,987061.2,74538.8125,74538.8125,7.021365156367747
500000.0,902251.0,-402251.0,402251.0,80.45020000000001
1375000.0,1042444.56,332555.4375,332555.4375,24.185850000000002
500000.0,828351.94,-328351.9375,328351.9375,65.6703875
960000.0,1145989.5,-185989.5,185989.5,19.37390625
700000.0,1077511.1,-377511.125,377511.125,53.93016071428571
588000.0,931767.3,-343767.3125,343767.3125,58.46382865646258
550000.0,953929.5,-403929.5,403929.5,73.44172727272728
1058000.0,1061355.8,-3355.75,3355.75,0.31717863894139886
900000.0,1067242.1,-167242.125,167242.125,18.58245833333333
636500.0,1273157.1,-636657.125,636657.125,100.02468578161823
900000.0,1220171.4,-320171.375,320171.375,35.57459722222222
15000000.0,9724527.0,5275473.0,5275473.0,35.16982
565000.0,1057467.1,-492467.125,492467.125,87.16232300884957
1000000.0,1001087.44,-1087.4375,1087.4375,0.10874375000000001
700000.0,948024.06,-248024.0625,248024.0625,35.43200892857143
600000.0,970938.25,-370938.25,370938.25,61.82304166666667
1522000.0,1192833.5,329166.5,329166.5,21.627233902759528
980000.0,1063197.1,-83197.125,83197.125,8.489502551020408
940000.0,964342.9,-24342.875,24342.875,2.5896675531914894
620000.0,918940.06,-298940.0625,298940.0625,48.21613911290323
600000.0,968044.5,-368044.5,368044.5,61.34075
1500000.0,1008453.8,491546.1875,491546.1875,32.76974583333334
1022000.0,1035151.0,-13151.0,13151.0,1.2867906066536203
1500000.0,1353443.5,146556.5,146556.5,9.770433333333333
1066000.0,1091010.4,-25010.375,25010.375,2.346189024390244
627000.0,832056.44,-205056.4375,205056.4375,32.70437599681021
510000.0,1039896.5,-529896.5,529896.5,103.90127450980393
1735200.0,1172973.6,562226.375,562226.375,32.4012433725219
700000.0,941359.1,-241359.125,241359.125,34.479875
1652000.0,1668092.2,-16092.25,16092.25,0.9741071428571428
700000.0,893700.8,-193700.8125,193700.8125,27.671544642857143
800000.0,867339.6,-67339.625,67339.625,8.417453125
2760000.0,1621959.8,1138040.25,1138040.25,41.23334239130435
1000000.0,1064935.2,-64935.25,64935.25,6.493525
1000000.0,928541.3,71458.6875,71458.6875,7.145868750000001
1000000.0,1047133.06,-47133.0625,47133.0625,4.7133062500000005
800000.0,1014583.0,-214583.0,214583.0,26.822875000000003
1250000.0,1089734.2,160265.75,160265.75,12.82126
643000.0,967981.2,-324981.1875,324981.1875,50.54139774494557
1010000.0,1111658.1,-101658.125,101658.125,10.065160891089109
720000.0,960217.75,-240217.75,240217.75,33.36357638888889
800000.0,973559.94,-173559.9375,173559.9375,21.694992187500002
750000.0,1162737.5,-412737.5,412737.5,55.031666666666666
900000.0,816626.94,83373.0625,83373.0625,9.263673611111113
1000000.0,1040582.1,-40582.125,40582.125,4.0582125
700000.0,896168.6,-196168.625,196168.625,28.024089285714286
900000.0,968851.3,-68851.3125,68851.3125,7.650145833333333
1350000.0,1061460.8,288539.25,288539.25,21.373277777777776
900000.0,1171697.6,-271697.625,271697.625,30.188625000000002
800000.0,983889.8,-183889.8125,183889.8125,22.9862265625
700000.0,827780.06,-127780.0625,127780.0625,18.254294642857143
700000.0,897338.5,-197338.5,197338.5,28.191214285714285
1056000.0,1204834.2,-148834.25,148834.25,14.094152462121212
738000.0,1084126.4,-346126.375,346126.375,46.90059281842818
2640000.0,1546180.8,1093819.25,1093819.25,41.432547348484846
1800000.0,1123820.1,676179.875,676179.875,37.56554861111111
1200000.0,1429662.6,-229662.625,229662.625,19.138552083333334
540000.0,974009.2,-434009.1875,434009.1875,80.37207175925926
750000.0,998902.7,-248902.6875,248902.6875,33.187025
1095000.0,1015500.44,79499.5625,79499.5625,7.26023401826484
625600.0,1023842.56,-398242.5625,398242.5625,63.657698609335036
1440000.0,1129651.5,310348.5,310348.5,21.551979166666666
838000.0,961673.4,-123673.375,123673.375,14.758159307875896
1472800.0,1463158.4,9641.625,9641.625,0.6546459125475285
1100000.0,930447.3,169552.6875,169552.6875,15.413880681818181
700000.0,956593.1,-256593.125,256593.125,36.65616071428571
825200.0,898508.1,-73308.125,73308.125,8.883679714008725
1600000.0,966427.9,633572.125,633572.125,39.5982578125
1160000.0,1019260.56,140739.4375,140739.4375,12.132710129310345
1225000.0,1292509.6,-67509.625,67509.625,5.510989795918367
1320000.0,1078511.2,241488.75,241488.75,18.29460227272727
1300000.0,1178371.4,121628.625,121628.625,9.356048076923077
850000.0,1173582.8,-323582.75,323582.75,38.068558823529415
936000.0,1151513.1,-215513.125,215513.125,23.024906517094017
1160000.0,1124209.0,35791.0,35791.0,3.0854310344827587
1430000.0,1538962.1,-108962.125,108962.125,7.619729020979022
1718000.0,1201642.8,516357.25,516357.25,30.05571885913853
722492.0,923160.9,-200668.875,200668.875,27.774546292554103
1100000.0,921977.9,178022.125,178022.125,16.183829545454547
860000.0,921658.1,-61658.125,61658.125,7.169549418604651
900000.0,1046172.06,-146172.0625,146172.0625,16.241340277777777
788000.0,1206095.5,-418095.5,418095.5,53.05780456852792
810000.0,880137.3,-70137.3125,70137.3125,8.658927469135802
1940000.0,1080659.2,859340.75,859340.75,44.29591494845361
600000.0,917079.44,-317079.4375,317079.4375,52.846572916666666
780000.0,950725.7,-170725.6875,170725.6875,21.887908653846154
800000.0,933383.1,-133383.125,133383.125,16.672890625
700000.0,948335.94,-248335.9375,248335.9375,35.4765625
650000.0,911565.7,-261565.6875,261565.6875,40.240874999999996
420000.0,957938.44,-537938.4375,537938.4375,128.08058035714285
1227500.0,1018748.8,208751.1875,208751.1875,17.006206720977595
800000.0,969445.44,-169445.4375,169445.4375,21.1806796875
700000.0,972286.9,-272286.875,272286.875,38.898125
1200000.0,967427.06,232572.9375,232572.9375,19.381078125000002
500000.0,763816.94,-263816.9375,263816.9375,52.7633875
1000000.0,926355.25,73644.75,73644.75,7.364475
1150000.0,1304970.0,-154970.0,154970.0,13.475652173913044
1140000.0,1371944.6,-231944.625,231944.625,20.346019736842106
832000.0,977839.44,-145839.4375,145839.4375,17.528778545673077
650000.0,881453.6,-231453.625,231453.625,35.608250000000005
1022075.0,977054.4,45020.625,45020.625,4.404825966783259
778000.0,968489.44,-190489.4375,190489.4375,24.48450353470437
750000.0,914641.25,-164641.25,164641.25,21.952166666666667
750000.0,983976.9,-233976.875,233976.875,31.19691666666667
1650000.0,940590.25,709409.75,709409.75,42.9945303030303
1200000.0,878660.1,321339.875,321339.875,26.77832291666667
700000.0,968088.25,-268088.25,268088.25,38.29832142857143
1156000.0,1119539.1,36460.875,36460.875,3.154054930795848
1500000.0,1472507.2,27492.75,27492.75,1.83285
1747000.0,1187489.8,559510.25,559510.25,32.026917572982256
2000000.0,1263865.5,736134.5,736134.5,36.806725
700000.0,1082231.4,-382231.375,382231.375,54.604482142857144
400000.0,775420.75,-375420.75,375420.75,93.8551875
580000.0,914770.0,-334770.0,334770.0,57.71896551724139
1000000.0,939321.25,60678.75,60678.75,6.067875
755000.0,1075046.0,-320046.0,320046.0,42.390198675496684
1240000.0,1050570.5,189429.5,189429.5,15.276572580645162
850000.0,1007048.56,-157048.5625,157048.5625,18.476301470588236
620000.0,977691.56,-357691.5625,357691.5625,57.6921875
1232000.0,1055710.4,176289.625,176289.625,14.309222808441557
800000.0,876941.5,-76941.5,76941.5,9.617687499999999
800000.0,977557.25,-177557.25,177557.25,22.19465625
1100000.0,879835.6,220164.375,220164.375,20.014943181818182
1000000.0,1078827.1,-78827.125,78827.125,7.8827125
550000.0,915661.56,-365661.5625,365661.5625,66.48392045454545
1440000.0,1105978.2,334021.75,334021.75,23.19595486111111
700000.0,682138.5,17861.5,17861.5,2.5516428571428573
1100000.0,1004911.75,95088.25,95088.25,8.644386363636364
1625000.0,1506794.9,118205.125,118205.125,7.274161538461539
920000.0,979274.44,-59274.4375,59274.4375,6.442873641304347
725000.0,904479.56,-179479.5625,179479.5625,24.75580172413793
1200000.0,1167225.0,32775.0,32775.0,2.73125
1200000.0,855451.94,344548.0625,344548.0625,28.712338541666664
900000.0,1363984.0,-463984.0,463984.0,51.553777777777775
600000.0,840859.0,-240859.0,240859.0,40.143166666666666
1699500.0,905818.06,793681.9375,793681.9375,46.700908355398646
500000.0,1021535.94,-521535.9375,521535.9375,104.30718750000001
2500000.0,977532.44,1522467.5625,1522467.5625,60.8987025
2200000.0,1367354.8,832645.25,832645.25,37.847511363636364
550000.0,890434.5,-340434.5,340434.5,61.89718181818182
1150000.0,1060188.5,89811.5,89811.5,7.809695652173914
2250000.0,984278.4,1265721.625,1265721.625,56.25429444444444
750000.0,884914.56,-134914.5625,134914.5625,17.98860833333333
650000.0,911965.1,-261965.125,261965.125,40.302326923076926
820000.0,902277.0,-82277.0,82277.0,10.033780487804878
900000.0,1078096.9,-178096.875,178096.875,19.788541666666667
900000.0,1037944.3,-137944.3125,137944.3125,15.327145833333333
800000.0,1031361.56,-231361.5625,231361.5625,28.920195312500002
975000.0,920335.06,54664.9375,54664.9375,5.606660256410256
1200000.0,1137042.0,62958.0,62958.0,5.2465
1104180.0,1029989.3,74190.6875,74190.6875,6.7190754677679365
1400000.0,1364442.0,35558.0,35558.0,2.539857142857143
900000.0,1002724.75,-102724.75,102724.75,11.41386111111111
500000.0,816154.44,-316154.4375,316154.4375,63.2308875
10000000.0,7528199.5,2471800.5,2471800.5,24.718005
800000.0,946142.06,-146142.0625,146142.0625,18.267757812499998
1700000.0,1112684.6,587315.375,587315.375,34.54796323529411
780000.0,1023257.8,-243257.8125,243257.8125,31.18689903846154
900000.0,1130182.9,-230182.875,230182.875,25.575874999999996
850000.0,1058885.4,-208885.375,208885.375,24.57475
900000.0,1216097.6,-316097.625,316097.625,35.12195833333333
1600000.0,1346532.1,253467.875,253467.875,15.8417421875
650000.0,1011916.94,-361916.9375,361916.9375,55.67952884615385
1994000.0,1093385.9,900614.125,900614.125,45.16620486459378
1170000.0,1043047.25,126952.75,126952.75,10.850662393162393
2350000.0,2238722.8,111277.25,111277.25,4.735202127659575
1160000.0,1083964.6,76035.375,76035.375,6.554773706896552
1000000.0,984677.44,15322.5625,15322.5625,1.5322562499999999
900000.0,1191863.5,-291863.5,291863.5,32.42927777777778
1000000.0,1151902.1,-151902.125,151902.125,15.1902125
605200.0,865518.0,-260318.0,260318.0,43.01354923992069
650000.0,923893.9,-273893.875,273893.875,42.137519230769236
800000.0,1192613.4,-392613.375,392613.375,49.076671875
1000000.0,900887.6,99112.375,99112.375,9.9112375
1350000.0,1038673.0,311327.0,311327.0,23.06125925925926
542660.0,924885.9,-382225.875,382225.875,70.4356088526886
750000.0,867727.9,-117727.875,117727.875,15.69705
600000.0,853519.1,-253519.125,253519.125,42.2531875
1170000.0,1121208.6,48791.375,48791.375,4.1702029914529914
882000.0,1038602.8,-156602.8125,156602.8125,17.755420918367346
800000.0,941159.75,-141159.75,141159.75,17.64496875
800000.0,838175.6,-38175.625,38175.625,4.7719531250000005
1180000.0,1428781.1,-248781.125,248781.125,21.083146186440676
800000.0,957385.4,-157385.375,157385.375,19.673171875
950000.0,1103556.4,-153556.375,153556.375,16.163828947368422
1065000.0,1028417.94,36582.0625,36582.0625,3.4349354460093897
1200000.0,1403234.0,-203234.0,203234.0,16.936166666666665
729080.0,860499.2,-131419.1875,131419.1875,18.02534529818401
1800000.0,1177198.4,622801.625,622801.625,34.60009027777778
1200000.0,961477.2,238522.8125,238522.8125,19.876901041666667
800000.0,938014.4,-138014.375,138014.375,17.251796875
700000.0,774394.75,-74394.75,74394.75,10.627821428571428
1408000.0,1137945.2,270054.75,270054.75,19.180024857954546
1250000.0,1245403.0,4597.0,4597.0,0.36776000000000003
500000.0,915676.5,-415676.5,415676.5,83.1353
702000.0,1249430.4,-547430.375,547430.375,77.9815349002849
720000.0,941009.4,-221009.375,221009.375,30.69574652777778
1800000.0,1567071.5,232928.5,232928.5,12.94047222222222
550000.0,932555.44,-382555.4375,382555.4375,69.55553409090909
961050.0,1022692.06,-61642.0625,61642.0625,6.414032828676968
490000.0,887254.5,-397254.5,397254.5,81.07234693877551
900000.0,1049899.6,-149899.625,149899.625,16.65551388888889
775000.0,840989.06,-65989.0625,65989.0625,8.514717741935483
900000.0,946081.9,-46081.875,46081.875,5.120208333333333
700000.0,959249.4,-259249.375,259249.375,37.035625
910000.0,999088.06,-89088.0625,89088.0625,9.789896978021979
850000.0,1089023.0,-239023.0,239023.0,28.120352941176467
1125000.0,1098020.8,26979.25,26979.25,2.3981555555555554
600000.0,919887.0,-319887.0,319887.0,53.314499999999995
2500000.0,1463064.2,1036935.75,1036935.75,41.47743
1050000.0,980688.9,69311.125,69311.125,6.601059523809524
680000.0,967308.1,-287308.125,287308.125,42.251194852941175
700000.0,831263.1,-131263.125,131263.125,18.751875000000002
2380000.0,1138596.0,1241404.0,1241404.0,52.1598319327731
1200000.0,984206.94,215793.0625,215793.0625,17.982755208333334
760000.0,1121059.4,-361059.375,361059.375,47.5078125
800000.0,1063814.8,-263814.75,263814.75,32.97684375
1100000.0,1074241.4,25758.625,25758.625,2.341693181818182
640000.0,981494.06,-341494.0625,341494.0625,53.358447265624996
700000.0,1052659.9,-352659.875,352659.875,50.37998214285714
700000.0,974093.06,-274093.0625,274093.0625,39.156151785714286
1900000.0,1401312.5,498687.5,498687.5,26.24671052631579
1650000.0,1143727.4,506272.625,506272.625,30.683189393939394
3000000.0,1352231.6,1647768.375,1647768.375,54.9256125
1170000.0,1018171.75,151828.25,151828.25,12.976773504273503
770000.0,994650.9,-224650.875,224650.875,29.17543831168831
670000.0,911172.75,-241172.75,241172.75,35.995932835820895
2200000.0,1345273.6,854726.375,854726.375,38.85119886363636
2300000.0,1660349.2,639650.75,639650.75,27.810902173913043
1055000.0,1142379.2,-87379.25,87379.25,8.28239336492891
8000000.0,7657911.5,342088.5,342088.5,4.27610625
1555875.0,1390642.0,165233.0,165233.0,10.619940547923195
800000.0,1050755.9,-250755.875,250755.875,31.344484374999997
1500000.0,1015653.0,484347.0,484347.0,32.2898
600000.0,874835.1,-274835.125,274835.125,45.80585416666666
690000.0,906055.4,-216055.375,216055.375,31.312373188405797
1376000.0,897409.1,478590.875,478590.875,34.781313590116284
1421000.0,1112945.8,308054.25,308054.25,21.678694581280787
730000.0,809044.8,-79044.8125,79044.8125,10.828056506849315
700000.0,911613.4,-211613.375,211613.375,30.23048214285714
1000000.0,927122.7,72877.3125,72877.3125,7.28773125
400000.0,821592.1,-421592.125,421592.125,105.39803125
1300000.0,1088710.6,211289.375,211289.375,16.253028846153846
818000.0,837535.75,-19535.75,19535.75,2.3882334963325187
800000.0,1033842.94,-233842.9375,233842.9375,29.2303671875
800000.0,949731.9,-149731.875,149731.875,18.716484375
960000.0,900148.7,59851.3125,59851.3125,6.23451171875
900000.0,1103614.8,-203614.75,203614.75,22.62386111111111
1300000.0,1076987.8,223012.25,223012.25,17.154788461538462
750000.0,912926.6,-162926.625,162926.625,21.72355
550000.0,1905910.6,-1355910.625,1355910.625,246.52920454545452
500000.0,1002169.0,-502169.0,502169.0,100.43379999999999
500000.0,881164.5,-381164.5,381164.5,76.2329
1396500.0,866592.06,529907.9375,529907.9375,37.94543054063731
980000.0,989409.1,-9409.125,9409.125,0.9601147959183675
2760000.0,1254459.8,1505540.25,1505540.25,54.5485597826087
700000.0,862028.94,-162028.9375,162028.9375,23.146991071428573
639500.0,831763.9,-192263.875,192263.875,30.064718530101644
750000.0,957506.8,-207506.8125,207506.8125,27.667575
550000.0,888191.0,-338191.0,338191.0,61.48927272727273
637500.0,754409.9,-116909.875,116909.875,18.338803921568626
950000.0,1065000.9,-115000.875,115000.875,12.105355263157895
1015000.0,1006013.8,8986.1875,8986.1875,0.885338669950739
1400000.0,1127491.1,272508.875,272508.875,19.464919642857144
1110000.0,1052930.4,57069.625,57069.625,5.141407657657657
1500000.0,1439936.8,60063.25,60063.25,4.004216666666666
1650000.0,1013458.1,636541.875,636541.875,38.578295454545454
550000.0,2705864.8,-2155864.75,2155864.75,391.9754090909091
1000000.0,1349516.0,-349516.0,349516.0,34.9516
700000.0,948102.3,-248102.3125,248102.3125,35.4431875
840000.0,1000730.3,-160730.3125,160730.3125,19.134561011904765
1245000.0,1325636.0,-80636.0,80636.0,6.4767871485943775
700000.0,1469177.8,-769177.75,769177.75,109.88253571428572
800000.0,1142774.4,-342774.375,342774.375,42.846796874999995
600000.0,919873.56,-319873.5625,319873.5625,53.31226041666667
782000.0,1040252.06,-258252.0625,258252.0625,33.024560421994885
800000.0,972290.4,-172290.375,172290.375,21.536296874999998
700000.0,937133.56,-237133.5625,237133.5625,33.876223214285716
640000.0,570486.0,69514.0,69514.0,10.8615625
810000.0,937579.2,-127579.1875,127579.1875,15.750516975308642
1800000.0,1050034.4,749965.625,749965.625,41.66475694444444
1200000.0,1117638.0,82362.0,82362.0,6.8635
554500.0,808306.8,-253806.8125,253806.8125,45.77219341749324
1000000.0,856836.7,143163.3125,143163.3125,14.31633125
600000.0,874676.7,-274676.6875,274676.6875,45.77944791666667
1600000.0,2226443.8,-626443.75,626443.75,39.152734374999994
1350000.0,1200166.0,149834.0,149834.0,11.098814814814814
600000.0,914431.56,-314431.5625,314431.5625,52.405260416666664
1947000.0,1061359.2,885640.75,885640.75,45.487455059065226
1000000.0,971283.7,28716.3125,28716.3125,2.87163125
610000.0,894537.9,-284537.875,284537.875,46.645553278688524
2338000.0,1265990.5,1072009.5,1072009.5,45.85156116338751
600000.0,745254.3,-145254.3125,145254.3125,24.209052083333333
598000.0,1001184.0,-403184.0,403184.0,67.42207357859532
3000000.0,1200937.2,1799062.75,1799062.75,59.96875833333334
1348480.0,1185832.1,162647.875,162647.875,12.061571176435692
850000.0,818370.6,31629.375,31629.375,3.7211029411764707
800000.0,1090568.2,-290568.25,290568.25,36.321031250000004
620000.0,709271.25,-89271.25,89271.25,14.398588709677421
1780000.0,1445537.4,334462.625,334462.625,18.79003511235955
1500000.0,925125.4,574874.625,574874.625,38.324975
1020000.0,1138223.2,-118223.25,118223.25,11.590514705882352
600000.0,932264.6,-332264.625,332264.625,55.377437500000006
920000.0,896070.4,23929.625,23929.625,2.6010461956521738
900000.0,1165113.9,-265113.875,265113.875,29.457097222222224
580500.0,1015791.06,-435291.0625,435291.0625,74.9855404823428
700000.0,808342.56,-108342.5625,108342.5625,15.47750892857143
350000.0,762190.75,-412190.75,412190.75,117.76878571428571
458116.0,1028600.1,-570484.125,570484.125,124.52831269809393
1319000.0,989126.06,329873.9375,329873.9375,25.00939632297195
900000.0,1271274.6,-371274.625,371274.625,41.25273611111111
800000.0,1070333.9,-270333.875,270333.875,33.791734375
970000.0,1135492.4,-165492.375,165492.375,17.061069587628864
1350000.0,820675.2,529324.8125,529324.8125,39.20924537037037
6001775.0,3690517.0,2311258.0,2311258.0,38.50957425095076
800000.0,889327.7,-89327.6875,89327.6875,11.1659609375
800000.0,906022.2,-106022.1875,106022.1875,13.252773437500002
1650000.0,1216575.1,433424.875,433424.875,26.26817424242424
1800000.0,1704442.5,95557.5,95557.5,5.30875
950000.0,968493.3,-18493.3125,18493.3125,1.9466644736842107
2000000.0,1144237.1,855762.875,855762.875,42.78814375
1314000.0,1068328.9,245671.125,245671.125,18.696432648401824
3100000.0,1559623.8,1540376.25,1540376.25,49.6895564516129
1200000.0,1007974.8,192025.1875,192025.1875,16.002098958333335
700000.0,1046676.9,-346676.875,346676.875,49.52526785714286
1139000.0,942976.6,196023.375,196023.375,17.21012949956102
1000000.0,975078.4,24921.625,24921.625,2.4921625
850000.0,986769.06,-136769.0625,136769.0625,16.09047794117647
650000.0,773605.56,-123605.5625,123605.5625,19.016240384615386
500000.0,885556.44,-385556.4375,385556.4375,77.1112875
1160000.0,1016406.7,143593.3125,143593.3125,12.378733836206896
2160000.0,1253614.2,906385.75,906385.75,41.96230324074074
650000.0,986509.44,-336509.4375,336509.4375,51.77068269230769
750000.0,991291.7,-241291.6875,241291.6875,32.172225
723500.0,853842.6,-130342.625,130342.625,18.015566689702833
700000.0,1050586.0,-350586.0,350586.0,50.08371428571429
1180800.0,1168819.1,11980.875,11980.875,1.0146404979674797
840000.0,946003.5,-106003.5,106003.5,12.619464285714285
1100000.0,1021336.9,78663.125,78663.125,7.151193181818181
800000.0,870809.3,-70809.3125,70809.3125,8.8511640625
1450000.0,1104291.6,345708.375,345708.375,23.841956896551725
750000.0,850662.25,-100662.25,100662.25,13.421633333333332
1755000.0,1160442.4,594557.625,594557.625,33.87792735042735
1015000.0,1214099.8,-199099.75,199099.75,19.615738916256156
950000.0,911903.75,38096.25,38096.25,4.010131578947369
1780049.0,990838.1,789210.875,789210.875,44.336469108434656
1000000.0,871481.9,128518.125,128518.125,12.851812500000001
1400000.0,1012323.44,387676.5625,387676.5625,27.691183035714285
650000.0,873905.7,-223905.6875,223905.6875,34.44702884615385
1600000.0,1365743.1,234256.875,234256.875,14.641054687499999
3200000.0,1356786.0,1843214.0,1843214.0,57.6004375
800000.0,986031.9,-186031.875,186031.875,23.253984375
950000.0,877579.5,72420.5,72420.5,7.623210526315789
660000.0,953023.9,-293023.875,293023.875,44.39755681818182
900000.0,1062379.9,-162379.875,162379.875,18.042208333333335
588000.0,938658.2,-350658.1875,350658.1875,59.635746173469386
1400000.0,1151186.1,248813.875,248813.875,17.772419642857145
800000.0,897101.94,-97101.9375,97101.9375,12.1377421875
1170000.0,1025730.56,144269.4375,144269.4375,12.330721153846154
747000.0,1221661.9,-474661.875,474661.875,63.54241967871486
1623200.0,974476.75,648723.25,648723.25,39.96570046821094
1170000.0,1022988.56,147011.4375,147011.4375,12.565080128205128
960000.0,815647.06,144352.9375,144352.9375,15.036764322916666
536000.0,852672.44,-316672.4375,316672.4375,59.0806786380597
800000.0,895058.2,-95058.1875,95058.1875,11.8822734375
800000.0,1028257.0,-228257.0,228257.0,28.532125000000004
700000.0,968460.2,-268460.1875,268460.1875,38.351455357142854
600000.0,914139.1,-314139.125,314139.125,52.356520833333335
1280000.0,1086416.4,193583.625,193583.625,15.123720703124999
750000.0,922697.4,-172697.375,172697.375,23.026316666666666
900000.0,1239217.6,-339217.625,339217.625,37.690847222222224
2500000.0,1682514.5,817485.5,817485.5,32.69942
800000.0,936232.2,-136232.1875,136232.1875,17.029023437499998
750000.0,836477.06,-86477.0625,86477.0625,11.530275
600000.0,1038010.44,-438010.4375,438010.4375,73.00173958333333
800000.0,899448.1,-99448.125,99448.125,12.431015625
4300000.0,2053720.4,2246279.625,2246279.625,52.23906104651162
598000.0,957040.6,-359040.625,359040.625,60.040238294314385
600000.0,1052861.9,-452861.875,452861.875,75.47697916666667
2160000.0,1112586.4,1047413.625,1047413.625,48.49137152777778
488160.0,813766.94,-325606.9375,325606.9375,66.70086395853818
900000.0,908359.8,-8359.8125,8359.8125,0.9288680555555555
1080000.0,1455973.4,-375973.375,375973.375,34.812349537037036
1036880.0,1015301.44,21578.5625,21578.5625,2.0811050941285396
940000.0,1101912.4,-161912.375,161912.375,17.22472074468085
1000000.0,896183.4,103816.625,103816.625,10.3816625
1800000.0,1156504.2,643495.75,643495.75,35.74976388888889
800000.0,1068763.0,-268763.0,268763.0,33.595375
1600000.0,1160966.4,439033.625,439033.625,27.4396015625
1025000.0,1061723.5,-36723.5,36723.5,3.582780487804878
1250000.0,1187113.1,62886.875,62886.875,5.03095
1120000.0,1023267.75,96732.25,96732.25,8.636808035714285
1086000.0,907859.7,178140.3125,178140.3125,16.403343692449354
850000.0,1212452.2,-362452.25,362452.25,42.64144117647059
920000.0,1052424.2,-132424.25,132424.25,14.393940217391304
800000.0,956755.1,-156755.125,156755.125,19.594390625
11500000.0,984303.2,10515696.8125,10515696.8125,91.44084184782608
800000.0,1346774.1,-546774.125,546774.125,68.346765625
700000.0,849599.9,-149599.875,149599.875,21.371410714285712
788000.0,894716.4,-106716.375,106716.375,13.542687182741117
1150000.0,1073737.6,76262.375,76262.375,6.631510869565218
2520000.0,1276695.4,1243304.625,1243304.625,49.33748511904762
1450000.0,1053363.5,396636.5,396636.5,27.354241379310345
1200000.0,1101096.1,98903.875,98903.875,8.241989583333334
500000.0,872910.8,-372910.8125,372910.8125,74.58216250000001
1050000.0,1063868.0,-13868.0,13868.0,1.3207619047619048
1320000.0,1055254.8,264745.25,264745.25,20.05645833333333
1200000.0,847635.8,352364.1875,352364.1875,29.363682291666667
950000.0,1116989.9,-166989.875,166989.875,17.57788157894737
937000.0,942726.9,-5726.875,5726.875,0.611192636072572
850000.0,1024592.75,-174592.75,174592.75,20.540323529411765
2326000.0,1027548.9,1298451.125,1298451.125,55.82335017196905
1100000.0,1030462.8,69537.1875,69537.1875,6.3215625
878000.0,947813.25,-69813.25,69813.25,7.951395216400911
1500000.0,1080128.0,419872.0,419872.0,27.991466666666664
790000.0,1001768.6,-211768.625,211768.625,26.806155063291136
680000.0,923691.75,-243691.75,243691.75,35.83702205882353
600000.0,1008246.6,-408246.625,408246.625,68.04110416666667
850000.0,1042093.06,-192093.0625,192093.0625,22.599183823529412
667200.0,870897.25,-203697.25,203697.25,30.530163369304557
1100000.0,1158312.6,-58312.625,58312.625,5.301147727272728
520000.0,4493505.0,-3973505.0,3973505.0,764.135576923077
1000000.0,986742.6,13257.375,13257.375,1.3257375
1625000.0,1339496.8,285503.25,285503.25,17.56943076923077
3040000.0,1318113.4,1721886.625,1721886.625,56.64100740131579
1152000.0,1052604.4,99395.625,99395.625,8.628092447916668
900000.0,1168284.6,-268284.625,268284.625,29.809402777777777
800000.0,1031978.2,-231978.1875,231978.1875,28.9972734375
650000.0,757697.56,-107697.5625,107697.5625,16.56885576923077
352000.0,870662.5,-518662.5,518662.5,147.34730113636363
628000.0,909492.4,-281492.375,281492.375,44.82362659235669
1200000.0,1107627.9,92372.125,92372.125,7.697677083333334
1500000.0,1460401.2,39598.75,39598.75,2.6399166666666667
925500.0,1263575.4,-338075.375,338075.375,36.528943814154516
650000.0,844592.6,-194592.625,194592.625,29.937326923076924
800000.0,1063941.6,-263941.625,263941.625,32.992703125
4000000.0,2355886.0,1644114.0,1644114.0,41.102850000000004
900000.0,1092700.8,-192700.75,192700.75,21.411194444444444
1520000.0,1463594.0,56406.0,56406.0,3.7109210526315786
1920000.0,1136779.5,783220.5,783220.5,40.792734375
1125000.0,2421242.0,-1296242.0,1296242.0,115.22151111111111
6000000.0,7952355.5,-1952355.5,1952355.5,32.53925833333333
800000.0,1038574.5,-238574.5,238574.5,29.8218125
850000.0,1106046.2,-256046.25,256046.25,30.123088235294116
975000.0,1044735.6,-69735.625,69735.625,7.1523717948717955
770000.0,946037.1,-176037.125,176037.125,22.861964285714286
700000.0,705528.44,-5528.4375,5528.4375,0.7897767857142857
630000.0,907737.8,-277737.8125,277737.8125,44.085367063492065
588000.0,923405.2,-335405.1875,335405.1875,57.04169855442177
1130000.0,966716.25,163283.75,163283.75,14.449889380530973
1800000.0,1292882.1,507117.875,507117.875,28.17321527777778
750000.0,942955.0,-192955.0,192955.0,25.727333333333334
1800000.0,1469772.0,330228.0,330228.0,18.346
800000.0,887106.0,-87106.0,87106.0,10.88825
1160000.0,1208426.0,-48426.0,48426.0,4.174655172413793
700000.0,1006089.6,-306089.625,306089.625,43.727089285714285
638800.0,838989.8,-200189.8125,200189.8125,31.338417736380713
600000.0,861627.94,-261627.9375,261627.9375,43.60465625
1400000.0,1634049.9,-234049.875,234049.875,16.717848214285713
1200000.0,1161108.1,38891.875,38891.875,3.2409895833333335
1150000.0,1120931.2,29068.75,29068.75,2.5277173913043476
800000.0,1024023.56,-224023.5625,224023.5625,28.0029453125
1400000.0,1226292.8,173707.25,173707.25,12.407660714285715
2300000.0,1022855.06,1277144.9375,1277144.9375,55.528040760869565
766800.0,905225.8,-138425.8125,138425.8125,18.05240121283255
1000000.0,1176968.4,-176968.375,176968.375,17.6968375
800000.0,959137.2,-159137.1875,159137.1875,19.8921484375
1500000.0,1223530.6,276469.375,276469.375,18.431291666666667
1200000.0,1387991.9,-187991.875,187991.875,15.665989583333333
980000.0,1011188.7,-31188.6875,31188.6875,3.182519132653061
1150000.0,1262883.2,-112883.25,112883.25,9.815934782608696
650000.0,1094197.6,-444197.625,444197.625,68.33809615384615
600000.0,803755.94,-203755.9375,203755.9375,33.959322916666665
1701000.0,1908166.2,-207166.25,207166.25,12.17908583186361
936000.0,998676.6,-62676.625,62676.625,6.696220619658119
2410000.0,971635.94,1438364.0625,1438364.0625,59.68315612033195
1600000.0,1360723.1,239276.875,239276.875,14.954804687500001
800000.0,915029.75,-115029.75,115029.75,14.378718749999999
1300000.0,2319848.2,-1019848.25,1019848.25,78.44986538461538
10000000.0,1030151.2,8969848.8125,8969848.8125,89.698488125
1015000.0,1123050.1,-108050.125,108050.125,10.645332512315271
1400000.0,1143901.8,256098.25,256098.25,18.292732142857144
2640000.0,1388035.4,1251964.625,1251964.625,47.422902462121215
670000.0,904947.75,-234947.75,234947.75,35.06682835820896
906000.0,972963.2,-66963.1875,66963.1875,7.391080298013245
610000.0,921794.7,-311794.6875,311794.6875,51.11388319672131
1500000.0,914959.3,585040.6875,585040.6875,39.002712499999994
850000.0,851379.06,-1379.0625,1379.0625,0.16224264705882352
1290000.0,1080166.4,209833.625,209833.625,16.266172480620156
1100000.0,928536.75,171463.25,171463.25,15.587568181818181
850000.0,875746.6,-25746.625,25746.625,3.029014705882353
900000.0,1265198.2,-365198.25,365198.25,40.57758333333334
1160000.0,1066814.1,93185.875,93185.875,8.033265086206896
800000.0,999421.7,-199421.6875,199421.6875,24.9277109375
650000.0,1080539.0,-430539.0,430539.0,66.23676923076923
550000.0,896909.4,-346909.375,346909.375,63.07443181818182
800000.0,848841.56,-48841.5625,48841.5625,6.1051953125
1200000.0,1472036.4,-272036.375,272036.375,22.669697916666667
800000.0,975890.6,-175890.625,175890.625,21.986328125
1000000.0,1006334.6,-6334.625,6334.625,0.6334625
2400000.0,1053594.4,1346405.625,1346405.625,56.100234375
600000.0,877401.7,-277401.6875,277401.6875,46.233614583333335
1100000.0,944800.2,155199.8125,155199.8125,14.109073863636365
1100000.0,1097343.5,2656.5,2656.5,0.2415
650000.0,878557.06,-228557.0625,228557.0625,35.162625
1500000.0,1043064.3,456935.6875,456935.6875,30.462379166666665
480000.0,1025164.94,-545164.9375,545164.9375,113.57602864583333
700000.0,978372.0,-278372.0,278372.0,39.76742857142857
500000.0,786416.5,-286416.5,286416.5,57.283300000000004
803600.0,1121269.8,-317669.75,317669.75,39.5308300149328
700000.0,847739.6,-147739.625,147739.625,21.105660714285715
1815000.0,1317746.0,497254.0,497254.0,27.396914600550964
450000.0,883465.8,-433465.8125,433465.8125,96.32573611111111
1475000.0,1072892.9,402107.125,402107.125,27.261499999999998
881250.0,1010687.94,-129437.9375,129437.9375,14.687992907801418
1372500.0,1010183.3,362316.6875,362316.6875,26.3983014571949
1000000.0,1064548.6,-64548.625,64548.625,6.4548625
2540000.0,1137400.1,1402599.875,1402599.875,55.22046751968504
1150000.0,1059450.2,90549.75,90549.75,7.873891304347826
700000.0,1097072.1,-397072.125,397072.125,56.72458928571429
1200000.0,1073372.6,126627.375,126627.375,10.55228125
1000000.0,1061054.2,-61054.25,61054.25,6.105424999999999
877500.0,917711.2,-40211.1875,40211.1875,4.58247150997151
1000000.0,965673.1,34326.875,34326.875,3.4326875
630000.0,833995.06,-203995.0625,203995.0625,32.38016865079365
1150000.0,1155406.4,-5406.375,5406.375,0.4701195652173913
1770000.0,1656607.8,113392.25,113392.25,6.406341807909604
2006000.0,1080260.2,925739.75,925739.75,46.14854187437687
1450000.0,1060724.0,389276.0,389276.0,26.846620689655172
1084000.0,1003701.0,80299.0,80299.0,7.407656826568266
1920000.0,1485356.4,434643.625,434643.625,22.637688802083332
600000.0,837899.6,-237899.625,237899.625,39.6499375
800000.0,1013528.94,-213528.9375,213528.9375,26.6911171875
1300000.0,798001.44,501998.5625,501998.5625,38.615274038461536
1000000.0,992099.44,7900.5625,7900.5625,0.7900562499999999
750000.0,935459.5,-185459.5,185459.5,24.727933333333333
550000.0,982489.3,-432489.3125,432489.3125,78.63442045454545
1600000.0,1368174.8,231825.25,231825.25,14.489078124999999
1160000.0,1259611.0,-99611.0,99611.0,8.587155172413793
680000.0,1011828.3,-331828.3125,331828.3125,48.798281249999995
787000.0,814389.0,-27389.0,27389.0,3.4801778907242698
1000000.0,1055614.1,-55614.125,55614.125,5.5614125
2360000.0,2320336.2,39663.75,39663.75,1.680667372881356
500000.0,905750.44,-405750.4375,405750.4375,81.1500875
1330000.0,1028878.1,301121.875,301121.875,22.64074248120301
840000.0,1028992.44,-188992.4375,188992.4375,22.499099702380953
750000.0,1062989.9,-312989.875,312989.875,41.73198333333333
1100000.0,1008332.75,91667.25,91667.25,8.333386363636365
900000.0,999138.3,-99138.3125,99138.3125,11.015368055555555
2160000.0,1460022.9,699977.125,699977.125,32.40634837962963
700000.0,1026687.5,-326687.5,326687.5,46.669642857142854
800000.0,928434.3,-128434.3125,128434.3125,16.0542890625
2800000.0,4005037.0,-1205037.0,1205037.0,43.037035714285715
600000.0,912151.0,-312151.0,312151.0,52.025166666666664
3000000.0,1793935.6,1206064.375,1206064.375,40.20214583333333
1500000.0,1136098.2,363901.75,363901.75,24.26011666666667
612500.0,962368.0,-349868.0,349868.0,57.12130612244898
1580000.0,858985.75,721014.25,721014.25,45.63381329113924
2400000.0,1710592.8,689407.25,689407.25,28.725302083333332
1350000.0,1062855.6,287144.375,287144.375,21.269953703703703
495000.0,1039001.25,-544001.25,544001.25,109.89924242424243
800000.0,1035408.6,-235408.625,235408.625,29.426078125
1306500.0,996947.5,309552.5,309552.5,23.69326444699579
850000.0,1020370.06,-170370.0625,170370.0625,20.043536764705884
1320000.0,1261009.0,58991.0,58991.0,4.469015151515151
820000.0,879876.8,-59876.8125,59876.8125,7.302050304878049
784000.0,1022335.75,-238335.75,238335.75,30.399968112244895
500000.0,850059.75,-350059.75,350059.75,70.01195
1100000.0,1075639.2,24360.75,24360.75,2.2146136363636364
615200.0,884332.06,-269132.0625,269132.0625,43.74708428153446
2720000.0,1463275.9,1256724.125,1256724.125,46.203092830882355
1750000.0,967443.75,782556.25,782556.25,44.7175
1046200.0,951825.6,94374.375,94374.375,9.020681991970942
1150000.0,1122828.0,27172.0,27172.0,2.3627826086956523
810000.0,1048557.0,-238557.0,238557.0,29.451481481481483
1223000.0,1070691.4,152308.625,152308.625,12.453689697465249
600000.0,1025152.25,-425152.25,425152.25,70.85870833333333
900000.0,1284583.9,-384583.875,384583.875,42.731541666666665
688000.0,935144.5,-247144.5,247144.5,35.922165697674416
645000.0,856320.7,-211320.6875,211320.6875,32.762897286821705
1200000.0,1187249.2,12750.75,12750.75,1.0625624999999999
710000.0,883973.5,-173973.5,173973.5,24.50330985915493
810000.0,949562.75,-139562.75,139562.75,17.22996913580247
660000.0,917187.0,-257187.0,257187.0,38.967727272727274
800000.0,1119771.4,-319771.375,319771.375,39.971421875000004
800000.0,1193882.6,-393882.625,393882.625,49.235328125
1350000.0,1422977.0,-72977.0,72977.0,5.405703703703703
2400000.0,1505273.8,894726.25,894726.25,37.280260416666664
750000.0,847302.3,-97302.3125,97302.3125,12.973641666666666
800000.0,890371.8,-90371.8125,90371.8125,11.2964765625
480000.0,1054520.4,-574520.375,574520.375,119.69174479166666
1100000.0,1049920.5,50079.5,50079.5,4.552681818181818
1200000.0,942583.7,257416.3125,257416.3125,21.451359375000003
1430000.0,1343660.8,86339.25,86339.25,6.0377097902097905
900000.0,1112106.4,-212106.375,212106.375,23.567375
1542800.0,1114937.5,427862.5,427862.5,27.732855846512834
1110000.0,1194247.8,-84247.75,84247.75,7.589887387387387
650000.0,914734.8,-264734.8125,264734.8125,40.72843269230769
1684500.0,1140522.0,543978.0,543978.0,32.29314336598397
780000.0,1068315.9,-288315.875,288315.875,36.96357371794872
500000.0,845935.6,-345935.625,345935.625,69.18712500000001
850000.0,912465.44,-62465.4375,62465.4375,7.3488750000000005
1500000.0,1636319.1,-136319.125,136319.125,9.087941666666667
1010000.0,1094615.2,-84615.25,84615.25,8.377747524752476
840000.0,902071.3,-62071.3125,62071.3125,7.389441964285714
600000.0,876030.0,-276030.0,276030.0,46.005
1000000.0,972939.5,27060.5,27060.5,2.7060500000000003
850000.0,1086194.2,-236194.25,236194.25,27.787558823529412
900000.0,1050099.1,-150099.125,150099.125,16.677680555555554
1200000.0,1083438.5,116561.5,116561.5,9.713458333333334
1008000.0,1023719.4,-15719.375,15719.375,1.5594618055555556
850000.0,1133687.5,-283687.5,283687.5,33.375
700000.0,1334313.4,-634313.375,634313.375,90.61619642857143
1180000.0,1148275.9,31724.125,31724.125,2.6884851694915257
966000.0,937125.94,28874.0625,28874.0625,2.9890333850931676
1200000.0,1311970.6,-111970.625,111970.625,9.330885416666666
970000.0,983936.25,-13936.25,13936.25,1.4367268041237113
1796000.0,997779.7,798220.3125,798220.3125,44.44433811247216
965000.0,1026266.06,-61266.0625,61266.0625,6.348814766839378
750000.0,871645.2,-121645.1875,121645.1875,16.219358333333332
700000.0,982005.25,-282005.25,282005.25,40.28646428571429
1400000.0,1145888.1,254111.875,254111.875,18.150848214285713
890000.0,1034360.94,-144360.9375,144360.9375,16.220330056179773
900000.0,910220.25,-10220.25,10220.25,1.1355833333333334
975000.0,1076506.1,-101506.125,101506.125,10.410884615384616
1862000.0,1067480.1,794519.875,794519.875,42.6702403329753
1200000.0,1061963.1,138036.875,138036.875,11.503072916666666
1000000.0,1187027.6,-187027.625,187027.625,18.7027625
950000.0,983118.56,-33118.5625,33118.5625,3.4861644736842106
1300000.0,1137315.2,162684.75,162684.75,12.51421153846154
900000.0,1350976.4,-450976.375,450976.375,50.108486111111105
612500.0,921918.9,-309418.875,309418.875,50.51736734693878
1300000.0,1081596.6,218403.375,218403.375,16.800259615384615
1250000.0,978053.3,271946.6875,271946.6875,21.755735
800000.0,1085044.5,-285044.5,285044.5,35.6305625
800000.0,921311.4,-121311.375,121311.375,15.163921875
1500000.0,1064751.9,435248.125,435248.125,29.01654166666667
760000.0,819895.4,-59895.375,59895.375,7.880970394736842
650000.0,922287.7,-272287.6875,272287.6875,41.890413461538465
500000.0,854467.3,-354467.3125,354467.3125,70.8934625
750000.0,944671.94,-194671.9375,194671.9375,25.95625833333333
800000.0,1361564.2,-561564.25,561564.25,70.19553125
450000.0,649320.56,-199320.5625,199320.5625,44.293458333333334
1200000.0,1047854.6,152145.375,152145.375,12.678781250000002
800000.0,1000154.75,-200154.75,200154.75,25.01934375
1698562.0,1060865.6,637696.375,637696.375,37.54330869288257
500000.0,784141.9,-284141.875,284141.875,56.828374999999994
910000.0,1108547.8,-198547.75,198547.75,21.818434065934067
600000.0,1043779.44,-443779.4375,443779.4375,73.96323958333333
860000.0,982338.1,-122338.125,122338.125,14.225363372093023
2000000.0,1352915.4,647084.625,647084.625,32.35423125
850000.0,784702.3,65297.6875,65297.6875,7.682080882352942
900000.0,1069708.4,-169708.375,169708.375,18.856486111111114
890000.0,1022444.56,-132444.5625,132444.5625,14.881411516853932
700000.0,882800.94,-182800.9375,182800.9375,26.114419642857143
682200.0,1000212.2,-318012.1875,318012.1875,46.615682717678105
1200000.0,898856.5,301143.5,301143.5,25.095291666666668
1900000.0,1430078.4,469921.625,469921.625,24.73271710526316
1200000.0,813226.94,386773.0625,386773.0625,32.23108854166667
1140000.0,1705906.5,-565906.5,565906.5,49.64092105263158
1000000.0,1000134.6,-134.625,134.625,0.0134625
800000.0,1170557.2,-370557.25,370557.25,46.31965625
1944800.0,1133682.5,811117.5,811117.5,41.7069878650761
2800000.0,1422641.8,1377358.25,1377358.25,49.19136607142857
900000.0,849130.3,50869.6875,50869.6875,5.6521875
750000.0,880676.3,-130676.3125,130676.3125,17.423508333333334
1597000.0,1261614.4,335385.625,335385.625,21.000978396994363
620000.0,862476.4,-242476.375,242476.375,39.109092741935484
1950000.0,1087570.6,862429.375,862429.375,44.227147435897436
750000.0,1210010.5,-460010.5,460010.5,61.33473333333333
700000.0,861182.6,-161182.625,161182.625,23.026089285714285
1600000.0,1045157.6,554842.375,554842.375,34.677648437500004
600000.0,922916.25,-322916.25,322916.25,53.819375
1250000.0,1033807.7,216192.3125,216192.3125,17.295385
790000.0,1062697.6,-272697.625,272697.625,34.518686708860756
1080000.0,1139086.0,-59086.0,59086.0,5.4709259259259255
950000.0,951672.75,-1672.75,1672.75,0.17607894736842106
941600.0,988232.94,-46632.9375,46632.9375,4.952520974936279
1000000.0,1398285.6,-398285.625,398285.625,39.8285625
1000000.0,1790166.5,-790166.5,790166.5,79.01665
550400.0,947055.2,-396655.1875,396655.1875,72.06671284520348
980000.0,1448000.6,-468000.625,468000.625,47.755165816326524
910150.0,1045520.25,-135370.25,135370.25,14.8733999890128
1640000.0,1530332.5,109667.5,109667.5,6.687042682926829
490000.0,1075531.6,-585531.625,585531.625,119.49624999999999
1824000.0,1236986.5,587013.5,587013.5,32.182757675438594
482000.0,796073.0,-314073.0,314073.0,65.1603734439834
1250000.0,959820.94,290179.0625,290179.0625,23.214325
1200000.0,900180.56,299819.4375,299819.4375,24.984953125
756800.0,932715.3,-175915.3125,175915.3125,23.244623744714588
1160000.0,1002105.06,157894.9375,157894.9375,13.61163254310345
750000.0,1249827.2,-499827.25,499827.25,66.64363333333333
1030000.0,1012646.94,17353.0625,17353.0625,1.684763349514563
800000.0,972980.6,-172980.625,172980.625,21.622578125
750000.0,935363.56,-185363.5625,185363.5625,24.715141666666668
588000.0,920019.6,-332019.625,332019.625,56.46592261904762
400000.0,835383.56,-435383.5625,435383.5625,108.84589062500001
550000.0,987237.6,-437237.625,437237.625,79.49775
900000.0,1191353.5,-291353.5,291353.5,32.37261111111111
950000.0,907132.1,42867.875,42867.875,4.512407894736842
800000.0,1115418.5,-315418.5,315418.5,39.4273125
906000.0,1509435.9,-603435.875,603435.875,66.60440121412805
1300000.0,1243555.1,56444.875,56444.875,4.341913461538462
820000.0,1010785.8,-190785.8125,190785.8125,23.2665625
1200000.0,941024.8,258975.1875,258975.1875,21.581265625
1204000.0,1243869.8,-39869.75,39869.75,3.311441029900332
850000.0,899416.7,-49416.6875,49416.6875,5.81372794117647
1960000.0,1036500.25,923499.75,923499.75,47.11733418367347
1250000.0,1156567.9,93432.125,93432.125,7.47457
705000.0,841234.1,-136234.125,136234.125,19.323989361702125
1012000.0,1051146.1,-39146.125,39146.125,3.868194169960474
1000000.0,1090409.4,-90409.375,90409.375,9.0409375
1350000.0,960178.06,389821.9375,389821.9375,28.875699074074074
1000000.0,1784219.6,-784219.625,784219.625,78.42196249999999
1030000.0,1011150.6,18849.375,18849.375,1.8300364077669902
2156000.0,1253351.5,902648.5,902648.5,41.86681354359926
1113000.0,1042889.44,70110.5625,70110.5625,6.299241913746631
700000.0,970156.56,-270156.5625,270156.5625,38.59379464285714
900000.0,928424.1,-28424.125,28424.125,3.158236111111111
593600.0,781015.3,-187415.3125,187415.3125,31.572660461590296
1735000.0,1111204.9,623795.125,623795.125,35.95360951008645
500000.0,1095850.9,-595850.875,595850.875,119.170175
1000000.0,1018718.8,-18718.8125,18718.8125,1.8718812500000002
619400.0,990216.94,-370816.9375,370816.9375,59.867119389732004
685000.0,903769.6,-218769.625,218769.625,31.937171532846715
1200000.0,907517.1,292482.875,292482.875,24.373572916666667
1350000.0,1206183.2,143816.75,143816.75,10.653092592592593
831600.0,881457.6,-49857.625,49857.625,5.995385401635402
1260000.0,1042158.25,217841.75,217841.75,17.289027777777775
700000.0,929661.7,-229661.6875,229661.6875,32.8088125
675000.0,1062742.8,-387742.75,387742.75,57.443370370370374
685000.0,880390.25,-195390.25,195390.25,28.52412408759124
950000.0,922335.94,27664.0625,27664.0625,2.9120065789473686
3980000.0,2312117.8,1667882.25,1667882.25,41.9065891959799
1800000.0,1360790.0,439210.0,439210.0,24.400555555555556
1160000.0,1245415.8,-85415.75,85415.75,7.3634267241379305
800000.0,1009113.0,-209113.0,209113.0,26.139125000000003
1080000.0,1080135.9,-135.875,135.875,0.01258101851851852
1550000.0,999735.9,550264.125,550264.125,35.50091129032258
600000.0,873006.25,-273006.25,273006.25,45.501041666666666
2450000.0,1176209.0,1273791.0,1273791.0,51.99146938775511
700000.0,882122.06,-182122.0625,182122.0625,26.0174375
1360000.0,1099042.4,260957.625,260957.625,19.188060661764705
1350000.0,1093711.8,256288.25,256288.25,18.984314814814816
730000.0,990229.56,-260229.5625,260229.5625,35.647885273972605
581500.0,887708.7,-306208.6875,306208.6875,52.65841573516767
1440000.0,1439073.1,926.875,926.875,0.06436631944444444
620000.0,904035.44,-284035.4375,284035.4375,45.81216733870968
2200000.0,1405847.0,794153.0,794153.0,36.097863636363634
1000000.0,1040017.2,-40017.1875,40017.1875,4.00171875
588000.0,922533.7,-334533.6875,334533.6875,56.89348426870748
1020000.0,1084334.9,-64334.875,64334.875,6.307340686274509
900000.0,866408.94,33591.0625,33591.0625,3.732340277777778
800000.0,787766.0,12234.0,12234.0,1.52925
900000.0,1183221.4,-283221.375,283221.375,31.469041666666662
578000.0,806252.8,-228252.8125,228252.8125,39.49010596885813
900000.0,1174444.6,-274444.625,274444.625,30.49384722222222
824000.0,1165017.0,-341017.0,341017.0,41.38555825242719
1784000.0,1099566.6,684433.375,684433.375,38.3650994955157
850000.0,935032.4,-85032.375,85032.375,10.003808823529411
800000.0,959504.4,-159504.375,159504.375,19.938046875
800000.0,1049056.4,-249056.375,249056.375,31.132046875000004
820000.0,1211735.5,-391735.5,391735.5,47.77262195121951
750000.0,946539.0,-196539.0,196539.0,26.2052
11600000.0,9020808.0,2579192.0,2579192.0,22.234413793103446
1500000.0,977377.7,522622.3125,522622.3125,34.8414875
1300000.0,1042016.06,257983.9375,257983.9375,19.844918269230767
900000.0,1410035.9,-510035.875,510035.875,56.670652777777775
970000.0,1120030.4,-150030.375,150030.375,15.467048969072165
1000000.0,949204.7,50795.3125,50795.3125,5.0795312500000005
800000.0,974997.0,-174997.0,174997.0,21.874625
600000.0,768748.7,-168748.6875,168748.6875,28.12478125
780000.0,925782.8,-145782.8125,145782.8125,18.690104166666664
1499600.0,960433.0,539167.0,539167.0,35.95405441451053
540000.0,934687.3,-394687.3125,394687.3125,73.09024305555556
656000.0,1002022.75,-346022.75,346022.75,52.747370426829264
990000.0,1032453.75,-42453.75,42453.75,4.288257575757576
600000.0,1030592.4,-430592.375,430592.375,71.76539583333333
1420000.0,1177530.6,242469.375,242469.375,17.07530809859155
1500000.0,1199595.8,300404.25,300404.25,20.02695
500000.0,916109.0,-416109.0,416109.0,83.2218
800000.0,939710.5,-139710.5,139710.5,17.4638125
510000.0,981982.9,-471982.875,471982.875,92.54566176470588
500000.0,724757.44,-224757.4375,224757.4375,44.9514875
1000000.0,1030991.6,-30991.625,30991.625,3.0991625
920000.0,1084915.5,-164915.5,164915.5,17.925597826086957
650000.0,715688.7,-65688.6875,65688.6875,10.105951923076924
900000.0,1085724.4,-185724.375,185724.375,20.636041666666667
855000.0,829935.5,25064.5,25064.5,2.931520467836257
670000.0,1472854.0,-802854.0,802854.0,119.8289552238806
877500.0,1030167.1,-152667.125,152667.125,17.39796296296296
700000.0,1528571.6,-828571.625,828571.625,118.36737500000001
700000.0,1095131.5,-395131.5,395131.5,56.44735714285714
939000.0,792407.0,146593.0,146593.0,15.61160809371672
790000.0,1052188.0,-262188.0,262188.0,33.188354430379746
65000000.0,83691624.0,-18691624.0,18691624.0,28.756344615384617
584000.0,850615.0,-266615.0,266615.0,45.653253424657535
896000.0,1008369.75,-112369.75,112369.75,12.541266741071427
1390000.0,921971.4,468028.625,468028.625,33.671124100719425
580000.0,893580.06,-313580.0625,313580.0625,54.065528017241384
750000.0,1061522.9,-311522.875,311522.875,41.53638333333333
700000.0,776309.56,-76309.5625,76309.5625,10.901366071428571
1200000.0,1231945.9,-31945.875,31945.875,2.6621562500000002
750000.0,730532.94,19467.0625,19467.0625,2.5956083333333333
1000000.0,806453.4,193546.625,193546.625,19.3546625
1000000.0,1158773.6,-158773.625,158773.625,15.8773625
800000.0,961479.9,-161479.875,161479.875,20.184984375
950000.0,1332369.9,-382369.875,382369.875,40.24946052631579
550000.0,738039.06,-188039.0625,188039.0625,34.18892045454546
1218000.0,1171452.0,46548.0,46548.0,3.8216748768472906
863200.0,1011428.0,-148228.0,148228.0,17.17191844300278
700000.0,1019277.56,-319277.5625,319277.5625,45.61108035714286
540000.0,1030754.4,-490754.375,490754.375,90.88043981481482
670000.0,937933.2,-267933.1875,267933.1875,39.990027985074626
800000.0,885449.44,-85449.4375,85449.4375,10.6811796875
800000.0,1010536.0,-210536.0,210536.0,26.317
1080000.0,1585659.1,-505659.125,505659.125,46.820289351851855
884000.0,856634.44,27365.5625,27365.5625,3.095651866515837
630000.0,1043230.94,-413230.9375,413230.9375,65.59221230158731
1600000.0,1036657.4,563342.625,563342.625,35.2089140625
1050000.0,1011132.44,38867.5625,38867.5625,3.701672619047619
700000.0,987512.75,-287512.75,287512.75,41.07325
688000.0,957630.56,-269630.5625,269630.5625,39.19048873546512
1550000.0,1049728.9,500271.125,500271.125,32.2755564516129
1200000.0,1332483.6,-132483.625,132483.625,11.040302083333334
985000.0,990655.94,-5655.9375,5655.9375,0.5742068527918782
950000.0,1075468.9,-125468.875,125468.875,13.20725
650000.0,852598.0,-202598.0,202598.0,31.16892307692308
798000.0,906321.7,-108321.6875,108321.6875,13.574146303258145
1500000.0,1235136.1,264863.875,264863.875,17.657591666666665
650000.0,1147317.6,-497317.625,497317.625,76.51040384615385
750000.0,885680.06,-135680.0625,135680.0625,18.090675
1200000.0,1134898.2,65101.75,65101.75,5.425145833333334
670000.0,752484.4,-82484.375,82484.375,12.311100746268657
800000.0,990497.8,-190497.8125,190497.8125,23.8122265625
544000.0,974096.94,-430096.9375,430096.9375,79.06193704044118
1170000.0,1132738.1,37261.875,37261.875,3.184775641025641
1050000.0,1028461.1,21538.875,21538.875,2.0513214285714287
1000000.0,1096304.4,-96304.375,96304.375,9.6304375
820000.0,1165292.5,-345292.5,345292.5,42.108841463414635
900000.0,1032071.9,-132071.875,132071.875,14.674652777777778
1305000.0,1098704.5,206295.5,206295.5,15.80808429118774
600000.0,877691.0,-277691.0,277691.0,46.28183333333333
800000.0,988847.44,-188847.4375,188847.4375,23.605929687499998
650000.0,863795.0,-213795.0,213795.0,32.89153846153846
750000.0,915009.2,-165009.1875,165009.1875,22.001224999999998
1030000.0,979886.25,50113.75,50113.75,4.865412621359224
490000.0,934385.5,-444385.5,444385.5,90.69091836734694
1100000.0,824866.8,275133.1875,275133.1875,25.012107954545453
825000.0,959394.6,-134394.625,134394.625,16.290257575757575
1200000.0,1039015.1,160984.875,160984.875,13.41540625
800000.0,954004.4,-154004.375,154004.375,19.250546874999998
500000.0,913828.4,-413828.375,413828.375,82.765675
1115000.0,1126128.0,-11128.0,11128.0,0.9980269058295963
740000.0,1093727.2,-353727.25,353727.25,47.80097972972973
1920000.0,1819989.0,100011.0,100011.0,5.20890625
1250000.0,1058180.0,191820.0,191820.0,15.345600000000001
1100000.0,1044689.44,55310.5625,55310.5625,5.028232954545454
768000.0,1166983.4,-398983.375,398983.375,51.95096028645834
800000.0,1094028.6,-294028.625,294028.625,36.753578125000004
600000.0,807526.1,-207526.125,207526.125,34.587687499999994
550000.0,954652.44,-404652.4375,404652.4375,73.57317045454546
1525000.0,1259380.9,265619.125,265619.125,17.41764754098361
1369000.0,1076348.0,292652.0,292652.0,21.377063550036524
800000.0,873634.06,-73634.0625,73634.0625,9.2042578125
700000.0,1001898.1,-301898.125,301898.125,43.128303571428575
1000000.0,1044312.5,-44312.5,44312.5,4.4312499999999995
4600000.0,2162616.5,2437383.5,2437383.5,52.98659782608696
1200000.0,974763.8,225236.1875,225236.1875,18.76968229166667
1200000.0,1321653.9,-121653.875,121653.875,10.137822916666666
750000.0,840643.7,-90643.6875,90643.6875,12.085825
600000.0,977459.9,-377459.875,377459.875,62.909979166666666
676000.0,937893.8,-261893.8125,261893.8125,38.74168823964497
600000.0,918641.5,-318641.5,318641.5,53.10691666666667
2600000.0,1374163.8,1225836.25,1225836.25,47.14754807692308
800000.0,843813.56,-43813.5625,43813.5625,5.4766953124999995
700000.0,898138.56,-198138.5625,198138.5625,28.305508928571427
600000.0,1126905.0,-526905.0,526905.0,87.81750000000001
1100000.0,1030099.7,69900.3125,69900.3125,6.354573863636364
1250000.0,1138798.0,111202.0,111202.0,8.89616
1020000.0,1180932.9,-160932.875,160932.875,15.777732843137255
700000.0,676673.44,23326.5625,23326.5625,3.332366071428571
1157000.0,1047570.4,109429.625,109429.625,9.458048833189283
910000.0,1086762.0,-176762.0,176762.0,19.424395604395606
1020000.0,903602.8,116397.1875,116397.1875,11.411488970588234
1675000.0,1400119.1,274880.875,274880.875,16.410798507462687
650000.0,866570.94,-216570.9375,216570.9375,33.31860576923077
800000.0,1207995.1,-407995.125,407995.125,50.999390625
2025000.0,1174249.0,850751.0,850751.0,42.0123950617284
1023000.0,971923.4,51076.625,51076.625,4.992827468230694
700000.0,1019723.94,-319723.9375,319723.9375,45.67484821428571
550000.0,939766.75,-389766.75,389766.75,70.86668181818182
872000.0,742890.25,129109.75,129109.75,14.806163990825688
815000.0,993671.44,-178671.4375,178671.4375,21.922875766871165
1130000.0,1007469.94,122530.0625,122530.0625,10.843368362831859
500000.0,941474.94,-441474.9375,441474.9375,88.2949875
600000.0,905458.3,-305458.3125,305458.3125,50.909718749999996
1200000.0,1053347.9,146652.125,146652.125,12.221010416666667
600000.0,903800.6,-303800.625,303800.625,50.6334375
500000.0,898046.9,-398046.875,398046.875,79.609375
1000000.0,960252.44,39747.5625,39747.5625,3.97475625
592800.0,991782.4,-398982.375,398982.375,67.30471912955466
887000.0,968084.7,-81084.6875,81084.6875,9.141452931228862
1140000.0,972474.25,167525.75,167525.75,14.695241228070174
1418400.0,1071226.0,347174.0,347174.0,24.47645234066554
1000000.0,1152765.9,-152765.875,152765.875,15.2765875
1102500.0,836660.6,265839.375,265839.375,24.112414965986396
900000.0,983403.7,-83403.6875,83403.6875,9.267076388888889
863500.0,1031368.5,-167868.5,167868.5,19.440474811812393
630000.0,919798.56,-289798.5625,289798.5625,45.99977182539682
1200000.0,1472039.4,-272039.375,272039.375,22.669947916666665
1440000.0,1021043.6,418956.375,418956.375,29.09419270833333
900000.0,966225.25,-66225.25,66225.25,7.358361111111112
750000.0,955824.6,-205824.625,205824.625,27.443283333333333
1300000.0,860674.25,439325.75,439325.75,33.794288461538464
1100000.0,1160264.5,-60264.5,60264.5,5.47859090909091
1200000.0,1150968.5,49031.5,49031.5,4.085958333333333
642500.0,826631.4,-184131.375,184131.375,28.658579766536963
640000.0,909335.94,-269335.9375,269335.9375,42.083740234375
721000.0,1050147.0,-329147.0,329147.0,45.65145631067961
1200000.0,939410.44,260589.5625,260589.5625,21.715796875000002
330000.0,1063524.1,-733524.125,733524.125,222.28003787878788
2400000.0,1353670.9,1046329.125,1046329.125,43.597046875000004
1002000.0,1505437.2,-503437.25,503437.25,50.243238522954094
780000.0,1000800.94,-220800.9375,220800.9375,28.3078125
1311000.0,1195641.9,115358.125,115358.125,8.799246758199846
600000.0,828863.4,-228863.375,228863.375,38.14389583333334
500000.0,894907.7,-394907.6875,394907.6875,78.9815375
507000.0,839865.75,-332865.75,332865.75,65.65399408284024
1000000.0,1088167.4,-88167.375,88167.375,8.8167375
600001.0,909547.9,-309546.875,309546.875,51.59105984823359
662000.0,956633.25,-294633.25,294633.25,44.5065332326284
670000.0,778983.4,-108983.375,108983.375,16.266175373134327
800000.0,1327749.2,-527749.25,527749.25,65.96865625
7290000.0,6885352.0,404648.0,404648.0,5.550727023319616
1400000.0,1396034.6,3965.375,3965.375,0.28324107142857147
900000.0,1007599.25,-107599.25,107599.25,11.955472222222223
1000000.0,1076171.0,-76171.0,76171.0,7.617100000000001
1530000.0,960761.5,569238.5,569238.5,37.20513071895425
1200000.0,999150.5,200849.5,200849.5,16.737458333333333
940000.0,1108077.9,-168077.875,168077.875,17.880625
900000.0,911225.4,-11225.375,11225.375,1.247263888888889
650000.0,1029588.75,-379588.75,379588.75,58.39826923076923
1400000.0,1115479.8,284520.25,284520.25,20.322875
1050000.0,942986.3,107013.6875,107013.6875,10.191779761904762
1680000.0,1235363.5,444636.5,444636.5,26.466458333333332
1087000.0,1265968.4,-178968.375,178968.375,16.46443192272309
800000.0,1141729.8,-341729.75,341729.75,42.71621875
1300000.0,1296115.8,3884.25,3884.25,0.29878846153846156
15000000.0,9341699.0,5658301.0,5658301.0,37.722006666666665
1280000.0,1119761.9,160238.125,160238.125,12.518603515625
2250000.0,1025923.75,1224076.25,1224076.25,54.40338888888889
540000.0,1073888.8,-533888.75,533888.75,98.86828703703704
2400000.0,1459196.9,940803.125,940803.125,39.200130208333334
2400000.0,1140721.2,1259278.75,1259278.75,52.46994791666667
668000.0,878481.0,-210481.0,210481.0,31.509131736526946
1530000.0,1119247.4,410752.625,410752.625,26.84657679738562
950000.0,1079219.2,-129219.25,129219.25,13.602026315789473
1000000.0,1097593.0,-97593.0,97593.0,9.7593
688000.0,895431.7,-207431.6875,207431.6875,30.14995457848837
528000.0,1000266.1,-472266.125,472266.125,89.4443418560606
550000.0,803562.9,-253562.875,253562.875,46.10234090909091
1152000.0,1111547.9,40452.125,40452.125,3.5114691840277774
1200000.0,1248002.2,-48002.25,48002.25,4.0001875
1300000.0,1127615.5,172384.5,172384.5,13.260346153846154
1310000.0,1701152.0,-391152.0,391152.0,29.858931297709923
2100000.0,1281294.2,818705.75,818705.75,38.98598809523809
1470000.0,1217277.0,252723.0,252723.0,17.192040816326532
1148000.0,975596.4,172403.625,172403.625,15.01773736933798
1000000.0,905768.7,94231.3125,94231.3125,9.423131249999999
2100000.0,1363099.8,736900.25,736900.25,35.09048809523809
1380000.0,901124.6,478875.375,478875.375,34.70111413043478
930000.0,928947.06,1052.9375,1052.9375,0.11321908602150539
1200000.0,1257369.4,-57369.375,57369.375,4.7807812499999995
1215000.0,980472.44,234527.5625,234527.5625,19.30268004115226
800000.0,814796.94,-14796.9375,14796.9375,1.8496171874999998
800000.0,762848.7,37151.3125,37151.3125,4.6439140625
1350000.0,1072658.8,277341.25,277341.25,20.543796296296296
700000.0,1006841.6,-306841.625,306841.625,43.834517857142856
2900000.0,1769326.4,1130673.625,1130673.625,38.988745689655175
750000.0,875010.0,-125010.0,125010.0,16.668
700000.0,998641.0,-298641.0,298641.0,42.663000000000004
900000.0,924811.5,-24811.5,24811.5,2.7568333333333332
900000.0,921354.7,-21354.6875,21354.6875,2.3727430555555555
663000.0,964724.5,-301724.5,301724.5,45.508974358974356
2600000.0,1635568.4,964431.625,964431.625,37.09352403846154
650000.0,1067871.2,-417871.25,417871.25,64.28788461538461
870000.0,1019016.94,-149016.9375,149016.9375,17.128383620689654
1100000.0,1083486.8,16513.25,16513.25,1.5012045454545455
1500000.0,1015347.2,484652.8125,484652.8125,32.3101875
700000.0,1044112.56,-344112.5625,344112.5625,49.1589375
800000.0,940719.3,-140719.3125,140719.3125,17.5899140625
720000.0,1025268.56,-305268.5625,305268.5625,42.398411458333335
880000.0,763975.6,116024.375,116024.375,13.184588068181819
1250000.0,1002602.9,247397.125,247397.125,19.79177
693000.0,1067763.6,-374763.625,374763.625,54.07844516594517
1000000.0,966498.44,33501.5625,33501.5625,3.35015625
1156000.0,1255182.5,-99182.5,99182.5,8.579801038062284
700000.0,927397.5,-227397.5,227397.5,32.48535714285714
1320000.0,1033949.25,286050.75,286050.75,21.670511363636365
1200000.0,1168700.8,31299.25,31299.25,2.608270833333333
1080000.0,1135880.8,-55880.75,55880.75,5.174143518518518
1400000.0,998284.5,401715.5,401715.5,28.693964285714284
820000.0,1013615.2,-193615.1875,193615.1875,23.61160823170732
1020000.0,1092419.4,-72419.375,72419.375,7.099938725490196
800000.0,945966.3,-145966.3125,145966.3125,18.245789062500002
1200000.0,1170994.9,29005.125,29005.125,2.41709375
950000.0,1007969.75,-57969.75,57969.75,6.102078947368421
700000.0,899829.7,-199829.6875,199829.6875,28.547098214285715
800000.0,883163.7,-83163.6875,83163.6875,10.395460937500001
1800000.0,1077514.6,722485.375,722485.375,40.13807638888889
810000.0,1053548.4,-243548.375,243548.375,30.06770061728395
520000.0,956058.75,-436058.75,436058.75,83.85745192307692
500000.0,757820.3,-257820.3125,257820.3125,51.5640625
1500000.0,1117456.6,382543.375,382543.375,25.502891666666667
800000.0,921058.4,-121058.375,121058.375,15.132296875000002
700000.0,822767.3,-122767.3125,122767.3125,17.5381875
700000.0,1000647.3,-300647.3125,300647.3125,42.94961607142857
1520000.0,1082173.8,437826.25,437826.25,28.80435855263158
780000.0,905714.7,-125714.6875,125714.6875,16.117267628205127
500000.0,915059.44,-415059.4375,415059.4375,83.0118875
750000.0,1055007.4,-305007.375,305007.375,40.66765
500000.0,1055329.8,-555329.75,555329.75,111.06594999999999
816400.0,920283.06,-103883.0625,103883.0625,12.72452994855463
1150000.0,1062854.5,87145.5,87145.5,7.577869565217392
700000.0,849285.06,-149285.0625,149285.0625,21.3264375
533000.0,933787.1,-400787.125,400787.125,75.19458255159475
1500000.0,1465509.2,34490.75,34490.75,2.2993833333333336
800000.0,936935.2,-136935.1875,136935.1875,17.1168984375
1280000.0,941780.0,338220.0,338220.0,26.423437500000002
800000.0,959952.25,-159952.25,159952.25,19.99403125
476000.0,830767.0,-354767.0,354767.0,74.53088235294118
900000.0,1062719.9,-162719.875,162719.875,18.07998611111111
700000.0,1093794.4,-393794.375,393794.375,56.25633928571428
2148000.0,1902072.0,245928.0,245928.0,11.449162011173184
1147500.0,974154.06,173345.9375,173345.9375,15.106399782135076
1080000.0,1009324.44,70675.5625,70675.5625,6.544033564814815
730000.0,923875.25,-193875.25,193875.25,26.558253424657536
750000.0,979470.0,-229470.0,229470.0,30.596
1200000.0,1053443.0,146557.0,146557.0,12.213083333333334
910000.0,1070824.0,-160824.0,160824.0,17.672967032967033
996000.0,1018388.9,-22388.875,22388.875,2.247879016064257
1050000.0,1196056.6,-146056.625,146056.625,13.910154761904762
550000.0,843362.4,-293362.375,293362.375,53.33861363636364
1000000.0,1209512.1,-209512.125,209512.125,20.9512125
1584000.0,1056976.0,527024.0,527024.0,33.27171717171717
550000.0,873742.75,-323742.75,323742.75,58.86231818181818
410000.0,755939.1,-345939.125,345939.125,84.37539634146341
550000.0,789562.56,-239562.5625,239562.5625,43.55682954545455
1600000.0,1245341.1,354658.875,354658.875,22.1661796875
1200000.0,1068040.2,131959.75,131959.75,10.996645833333334
1832800.0,1081834.6,750965.375,750965.375,40.973667339589696
1090000.0,897133.3,192866.6875,192866.6875,17.694191513761467
700000.0,958058.06,-258058.0625,258058.0625,36.8654375
1350000.0,1063026.1,286973.875,286973.875,21.257324074074074
1000000.0,1154187.0,-154187.0,154187.0,15.4187
650000.0,971898.9,-321898.875,321898.875,49.522903846153845
1500000.0,1184238.2,315761.75,315761.75,21.050783333333335
1100000.0,910338.3,189661.6875,189661.6875,17.241971590909092
1152000.0,1067441.5,84558.5,84558.5,7.340147569444444
497500.0,903976.25,-406476.25,406476.25,81.7037688442211
860000.0,1103299.9,-243299.875,243299.875,28.290683139534885
800000.0,874109.9,-74109.875,74109.875,9.263734375
1150000.0,1020492.7,129507.3125,129507.3125,11.26150543478261
2160000.0,1426349.2,733650.75,733650.75,33.9653125
616000.0,986611.0,-370611.0,370611.0,60.16412337662338
900000.0,918941.06,-18941.0625,18941.0625,2.1045624999999997
750000.0,956093.0,-206093.0,206093.0,27.479066666666668
2280000.0,985725.4,1294274.625,1294274.625,56.76643092105264
700000.0,1025779.8,-325779.8125,325779.8125,46.53997321428571
750000.0,964372.5,-214372.5,214372.5,28.583
1800000.0,1076055.6,723944.375,723944.375,40.21913194444444
700000.0,1047162.8,-347162.8125,347162.8125,49.5946875
1000000.0,1377055.9,-377055.875,377055.875,37.7055875
1800000.0,1063747.0,736253.0,736253.0,40.902944444444444
960000.0,977154.7,-17154.6875,17154.6875,1.7869466145833333
800000.0,958342.5,-158342.5,158342.5,19.7928125
1000000.0,1039874.56,-39874.5625,39874.5625,3.98745625
780000.0,992182.75,-212182.75,212182.75,27.202916666666667
1000000.0,1141271.5,-141271.5,141271.5,14.12715
2850000.0,957550.06,1892449.9375,1892449.9375,66.40175219298246
1150000.0,1052540.8,97459.25,97459.25,8.474717391304349
600000.0,889443.06,-289443.0625,289443.0625,48.240510416666666
450000.0,1057648.8,-607648.75,607648.75,135.03305555555556
500000.0,861043.1,-361043.125,361043.125,72.208625
700000.0,785393.94,-85393.9375,85393.9375,12.19913392857143
1600000.0,1098411.5,501588.5,501588.5,31.34928125
800000.0,1049343.8,-249343.75,249343.75,31.167968750000004
600000.0,778514.06,-178514.0625,178514.0625,29.752343749999998
550000.0,870890.9,-320890.875,320890.875,58.34379545454546
863500.0,726997.1,136502.875,136502.875,15.8080920671685
670000.0,848919.4,-178919.375,178919.375,26.70438432835821
670000.0,905751.2,-235751.1875,235751.1875,35.18674440298508
1100000.0,1004307.9,95692.125,95692.125,8.699284090909092
1100000.0,1129021.4,-29021.375,29021.375,2.6383068181818183
5442500.0,4382941.0,1059559.0,1059559.0,19.468240698208543
600000.0,860174.4,-260174.375,260174.375,43.36239583333333
1000000.0,981200.0,18800.0,18800.0,1.8800000000000001
843000.0,923149.0,-80149.0,80149.0,9.507591933570582
1400000.0,1094325.8,305674.25,305674.25,21.833875
1845000.0,1659555.6,185444.375,185444.375,10.051185636856369
800000.0,1121078.9,-321078.875,321078.875,40.134859375
1700000.0,956204.44,743795.5625,743795.5625,43.752680147058825
860000.0,1205782.0,-345782.0,345782.0,40.20720930232558
750000.0,859125.3,-109125.3125,109125.3125,14.550041666666665
1520000.0,1346898.1,173101.875,173101.875,11.38828125
900000.0,874243.0,25757.0,25757.0,2.8618888888888887
950000.0,1080037.4,-130037.375,130037.375,13.688144736842107
584000.0,857590.2,-273590.1875,273590.1875,46.84763484589041
588000.0,903098.7,-315098.6875,315098.6875,53.58821215986394
946400.0,990713.7,-44313.6875,44313.6875,4.682342297125951
1240000.0,1026461.9,213538.125,213538.125,17.220816532258066
1015000.0,913385.5,101614.5,101614.5,10.01128078817734
846000.0,981752.44,-135752.4375,135752.4375,16.046387411347517
610000.0,863583.75,-253583.75,253583.75,41.57110655737705
883200.0,1072351.9,-189151.875,189151.875,21.416652513586957
750000.0,875456.5,-125456.5,125456.5,16.727533333333334
800000.0,961405.44,-161405.4375,161405.4375,20.1756796875
1408600.0,1032461.0,376139.0,376139.0,26.703038477921343
650000.0,946053.75,-296053.75,296053.75,45.54673076923077
1180000.0,1139376.6,40623.375,40623.375,3.442658898305085
2460000.0,1744035.8,715964.25,715964.25,29.104237804878046
500000.0,949772.44,-449772.4375,449772.4375,89.9544875
880000.0,1017823.4,-137823.375,137823.375,15.661747159090908
1000000.0,1124153.1,-124153.125,124153.125,12.4153125
1008000.0,1022249.44,-14249.4375,14249.4375,1.4136346726190476
900000.0,1153655.8,-253655.75,253655.75,28.18397222222222
600000.0,1082616.2,-482616.25,482616.25,80.43604166666667
915000.0,1003135.25,-88135.25,88135.25,9.632267759562842
1015000.0,1434525.9,-419525.875,419525.875,41.33259852216749
1130000.0,947388.75,182611.25,182611.25,16.16028761061947
800000.0,878654.9,-78654.875,78654.875,9.831859375
700000.0,784862.8,-84862.8125,84862.8125,12.12325892857143
750000.0,999590.1,-249590.125,249590.125,33.27868333333333
700000.0,990941.44,-290941.4375,290941.4375,41.5630625
700000.0,1076332.4,-376332.375,376332.375,53.761767857142864
1380000.0,1100168.5,279831.5,279831.5,20.27764492753623
700000.0,1080789.4,-380789.375,380789.375,54.39848214285714
750000.0,943847.06,-193847.0625,193847.0625,25.846275000000002
1160000.0,1130319.9,29680.125,29680.125,2.5586314655172417
1200000.0,1046371.9,153628.125,153628.125,12.80234375
500000.0,811494.6,-311494.625,311494.625,62.298925000000004
1400000.0,1510668.6,-110668.625,110668.625,7.904901785714285
500000.0,911988.75,-411988.75,411988.75,82.39775
1500000.0,1075651.9,424348.125,424348.125,28.289875
700000.0,870500.8,-170500.8125,170500.8125,24.35725892857143
1260000.0,1041935.06,218064.9375,218064.9375,17.306741071428572
1100000.0,1027213.94,72786.0625,72786.0625,6.616914772727273
904800.0,830727.44,74072.5625,74072.5625,8.186622734305923
600000.0,873972.2,-273972.1875,273972.1875,45.66203125
723000.0,962941.06,-239941.0625,239941.0625,33.18686894882434
950000.0,1027094.0,-77094.0,77094.0,8.115157894736843
780000.0,1051658.6,-271658.625,271658.625,34.82802884615385
396000.0,1001947.06,-605947.0625,605947.0625,153.01693497474747
1750000.0,1590283.2,159716.75,159716.75,9.126671428571429
1170000.0,1089639.4,80360.625,80360.625,6.868429487179487
800000.0,959221.56,-159221.5625,159221.5625,19.9026953125
1500000.0,920706.0,579294.0,579294.0,38.6196
1350000.0,856758.06,493241.9375,493241.9375,36.53643981481481
700000.0,985139.06,-285139.0625,285139.0625,40.73415178571428
700000.0,941613.7,-241613.6875,241613.6875,34.516241071428574
660000.0,1011513.44,-351513.4375,351513.4375,53.25961174242424
1000000.0,1083133.9,-83133.875,83133.875,8.3133875
960000.0,933339.56,26660.4375,26660.4375,2.7771289062499998
660000.0,962567.1,-302567.125,302567.125,45.84350378787879
936000.0,1084681.0,-148681.0,148681.0,15.884722222222223
1100000.0,901712.8,198287.1875,198287.1875,18.026107954545452
500000.0,921916.06,-421916.0625,421916.0625,84.3832125
4200000.0,2010639.0,2189361.0,2189361.0,52.12764285714285
700000.0,846068.6,-146068.625,146068.625,20.866946428571428
700000.0,1365534.4,-665534.375,665534.375,95.07633928571428
1500000.0,903789.5,596210.5,596210.5,39.747366666666665
580000.0,961937.5,-381937.5,381937.5,65.85129310344827
675000.0,976917.25,-301917.25,301917.25,44.72848148148148
2059800.0,1786726.4,273073.625,273073.625,13.257288328963975
1200000.0,1008546.44,191453.5625,191453.5625,15.954463541666666
1600000.0,1404787.6,195212.375,195212.375,12.200773437499999
1360000.0,1085420.0,274580.0,274580.0,20.18970588235294
1250000.0,1082822.6,167177.375,167177.375,13.37419
650000.0,896427.94,-246427.9375,246427.9375,37.911990384615386
1100000.0,1015542.44,84457.5625,84457.5625,7.677960227272727
1200000.0,1064449.5,135550.5,135550.5,11.295874999999999
1000000.0,1045242.7,-45242.6875,45242.6875,4.52426875
540000.0,893841.1,-353841.125,353841.125,65.52613425925927
1200000.0,1130877.5,69122.5,69122.5,5.760208333333333
1400000.0,1003020.06,396979.9375,396979.9375,28.355709821428572
630000.0,838583.3,-208583.3125,208583.3125,33.1084623015873
1900000.0,1178208.6,721791.375,721791.375,37.9890197368421
1379000.0,1334067.8,44932.25,44932.25,3.2583212472806387
1400000.0,1106646.0,293354.0,293354.0,20.953857142857142
1000000.0,885476.9,114523.125,114523.125,11.4523125
577000.0,970532.56,-393532.5625,393532.5625,68.20321707105718
980000.0,1087079.2,-107079.25,107079.25,10.926454081632652
800000.0,996061.8,-196061.8125,196061.8125,24.5077265625
1300000.0,1094188.1,205811.875,205811.875,15.831682692307691
2610000.0,1130592.8,1479407.25,1479407.25,56.682270114942526
700000.0,819872.1,-119872.125,119872.125,17.124589285714286
800000.0,1096273.0,-296273.0,296273.0,37.034125
1200000.0,1105071.0,94929.0,94929.0,7.91075
550000.0,761128.06,-211128.0625,211128.0625,38.386920454545454
1000000.0,994515.7,5484.3125,5484.3125,0.5484312499999999
600000.0,901209.2,-301209.1875,301209.1875,50.201531249999995
900000.0,991083.7,-91083.6875,91083.6875,10.120409722222222
1050000.0,1026792.8,23207.1875,23207.1875,2.2102083333333336
800000.0,1040149.7,-240149.6875,240149.6875,30.0187109375
1050000.0,1113225.5,-63225.5,63225.5,6.02147619047619
1000000.0,1095339.2,-95339.25,95339.25,9.533925
1000000.0,845446.2,154553.8125,154553.8125,15.45538125
3385000.0,1772474.9,1612525.125,1612525.125,47.63737444608567
1176000.0,1079041.6,96958.375,96958.375,8.244759778911565
955000.0,1120086.6,-165086.625,165086.625,17.286557591623037
2412000.0,1012850.4,1399149.625,1399149.625,58.007861733001654
700000.0,923421.3,-223421.3125,223421.3125,31.91733035714286
1150000.0,1109137.9,40862.125,40862.125,3.5532282608695653
1868750.0,2497476.2,-628726.25,628726.25,33.64421404682274
750000.0,1013364.75,-263364.75,263364.75,35.1153
800000.0,914601.6,-114601.625,114601.625,14.325203125
1000000.0,949674.94,50325.0625,50325.0625,5.03250625
1493000.0,1462358.4,30641.625,30641.625,2.0523526456798393
1200000.0,1001817.6,198182.375,198182.375,16.515197916666665
675000.0,944397.4,-269397.375,269397.375,39.91072222222222
688000.0,945323.8,-257323.8125,257323.8125,37.40171693313953
800000.0,959370.56,-159370.5625,159370.5625,19.921320312499997
1000000.0,1043698.8,-43698.8125,43698.8125,4.369881250000001
900000.0,1067738.8,-167738.75,167738.75,18.637638888888887
705000.0,894136.8,-189136.8125,189136.8125,26.827916666666667
700000.0,1045271.8,-345271.8125,345271.8125,49.32454464285714
2040000.0,921449.7,1118550.3125,1118550.3125,54.83089767156862
650000.0,1035290.94,-385290.9375,385290.9375,59.27552884615385
1200000.0,897396.4,302603.625,302603.625,25.216968750000003
2700000.0,1726513.2,973486.75,973486.75,36.05506481481481
550000.0,928518.75,-378518.75,378518.75,68.82159090909092
880000.0,989627.1,-109627.125,109627.125,12.45762784090909
702000.0,983329.25,-281329.25,281329.25,40.075391737891735
1400000.0,1739927.2,-339927.25,339927.25,24.280517857142858
588000.0,919850.6,-331850.625,331850.625,56.437181122448976
1150000.0,1141979.5,8020.5,8020.5,0.6974347826086956
1210000.0,1655204.8,-445204.75,445204.75,36.79378099173554
1015280.0,997808.5,17471.5,17471.5,1.720855330549208
900000.0,997607.1,-97607.125,97607.125,10.845236111111111
800000.0,1009213.25,-209213.25,209213.25,26.15165625
500000.0,842421.4,-342421.375,342421.375,68.484275
1700000.0,1531560.0,168440.0,168440.0,9.908235294117647
440000.0,900684.94,-460684.9375,460684.9375,104.70112215909091
2277000.0,1122867.0,1154133.0,1154133.0,50.68656126482214
1280000.0,1279571.2,428.75,428.75,0.033496093750000004
1100000.0,1018451.25,81548.75,81548.75,7.413522727272727
600000.0,979801.06,-379801.0625,379801.0625,63.30017708333333
2560000.0,1134593.0,1425407.0,1425407.0,55.67996093749999
965000.0,886647.94,78352.0625,78352.0625,8.119384715025907
800000.0,767793.44,32206.5625,32206.5625,4.0258203125000005
1520000.0,1392526.8,127473.25,127473.25,8.386398026315788
1260000.0,1467306.0,-207306.0,207306.0,16.452857142857145
650000.0,1103359.2,-453359.25,453359.25,69.74757692307692
1700000.0,1527668.4,172331.625,172331.625,10.137154411764705
9000000.0,6034745.5,2965254.5,2965254.5,32.947272222222225
500000.0,931868.25,-431868.25,431868.25,86.37365
800000.0,1196906.2,-396906.25,396906.25,49.61328125
800000.0,798219.3,1780.6875,1780.6875,0.2225859375
850000.0,1121834.1,-271834.125,271834.125,31.980485294117646
1200000.0,1152071.2,47928.75,47928.75,3.9940625
720000.0,994709.2,-274709.1875,274709.1875,38.15405381944444
1404000.0,1698915.9,-294915.875,294915.875,21.005404202279202
590000.0,933698.6,-343698.625,343698.625,58.254004237288136
600000.0,868849.3,-268849.3125,268849.3125,44.80821875
1300000.0,1277687.5,22312.5,22312.5,1.7163461538461537
2592000.0,1627526.5,964473.5,964473.5,37.209625771604934
765000.0,944158.9,-179158.875,179158.875,23.419460784313724
1000000.0,1055827.6,-55827.625,55827.625,5.5827625
454500.0,940204.5,-485704.5,485704.5,106.86567656765678
725000.0,972300.6,-247300.625,247300.625,34.11043103448276
790000.0,1082872.5,-292872.5,292872.5,37.072468354430384
1000000.0,1214361.8,-214361.75,214361.75,21.436175
1000000.0,970879.4,29120.625,29120.625,2.9120625
1600000.0,1541294.2,58705.75,58705.75,3.669109375
1207600.0,1181493.1,26106.875,26106.875,2.1618810036435905
1920000.0,1017767.9,902232.125,902232.125,46.99125651041667
1170000.0,1064044.0,105956.0,105956.0,9.056068376068376
7000000.0,6220671.5,779328.5,779328.5,11.133264285714285
1000000.0,1042730.6,-42730.625,42730.625,4.2730625
5000000.0,3511138.2,1488861.75,1488861.75,29.777235
600000.0,807919.3,-207919.3125,207919.3125,34.65321875
1600000.0,1465781.9,134218.125,134218.125,8.388632812500001
1700000.0,1484500.8,215499.25,215499.25,12.676426470588234
850000.0,1196997.5,-346997.5,346997.5,40.82323529411765
4300000.0,903671.8,3396328.1875,3396328.1875,78.98437645348837
1800000.0,1777789.9,22210.125,22210.125,1.2338958333333334
1590000.0,1063276.9,526723.125,526723.125,33.127240566037734
800000.0,1068490.0,-268490.0,268490.0,33.56125
1120000.0,1176838.1,-56838.125,56838.125,5.074832589285714
1680000.0,1060699.2,619300.75,619300.75,36.86313988095238
600000.0,1035984.75,-435984.75,435984.75,72.664125
1274000.0,898013.5,375986.5,375986.5,29.512284144427003
550000.0,803341.5,-253341.5,253341.5,46.062090909090905
900000.0,1035857.6,-135857.625,135857.625,15.095291666666666
800000.0,1025966.8,-225966.8125,225966.8125,28.2458515625
560000.0,871900.94,-311900.9375,311900.9375,55.69659598214286
1770000.0,1087792.9,682207.125,682207.125,38.54277542372881
920000.0,1020912.0,-100912.0,100912.0,10.968695652173913
1800000.0,1274250.8,525749.25,525749.25,29.208291666666668
600000.0,893767.9,-293767.875,293767.875,48.9613125
500000.0,808215.7,-308215.6875,308215.6875,61.6431375
1600000.0,1078601.2,521398.75,521398.75,32.587421875
900000.0,1011986.3,-111986.3125,111986.3125,12.44292361111111
602501.0,878996.0,-276495.0,276495.0,45.89121013907031
1600000.0,1444568.4,155431.625,155431.625,9.7144765625
800000.0,935754.2,-135754.1875,135754.1875,16.9692734375
600000.0,837893.0,-237893.0,237893.0,39.648833333333336
1261400.0,1997981.8,-736581.75,736581.75,58.39398684001903
890000.0,1076129.2,-186129.25,186129.25,20.913398876404493
1015000.0,996804.4,18195.625,18195.625,1.7926724137931036
688000.0,950512.75,-262512.75,262512.75,38.15592296511628
550000.0,802800.8,-252800.8125,252800.8125,45.963784090909094
700000.0,1033928.7,-333928.6875,333928.6875,47.704098214285715
700000.0,955835.44,-255835.4375,255835.4375,36.54791964285714
1000000.0,1029276.06,-29276.0625,29276.0625,2.9276062499999997
620000.0,932346.44,-312346.4375,312346.4375,50.37845766129032
565000.0,809040.4,-244040.375,244040.375,43.192986725663715
650000.0,1051077.8,-401077.75,401077.75,61.70426923076923
1440000.0,1085119.2,354880.75,354880.75,24.64449652777778
1200000.0,1111914.6,88085.375,88085.375,7.340447916666666
890000.0,993269.7,-103269.6875,103269.6875,11.603335674157304
600000.0,843208.3,-243208.3125,243208.3125,40.534718749999996
500000.0,851347.6,-351347.625,351347.625,70.269525
400000.0,859984.25,-459984.25,459984.25,114.99606250000001
800000.0,933344.6,-133344.625,133344.625,16.668078125
960000.0,1040716.56,-80716.5625,80716.5625,8.407975260416666
1150000.0,1411866.1,-261866.125,261866.125,22.770967391304346
500000.0,1085762.4,-585762.375,585762.375,117.152475
960000.0,961067.75,-1067.75,1067.75,0.11122395833333333
1000000.0,1083694.9,-83694.875,83694.875,8.3694875
950000.0,914535.0,35465.0,35465.0,3.7331578947368422
787000.0,936114.4,-149114.375,149114.375,18.947188691232526
1250000.0,1208870.1,41129.875,41129.875,3.29039
610000.0,854142.06,-244142.0625,244142.0625,40.02328893442623
991600.0,1037107.5,-45507.5,45507.5,4.589300121016539
600000.0,898320.44,-298320.4375,298320.4375,49.720072916666666
2560000.0,1286995.8,1273004.25,1273004.25,49.726728515625
1200000.0,1290844.4,-90844.375,90844.375,7.570364583333333
700000.0,941270.5,-241270.5,241270.5,34.467214285714284
550000.0,854214.3,-304214.3125,304214.3125,55.31169318181818
1233600.0,974564.44,259035.5625,259035.5625,20.998343263618676
900000.0,1236160.5,-336160.5,336160.5,37.35116666666667
1200000.0,929623.56,270376.4375,270376.4375,22.531369791666666
650000.0,916489.0,-266489.0,266489.0,40.9983076923077
850000.0,1039623.2,-189623.1875,189623.1875,22.30861029411765
500000.0,852081.4,-352081.375,352081.375,70.416275
1200000.0,1100459.5,99540.5,99540.5,8.295041666666666
600000.0,880782.25,-280782.25,280782.25,46.797041666666665
950000.0,993729.4,-43729.375,43729.375,4.603092105263158
1560000.0,1034311.0,525689.0,525689.0,33.698012820512815
810000.0,1145837.8,-335837.75,335837.75,41.46145061728395
760000.0,1025917.8,-265917.8125,265917.8125,34.98918585526315
1300000.0,804839.1,495160.875,495160.875,38.08929807692308
11000000.0,10734076.0,265924.0,265924.0,2.417490909090909
500000.0,1100145.9,-600145.875,600145.875,120.02917500000001
1420000.0,1157622.6,262377.375,262377.375,18.477279929577463
670000.0,867347.94,-197347.9375,197347.9375,29.45491604477612
500000.0,985817.75,-485817.75,485817.75,97.16355
3700000.0,6508741.0,-2808741.0,2808741.0,75.91191891891891
900000.0,1150333.8,-250333.75,250333.75,27.81486111111111
500000.0,922746.4,-422746.375,422746.375,84.549275
1440000.0,969969.6,470030.375,470030.375,32.64099826388889
960000.0,1182236.1,-222236.125,222236.125,23.149596354166665
588500.0,927906.6,-339406.625,339406.625,57.6731733220051
1456000.0,932686.7,523313.3125,523313.3125,35.94184838598901
1000000.0,1024023.56,-24023.5625,24023.5625,2.40235625
680000.0,841009.75,-161009.75,161009.75,23.677904411764704
1459600.0,1167648.9,291951.125,291951.125,20.002132433543437
700000.0,882918.4,-182918.375,182918.375,26.131196428571428
1100000.0,1143604.9,-43604.875,43604.875,3.9640795454545454
704000.0,942499.7,-238499.6875,238499.6875,33.87779651988637
810000.0,949785.56,-139785.5625,139785.5625,17.25747685185185
550000.0,758731.94,-208731.9375,208731.9375,37.95126136363636
1200000.0,1210526.8,-10526.75,10526.75,0.8772291666666666
1460000.0,1008435.75,451564.25,451564.25,30.929058219178085
800000.0,1061276.2,-261276.25,261276.25,32.65953125
1000000.0,1108850.1,-108850.125,108850.125,10.8850125
2140000.0,1027534.6,1112465.375,1112465.375,51.98436331775701
950000.0,1071017.9,-121017.875,121017.875,12.738723684210527
1020000.0,1132654.1,-112654.125,112654.125,11.04452205882353
2600000.0,2395258.0,204742.0,204742.0,7.874692307692308
660000.0,1093238.0,-433238.0,433238.0,65.64212121212121
500000.0,1064773.6,-564773.625,564773.625,112.954725
1450000.0,1108891.8,341108.25,341108.25,23.524706896551724
1250000.0,1009749.7,240250.3125,240250.3125,19.220025
900000.0,1062017.4,-162017.375,162017.375,18.001930555555557
700000.0,967976.7,-267976.6875,267976.6875,38.28238392857143
2250000.0,1306237.9,943762.125,943762.125,41.94498333333333
652000.0,970595.06,-318595.0625,318595.0625,48.86427338957055
500000.0,948165.44,-448165.4375,448165.4375,89.6330875
740000.0,1001587.2,-261587.1875,261587.1875,35.34961993243243
700000.0,800820.75,-100820.75,100820.75,14.402964285714287
600000.0,997545.4,-397545.375,397545.375,66.2575625
1310000.0,1124066.1,185933.875,185933.875,14.193425572519084
3700000.0,1461068.0,2238932.0,2238932.0,60.51167567567568
1200000.0,1136368.6,63631.375,63631.375,5.302614583333334
640000.0,994321.7,-354321.6875,354321.6875,55.362763671875
890000.0,1060061.8,-170061.75,170061.75,19.10806179775281
2437500.0,3295428.8,-857928.75,857928.75,35.19707692307693
750000.0,894126.9,-144126.875,144126.875,19.216916666666666
1300000.0,1195931.6,104068.375,104068.375,8.005259615384615
1032000.0,982532.94,49467.0625,49467.0625,4.793320009689923
600000.0,847621.75,-247621.75,247621.75,41.270291666666665
750000.0,941983.5,-191983.5,191983.5,25.5978
1130000.0,1324905.9,-194905.875,194905.875,17.24830752212389
500000.0,779142.8,-279142.8125,279142.8125,55.828562500000004
724000.0,899180.56,-175180.5625,175180.5625,24.196210290055248
1350000.0,862891.25,487108.75,487108.75,36.08212962962963
945000.0,1014837.75,-69837.75,69837.75,7.390238095238096
700000.0,1012794.8,-312794.8125,312794.8125,44.68497321428572
900000.0,1083463.8,-183463.75,183463.75,20.38486111111111
2000000.0,1089359.1,910640.875,910640.875,45.53204375
1150000.0,1102053.8,47946.25,47946.25,4.169239130434783
550000.0,883039.1,-333039.125,333039.125,60.55256818181818
9500000.0,2378226.0,7121774.0,7121774.0,74.96604210526316
900000.0,1013000.8,-113000.8125,113000.8125,12.555645833333335
1400000.0,1006106.1,393893.875,393893.875,28.135276785714286
720000.0,912788.3,-192788.3125,192788.3125,26.77615451388889
650000.0,777825.3,-127825.3125,127825.3125,19.66543269230769
750000.0,932315.8,-182315.8125,182315.8125,24.308775
1250000.0,940244.9,309755.125,309755.125,24.78041
540000.0,1020513.2,-480513.1875,480513.1875,88.98392361111111
5000000.0,4395635.0,604365.0,604365.0,12.087299999999999
780500.0,877930.56,-97430.5625,97430.5625,12.483095771941063
750000.0,923829.1,-173829.125,173829.125,23.177216666666666
950000.0,1030378.5,-80378.5,80378.5,8.460894736842105
1200000.0,1100968.1,99031.875,99031.875,8.25265625
540000.0,1081029.9,-541029.875,541029.875,100.19071759259259
800000.0,1062531.9,-262531.875,262531.875,32.816484375
2412000.0,1012452.8,1399547.1875,1399547.1875,58.02434442371476
5980000.0,1391876.5,4588123.5,4588123.5,76.72447324414716
700000.0,880264.0,-180264.0,180264.0,25.752000000000002
710000.0,956188.9,-246188.875,246188.875,34.67448943661972
550000.0,888867.2,-338867.1875,338867.1875,61.61221590909091
910000.0,1034647.25,-124647.25,124647.25,13.697500000000002
1800000.0,1054180.5,745819.5,745819.5,41.43441666666667
500000.0,940990.75,-440990.75,440990.75,88.19815
850000.0,1008302.8,-158302.8125,158302.8125,18.623860294117648
1100000.0,1083198.9,16801.125,16801.125,1.527375
1300000.0,1064203.6,235796.375,235796.375,18.13818269230769
550000.0,834772.4,-284772.375,284772.375,51.77679545454546
600000.0,921136.3,-321136.3125,321136.3125,53.522718749999996
1750000.0,1339142.5,410857.5,410857.5,23.477571428571427
1000000.0,984149.4,15850.625,15850.625,1.5850625
1015000.0,899615.4,115384.625,115384.625,11.367943349753695
1000000.0,1709797.2,-709797.25,709797.25,70.979725
800000.0,1008363.5,-208363.5,208363.5,26.045437500000002
1678000.0,882405.75,795594.25,795594.25,47.41324493444577
1000000.0,1044143.1,-44143.125,44143.125,4.414312499999999
800000.0,896986.6,-96986.625,96986.625,12.123328125
1200000.0,1045818.7,154181.3125,154181.3125,12.848442708333332
1000000.0,1019325.4,-19325.375,19325.375,1.9325374999999998
1300000.0,954453.7,345546.3125,345546.3125,26.58048557692308
700000.0,973592.0,-273592.0,273592.0,39.08457142857143
2500000.0,1223239.6,1276760.375,1276760.375,51.070415000000004
2000000.0,1154562.4,845437.625,845437.625,42.27188125
1517500.0,1327870.0,189630.0,189630.0,12.496210873146623
1200000.0,1012067.94,187932.0625,187932.0625,15.661005208333334
1150000.0,1418008.6,-268008.625,268008.625,23.305097826086957
1380000.0,1265038.8,114961.25,114961.25,8.33052536231884
807200.0,935088.75,-127888.75,127888.75,15.843502229930625
1200000.0,1312840.9,-112840.875,112840.875,9.40340625
1000000.0,1045843.9,-45843.875,45843.875,4.5843875
1600000.0,1115571.2,484428.75,484428.75,30.276796875000002
900000.0,1158983.0,-258983.0,258983.0,28.77588888888889
950000.0,1023589.75,-73589.75,73589.75,7.746289473684211
800000.0,992610.7,-192610.6875,192610.6875,24.0763359375
930000.0,751458.6,178541.375,178541.375,19.197997311827958
600000.0,1048446.94,-448446.9375,448446.9375,74.74115624999999
1379600.0,1508697.0,-129097.0,129097.0,9.357567410843723
480000.0,985357.3,-505357.3125,505357.3125,105.28277343750001
825000.0,1147668.4,-322668.375,322668.375,39.111318181818184
936000.0,927386.94,8613.0625,8613.0625,0.9201989850427351
2400000.0,1723248.2,676751.75,676751.75,28.19798958333333
738000.0,924097.8,-186097.8125,186097.8125,25.21650575880759
2658000.0,1838564.5,819435.5,819435.5,30.82902558314522
1202400.0,1029248.75,173151.25,173151.25,14.40046989354624
1650000.0,1166665.5,483334.5,483334.5,29.293000000000003
2046800.0,1124815.6,921984.375,921984.375,45.04516196013289
1280000.0,1065905.9,214094.125,214094.125,16.726103515625
1500000.0,1706654.5,-206654.5,206654.5,13.776966666666668
2000000.0,992723.9,1007276.125,1007276.125,50.363806249999996
800000.0,952231.1,-152231.125,152231.125,19.028890625
2720000.0,1658766.5,1061233.5,1061233.5,39.0159375
1300000.0,1118531.8,181468.25,181468.25,13.959096153846154
2300000.0,963821.6,1336178.375,1336178.375,58.094711956521735
612000.0,925529.94,-313529.9375,313529.9375,51.230381944444446
900000.0,985936.94,-85936.9375,85936.9375,9.548548611111112
1192000.0,1294121.2,-102121.25,102121.25,8.567218959731544
800000.0,1121019.0,-321019.0,321019.0,40.127375
880000.0,1066259.9,-186259.875,186259.875,21.16589488636364
1015000.0,1095401.0,-80401.0,80401.0,7.92128078817734
1550000.0,1013846.8,536153.1875,536153.1875,34.59052822580645
700000.0,876350.6,-176350.625,176350.625,25.192946428571428
1342500.0,1239242.8,103257.25,103257.25,7.691415270018622
1123255.0,1074342.4,48912.625,48912.625,4.354543269337772
700000.0,927295.06,-227295.0625,227295.0625,32.47072321428571
580500.0,941310.06,-360810.0625,360810.0625,62.15504952627045
1507000.0,1082934.5,424065.5,424065.5,28.13971466489715
1020000.0,1073670.0,-53670.0,53670.0,5.261764705882353
970000.0,917911.25,52088.75,52088.75,5.369974226804124
700000.0,1146596.1,-446596.125,446596.125,63.79944642857143
1200000.0,1006273.4,193726.625,193726.625,16.143885416666667
774000.0,1076012.1,-302012.125,302012.125,39.019654392764856
500000.0,772660.56,-272660.5625,272660.5625,54.5321125
810000.0,1030140.56,-220140.5625,220140.5625,27.177847222222223
800000.0,971021.5,-171021.5,171021.5,21.3776875
1300000.0,1008747.4,291252.625,291252.625,22.40404807692308
800000.0,984870.4,-184870.375,184870.375,23.108796875
1025000.0,1087800.4,-62800.375,62800.375,6.126865853658536
450000.0,727712.94,-277712.9375,277712.9375,61.713986111111105
667521.0,896994.0,-229473.0,229473.0,34.37689600776605
665000.0,928086.06,-263086.0625,263086.0625,39.561813909774436
500000.0,1048094.06,-548094.0625,548094.0625,109.6188125
780000.0,1373964.6,-593964.625,593964.625,76.1493108974359
650000.0,962065.06,-312065.0625,312065.0625,48.01000961538461
612500.0,899269.8,-286769.8125,286769.8125,46.819561224489796
915000.0,991680.5,-76680.5,76680.5,8.380382513661203
925000.0,1012195.25,-87195.25,87195.25,9.426513513513514
2152800.0,1445102.5,707697.5,707697.5,32.87335098476403
600000.0,775865.9,-175865.875,175865.875,29.310979166666666
900000.0,1037757.0,-137757.0,137757.0,15.306333333333333
10000000.0,1591673.1,8408326.875,8408326.875,84.08326875
845000.0,876602.5,-31602.5,31602.5,3.739940828402367
850000.0,1006934.06,-156934.0625,156934.0625,18.46283088235294
750000.0,907711.8,-157711.8125,157711.8125,21.028241666666666
1100000.0,1093123.1,6876.875,6876.875,0.6251704545454545
800000.0,1025434.56,-225434.5625,225434.5625,28.1793203125
650000.0,893653.0,-243653.0,243653.0,37.48507692307692
1200000.0,1205373.5,-5373.5,5373.5,0.44779166666666664
1050000.0,794085.6,255914.375,255914.375,24.37279761904762
615000.0,977917.56,-362917.5625,362917.5625,59.01098577235773
1600000.0,1460740.6,139259.375,139259.375,8.7037109375
900000.0,931893.06,-31893.0625,31893.0625,3.543673611111111
1600000.0,1177172.2,422827.75,422827.75,26.426734375
1220000.0,871872.9,348127.125,348127.125,28.53501024590164
700000.0,730299.94,-30299.9375,30299.9375,4.3285625
848000.0,982103.25,-134103.25,134103.25,15.8140625
750000.0,743758.25,6241.75,6241.75,0.8322333333333333
2207250.0,4387127.5,-2179877.5,2179877.5,98.75988220636539
1500000.0,1072942.2,427057.75,427057.75,28.47051666666667
680000.0,866713.75,-186713.75,186713.75,27.457904411764705
620000.0,1021605.6,-401605.625,401605.625,64.77510080645162
750000.0,1012240.94,-262240.9375,262240.9375,34.96545833333333
1000000.0,1075976.6,-75976.625,75976.625,7.5976625
700000.0,894894.44,-194894.4375,194894.4375,27.842062499999997
700000.0,773835.9,-73835.875,73835.875,10.547982142857142
710000.0,1006166.8,-296166.8125,296166.8125,41.71363556338028
850000.0,1049521.0,-199521.0,199521.0,23.47305882352941
800000.0,1087881.0,-287881.0,287881.0,35.985125000000004
550000.0,902883.75,-352883.75,352883.75,64.16068181818181
1000000.0,1297174.5,-297174.5,297174.5,29.71745
750000.0,911789.8,-161789.8125,161789.8125,21.571975
935000.0,996693.0,-61693.0,61693.0,6.598181818181819
1452400.0,1206233.4,246166.625,246166.625,16.948955177637014
950000.0,1245744.5,-295744.5,295744.5,31.130999999999997
468000.0,1034119.56,-566119.5625,566119.5625,120.96571848290598
1000000.0,1034814.4,-34814.375,34814.375,3.4814375
4700000.0,926411.94,3773588.0625,3773588.0625,80.28910771276597
650000.0,1087429.2,-437429.25,437429.25,67.2968076923077
1080000.0,953527.0,126473.0,126473.0,11.710462962962962
1000000.0,1038175.56,-38175.5625,38175.5625,3.8175562500000004
1500000.0,1321701.2,178298.75,178298.75,11.886583333333334
2160000.0,1901839.5,258160.5,258160.5,11.951875000000001
950000.0,1081076.8,-131076.75,131076.75,13.797552631578947
1650000.0,1480632.0,169368.0,169368.0,10.264727272727272
1000000.0,870836.8,129163.1875,129163.1875,12.91631875
2400000.0,1159639.8,1240360.25,1240360.25,51.681677083333334
850000.0,1068020.8,-218020.75,218020.75,25.649499999999996
1100000.0,860517.44,239482.5625,239482.5625,21.771142045454546
900000.0,1084286.4,-184286.375,184286.375,20.476263888888887
500000.0,780644.2,-280644.1875,280644.1875,56.128837499999996
1102000.0,1086644.0,15356.0,15356.0,1.3934664246823956
624000.0,1035256.0,-411256.0,411256.0,65.90641025641025
2330000.0,1047658.0,1282342.0,1282342.0,55.03613733905579
853000.0,1018619.2,-165619.1875,165619.1875,19.416082942555686
630000.0,971825.8,-341825.8125,341825.8125,54.258065476190474
900000.0,848387.7,51612.3125,51612.3125,5.7347013888888885
800000.0,931256.25,-131256.25,131256.25,16.40703125
1200000.0,1163489.0,36511.0,36511.0,3.0425833333333334
700000.0,915177.5,-215177.5,215177.5,30.739642857142858
1078000.0,945353.94,132646.0625,132646.0625,12.304829545454545
872500.0,967825.25,-95325.25,95325.25,10.925530085959885
1080000.0,1040957.56,39042.4375,39042.4375,3.615040509259259
1040000.0,1018493.9,21506.125,21506.125,2.0678966346153844
1500000.0,1512165.8,-12165.75,12165.75,0.8110499999999999
950000.0,1042685.94,-92685.9375,92685.9375,9.756414473684211
1700000.0,1016590.56,683409.4375,683409.4375,40.20055514705882
1480000.0,1030906.1,449093.875,449093.875,30.344180743243243
1050000.0,1117874.5,-67874.5,67874.5,6.464238095238095
10000000.0,3755610.5,6244389.5,6244389.5,62.443895000000005
800000.0,1157693.6,-357693.625,357693.625,44.711703125
8800000.0,1043255.8,7756744.1875,7756744.1875,88.1448203125
800000.0,1006598.0,-206598.0,206598.0,25.82475
700000.0,1173007.8,-473007.75,473007.75,67.57253571428572
800000.0,997954.0,-197954.0,197954.0,24.74425
1070000.0,944362.5,125637.5,125637.5,11.741822429906543
1655000.0,988789.94,666210.0625,666210.0625,40.254384441087616
850000.0,850189.94,-189.9375,189.9375,0.022345588235294117
640000.0,1022011.75,-382011.75,382011.75,59.6893359375
1400000.0,1419101.8,-19101.75,19101.75,1.3644107142857143
600000.0,875348.2,-275348.1875,275348.1875,45.891364583333335
700000.0,847288.4,-147288.375,147288.375,21.04119642857143
1280000.0,1180449.6,99550.375,99550.375,7.777373046875
1800000.0,1122565.1,677434.875,677434.875,37.63527083333334
740000.0,795679.3,-55679.3125,55679.3125,7.524231418918919
1190000.0,1240764.9,-50764.875,50764.875,4.265955882352941
743500.0,824561.1,-81061.125,81061.125,10.90263954270343
775650.0,1007299.44,-231649.4375,231649.4375,29.865201766260558
950000.0,1055038.0,-105038.0,105038.0,11.056631578947368
700000.0,1037371.44,-337371.4375,337371.4375,48.19591964285714
1800000.0,1020694.1,779305.875,779305.875,43.29477083333334
1050000.0,1190486.6,-140486.625,140486.625,13.379678571428572
1000000.0,1400791.1,-400791.125,400791.125,40.0791125
1050000.0,849325.5,200674.5,200674.5,19.11185714285714
970000.0,1068078.5,-98078.5,98078.5,10.11118556701031
1800000.0,1316349.9,483650.125,483650.125,26.869451388888887
800000.0,1039490.3,-239490.3125,239490.3125,29.9362890625
600000.0,1059655.4,-459655.375,459655.375,76.60922916666667
950000.0,1310115.1,-360115.125,360115.125,37.906855263157894
700000.0,942315.7,-242315.6875,242315.6875,34.616526785714285
675000.0,991713.5,-316713.5,316713.5,46.92051851851852
2580000.0,1760113.5,819886.5,819886.5,31.77854651162791
1472150.0,1268899.0,203251.0,203251.0,13.806405597255713
1000000.0,1046322.06,-46322.0625,46322.0625,4.632206249999999
1630000.0,1635135.6,-5135.625,5135.625,0.315069018404908
1800000.0,1224245.0,575755.0,575755.0,31.98638888888889
650000.0,905624.25,-255624.25,255624.25,39.32680769230769
800000.0,951985.0,-151985.0,151985.0,18.998124999999998
940000.0,1028922.56,-88922.5625,88922.5625,9.459847074468085
950000.0,1084107.4,-134107.375,134107.375,14.116565789473684
600000.0,867994.5,-267994.5,267994.5,44.665749999999996
800000.0,907975.7,-107975.6875,107975.6875,13.496960937499999
600000.0,718440.8,-118440.8125,118440.8125,19.740135416666664
800000.0,976973.06,-176973.0625,176973.0625,22.1216328125
890000.0,1112152.4,-222152.375,222152.375,24.960941011235953
1400000.0,1381812.1,18187.875,18187.875,1.2991339285714285
950000.0,1033109.8,-83109.8125,83109.8125,8.748401315789474
896000.0,1012373.2,-116373.1875,116373.1875,12.98807896205357
500000.0,878300.7,-378300.6875,378300.6875,75.6601375
750000.0,1020075.7,-270075.6875,270075.6875,36.01009166666667
700000.0,977344.2,-277344.1875,277344.1875,39.620598214285714
1198562.0,1042329.5,156232.5,156232.5,13.034995269331082
750000.0,939682.4,-189682.375,189682.375,25.290983333333333
540000.0,1022344.06,-482344.0625,482344.0625,89.32297453703704
567521.0,885697.2,-318176.1875,318176.1875,56.06421392336143
1000000.0,880270.5,119729.5,119729.5,11.97295
1365800.0,1477019.1,-111219.125,111219.125,8.143148704056232
1061600.0,1034660.06,26939.9375,26939.9375,2.537673087792012
1000000.0,1008782.56,-8782.5625,8782.5625,0.8782562500000001
1800000.0,1359252.5,440747.5,440747.5,24.485972222222223
1450000.0,2095314.5,-645314.5,645314.5,44.50444827586207
700000.0,937871.1,-237871.125,237871.125,33.981589285714286
952000.0,967090.4,-15090.375,15090.375,1.5851234243697478
1440000.0,1148412.4,291587.625,291587.625,20.249140625
500000.0,806331.3,-306331.3125,306331.3125,61.2662625
1720000.0,1074902.6,645097.375,645097.375,37.505661337209304
600000.0,940464.94,-340464.9375,340464.9375,56.74415625
530000.0,874182.6,-344182.625,344182.625,64.94011792452831
1550000.0,1175417.0,374583.0,374583.0,24.166645161290322
900000.0,1047251.0,-147251.0,147251.0,16.36122222222222
980000.0,1051809.6,-71809.625,71809.625,7.327512755102041
588000.0,857855.5,-269855.5,269855.5,45.8937925170068
750000.0,1002195.44,-252195.4375,252195.4375,33.62605833333333
1170000.0,1043084.56,126915.4375,126915.4375,10.847473290598291
678138.0,980127.2,-301989.1875,301989.1875,44.53211403873548
1701000.0,1112746.5,588253.5,588253.5,34.58280423280423
550000.0,905570.25,-355570.25,355570.25,64.64913636363636
1000000.0,1059446.9,-59446.875,59446.875,5.944687500000001
1085000.0,958283.56,126716.4375,126716.4375,11.678934331797235
990000.0,1077593.2,-87593.25,87593.25,8.84780303030303
1050000.0,1128108.1,-78108.125,78108.125,7.438869047619047
650000.0,1265118.9,-615118.875,615118.875,94.63367307692307
1720000.0,1120951.0,599049.0,599049.0,34.82843023255814
1000000.0,1223568.1,-223568.125,223568.125,22.3568125
918000.0,1062030.9,-144030.875,144030.875,15.68963779956427
859000.0,894602.7,-35602.6875,35602.6875,4.144666763678696
840000.0,983149.8,-143149.8125,143149.8125,17.041644345238094
1505000.0,1107259.8,397740.25,397740.25,26.427923588039864
1200000.0,1132572.8,67427.25,67427.25,5.6189375
2300000.0,1182516.9,1117483.125,1117483.125,48.58622282608695
840000.0,1059707.2,-219707.25,219707.25,26.155625
900000.0,1031924.5,-131924.5,131924.5,14.658277777777778
1000000.0,1072622.4,-72622.375,72622.375,7.2622375
735000.0,1025533.8,-290533.8125,290533.8125,39.528409863945576
750000.0,993444.06,-243444.0625,243444.0625,32.459208333333336
4536000.0,2995993.0,1540007.0,1540007.0,33.950771604938275
910000.0,1054062.6,-144062.625,144062.625,15.831057692307693
1000000.0,1058637.5,-58637.5,58637.5,5.8637500000000005
87833.0,1081208.6,-993375.625,993375.625,1130.9822333291586
650000.0,905106.5,-255106.5,255106.5,39.24715384615385
600000.0,844603.44,-244603.4375,244603.4375,40.76723958333333
950000.0,1091615.8,-141615.75,141615.75,14.906921052631578
1600000.0,1060382.0,539618.0,539618.0,33.726125
2060000.0,992530.3,1067469.6875,1067469.6875,51.81891686893204
1600000.0,1081541.9,518458.125,518458.125,32.4036328125
1000000.0,986892.2,13107.8125,13107.8125,1.31078125
500000.0,845769.75,-345769.75,345769.75,69.15395
864000.0,1093465.8,-229465.75,229465.75,26.55853587962963
1000000.0,972315.8,27684.1875,27684.1875,2.76841875
500000.0,841251.5,-341251.5,341251.5,68.2503
927500.0,949756.3,-22256.3125,22256.3125,2.3996024258760107
920000.0,1057408.6,-137408.625,137408.625,14.935720108695651
700000.0,977492.75,-277492.75,277492.75,39.641821428571426
580000.0,3422315.0,-2842315.0,2842315.0,490.05431034482757
1300000.0,1103551.1,196448.875,196448.875,15.111451923076924
1300000.0,1222036.8,77963.25,77963.25,5.997173076923077
1181000.0,989784.06,191215.9375,191215.9375,16.191019263336155
600000.0,814275.2,-214275.1875,214275.1875,35.71253125
2600000.0,1095751.8,1504248.25,1504248.25,57.85570192307692
630000.0,1073563.1,-443563.125,443563.125,70.40684523809524
1680000.0,1310097.5,369902.5,369902.5,22.018005952380953
800000.0,880586.7,-80586.6875,80586.6875,10.0733359375
600000.0,830706.8,-230706.8125,230706.8125,38.451135416666666
850000.0,924390.2,-74390.1875,74390.1875,8.751786764705882
1650000.0,872077.06,777922.9375,777922.9375,47.146844696969694
1100000.0,1093144.6,6855.375,6855.375,0.6232159090909091
900000.0,968082.0,-68082.0,68082.0,7.564666666666667
900000.0,1035659.2,-135659.1875,135659.1875,15.073243055555555
1160000.0,1122068.8,37931.25,37931.25,3.2699353448275863
1500000.0,1385544.1,114455.875,114455.875,7.630391666666666
1200000.0,1195577.8,4422.25,4422.25,0.36852083333333335
1780000.0,1478191.0,301809.0,301809.0,16.955561797752807
1764000.0,1426645.1,337354.875,337354.875,19.124426020408166
550000.0,895302.4,-345302.375,345302.375,62.78225
1500000.0,1967500.2,-467500.25,467500.25,31.166683333333335
850000.0,947707.8,-97707.8125,97707.8125,11.495036764705882
550000.0,883527.0,-333527.0,333527.0,60.641272727272735
1300000.0,1150503.2,149496.75,149496.75,11.49975
1675000.0,804015.75,870984.25,870984.25,51.999059701492534
750000.0,881280.6,-131280.625,131280.625,17.504083333333334
800000.0,864067.2,-64067.1875,64067.1875,8.0083984375
756000.0,1061577.5,-305577.5,305577.5,40.420304232804234
850000.0,978863.2,-128863.1875,128863.1875,15.160375
850000.0,1105284.9,-255284.875,255284.875,30.033514705882354
1022500.0,1098979.8,-76479.75,76479.75,7.479682151589243
1200000.0,1415458.0,-215458.0,215458.0,17.954833333333333
500000.0,849136.44,-349136.4375,349136.4375,69.8272875
1200000.0,851444.3,348555.6875,348555.6875,29.04630729166667
1030000.0,1027288.94,2711.0625,2711.0625,0.26320995145631065
688000.0,850636.4,-162636.375,162636.375,23.639007994186045
1400000.0,1090579.2,309420.75,309420.75,22.101482142857144
612000.0,853402.1,-241402.125,241402.125,39.44479166666667
1550000.0,1590243.6,-40243.625,40243.625,2.5963629032258067
500000.0,930997.56,-430997.5625,430997.5625,86.1995125
650000.0,862294.5,-212294.5,212294.5,32.66069230769231
900000.0,975730.44,-75730.4375,75730.4375,8.414493055555555
950000.0,1094175.6,-144175.625,144175.625,15.176381578947368
576000.0,1063636.2,-487636.25,487636.25,84.65907118055556
1348000.0,1037867.0,310133.0,310133.0,23.006899109792283
1280000.0,1150301.6,129698.375,129698.375,10.132685546875
1100000.0,1086375.1,13624.875,13624.875,1.2386249999999999
1000000.0,1064173.9,-64173.875,64173.875,6.4173875
700000.0,945536.1,-245536.125,245536.125,35.07658928571429
600000.0,1161476.2,-561476.25,561476.25,93.579375
1400000.0,1125657.0,274343.0,274343.0,19.595928571428573
800000.0,864422.7,-64422.6875,64422.6875,8.0528359375
594000.0,871817.5,-277817.5,277817.5,46.77062289562289
924400.0,953146.0,-28746.0,28746.0,3.1096927736910427
1150000.0,1068330.2,81669.75,81669.75,7.101717391304348
1164000.0,1509116.2,-345116.25,345116.25,29.649162371134018
1300000.0,944149.25,355850.75,355850.75,27.373134615384615
2000000.0,1113466.6,886533.375,886533.375,44.326668749999996
900000.0,906564.2,-6564.1875,6564.1875,0.7293541666666667
720000.0,1053312.1,-333312.125,333312.125,46.29335069444445
580000.0,705397.44,-125397.4375,125397.4375,21.620247844827585
1200000.0,1726394.2,-526394.25,526394.25,43.866187499999995
950000.0,1062056.6,-112056.625,112056.625,11.795434210526317
1000000.0,1029630.4,-29630.375,29630.375,2.9630375
1050000.0,910776.0,139224.0,139224.0,13.259428571428572
1000000.0,986753.8,13246.1875,13246.1875,1.32461875
1000000.0,1031679.6,-31679.625,31679.625,3.1679625000000002
2437500.0,1973096.5,464403.5,464403.5,19.052451282051283
864000.0,1200470.2,-336470.25,336470.25,38.94331597222222
2160000.0,1209773.6,950226.375,950226.375,43.991961805555555
843601.0,1032508.56,-188907.5625,188907.5625,22.39299888217297
1440000.0,1199759.4,240240.625,240240.625,16.68337673611111
1095000.0,1179370.9,-84370.875,84370.875,7.705102739726027
800000.0,863615.7,-63615.6875,63615.6875,7.951960937499999
1321000.0,1401378.8,-80378.75,80378.75,6.084689629068888
650000.0,886735.25,-236735.25,236735.25,36.4208076923077
856000.0,956225.4,-100225.375,100225.375,11.708571845794392
600000.0,962346.25,-362346.25,362346.25,60.391041666666666
950000.0,996616.0,-46616.0,46616.0,4.9069473684210525
770000.0,927393.44,-157393.4375,157393.4375,20.44070616883117
368000.0,869714.6,-501714.625,501714.625,136.33549592391304
910000.0,1092167.0,-182167.0,182167.0,20.018351648351647
800000.0,1114660.4,-314660.375,314660.375,39.332546875
450000.0,858867.75,-408867.75,408867.75,90.8595
1460000.0,1180297.6,279702.375,279702.375,19.15769691780822
970000.0,978635.6,-8635.625,8635.625,0.890270618556701
825000.0,1149926.5,-324926.5,324926.5,39.385030303030305
750000.0,866178.56,-116178.5625,116178.5625,15.490475
900000.0,1048548.75,-148548.75,148548.75,16.505416666666665
844000.0,972465.1,-128465.125,128465.125,15.220986374407582
1300000.0,1568692.1,-268692.125,268692.125,20.668625
1800000.0,1184678.8,615321.25,615321.25,34.18451388888889
1180000.0,1046713.5,133286.5,133286.5,11.295466101694915
7000000.0,6354102.5,645897.5,645897.5,9.227107142857143
540000.0,931930.4,-391930.375,391930.375,72.57969907407407
910000.0,1040506.06,-130506.0625,130506.0625,14.341325549450548
706000.0,866873.7,-160873.6875,160873.6875,22.78664128895184
800000.0,990226.3,-190226.3125,190226.3125,23.7782890625
700000.0,899996.2,-199996.1875,199996.1875,28.570883928571426
1500000.0,1178312.1,321687.875,321687.875,21.445858333333334
800000.0,758833.75,41166.25,41166.25,5.14578125
1485000.0,1128225.2,356774.75,356774.75,24.02523569023569
1500000.0,1119269.5,380730.5,380730.5,25.382033333333332
780000.0,1028970.94,-248970.9375,248970.9375,31.919350961538463
1050000.0,925335.2,124664.8125,124664.8125,11.872839285714285
1050000.0,1050613.4,-613.375,613.375,0.058416666666666665
500000.0,871971.75,-371971.75,371971.75,74.39435
800000.0,885417.06,-85417.0625,85417.0625,10.6771328125
1200000.0,1548260.9,-348260.875,348260.875,29.021739583333332
700000.0,1077350.1,-377350.125,377350.125,53.907160714285716
1584000.0,1069704.2,514295.75,514295.75,32.46816603535353
1580000.0,1063103.2,516896.75,516896.75,32.714984177215186
1700000.0,1456059.6,243940.375,243940.375,14.349433823529411
1285600.0,1124154.9,161445.125,161445.125,12.557959318606098
945000.0,948447.44,-3447.4375,3447.4375,0.36480820105820105
1000000.0,796257.0,203743.0,203743.0,20.3743
500000.0,852667.6,-352667.625,352667.625,70.533525
1880000.0,980498.94,899501.0625,899501.0625,47.845801196808516
1100000.0,1064569.1,35430.875,35430.875,3.2209886363636366
700000.0,856463.1,-156463.125,156463.125,22.351875
817000.0,896104.8,-79104.8125,79104.8125,9.68235159118727
1796548.0,1090294.6,706253.375,706253.375,39.31168969601703
1500000.0,1122914.9,377085.125,377085.125,25.139008333333337
1150000.0,1568827.8,-418827.75,418827.75,36.41980434782609
750000.0,994129.4,-244129.375,244129.375,32.550583333333336
1600000.0,1348922.9,251077.125,251077.125,15.6923203125
580000.0,739467.0,-159467.0,159467.0,27.49431034482759
1580000.0,1009530.6,570469.375,570469.375,36.105656645569624
609650.0,781074.2,-171424.1875,171424.1875,28.118459361928977
1099000.0,1095036.2,3963.75,3963.75,0.3606687898089172
1000000.0,1058400.1,-58400.125,58400.125,5.840012499999999
1000000.0,1283929.6,-283929.625,283929.625,28.392962500000003
610000.0,889940.8,-279940.8125,279940.8125,45.891936475409835
1000000.0,1075471.1,-75471.125,75471.125,7.5471125
800000.0,927891.5,-127891.5,127891.5,15.986437500000001
650000.0,825867.2,-175867.1875,175867.1875,27.056490384615383
650000.0,932378.06,-282378.0625,282378.0625,43.44277884615384
900000.0,1088084.5,-188084.5,188084.5,20.89827777777778
772500.0,1090584.8,-318084.75,318084.75,41.17601941747573
756000.0,952702.0,-196702.0,196702.0,26.01878306878307
1073600.0,862374.6,211225.375,211225.375,19.67449469076006
750000.0,1038904.8,-288904.8125,288904.8125,38.52064166666666
1000000.0,1142559.8,-142559.75,142559.75,14.255975000000001
1000000.0,795998.4,204001.625,204001.625,20.4001625
800000.0,886890.06,-86890.0625,86890.0625,10.8612578125
2856000.0,1903003.4,952996.625,952996.625,33.368229166666666
653400.0,848827.5,-195427.5,195427.5,29.909320477502295
1160000.0,1135683.0,24317.0,24317.0,2.096293103448276
750000.0,970484.25,-220484.25,220484.25,29.3979
1100000.0,1292107.6,-192107.625,192107.625,17.464329545454547
1000000.0,934526.7,65473.3125,65473.3125,6.547331250000001
1600000.0,1040135.4,559864.625,559864.625,34.991539062499996
2800000.0,1420822.6,1379177.375,1379177.375,49.256334821428574
900000.0,1101052.6,-201052.625,201052.625,22.339180555555554
800000.0,929020.25,-129020.25,129020.25,16.12753125
6300000.0,1001594.7,5298405.3125,5298405.3125,84.10167162698413
700000.0,1082727.4,-382727.375,382727.375,54.67533928571429
2000000.0,921830.3,1078169.6875,1078169.6875,53.908484375
700000.0,878827.06,-178827.0625,178827.0625,25.546723214285716
1200000.0,1110449.8,89550.25,89550.25,7.4625208333333335
1500000.0,1221822.6,278177.375,278177.375,18.545158333333333
770000.0,900547.25,-130547.25,130547.25,16.954188311688313
864000.0,1010616.5,-146616.5,146616.5,16.969502314814815
1160000.0,1072402.1,87597.875,87597.875,7.5515409482758615
750000.0,913391.2,-163391.1875,163391.1875,21.78549166666667
900000.0,967287.5,-67287.5,67287.5,7.47638888888889
2000000.0,1076641.0,923359.0,923359.0,46.167950000000005
560000.0,833634.3,-273634.3125,273634.3125,48.86327008928571
900000.0,1087408.5,-187408.5,187408.5,20.82316666666667
780000.0,810806.3,-30806.3125,30806.3125,3.9495272435897433
2250000.0,1210514.4,1039485.625,1039485.625,46.19936111111111
1360000.0,1127979.5,232020.5,232020.5,17.060330882352943
1000000.0,1326106.8,-326106.75,326106.75,32.610675
2000000.0,953738.4,1046261.625,1046261.625,52.31308125
2920000.0,2162172.5,757827.5,757827.5,25.952996575342468
775000.0,1013728.8,-238728.8125,238728.8125,30.803717741935483
900000.0,879325.06,20674.9375,20674.9375,2.2972152777777777
1000000.0,943248.9,56751.125,56751.125,5.6751125
700000.0,949789.25,-249789.25,249789.25,35.68417857142857
949500.0,1157896.2,-208396.25,208396.25,21.947998946814113
650000.0,1031587.6,-381587.625,381587.625,58.70578846153847
590000.0,855413.9,-265413.875,265413.875,44.98540254237288
1050000.0,1107371.4,-57371.375,57371.375,5.463940476190476
800000.0,1114337.9,-314337.875,314337.875,39.292234375
1600000.0,1127318.5,472681.5,472681.5,29.54259375
1800000.0,1075415.9,724584.125,724584.125,40.254673611111116
788000.0,1657969.2,-869969.25,869969.25,110.40218908629443
580500.0,878773.6,-298273.625,298273.625,51.38219207579673
600000.0,778550.25,-178550.25,178550.25,29.758374999999997
650000.0,1166881.0,-516881.0,516881.0,79.52015384615385
1352000.0,2023117.8,-671117.75,671117.75,49.63888683431953
1200000.0,968494.06,231505.9375,231505.9375,19.292161458333336
1800000.0,1451598.1,348401.875,348401.875,19.35565972222222
801653.0,961862.94,-160209.9375,160209.9375,19.984948288099712
720000.0,935057.7,-215057.6875,215057.6875,29.86912326388889
1600000.0,1117188.1,482811.875,482811.875,30.1757421875
875000.0,1186514.8,-311514.75,311514.75,35.601685714285715
1200000.0,931450.75,268549.25,268549.25,22.379104166666668
1500000.0,910638.5,589361.5,589361.5,39.29076666666666
900000.0,975038.1,-75038.125,75038.125,8.337569444444444
800000.0,913785.0,-113785.0,113785.0,14.223125
2000000.0,1435511.9,564488.125,564488.125,28.22440625
500000.0,672064.7,-172064.6875,172064.6875,34.4129375
1050000.0,912520.75,137479.25,137479.25,13.093261904761905
1050000.0,1028918.5,21081.5,21081.5,2.007761904761905
2200000.0,1380674.4,819325.625,819325.625,37.242073863636364
600000.0,835010.44,-235010.4375,235010.4375,39.16840625
1000000.0,889495.06,110504.9375,110504.9375,11.05049375
600000.0,906630.44,-306630.4375,306630.4375,51.10507291666667
770000.0,925461.44,-155461.4375,155461.4375,20.18979707792208
700000.0,970113.75,-270113.75,270113.75,38.587678571428576
756000.0,988912.94,-232912.9375,232912.9375,30.808589616402116
1480000.0,1115711.1,364288.875,364288.875,24.614113175675676
500000.0,823178.44,-323178.4375,323178.4375,64.6356875
1200000.0,1074967.6,125032.375,125032.375,10.419364583333333
730000.0,1008498.5,-278498.5,278498.5,38.15047945205479
1500000.0,1168957.6,331042.375,331042.375,22.069491666666664
1600000.0,1170509.5,429490.5,429490.5,26.84315625
600000.0,787372.56,-187372.5625,187372.5625,31.228760416666667
670000.0,856454.56,-186454.5625,186454.5625,27.829039179104477
1032000.0,1055224.2,-23224.25,23224.25,2.2504118217054265
670000.0,865271.06,-195271.0625,195271.0625,29.144934701492538
1200000.0,1280144.5,-80144.5,80144.5,6.678708333333333
1245000.0,1060185.2,184814.75,184814.75,14.844558232931726
800000.0,929533.56,-129533.5625,129533.5625,16.191695312500002
1099560.0,997749.4,101810.625,101810.625,9.259215049656227
2400000.0,1747856.8,652143.25,652143.25,27.17263541666667
350000.0,809756.7,-459756.6875,459756.6875,131.35905357142857
2660000.0,1131775.4,1528224.625,1528224.625,57.45205357142857
800000.0,827516.6,-27516.625,27516.625,3.439578125
1120000.0,1165693.1,-45693.125,45693.125,4.079743303571429
800000.0,982419.8,-182419.8125,182419.8125,22.802476562499997
3000000.0,1067955.9,1932044.125,1932044.125,64.40147083333333
700000.0,822407.9,-122407.875,122407.875,17.486839285714286
400000.0,839465.2,-439465.1875,439465.1875,109.866296875
793000.0,1031553.56,-238553.5625,238553.5625,30.082416456494325
910000.0,1083098.1,-173098.125,173098.125,19.021771978021977
520000.0,1002037.25,-482037.25,482037.25,92.69947115384616
1000000.0,876649.56,123350.4375,123350.4375,12.335043749999999
710000.0,911442.7,-201442.6875,201442.6875,28.37220950704225
955000.0,1191361.2,-236361.25,236361.25,24.749869109947646
700000.0,907149.1,-207149.125,207149.125,29.59273214285714
600000.0,1076812.9,-476812.875,476812.875,79.4688125
1000000.0,889274.1,110725.875,110725.875,11.072587500000001
1012500.0,1094701.2,-82201.25,82201.25,8.118641975308643
500000.0,755424.75,-255424.75,255424.75,51.08494999999999
1400000.0,1004120.1,395879.875,395879.875,28.27713392857143
1250000.0,987528.44,262471.5625,262471.5625,20.997725
1700000.0,1039019.56,660980.4375,660980.4375,38.88120220588235
500000.0,822472.44,-322472.4375,322472.4375,64.49448749999999
588500.0,1006239.7,-417739.6875,417739.6875,70.98380416312659
950000.0,1157349.5,-207349.5,207349.5,21.826263157894736
865000.0,919273.3,-54273.3125,54273.3125,6.274371387283237
700002.0,1062260.1,-362258.125,362258.125,51.75101285424899
970000.0,943342.5,26657.5,26657.5,2.74819587628866
540000.0,735367.3,-195367.3125,195367.3125,36.17913194444444
2000000.0,1188197.0,811803.0,811803.0,40.59015
1400000.0,1024703.56,375296.4375,375296.4375,26.806888392857143
600000.0,953094.9,-353094.875,353094.875,58.84914583333334
700000.0,1010666.8,-310666.8125,310666.8125,44.38097321428571
814008.0,1033996.25,-219988.25,219988.25,27.025317932993286
800000.0,999908.6,-199908.625,199908.625,24.988578125
800000.0,1018243.5,-218243.5,218243.5,27.280437499999998
1336000.0,1387247.6,-51247.625,51247.625,3.8359000748502994
2320000.0,1093067.6,1226932.375,1226932.375,52.88501616379311
1120000.0,1099400.0,20600.0,20600.0,1.8392857142857142
702000.0,1228181.4,-526181.375,526181.375,74.95461182336183
588000.0,888545.44,-300545.4375,300545.4375,51.113169642857144
655000.0,908267.4,-253267.375,253267.375,38.6667748091603
769000.0,1034448.3,-265448.3125,265448.3125,34.51863621586476
550000.0,835131.6,-285131.625,285131.625,51.84211363636364
789500.0,989468.44,-199968.4375,199968.4375,25.328491133628876
1200000.0,1188449.8,11550.25,11550.25,0.9625208333333333
700000.0,1111027.5,-411027.5,411027.5,58.71821428571429
765000.0,942773.2,-177773.1875,177773.1875,23.23832516339869
1160000.0,1055202.4,104797.625,104797.625,9.034278017241379
850000.0,1060289.5,-210289.5,210289.5,24.73994117647059
1600000.0,887038.4,712961.625,712961.625,44.5601015625
1000000.0,762394.56,237605.4375,237605.4375,23.76054375
1090000.0,925077.06,164922.9375,164922.9375,15.130544724770642
500000.0,853610.7,-353610.6875,353610.6875,70.7221375
1079126.0,1041507.4,37618.625,37618.625,3.4860271182419846
770000.0,1122569.9,-352569.875,352569.875,45.788295454545455
650000.0,1014935.25,-364935.25,364935.25,56.14388461538462
650000.0,865421.7,-215421.6875,215421.6875,33.14179807692308
1150000.0,1181026.6,-31026.625,31026.625,2.697967391304348
1370000.0,1205943.9,164056.125,164056.125,11.974899635036497
720000.0,1019267.8,-299267.8125,299267.8125,41.56497395833333
800000.0,952965.44,-152965.4375,152965.4375,19.1206796875
800000.0,1163752.6,-363752.625,363752.625,45.469078125
553800.0,988581.1,-434781.125,434781.125,78.50868996027447
850000.0,983570.25,-133570.25,133570.25,15.71414705882353
650000.0,742611.7,-92611.6875,92611.6875,14.247951923076924
18750000.0,13157703.0,5592297.0,5592297.0,29.825584
1352800.0,1407790.6,-54990.625,54990.625,4.064948625073921
1800000.0,1097611.0,702389.0,702389.0,39.02161111111111
810000.0,928435.94,-118435.9375,118435.9375,14.621720679012345
540000.0,971333.0,-431333.0,431333.0,79.87648148148148
800000.0,1003639.56,-203639.5625,203639.5625,25.454945312499998
660000.0,834755.6,-174755.625,174755.625,26.478125000000002
709000.0,787635.6,-78635.625,78635.625,11.091061354019747
900000.0,2961162.2,-2061162.25,2061162.25,229.0180277777778
1470000.0,969303.06,500696.9375,500696.9375,34.061016156462586
593000.0,843702.06,-250702.0625,250702.0625,42.276907672849916
810000.0,1065287.5,-255287.5,255287.5,31.516975308641975
1000000.0,998427.1,1572.875,1572.875,0.1572875
2330000.0,1031794.6,1298205.375,1298205.375,55.71696888412018
600000.0,915255.06,-315255.0625,315255.0625,52.542510416666666
768000.0,887271.44,-119271.4375,119271.4375,15.530135091145834
714000.0,999651.0,-285651.0,285651.0,40.00714285714286
640000.0,1241834.8,-601834.75,601834.75,94.0366796875
1490600.0,1202569.8,288030.25,288030.25,19.323108144371396
540000.0,796022.44,-256022.4375,256022.4375,47.411562499999995
1704000.0,1211993.8,492006.25,492006.25,28.873606220657276
600000.0,996912.8,-396912.8125,396912.8125,66.15213541666667
1160000.0,1155739.4,4260.625,4260.625,0.3672952586206897
1350000.0,939664.75,410335.25,410335.25,30.395203703703704
800000.0,1001996.25,-201996.25,201996.25,25.24953125
6600000.0,1029763.75,5570236.25,5570236.25,84.39751893939393
800000.0,991146.2,-191146.1875,191146.1875,23.8932734375
1050000.0,969240.8,80759.1875,80759.1875,7.69135119047619
1800000.0,1160726.4,639273.625,639273.625,35.51520138888889
700000.0,847762.25,-147762.25,147762.25,21.10889285714286
800000.0,984871.4,-184871.375,184871.375,23.108921875
1690300.0,1329503.5,360796.5,360796.5,21.34511625155298
2625000.0,1771654.4,853345.625,853345.625,32.508404761904764
1100000.0,1035707.9,64292.125,64292.125,5.844738636363636
1262500.0,1175195.9,87304.125,87304.125,6.915178217821783
700000.0,1062591.2,-362591.25,362591.25,51.798750000000005
862801.0,908359.8,-45558.8125,45558.8125,5.280338397846085
850000.0,894010.9,-44010.875,44010.875,5.17775
1570000.0,1050488.0,519512.0,519512.0,33.08993630573248
1800000.0,1159662.2,640337.75,640337.75,35.57431944444445
1000000.0,1011969.25,-11969.25,11969.25,1.196925
750000.0,938957.6,-188957.625,188957.625,25.19435
1080000.0,1345038.5,-265038.5,265038.5,24.54060185185185
1000000.0,1048886.2,-48886.25,48886.25,4.888625
750000.0,905695.25,-155695.25,155695.25,20.75936666666667
950000.0,955837.56,-5837.5625,5837.5625,0.6144802631578947
6706000.0,951483.7,5754516.3125,5754516.3125,85.81145709066507
800000.0,927130.44,-127130.4375,127130.4375,15.8913046875
1000000.0,869545.2,130454.8125,130454.8125,13.045481249999998
1298000.0,1398179.1,-100179.125,100179.125,7.717960323574731
1200000.0,1119906.5,80093.5,80093.5,6.674458333333333
642500.0,840220.25,-197720.25,197720.25,30.77357976653696
2400000.0,1304737.1,1095262.875,1095262.875,45.635953125
1481000.0,1109305.9,371694.125,371694.125,25.097510128291695
500000.0,931618.94,-431618.9375,431618.9375,86.32378750000001
800000.0,1106757.4,-306757.375,306757.375,38.344671875
1200000.0,980946.9,219053.125,219053.125,18.254427083333333
500000.0,901467.1,-401467.125,401467.125,80.293425
1100000.0,1006213.9,93786.125,93786.125,8.526011363636364
694400.0,980056.44,-285656.4375,285656.4375,41.13715977822581
1260000.0,1002139.5,257860.5,257860.5,20.465119047619048
1200000.0,950542.75,249457.25,249457.25,20.788104166666667
1690000.0,1374817.8,315182.25,315182.25,18.64983727810651
2400000.0,1816562.9,583437.125,583437.125,24.309880208333333
500000.0,911237.1,-411237.125,411237.125,82.24742499999999
800000.0,908629.6,-108629.625,108629.625,13.578703124999999
500000.0,989716.1,-489716.125,489716.125,97.943225
1500000.0,1232065.5,267934.5,267934.5,17.8623
990000.0,1079810.9,-89810.875,89810.875,9.071805555555555
1080000.0,981269.94,98730.0625,98730.0625,9.141672453703704
1160000.0,916153.7,243846.3125,243846.3125,21.021233836206896
700000.0,889437.44,-189437.4375,189437.4375,27.062491071428575
840000.0,1117404.6,-277404.625,277404.625,33.02436011904762
810000.0,916463.8,-106463.8125,106463.8125,13.143680555555557
1371000.0,1088184.9,282815.125,282815.125,20.628382567469
1000000.0,1034875.4,-34875.375,34875.375,3.4875375
2400000.0,1236312.5,1163687.5,1163687.5,48.486979166666664
1600000.0,1211238.8,388761.25,388761.25,24.297578125
1800000.0,1660256.8,139743.25,139743.25,7.763513888888888
925000.0,1137015.1,-212015.125,212015.125,22.920554054054055
1000000.0,934154.75,65845.25,65845.25,6.584524999999999
1170000.0,1103082.8,66917.25,66917.25,5.719423076923077
1680000.0,1358108.2,321891.75,321891.75,19.160223214285715
990000.0,1108006.0,-118006.0,118006.0,11.91979797979798
1400000.0,1618512.1,-218512.125,218512.125,15.60800892857143
1800000.0,1391594.4,408405.625,408405.625,22.68920138888889
2110000.0,1431605.1,678394.875,678394.875,32.15141587677725
1250000.0,1140811.1,109188.875,109188.875,8.73511
471000.0,890432.94,-419432.9375,419432.9375,89.05157908704884
750000.0,969102.1,-219102.125,219102.125,29.213616666666663
800000.0,891019.9,-91019.875,91019.875,11.377484375
800000.0,961172.25,-161172.25,161172.25,20.14653125
2300000.0,1501324.1,798675.875,798675.875,34.725038043478264
600000.0,765898.56,-165898.5625,165898.5625,27.64976041666667
680000.0,887873.4,-207873.375,207873.375,30.569613970588232
980000.0,1077743.5,-97743.5,97743.5,9.973826530612245
980000.0,1038233.25,-58233.25,58233.25,5.942168367346938
900000.0,980241.1,-80241.125,80241.125,8.915680555555555
1440000.0,1191270.6,248729.375,248729.375,17.27287326388889
800000.0,1082689.6,-282689.625,282689.625,35.336203125
1160000.0,1136516.9,23483.125,23483.125,2.024407327586207
700000.0,1202258.5,-502258.5,502258.5,71.75121428571428
1050000.0,1130985.0,-80985.0,80985.0,7.7128571428571435
1590000.0,922893.44,667106.5625,667106.5625,41.95638757861635
1000000.0,991144.2,8855.8125,8855.8125,0.8855812500000001
1040000.0,982653.7,57346.3125,57346.3125,5.5140685096153845
1200000.0,857268.94,342731.0625,342731.0625,28.560921875000002
2100000.0,1103581.2,996418.75,996418.75,47.4485119047619
700000.0,938338.44,-238338.4375,238338.4375,34.04834821428571
1218000.0,1143278.4,74721.625,74721.625,6.134780377668308
1800000.0,934633.8,865366.1875,865366.1875,48.07589930555555
900000.0,914624.94,-14624.9375,14624.9375,1.6249930555555556
1125000.0,954400.06,170599.9375,170599.9375,15.16443888888889
1625000.0,1205705.8,419294.25,419294.25,25.80272307692308
1600000.0,1091218.4,508781.625,508781.625,31.7988515625
1160000.0,1033190.94,126809.0625,126809.0625,10.93181573275862
1050000.0,1001588.44,48411.5625,48411.5625,4.610625
1440000.0,1121955.8,318044.25,318044.25,22.086406250000003
1200000.0,897221.3,302778.6875,302778.6875,25.231557291666668
1495000.0,1288365.8,206634.25,206634.25,13.821688963210702
1450000.0,843072.94,606927.0625,606927.0625,41.85703879310345
792500.0,1120266.1,-327766.125,327766.125,41.358501577287065
700000.0,984902.7,-284902.6875,284902.6875,40.700383928571426
1300000.0,980907.44,319092.5625,319092.5625,24.545581730769232
800000.0,997037.44,-197037.4375,197037.4375,24.6296796875
1800000.0,1114715.1,685284.875,685284.875,38.07138194444445
1230000.0,1097681.2,132318.75,132318.75,10.757621951219512
1160000.0,1082358.5,77641.5,77641.5,6.69323275862069
925000.0,894175.56,30824.4375,30824.4375,3.3323716216216215
1200000.0,1073769.8,126230.25,126230.25,10.519187500000001
580500.0,881808.94,-301308.9375,301308.9375,51.90507105943153
503000.0,825763.1,-322763.125,322763.125,64.16761928429423
1300000.0,1258329.0,41671.0,41671.0,3.205461538461538
1440000.0,1012655.1,427344.875,427344.875,29.676727430555555
1071400.0,984635.0,86765.0,86765.0,8.09828262086989
900000.0,1019562.44,-119562.4375,119562.4375,13.284715277777778
600000.0,943724.5,-343724.5,343724.5,57.287416666666665
1000000.0,966489.75,33510.25,33510.25,3.351025
1350000.0,1136141.4,213858.625,213858.625,15.841379629629628
1075200.0,1019377.7,55822.3125,55822.3125,5.191807338169642
1850000.0,1597085.2,252914.75,252914.75,13.671067567567569
2000000.0,1037820.9,962179.125,962179.125,48.10895625
1750000.0,1590081.5,159918.5,159918.5,9.138200000000001
1000000.0,1037786.44,-37786.4375,37786.4375,3.77864375
600000.0,830349.8,-230349.8125,230349.8125,38.39163541666667
850000.0,1069630.0,-219630.0,219630.0,25.838823529411766
1020000.0,1038492.44,-18492.4375,18492.4375,1.812984068627451
920000.0,995017.94,-75017.9375,75017.9375,8.154123641304349
720000.0,1172000.4,-452000.375,452000.375,62.777829861111115
1400000.0,1877457.9,-477457.875,477457.875,34.10413392857143
1160000.0,1036608.8,123391.1875,123391.1875,10.637171336206897
588500.0,889628.0,-301128.0,301128.0,51.16873406966865
910000.0,955566.6,-45566.625,45566.625,5.007321428571428
800000.0,994768.2,-194768.1875,194768.1875,24.3460234375
1000000.0,914268.8,85731.1875,85731.1875,8.57311875
1034400.0,1332567.8,-298167.75,298167.75,28.82518851508121
1300000.0,970862.06,329137.9375,329137.9375,25.318302884615385
465000.0,1001184.3,-536184.3125,536184.3125,115.30845430107526
838000.0,921414.3,-83414.3125,83414.3125,9.953975238663485
618000.0,1028473.94,-410473.9375,410473.9375,66.41973098705502
1100000.0,953153.6,146846.375,146846.375,13.349670454545453
2600000.0,1119283.2,1480716.75,1480716.75,56.95064423076923
800000.0,1052998.0,-252998.0,252998.0,31.624750000000002
730000.0,957349.25,-227349.25,227349.25,31.143732876712328
800000.0,1122521.8,-322521.75,322521.75,40.31521875
700000.0,1026674.44,-326674.4375,326674.4375,46.66777678571429
1530000.0,981051.06,548948.9375,548948.9375,35.87901552287582
500000.0,918412.2,-418412.1875,418412.1875,83.68243749999999
1300000.0,1026455.5,273544.5,273544.5,21.041884615384614
900000.0,1109340.0,-209340.0,209340.0,23.26
800000.0,923906.06,-123906.0625,123906.0625,15.4882578125
720000.0,945157.44,-225157.4375,225157.4375,31.271866319444445
1350000.0,859205.94,490794.0625,490794.0625,36.35511574074074
1000000.0,1051549.9,-51549.875,51549.875,5.1549875
1950000.0,975786.56,974213.4375,974213.4375,49.95966346153846
800000.0,1020484.2,-220484.1875,220484.1875,27.560523437500002
1315000.0,1255339.4,59660.625,59660.625,4.536929657794677
600000.0,851713.1,-251713.125,251713.125,41.9521875
1250000.0,1002932.44,247067.5625,247067.5625,19.765405
935000.0,873050.25,61949.75,61949.75,6.625641711229946
1100000.0,1141188.2,-41188.25,41188.25,3.7443863636363637
1055000.0,1101241.6,-46241.625,46241.625,4.3830924170616115
1500000.0,1341374.8,158625.25,158625.25,10.575016666666667
565000.0,999178.44,-434178.4375,434178.4375,76.84574115044248
800000.0,912498.7,-112498.6875,112498.6875,14.0623359375
700000.0,990279.75,-290279.75,290279.75,41.468535714285714
750000.0,1065561.2,-315561.25,315561.25,42.07483333333333
800000.0,933225.5,-133225.5,133225.5,16.6531875
550000.0,956574.5,-406574.5,406574.5,73.92263636363636
1450000.0,930156.8,519843.1875,519843.1875,35.85125431034483
1295000.0,1024891.56,270108.4375,270108.4375,20.857794401544403
650000.0,973245.44,-323245.4375,323245.4375,49.7300673076923
904800.0,869328.75,35471.25,35471.25,3.920341511936339
1130000.0,1097085.9,32914.125,32914.125,2.912754424778761
1000000.0,1799570.0,-799570.0,799570.0,79.957
1390000.0,1087405.6,302594.375,302594.375,21.769379496402877
1350000.0,1048096.8,301903.1875,301903.1875,22.363199074074075
1206000.0,1093992.1,112007.875,112007.875,9.287551824212272
922500.0,1044244.5,-121744.5,121744.5,13.197235772357724
1620000.0,1400916.4,219083.625,219083.625,13.523680555555556
798400.0,788580.2,9819.8125,9819.8125,1.2299364353707414
1152000.0,1051246.4,100753.625,100753.625,8.745974392361111
1000000.0,1054295.4,-54295.375,54295.375,5.4295375
840000.0,879675.06,-39675.0625,39675.0625,4.723221726190476
1600000.0,1121009.1,478990.875,478990.875,29.9369296875
1833650.0,1564765.6,268884.375,268884.375,14.663887601232513
800000.0,917795.6,-117795.625,117795.625,14.724453125
1400000.0,1167066.0,232934.0,232934.0,16.638142857142856
1320000.0,1040091.7,279908.3125,279908.3125,21.20517518939394
1008000.0,989514.9,18485.125,18485.125,1.833841765873016
950000.0,1066861.4,-116861.375,116861.375,12.301197368421054
1000000.0,1022743.75,-22743.75,22743.75,2.274375
830001.0,1049140.9,-219139.875,219139.875,26.40236276823763
500000.0,993679.94,-493679.9375,493679.9375,98.7359875
600000.0,972275.7,-372275.6875,372275.6875,62.04594791666666
1170000.0,1064444.9,105555.125,105555.125,9.021805555555556
1445000.0,1062349.6,382650.375,382650.375,26.48099480968858
870000.0,946138.25,-76138.25,76138.25,8.751522988505748
805000.0,1004025.3,-199025.3125,199025.3125,24.723641304347826
458500.0,900236.8,-441736.8125,441736.8125,96.34390676117775
900000.0,1102257.0,-202257.0,202257.0,22.473000000000003
550000.0,882624.2,-332624.1875,332624.1875,60.477125
1400000.0,1099045.4,300954.625,300954.625,21.496758928571428
700000.0,1351943.1,-651943.125,651943.125,93.13473214285715
2600000.0,1050580.5,1549419.5,1549419.5,59.593057692307696
500000.0,979409.3,-479409.3125,479409.3125,95.8818625
750000.0,862627.75,-112627.75,112627.75,15.017033333333332
600000.0,2809100.5,-2209100.5,2209100.5,368.18341666666663
1600000.0,1305215.4,294784.625,294784.625,18.4240390625
600000.0,900230.25,-300230.25,300230.25,50.038375
1330000.0,1046482.56,283517.4375,283517.4375,21.317100563909776
1170000.0,1028169.44,141830.5625,141830.5625,12.122270299145299
1000000.0,1093452.1,-93452.125,93452.125,9.345212499999999
1300000.0,877129.2,422870.8125,422870.8125,32.52852403846154
1200000.0,970626.8,229373.1875,229373.1875,19.114432291666667
2800000.0,1588162.8,1211837.25,1211837.25,43.27990178571429
700000.0,888049.25,-188049.25,188049.25,26.86417857142857
1800000.0,1098620.8,701379.25,701379.25,38.965513888888886
520000.0,873011.4,-353011.375,353011.375,67.88680288461538
2800000.0,1221838.5,1578161.5,1578161.5,56.36291071428572
688000.0,913109.0,-225109.0,225109.0,32.71933139534884
1000000.0,859648.4,140351.625,140351.625,14.0351625
660000.0,875406.6,-215406.625,215406.625,32.63736742424243
851000.0,935765.5,-84765.5,84765.5,9.960693301997651
1500000.0,1022176.06,477823.9375,477823.9375,31.85492916666667
1625000.0,3139284.0,-1514284.0,1514284.0,93.18670769230769
600000.0,967365.6,-367365.625,367365.625,61.22760416666667
1920000.0,1005962.9,914037.125,914037.125,47.60610026041667
650000.0,963007.1,-313007.125,313007.125,48.15494230769231
580500.0,946526.44,-366026.4375,366026.4375,63.05364987080103
1500000.0,2660176.8,-1160176.75,1160176.75,77.34511666666667
2000000.0,1131100.9,868899.125,868899.125,43.44495625
884400.0,899067.75,-14667.75,14667.75,1.6584972862957938
1150000.0,930795.3,219204.6875,219204.6875,19.061277173913044
1002000.0,955153.44,46846.5625,46846.5625,4.675305638722556
950000.0,1156901.4,-206901.375,206901.375,21.77909210526316
630000.0,785878.8,-155878.8125,155878.8125,24.74266865079365
720000.0,946533.0,-226533.0,226533.0,31.46291666666667
1050000.0,1169843.5,-119843.5,119843.5,11.413666666666666
1500000.0,1113622.9,386377.125,386377.125,25.758474999999997
960000.0,976839.4,-16839.375,16839.375,1.7541015625
800000.0,852903.75,-52903.75,52903.75,6.61296875
1230000.0,1084062.8,145937.25,145937.25,11.864817073170732
1600000.0,1050473.5,549526.5,549526.5,34.345406249999996
1000000.0,1036398.7,-36398.6875,36398.6875,3.6398687499999998
790000.0,1054832.4,-264832.375,264832.375,33.52308544303798
1600000.0,1471215.5,128784.5,128784.5,8.049031249999999
810000.0,964157.1,-154157.125,154157.125,19.031743827160494
1000000.0,1060581.4,-60581.375,60581.375,6.0581375
1641600.0,1275189.9,366410.125,366410.125,22.320304885477583
994200.0,987564.8,6635.1875,6635.1875,0.6673896097364715
900000.0,1091626.2,-191626.25,191626.25,21.291805555555555
1920000.0,1948741.2,-28741.25,28741.25,1.4969401041666668
2500000.0,1114368.0,1385632.0,1385632.0,55.42528
1150000.0,1185399.8,-35399.75,35399.75,3.078239130434783
705000.0,952705.44,-247705.4375,247705.4375,35.13552304964539
1050000.0,1022289.44,27710.5625,27710.5625,2.6391011904761905
500000.0,945984.1,-445984.125,445984.125,89.196825
700000.0,1011914.7,-311914.6875,311914.6875,44.55924107142857
508000.0,876924.5,-368924.5,368924.5,72.62293307086615
750000.0,1157652.6,-407652.625,407652.625,54.353683333333336
2040000.0,1109061.0,930939.0,930939.0,45.63426470588235
1200000.0,1001279.4,198720.625,198720.625,16.560052083333332
900000.0,919980.56,-19980.5625,19980.5625,2.2200625
941000.0,942449.8,-1449.8125,1449.8125,0.15407146652497344
800000.0,862768.06,-62768.0625,62768.0625,7.8460078125
2400000.0,1174907.0,1225093.0,1225093.0,51.04554166666667
8000000.0,5509862.5,2490137.5,2490137.5,31.12671875
600000.0,876940.7,-276940.6875,276940.6875,46.15678125
950000.0,900213.44,49786.5625,49786.5625,5.2406907894736845
500000.0,886692.5,-386692.5,386692.5,77.3385
620000.0,841701.25,-221701.25,221701.25,35.75826612903226
500000.0,881740.6,-381740.625,381740.625,76.348125
1550000.0,984465.56,565534.4375,565534.4375,36.48609274193548
1500000.0,1096428.0,403572.0,403572.0,26.9048
1080000.0,1555802.9,-475802.875,475802.875,44.05582175925926
625000.0,1143005.9,-518005.875,518005.875,82.88094000000001
650000.0,822502.9,-172502.875,172502.875,26.538903846153843
1000000.0,1029021.5,-29021.5,29021.5,2.90215
710000.0,950840.5,-240840.5,240840.5,33.92119718309859
1960000.0,1065629.4,894370.625,894370.625,45.63115433673469
900000.0,980076.2,-80076.1875,80076.1875,8.897354166666666
1100000.0,1092405.8,7594.25,7594.25,0.6903863636363636
700000.0,871208.4,-171208.375,171208.375,24.45833928571429
1540000.0,1105868.9,434131.125,434131.125,28.19033279220779
2340000.0,1165755.9,1174244.125,1174244.125,50.181372863247866
850000.0,953132.9,-103132.875,103132.875,12.133279411764706
1947500.0,1368088.9,579411.125,579411.125,29.75153401797176
1320000.0,1070793.1,249206.875,249206.875,18.87930871212121
935000.0,927447.44,7552.5625,7552.5625,0.8077606951871658
1160000.0,1187982.0,-27982.0,27982.0,2.4122413793103448
8325001.0,6262035.5,2062965.5,2062965.5,24.780363389746142
900000.0,913191.94,-13191.9375,13191.9375,1.4657708333333332
2152000.0,1147479.9,1004520.125,1004520.125,46.678444470260224
100000.0,1494949.4,-1394949.375,1394949.375,1394.949375
670000.0,804418.44,-134418.4375,134418.4375,20.062453358208955
957000.0,1130558.1,-173558.125,173558.125,18.13564524555904
800000.0,907645.25,-107645.25,107645.25,13.45565625
650000.0,916774.5,-266774.5,266774.5,41.04223076923077
1800000.0,1653422.8,146577.25,146577.25,8.143180555555556
800000.0,1051197.1,-251197.125,251197.125,31.399640625000004
1300000.0,1122415.5,177584.5,177584.5,13.660346153846154
1100000.0,1228660.0,-128660.0,128660.0,11.696363636363637
700000.0,824224.94,-124224.9375,124224.9375,17.74641964285714
1000000.0,1090984.8,-90984.75,90984.75,9.098475
1280000.0,998420.8,281579.1875,281579.1875,21.9983740234375
700000.0,914714.56,-214714.5625,214714.5625,30.67350892857143
800000.0,969495.7,-169495.6875,169495.6875,21.1869609375
700000.0,1244952.6,-544952.625,544952.625,77.850375
895000.0,807034.44,87965.5625,87965.5625,9.828554469273742
1240000.0,1043825.06,196174.9375,196174.9375,15.820559475806451
1100000.0,1087886.5,12113.5,12113.5,1.1012272727272727
2020000.0,1654535.6,365464.375,365464.375,18.09229579207921
980000.0,947057.56,32942.4375,32942.4375,3.361473214285714
1100000.0,1426967.1,-326967.125,326967.125,29.72428409090909
1600000.0,1014963.0,585037.0,585037.0,36.5648125
980000.0,1130467.8,-150467.75,150467.75,15.353852040816326
900000.0,947657.2,-47657.1875,47657.1875,5.295243055555556
900000.0,835070.8,64929.1875,64929.1875,7.214354166666667
612500.0,880766.0,-268266.0,268266.0,43.798530612244896
800000.0,1473856.1,-673856.125,673856.125,84.232015625
1322000.0,1125314.2,196685.75,196685.75,14.877893343419062
5000000.0,6860956.0,-1860956.0,1860956.0,37.21912
650000.0,931236.8,-281236.8125,281236.8125,43.267201923076925
1200000.0,1266711.2,-66711.25,66711.25,5.559270833333333
2000000.0,1463653.6,536346.375,536346.375,26.817318750000002
650000.0,1003207.56,-353207.5625,353207.5625,54.339625000000005
1090000.0,1074451.2,15548.75,15548.75,1.4264908256880733
1360000.0,1107076.4,252923.625,252923.625,18.59732536764706
1400000.0,1553311.4,-153311.375,153311.375,10.9508125
1279260.0,1051451.9,227808.125,227808.125,17.80780490283445
1000000.0,1083884.0,-83884.0,83884.0,8.3884
1000000.0,1060276.6,-60276.625,60276.625,6.0276625
1242001.0,994187.0,247814.0,247814.0,19.952801970368782
500000.0,936751.75,-436751.75,436751.75,87.35034999999999
1600000.0,1191654.0,408346.0,408346.0,25.521624999999997
1120000.0,957203.06,162796.9375,162796.9375,14.535440848214284
1200000.0,1157691.5,42308.5,42308.5,3.5257083333333337
600000.0,1152706.4,-552706.375,552706.375,92.11772916666666
1166000.0,1090430.2,75569.75,75569.75,6.481110634648371
1500000.0,880322.94,619677.0625,619677.0625,41.31180416666667
980000.0,1044472.0,-64472.0,64472.0,6.578775510204081
700000.0,1114069.1,-414069.125,414069.125,59.15273214285715
5160000.0,3476362.0,1683638.0,1683638.0,32.62864341085272
800000.0,1005858.3,-205858.3125,205858.3125,25.7322890625
1100000.0,1096924.2,3075.75,3075.75,0.27961363636363634
1073500.0,1005471.8,68028.1875,68028.1875,6.337045877969259
700000.0,927071.75,-227071.75,227071.75,32.43882142857143
800000.0,1004382.2,-204382.1875,204382.1875,25.5477734375
1100000.0,919632.1,180367.875,180367.875,16.397079545454545
800000.0,1168746.8,-368746.75,368746.75,46.093343749999995
550000.0,799137.56,-249137.5625,249137.5625,45.29773863636364
3951000.0,2951356.8,999643.25,999643.25,25.301018729435587
1340000.0,1081944.5,258055.5,258055.5,19.257873134328356
620000.0,985149.9,-365149.875,365149.875,58.89514112903226
1100000.0,1101510.9,-1510.875,1510.875,0.13735227272727274
850000.0,1020454.5,-170454.5,170454.5,20.053470588235296
1200000.0,1083191.9,116808.125,116808.125,9.734010416666667
10000000.0,8680995.0,1319005.0,1319005.0,13.190050000000001
975000.0,1544830.6,-569830.625,569830.625,58.44416666666666
400000.0,820631.5,-420631.5,420631.5,105.157875
676800.0,936731.44,-259931.4375,259931.4375,38.4059452570922
850000.0,1076663.9,-226663.875,226663.875,26.66633823529412
740000.0,1003734.4,-263734.375,263734.375,35.63978040540541
850000.0,1019780.2,-169780.1875,169780.1875,19.97413970588235
600000.0,852931.1,-252931.125,252931.125,42.155187500000004
2700000.0,1233336.1,1466663.875,1466663.875,54.32088425925926
1560000.0,1656918.0,-96918.0,96918.0,6.212692307692308
550000.0,869551.2,-319551.1875,319551.1875,58.10021590909091
900000.0,976229.2,-76229.1875,76229.1875,8.469909722222223
1040000.0,1095340.4,-55340.375,55340.375,5.321189903846154
1700000.0,1191547.4,508452.625,508452.625,29.908977941176474
750000.0,772643.0,-22643.0,22643.0,3.019066666666667
882000.0,1055562.0,-173562.0,173562.0,19.678231292517008
768000.0,985310.1,-217310.125,217310.125,28.29558919270833
500000.0,1038242.8,-538242.8125,538242.8125,107.64856249999998
1625000.0,1178839.6,446160.375,446160.375,27.456023076923074
830000.0,1124522.0,-294522.0,294522.0,35.48457831325301
2051400.0,888981.0,1162419.0,1162419.0,56.664668031588185
660000.0,824296.06,-164296.0625,164296.0625,24.8933428030303
810000.0,891055.06,-81055.0625,81055.0625,10.006797839506174
1000000.0,1352516.4,-352516.375,352516.375,35.2516375
1000000.0,1077430.2,-77430.25,77430.25,7.743025
800000.0,988185.9,-188185.875,188185.875,23.523234374999998
950000.0,1053135.8,-103135.75,103135.75,10.856394736842105
720000.0,1021120.44,-301120.4375,301120.4375,41.82228298611111
900000.0,1368156.8,-468156.75,468156.75,52.01741666666667
700000.0,903319.2,-203319.1875,203319.1875,29.04559821428571
970000.0,836464.44,133535.5625,133535.5625,13.766552835051545
1000000.0,1055716.6,-55716.625,55716.625,5.5716624999999995
864000.0,978361.94,-114361.9375,114361.9375,13.236335358796298
1087151.0,823376.2,263774.8125,263774.8125,24.262941624484547
1100000.0,932270.4,167729.625,167729.625,15.248147727272727
750000.0,1021577.25,-271577.25,271577.25,36.210300000000004
1600000.0,1060432.8,539567.25,539567.25,33.722953125
650000.0,839612.44,-189612.4375,189612.4375,29.17114423076923
2400000.0,957677.44,1442322.5625,1442322.5625,60.0967734375
811500.0,984068.2,-172568.1875,172568.1875,21.265334257547753
850000.0,1031460.7,-181460.6875,181460.6875,21.34831617647059
2500000.0,1284826.0,1215174.0,1215174.0,48.60696
600000.0,1010329.9,-410329.875,410329.875,68.3883125
550000.0,742105.06,-192105.0625,192105.0625,34.92819318181819
774000.0,1021020.06,-247020.0625,247020.0625,31.914736757105942
2250000.0,1430565.8,819434.25,819434.25,36.4193
1520000.0,981563.7,538436.3125,538436.3125,35.42344161184211
450000.0,972687.44,-522687.4375,522687.4375,116.15276388888888
1000000.0,1032181.9,-32181.875,32181.875,3.2181875
640000.0,941249.75,-301249.75,301249.75,47.0702734375
900000.0,1136065.1,-236065.125,236065.125,26.229458333333334
1205600.0,844236.1,361363.875,361363.875,29.973778616456535
1100000.0,1052958.2,47041.75,47041.75,4.276522727272727
650000.0,945016.2,-295016.1875,295016.1875,45.387105769230764
1000000.0,928992.1,71007.875,71007.875,7.1007875
860000.0,951524.7,-91524.6875,91524.6875,10.642405523255814
890000.0,1097369.8,-207369.75,207369.75,23.29997191011236
590000.0,849918.75,-259918.75,259918.75,44.05402542372882
1800000.0,1097332.2,702667.75,702667.75,39.03709722222222
1200000.0,1000846.5,199153.5,199153.5,16.596125
820000.0,999975.06,-179975.0625,179975.0625,21.948178353658538
1400000.0,1446799.6,-46799.625,46799.625,3.3428303571428573
815000.0,1001491.5,-186491.5,186491.5,22.882392638036812
600000.0,871717.94,-271717.9375,271717.9375,45.28632291666666
480000.0,1015451.94,-535451.9375,535451.9375,111.55248697916666
710000.0,809870.9,-99870.875,99870.875,14.066320422535211
700000.0,1479890.2,-779890.25,779890.25,111.41289285714286
793000.0,944779.7,-151779.6875,151779.6875,19.13993537200504
700000.0,933398.1,-233398.125,233398.125,33.34258928571428
670500.0,844029.94,-173529.9375,173529.9375,25.88067673378076
1000000.0,989257.4,10742.625,10742.625,1.0742625000000001
1015000.0,882389.9,132610.125,132610.125,13.065036945812809
2030000.0,1204311.2,825688.75,825688.75,40.674322660098525
980000.0,1098095.8,-118095.75,118095.75,12.050586734693876
1294860.0,1044620.7,250239.3125,250239.3125,19.325588287536878
800000.0,864032.3,-64032.3125,64032.3125,8.0040390625
1160000.0,1096985.1,63014.875,63014.875,5.432316810344828
900000.0,1018935.8,-118935.8125,118935.8125,13.215090277777778
2468000.0,1414474.4,1053525.625,1053525.625,42.68742402755267
1800000.0,1041035.5,758964.5,758964.5,42.16469444444444
1090000.0,993962.8,96037.1875,96037.1875,8.810751146788991
784000.0,929379.8,-145379.8125,145379.8125,18.54334343112245
570000.0,856391.94,-286391.9375,286391.9375,50.24419956140351
800000.0,910906.25,-110906.25,110906.25,13.86328125
400000.0,854675.94,-454675.9375,454675.9375,113.668984375
400000.0,891757.56,-491757.5625,491757.5625,122.93939062499999
2910000.0,1367596.4,1542403.625,1542403.625,53.00356099656357
1200000.0,1110606.9,89393.125,89393.125,7.449427083333333
835000.0,928100.7,-93100.6875,93100.6875,11.149782934131737
1528000.0,1149668.8,378331.25,378331.25,24.75989856020942
1100000.0,1589389.8,-489389.75,489389.75,44.48997727272727
632500.0,3265498.0,-2632998.0,2632998.0,416.28426877470355
680000.0,913676.6,-233676.625,233676.625,34.364209558823525
1320000.0,1360336.2,-40336.25,40336.25,3.055776515151515
685000.0,919247.4,-234247.375,234247.375,34.19669708029197
526000.0,864783.75,-338783.75,338783.75,64.40755703422053
1200000.0,1034695.2,165304.8125,165304.8125,13.775401041666665
900000.0,1234544.9,-334544.875,334544.875,37.17165277777778
1900000.0,1419750.1,480249.875,480249.875,25.276309210526314
1752000.0,1581945.2,170054.75,170054.75,9.706321347031963
830000.0,902421.44,-72421.4375,72421.4375,8.725474397590363
7000000.0,923276.0,6076724.0,6076724.0,86.81034285714286
540000.0,991267.94,-451267.9375,451267.9375,83.56813657407407
800000.0,1003360.25,-203360.25,203360.25,25.42003125
1530000.0,1173892.4,356107.625,356107.625,23.27500816993464
1760000.0,1186823.0,573177.0,573177.0,32.566875
1100000.0,1190679.4,-90679.375,90679.375,8.243579545454544
1600000.0,1209520.0,390480.0,390480.0,24.404999999999998
1200000.0,1161349.6,38650.375,38650.375,3.2208645833333334
1550000.0,1018619.25,531380.75,531380.75,34.282629032258065
631000.0,872866.94,-241866.9375,241866.9375,38.33073494453249
900000.0,1035671.9,-135671.875,135671.875,15.074652777777779
1108000.0,1113910.4,-5910.375,5910.375,0.5334273465703971
1050000.0,958673.56,91326.4375,91326.4375,8.697755952380952
800000.0,995984.94,-195984.9375,195984.9375,24.4981171875
687441.0,921195.3,-233754.3125,233754.3125,34.00354539516846
1380000.0,1206326.1,173673.875,173673.875,12.5850634057971
1400000.0,1369979.5,30020.5,30020.5,2.1443214285714283
1390000.0,1045038.2,344961.8125,344961.8125,24.817396582733814
1527000.0,920970.56,606029.4375,606029.4375,39.68758595284873
1350000.0,1132320.0,217680.0,217680.0,16.124444444444443
1400000.0,1645663.9,-245663.875,245663.875,17.547419642857143
830000.0,977811.4,-147811.375,147811.375,17.80859939759036
1400000.0,1060311.0,339689.0,339689.0,24.2635
1600000.0,996694.3,603305.6875,603305.6875,37.70660546875
1200000.0,1081444.0,118556.0,118556.0,9.879666666666667
1090000.0,1007879.0,82121.0,82121.0,7.534036697247706
650000.0,881985.6,-231985.625,231985.625,35.69009615384615
750000.0,888278.7,-138278.6875,138278.6875,18.437158333333333
600000.0,965149.94,-365149.9375,365149.9375,60.858322916666665
720000.0,907452.44,-187452.4375,187452.4375,26.03506076388889
1250000.0,1164291.6,85708.375,85708.375,6.856669999999999
800000.0,1106735.5,-306735.5,306735.5,38.3419375
2817200.0,1448574.9,1368625.125,1368625.125,48.58104234701122
1000000.0,981402.8,18597.1875,18597.1875,1.85971875
628000.0,929540.2,-301540.1875,301540.1875,48.015953423566884
800000.0,794000.25,5999.75,5999.75,0.7499687500000001
800000.0,945302.44,-145302.4375,145302.4375,18.1628046875
2400000.0,1351012.2,1048987.75,1048987.75,43.707822916666665
850000.0,1142593.0,-292593.0,292593.0,34.422705882352936
1220000.0,1055117.2,164882.75,164882.75,13.51497950819672
700000.0,744289.94,-44289.9375,44289.9375,6.3271339285714285
1996000.0,1188942.0,807058.0,807058.0,40.43376753507014
800000.0,1083965.9,-283965.875,283965.875,35.495734375
1100000.0,1156341.6,-56341.625,56341.625,5.1219659090909095
1270000.0,1238690.6,31309.375,31309.375,2.465305118110236
1181000.0,1146305.8,34694.25,34694.25,2.937701100762066
800000.0,968321.44,-168321.4375,168321.4375,21.0401796875
759500.0,732842.6,26657.375,26657.375,3.509858459512837
980000.0,1241294.4,-261294.375,261294.375,26.662691326530613
1980000.0,1433158.6,546841.375,546841.375,27.618251262626263
5000000.0,5165774.0,-165774.0,165774.0,3.31548
927500.0,893543.44,33956.5625,33956.5625,3.661084905660377
1200000.0,1076118.5,123881.5,123881.5,10.323458333333333
1140000.0,962469.0,177531.0,177531.0,15.572894736842105
1006500.0,1065339.4,-58839.375,58839.375,5.845938897168406
710000.0,881888.94,-171888.9375,171888.9375,24.209709507042255
1580000.0,948783.3,631216.6875,631216.6875,39.950423259493675
2800000.0,1204223.1,1595776.875,1595776.875,56.99203125
1550000.0,1135358.4,414641.625,414641.625,26.751072580645165
1100000.0,1022095.44,77904.5625,77904.5625,7.0822329545454545
700000.0,1003709.4,-303709.375,303709.375,43.38705357142857
1633200.0,1107409.6,525790.375,525790.375,32.193875520450646
800000.0,964768.5,-164768.5,164768.5,20.596062500000002
1500000.0,1452016.4,47983.625,47983.625,3.1989083333333337
620000.0,764067.06,-144067.0625,144067.0625,23.236622983870966
2400000.0,1041627.9,1358372.125,1358372.125,56.598838541666666
825000.0,924637.8,-99637.8125,99637.8125,12.077310606060607
500000.0,848041.94,-348041.9375,348041.9375,69.6083875
800000.0,1232557.9,-432557.875,432557.875,54.069734375
